
code		taxid		taxname		lineage
1		392897		Abalistes stellaris		392897 303702 31024 31023 31022 1489922 1489872 123369 123368 123367 123366 123365 1489388 186625 1489341 32443 41665 186623 7898 117571 117570 7776 7742 89593 7711 33511 33213 6072 33208 33154 2759 131567 
1		485912		Abispa ephippium		485912 485911 50638 7438 34725 7434 7400 7399 33392 33340 7496 85512 50557 6960 197562 197563 6656 88770 1206794 33317 33213 6072 33208 33154 2759 131567 
1		129035		Ablennes hians		129035 129034 94935 123731 76071 1489913 1489908 1489872 123369 123368 123367 123366 123365 1489388 186625 1489341 32443 41665 186623 7898 117571 117570 7776 7742 89593 7711 33511 33213 6072 33208 33154 2759 131567 
1		278977		Abronia graminea		278977 76641 51964 1329922 1330543 8548 1329911 1329912 1329950 1329961 8509 8504 32561 8457 32524 32523 1338369 8287 117571 117570 7776 7742 89593 7711 33511 33213 6072 33208 33154 2759 131567 
1		192871		Abudefduf vaigiensis		192871 36213 30863 1489909 1489908 1489872 123369 123368 123367 123366 123365 1489388 186625 1489341 32443 41665 186623 7898 117571 117570 7776 7742 89593 7711 33511 33213 6072 33208 33154 2759 131567 
1		392908		Acanthaluteres brownii		392908 392907 143346 31023 31022 1489922 1489872 123369 123368 123367 123366 123365 1489388 186625 1489341 32443 41665 186623 7898 117571 117570 7776 7742 89593 7711 33511 33213 6072 33208 33154 2759 131567 
1		339859		Acanthaster brevispinus		339859 133433 133432 41166 41243 7588 7587 133551 7586 33511 33213 6072 33208 33154 2759 131567 
1		133434		Acanthaster planci		133434 133433 133432 41166 41243 7588 7587 133551 7586 33511 33213 6072 33208 33154 2759 131567 
1		385555		Acanthocardia tuberculata		385555 241153 2787991 55708 105710 2783445 2908833 2785015 735337 6599 2785011 6544 6447 1206795 2697495 33317 33213 6072 33208 33154 2759 131567 
1		8177		Acanthopagrus latus		8177 8176 8169 1489931 1489922 1489872 123369 123368 123367 123366 123365 1489388 186625 1489341 32443 41665 186623 7898 117571 117570 7776 7742 89593 7711 33511 33213 6072 33208 33154 2759 131567 
1		459747		Acanthurus leucosternon		459747 12912 145345 29146 1489937 1489922 1489872 123369 123368 123367 123366 123365 1489388 186625 1489341 32443 41665 186623 7898 117571 117570 7776 7742 89593 7711 33511 33213 6072 33208 33154 2759 131567 
1		483362		Acanthurus lineatus		483362 12912 145345 29146 1489937 1489922 1489872 123369 123368 123367 123366 123365 1489388 186625 1489341 32443 41665 186623 7898 117571 117570 7776 7742 89593 7711 33511 33213 6072 33208 33154 2759 131567 
1		357281		Acantopsis choirorhynchos		357281 357280 278169 7982 30725 7952 186627 186626 32519 186634 186625 1489341 32443 41665 186623 7898 117571 117570 7776 7742 89593 7711 33511 33213 6072 33208 33154 2759 131567 
1		8957		Accipiter gentilis		8957 8956 8955 56259 2558200 8825 8782 436492 436491 436489 436486 8492 1329799 32561 8457 32524 32523 1338369 8287 117571 117570 7776 7742 89593 7711 33511 33213 6072 33208 33154 2759 131567 
1		572522		Achalinus meiguensis		572522 46275 186592 34989 8570 1329911 1329912 1329950 1329961 8509 8504 32561 8457 32524 32523 1338369 8287 117571 117570 7776 7742 89593 7711 33511 33213 6072 33208 33154 2759 131567 
1		430564		Acheilognathus intermedia		430564 75333 2509195 30727 7952 186627 186626 32519 186634 186625 1489341 32443 41665 186623 7898 117571 117570 7776 7742 89593 7711 33511 33213 6072 33208 33154 2759 131567 
2		430563		Tanakia koreensis		481700 80803 2509195 30727 7952 186627 186626 32519 186634 186625 1489341 32443 41665 186623 7898 117571 117570 7776 7742 89593 7711 33511 33213 6072 33208 33154 2759 131567 
1		80791		Acheilognathus macropterus		80791 75333 2509195 30727 7952 186627 186626 32519 186634 186625 1489341 32443 41665 186623 7898 117571 117570 7776 7742 89593 7711 33511 33213 6072 33208 33154 2759 131567 
1		80807		Acheilognathus signifer		80807 75333 2509195 30727 7952 186627 186626 32519 186634 186625 1489341 32443 41665 186623 7898 117571 117570 7776 7742 89593 7711 33511 33213 6072 33208 33154 2759 131567 
1		80789		Acheilognathus typus		80789 75333 2509195 30727 7952 186627 186626 32519 186634 186625 1489341 32443 41665 186623 7898 117571 117570 7776 7742 89593 7711 33511 33213 6072 33208 33154 2759 131567 
1		32536		Acinonyx jubatus		32536 32535 338151 9681 379583 33554 314145 1437010 9347 32525 40674 32524 32523 1338369 8287 117571 117570 7776 7742 89593 7711 33511 33213 6072 33208 33154 2759 131567 
1		62061		Acipenser dabryanus		62061 7901 124130 124129 7900 186622 7899 32440 186623 7898 117571 117570 7776 7742 89593 7711 33511 33213 6072 33208 33154 2759 131567 
1		7902		Acipenser gueldenstaedtii		7902 7901 124130 124129 7900 186622 7899 32440 186623 7898 117571 117570 7776 7742 89593 7711 33511 33213 6072 33208 33154 2759 131567 
1		61970		Acipenser sinensis		61970 7901 124130 124129 7900 186622 7899 32440 186623 7898 117571 117570 7776 7742 89593 7711 33511 33213 6072 33208 33154 2759 131567 
1		7903		Acipenser stellatus		7903 7901 124130 124129 7900 186622 7899 32440 186623 7898 117571 117570 7776 7742 89593 7711 33511 33213 6072 33208 33154 2759 131567 
1		7904		Acipenser transmontanus		7904 7901 124130 124129 7900 186622 7899 32440 186623 7898 117571 117570 7776 7742 89593 7711 33511 33213 6072 33208 33154 2759 131567 
1		590154		Acmaeodera sp. NCS-2009		590154 2645496 186074 261152 50527 71192 41087 41084 7041 33392 33340 7496 85512 50557 6960 197562 197563 6656 88770 1206794 33317 33213 6072 33208 33154 2759 131567 
2		378386		Telchinia issoria		2855149 2855319 127315 40037 33415 37572 104431 37567 41197 41196 41191 7088 85604 33392 33340 7496 85512 50557 6960 197562 197563 6656 88770 1206794 33317 33213 6072 33208 33154 2759 131567 
1		392910		Acreichthys tomentosus		392910 392909 143346 31023 31022 1489922 1489872 123369 123368 123367 123366 123365 1489388 186625 1489341 32443 41665 186623 7898 117571 117570 7776 7742 89593 7711 33511 33213 6072 33208 33154 2759 131567 
1		48156		Acrocephalus scirpaceus		48156 39620 330750 36270 2116661 9126 8825 8782 436492 436491 436489 436486 8492 1329799 32561 8457 32524 32523 1338369 8287 117571 117570 7776 7742 89593 7711 33511 33213 6072 33208 33154 2759 131567 
1		46287		Acrochordus granulatus		46287 39234 42164 41667 8570 1329911 1329912 1329950 1329961 8509 8504 32561 8457 32524 32523 1338369 8287 117571 117570 7776 7742 89593 7711 33511 33213 6072 33208 33154 2759 131567 
1		70783		Acropora tenuis		70783 6127 6126 123757 6125 6102 6101 6073 6072 33208 33154 2759 131567 
1		590155		Adelium sp. NCS-2009		590155 2685333 343927 1272142 7065 71527 41088 41084 7041 33392 33340 7496 85512 50557 6960 197562 197563 6656 88770 1206794 33317 33213 6072 33208 33154 2759 131567 
1		85585		Adoxophyes honmai		85585 85584 81689 65022 7139 37568 104430 37567 41197 41196 41191 7088 85604 33392 33340 7496 85512 50557 6960 197562 197563 6656 88770 1206794 33317 33213 6072 33208 33154 2759 131567 
1		7160		Aedes albopictus		7160 53541 7158 1056966 43817 7157 41827 43786 7148 7147 33392 33340 7496 85512 50557 6960 197562 197563 6656 88770 1206794 33317 33213 6072 33208 33154 2759 131567 
1		48279		Aegotheles cristatus		48279 48276 48275 8902 2607030 8825 8782 436492 436491 436489 436486 8492 1329799 32561 8457 32524 32523 1338369 8287 117571 117570 7776 7742 89593 7711 33511 33213 6072 33208 33154 2759 131567 
1		60468		Agapornis roseicollis		60468 60461 9224 9223 8825 8782 436492 436491 436489 436486 8492 1329799 32561 8457 32524 32523 1338369 8287 117571 117570 7776 7742 89593 7711 33511 33213 6072 33208 33154 2759 131567 
1		367765		Agaricia humilis		367765 89881 46724 123758 6125 6102 6101 6073 6072 33208 33154 2759 131567 
1		8715		Agkistrodon piscivorus		8715 8711 8710 8689 34989 8570 1329911 1329912 1329950 1329961 8509 8504 32561 8457 32524 32523 1338369 8287 117571 117570 7776 7742 89593 7711 33511 33213 6072 33208 33154 2759 131567 
1		9646		Ailuropoda melanoleuca		9646 9645 9632 379584 33554 314145 1437010 9347 32525 40674 32524 32523 1338369 8287 117571 117570 7776 7742 89593 7711 33511 33213 6072 33208 33154 2759 131567 
1		9649		Ailurus fulgens		9649 9648 379582 379584 33554 314145 1437010 9347 32525 40674 32524 32523 1338369 8287 117571 117570 7776 7742 89593 7711 33511 33213 6072 33208 33154 2759 131567 
1		424585		Ailurus styani		424585 9648 379582 379584 33554 314145 1437010 9347 32525 40674 32524 32523 1338369 8287 117571 117570 7776 7742 89593 7711 33511 33213 6072 33208 33154 2759 131567 
1		42349		Albinaria caerulea		42349 27819 64961 27818 74388 216366 6527 120490 977775 216307 216305 6448 6447 1206795 2697495 33317 33213 6072 33208 33154 2759 131567 
1		121402		Albula glossodonta		121402 54908 121282 54907 54906 32521 186624 1489340 32443 41665 186623 7898 117571 117570 7776 7742 89593 7711 33511 33213 6072 33208 33154 2759 131567 
1		54556		Alburnus alburnus		54556 54555 2743728 2743726 30727 7952 186627 186626 32519 186634 186625 1489341 32443 41665 186623 7898 117571 117570 7776 7742 89593 7711 33511 33213 6072 33208 33154 2759 131567 
1		81907		Alectura lathami		81907 81906 8977 8976 1549675 8825 8782 436492 436491 436489 436486 8492 1329799 32561 8457 32524 32523 1338369 8287 117571 117570 7776 7742 89593 7711 33511 33213 6072 33208 33154 2759 131567 
1		492023		Alepocephalus agassizii		492023 134617 134615 1489486 1489485 186634 186625 1489341 32443 41665 186623 7898 117571 117570 7776 7742 89593 7711 33511 33213 6072 33208 33154 2759 131567 
1		492024		Alepocephalus australis		492024 134617 134615 1489486 1489485 186634 186625 1489341 32443 41665 186623 7898 117571 117570 7776 7742 89593 7711 33511 33213 6072 33208 33154 2759 131567 
1		134618		Alepocephalus bairdii		134618 134617 134615 1489486 1489485 186634 186625 1489341 32443 41665 186623 7898 117571 117570 7776 7742 89593 7711 33511 33213 6072 33208 33154 2759 131567 
1		443629		Alepocephalus bicolor		443629 134617 134615 1489486 1489485 186634 186625 1489341 32443 41665 186623 7898 117571 117570 7776 7742 89593 7711 33511 33213 6072 33208 33154 2759 131567 
1		492027		Alepocephalus productus		492027 134617 134615 1489486 1489485 186634 186625 1489341 32443 41665 186623 7898 117571 117570 7776 7742 89593 7711 33511 33213 6072 33208 33154 2759 131567 
1		170189		Alepocephalus tenebrosus		170189 134617 134615 1489486 1489485 186634 186625 1489341 32443 41665 186623 7898 117571 117570 7776 7742 89593 7711 33511 33213 6072 33208 33154 2759 131567 
1		492028		Alepocephalus umbriceps		492028 134617 134615 1489486 1489485 186634 186625 1489341 32443 41665 186623 7898 117571 117570 7776 7742 89593 7711 33511 33213 6072 33208 33154 2759 131567 
1		181445		Allocyttus niger		181445 181444 31101 31097 1489842 1489841 1489838 123368 123367 123366 123365 1489388 186625 1489341 32443 41665 186623 7898 117571 117570 7776 7742 89593 7711 33511 33213 6072 33208 33154 2759 131567 
1		278164		Alosa alosa		278164 34772 55119 55118 1489460 32446 282425 186634 186625 1489341 32443 41665 186623 7898 117571 117570 7776 7742 89593 7711 33511 33213 6072 33208 33154 2759 131567 
1		34774		Alosa pseudoharengus		34774 34772 55119 55118 1489460 32446 282425 186634 186625 1489341 32443 41665 186623 7898 117571 117570 7776 7742 89593 7711 33511 33213 6072 33208 33154 2759 131567 
1		303710		Aluterus scriptus		303710 303709 143346 31023 31022 1489922 1489872 123369 123368 123367 123366 123365 1489388 186625 1489341 32443 41665 186623 7898 117571 117570 7776 7742 89593 7711 33511 33213 6072 33208 33154 2759 131567 
1		171366		Alytes obstetricans pertinax		171366 8443 8442 1431191 8343 8342 41666 8292 32523 1338369 8287 117571 117570 7776 7742 89593 7711 33511 33213 6072 33208 33154 2759 131567 
1		245707		Amanses scopas		245707 245706 143346 31023 31022 1489922 1489872 123369 123368 123367 123366 123365 1489388 186625 1489341 32443 41665 186623 7898 117571 117570 7776 7742 89593 7711 33511 33213 6072 33208 33154 2759 131567 
1		282260		Ambystoma andersoni		282260 8295 8294 30367 8293 41666 8292 32523 1338369 8287 117571 117570 7776 7742 89593 7711 33511 33213 6072 33208 33154 2759 131567 
1		43107		Ambystoma californiense		43107 8295 8294 30367 8293 41666 8292 32523 1338369 8287 117571 117570 7776 7742 89593 7711 33511 33213 6072 33208 33154 2759 131567 
1		282261		Ambystoma dumerilii		282261 8295 8294 30367 8293 41666 8292 32523 1338369 8287 117571 117570 7776 7742 89593 7711 33511 33213 6072 33208 33154 2759 131567 
1		8298		Ambystoma laterale		8298 8295 8294 30367 8293 41666 8292 32523 1338369 8287 117571 117570 7776 7742 89593 7711 33511 33213 6072 33208 33154 2759 131567 
2		43116		Ambystoma tigrinum		8305 8295 8294 30367 8293 41666 8292 32523 1338369 8287 117571 117570 7776 7742 89593 7711 33511 33213 6072 33208 33154 2759 131567 
1		7924		Amia calva		7924 7923 7922 7921 1489100 41665 186623 7898 117571 117570 7776 7742 89593 7711 33511 33213 6072 33208 33154 2759 131567 
2		393050		Odorrana tormota		448114 121155 8397 30352 8416 8342 41666 8292 32523 1338369 8287 117571 117570 7776 7742 89593 7711 33511 33213 6072 33208 33154 2759 131567 
1		178514		Amphimedon compressa		178514 178513 178475 6049 1779146 6042 6040 33208 33154 2759 131567 
1		400682		Amphimedon queenslandica		400682 178513 178475 6049 1779146 6042 6040 33208 33154 2759 131567 
1		80972		Amphiprion ocellaris		80972 80969 30863 1489909 1489908 1489872 123369 123368 123367 123366 123365 1489388 186625 1489341 32443 41665 186623 7898 117571 117570 7776 7742 89593 7711 33511 33213 6072 33208 33154 2759 131567 
1		273519		Amphisbaena schmidti		273519 261494 227089 52185 1329975 1329976 1329912 1329950 1329961 8509 8504 32561 8457 32524 32523 1338369 8287 117571 117570 7776 7742 89593 7711 33511 33213 6072 33208 33154 2759 131567 
1		316456		Anabrus simplex		316456 316455 323650 62784 70905 2018325 6994 6993 33341 33340 7496 85512 50557 6960 197562 197563 6656 88770 1206794 33317 33213 6072 33208 33154 2759 131567 
1		310697		Anacropora matthai		310697 46701 6126 123757 6125 6102 6101 6073 6072 33208 33154 2759 131567 
1		556235		Anarchias sp. Ansp		556235 2638488 556234 189494 46660 7933 32521 186624 1489340 32443 41665 186623 7898 117571 117570 7776 7742 89593 7711 33511 33213 6072 33208 33154 2759 131567 
1		8839		Anas platyrhynchos		8839 8835 2068716 8830 8826 1549675 8825 8782 436492 436491 436489 436486 8492 1329799 32561 8457 32524 32523 1338369 8287 117571 117570 7776 7742 89593 7711 33511 33213 6072 33208 33154 2759 131567 
1		29170		Ancylostoma caninum		29170 29169 53469 33278 2572558 6308 119089 6231 1206794 33317 33213 6072 33208 33154 2759 131567 
1		166789		Andrias japonicus		166789 141261 30365 30364 8293 41666 8292 32523 1338369 8287 117571 117570 7776 7742 89593 7711 33511 33213 6072 33208 33154 2759 131567 
1		154579		Aneides flavipunctatus		154579 57540 269181 8332 30367 8293 41666 8292 32523 1338369 8287 117571 117570 7776 7742 89593 7711 33511 33213 6072 33208 33154 2759 131567 
1		154580		Aneides hardii		154580 57540 269181 8332 30367 8293 41666 8292 32523 1338369 8287 117571 117570 7776 7742 89593 7711 33511 33213 6072 33208 33154 2759 131567 
1		334426		Angiostrongylus costaricensis		334426 6312 33275 6310 6308 119089 6231 1206794 33317 33213 6072 33208 33154 2759 131567 
1		7936		Anguilla anguilla		7936 7935 7934 7933 32521 186624 1489340 32443 41665 186623 7898 117571 117570 7776 7742 89593 7711 33511 33213 6072 33208 33154 2759 131567 
1		86961		Anguilla australis australis		86961 7940 7935 7934 7933 32521 186624 1489340 32443 41665 186623 7898 117571 117570 7776 7742 89593 7711 33511 33213 6072 33208 33154 2759 131567 
1		86962		Anguilla australis schmidti		86962 7940 7935 7934 7933 32521 186624 1489340 32443 41665 186623 7898 117571 117570 7776 7742 89593 7711 33511 33213 6072 33208 33154 2759 131567 
1		103832		Anguilla labiata		103832 7935 7934 7933 32521 186624 1489340 32443 41665 186623 7898 117571 117570 7776 7742 89593 7711 33511 33213 6072 33208 33154 2759 131567 
1		61125		Anguilla bicolor bicolor		61125 61124 7935 7934 7933 32521 186624 1489340 32443 41665 186623 7898 117571 117570 7776 7742 89593 7711 33511 33213 6072 33208 33154 2759 131567 
1		61126		Anguilla bicolor pacifica		61126 61124 7935 7934 7933 32521 186624 1489340 32443 41665 186623 7898 117571 117570 7776 7742 89593 7711 33511 33213 6072 33208 33154 2759 131567 
1		48163		Anguilla celebesensis		48163 7935 7934 7933 32521 186624 1489340 32443 41665 186623 7898 117571 117570 7776 7742 89593 7711 33511 33213 6072 33208 33154 2759 131567 
1		86967		Anguilla interioris		86967 7935 7934 7933 32521 186624 1489340 32443 41665 186623 7898 117571 117570 7776 7742 89593 7711 33511 33213 6072 33208 33154 2759 131567 
1		7937		Anguilla japonica		7937 7935 7934 7933 32521 186624 1489340 32443 41665 186623 7898 117571 117570 7776 7742 89593 7711 33511 33213 6072 33208 33154 2759 131567 
1		573744		Anguilla luzonensis		573744 7935 7934 7933 32521 186624 1489340 32443 41665 186623 7898 117571 117570 7776 7742 89593 7711 33511 33213 6072 33208 33154 2759 131567 
1		103812		Anguilla malgumora		103812 7935 7934 7933 32521 186624 1489340 32443 41665 186623 7898 117571 117570 7776 7742 89593 7711 33511 33213 6072 33208 33154 2759 131567 
1		7939		Anguilla marmorata		7939 7935 7934 7933 32521 186624 1489340 32443 41665 186623 7898 117571 117570 7776 7742 89593 7711 33511 33213 6072 33208 33154 2759 131567 
1		86963		Anguilla megastoma		86963 7935 7934 7933 32521 186624 1489340 32443 41665 186623 7898 117571 117570 7776 7742 89593 7711 33511 33213 6072 33208 33154 2759 131567 
1		48164		Anguilla mossambica		48164 7935 7934 7933 32521 186624 1489340 32443 41665 186623 7898 117571 117570 7776 7742 89593 7711 33511 33213 6072 33208 33154 2759 131567 
1		86966		Anguilla nebulosa nebulosa		86966 86965 7935 7934 7933 32521 186624 1489340 32443 41665 186623 7898 117571 117570 7776 7742 89593 7711 33511 33213 6072 33208 33154 2759 131567 
1		86964		Anguilla obscura		86964 7935 7934 7933 32521 186624 1489340 32443 41665 186623 7898 117571 117570 7776 7742 89593 7711 33511 33213 6072 33208 33154 2759 131567 
1		48165		Anguilla reinhardtii		48165 7935 7934 7933 32521 186624 1489340 32443 41665 186623 7898 117571 117570 7776 7742 89593 7711 33511 33213 6072 33208 33154 2759 131567 
1		7938		Anguilla rostrata		7938 7935 7934 7933 32521 186624 1489340 32443 41665 186623 7898 117571 117570 7776 7742 89593 7711 33511 33213 6072 33208 33154 2759 131567 
2		549385		Anguilla luzonensis		573744 7935 7934 7933 32521 186624 1489340 32443 41665 186623 7898 117571 117570 7776 7742 89593 7711 33511 33213 6072 33208 33154 2759 131567 
1		102178		Anguis fragilis		102178 102177 51964 1329922 1330543 8548 1329911 1329912 1329950 1329961 8509 8504 32561 8457 32524 32523 1338369 8287 117571 117570 7776 7742 89593 7711 33511 33213 6072 33208 33154 2759 131567 
1		6269		Anisakis simplex		6269 644710 6268 6267 33256 6249 6274 6236 119089 6231 1206794 33317 33213 6072 33208 33154 2759 131567 
1		359030		Anomalurus sp. GP-2005		359030 2623273 101664 101663 1963759 9989 314147 314146 1437010 9347 32525 40674 32524 32523 1338369 8287 117571 117570 7776 7742 89593 7711 33511 33213 6072 33208 33154 2759 131567 
1		62324		Anopheles funestus		62324 59142 59140 44534 7164 43816 7157 41827 43786 7148 7147 33392 33340 7496 85512 50557 6960 197562 197563 6656 88770 1206794 33317 33213 6072 33208 33154 2759 131567 
1		7165		Anopheles gambiae		7165 44542 44537 44534 7164 43816 7157 41827 43786 7148 7147 33392 33340 7496 85512 50557 6960 197562 197563 6656 88770 1206794 33317 33213 6072 33208 33154 2759 131567 
1		42377		Anopheles quadrimaculatus A		42377 44532 44486 44485 44484 44483 44482 7164 43816 7157 41827 43786 7148 7147 33392 33340 7496 85512 50557 6960 197562 197563 6656 88770 1206794 33317 33213 6072 33208 33154 2759 131567 
1		388627		Anoplocapros lenticularis		388627 303733 303732 303735 31022 1489922 1489872 123369 123368 123367 123366 123365 1489388 186625 1489341 32443 41665 186623 7898 117571 117570 7776 7742 89593 7711 33511 33213 6072 33208 33154 2759 131567 
1		88656		Anoplogaster cornuta		88656 88655 88654 2558152 1489869 123369 123368 123367 123366 123365 1489388 186625 1489341 32443 41665 186623 7898 117571 117570 7776 7742 89593 7711 33511 33213 6072 33208 33154 2759 131567 
1		50365		Anser albifrons		50365 8842 2068722 8830 8826 1549675 8825 8782 436492 436491 436489 436486 8492 1329799 32561 8457 32524 32523 1338369 8287 117571 117570 7776 7742 89593 7711 33511 33213 6072 33208 33154 2759 131567 
1		8843		Anser anser		8843 8842 2068722 8830 8826 1549675 8825 8782 436492 436491 436489 436486 8492 1329799 32561 8457 32524 32523 1338369 8287 117571 117570 7776 7742 89593 7711 33511 33213 6072 33208 33154 2759 131567 
1		8851		Anseranas semipalmata		8851 8850 45650 8826 1549675 8825 8782 436492 436491 436489 436486 8492 1329799 32561 8457 32524 32523 1338369 8287 117571 117570 7776 7742 89593 7711 33511 33213 6072 33208 33154 2759 131567 
1		7119		Antheraea pernyi		7119 7118 180245 82587 7117 37569 104431 37567 41197 41196 41191 7088 85604 33392 33340 7496 85512 50557 6960 197562 197563 6656 88770 1206794 33317 33213 6072 33208 33154 2759 131567 
1		7121		Antheraea yamamai		7121 7118 180245 82587 7117 37569 104431 37567 41197 41196 41191 7088 85604 33392 33340 7496 85512 50557 6960 197562 197563 6656 88770 1206794 33317 33213 6072 33208 33154 2759 131567 
1		143339		Antigonia capros		143339 143338 31098 2024527 1489922 1489872 123369 123368 123367 123366 123365 1489388 186625 1489341 32443 41665 186623 7898 117571 117570 7776 7742 89593 7711 33511 33213 6072 33208 33154 2759 131567 
1		59525		Antilope cervicapra		59525 59524 9948 9895 35500 9845 91561 314145 1437010 9347 32525 40674 32524 32523 1338369 8287 117571 117570 7776 7742 89593 7711 33511 33213 6072 33208 33154 2759 131567 
1		590156		Apatides fortis		590156 186064 297228 92690 75547 41093 41084 7041 33392 33340 7496 85512 50557 6960 197562 197563 6656 88770 1206794 33317 33213 6072 33208 33154 2759 131567 
1		240154		Apeltes quadracus		240154 240153 69291 1490020 8100 8111 1489922 1489872 123369 123368 123367 123366 123365 1489388 186625 1489341 32443 41665 186623 7898 117571 117570 7776 7742 89593 7711 33511 33213 6072 33208 33154 2759 131567 
1		94919		Aphredoderus sayanus		94919 94918 94917 94916 81377 1489840 1489838 123368 123367 123366 123365 1489388 186625 1489341 32443 41665 186623 7898 117571 117570 7776 7742 89593 7711 33511 33213 6072 33208 33154 2759 131567 
1		83887		Aphrocallistes vastus		83887 83886 367899 1521034 98040 60883 60882 6040 33208 33154 2759 131567 
1		140595		Aphyocypris chinensis		140595 140594 2743747 2743745 30727 7952 186627 186626 32519 186634 186625 1489341 32443 41665 186623 7898 117571 117570 7776 7742 89593 7711 33511 33213 6072 33208 33154 2759 131567 
1		7469		Apis mellifera ligustica		7469 7460 7459 83321 70987 7458 34735 7434 7400 7399 33392 33340 7496 85512 50557 6960 197562 197563 6656 88770 1206794 33317 33213 6072 33208 33154 2759 131567 
1		52581		Aplocheilus panchax		52581 52579 28778 45443 28738 1489913 1489908 1489872 123369 123368 123367 123366 123365 1489388 186625 1489341 32443 41665 186623 7898 117571 117570 7776 7742 89593 7711 33511 33213 6072 33208 33154 2759 131567 
1		289401		Aplysina fulva		289401 121476 121475 1779151 1779148 6042 6040 33208 33154 2759 131567 
1		307972		Apostichopus japonicus		307972 307971 7687 7682 7681 7705 7624 133551 7586 33511 33213 6072 33208 33154 2759 131567 
1		36673		Apteronotus albifrons		36673 36672 30766 1489621 8002 186628 186626 32519 186634 186625 1489341 32443 41665 186623 7898 117571 117570 7776 7742 89593 7711 33511 33213 6072 33208 33154 2759 131567 
1		8823		Apteryx haastii		8823 8821 8820 8819 8783 8782 436492 436491 436489 436486 8492 1329799 32561 8457 32524 32523 1338369 8287 117571 117570 7776 7742 89593 7711 33511 33213 6072 33208 33154 2759 131567 
1		559495		Arborophila rufipectus		559495 9104 466544 9005 8976 1549675 8825 8782 436492 436491 436489 436486 8492 1329799 32561 8457 32524 32523 1338369 8287 117571 117570 7776 7742 89593 7711 33511 33213 6072 33208 33154 2759 131567 
1		256136		Architeuthis dux		256136 34555 34554 34542 215450 6606 6605 6447 1206795 2697495 33317 33213 6072 33208 33154 2759 131567 
2		181474		Arcos sp. KU 149		1312387 2631896 181473 557415 63826 123349 1489921 1489920 1489908 1489872 123369 123368 123367 123366 123365 1489388 186625 1489341 32443 41665 186623 7898 117571 117570 7776 7742 89593 7711 33511 33213 6072 33208 33154 2759 131567 
1		37191		Arctocephalus pusillus		37191 29083 9702 379584 33554 314145 1437010 9347 32525 40674 32524 32523 1338369 8287 117571 117570 7776 7742 89593 7711 33511 33213 6072 33208 33154 2759 131567 
1		161921		Arctocephalus townsendi		161921 29083 9702 379584 33554 314145 1437010 9347 32525 40674 32524 32523 1338369 8287 117571 117570 7776 7742 89593 7711 33511 33213 6072 33208 33154 2759 131567 
1		551196		Arctodus simus		551196 544298 9632 379584 33554 314145 1437010 9347 32525 40674 32524 32523 1338369 8287 117571 117570 7776 7742 89593 7711 33511 33213 6072 33208 33154 2759 131567 
1		185735		Arctogadus glacialis		185735 185733 8045 1489845 8043 1489843 1489841 1489838 123368 123367 123366 123365 1489388 186625 1489341 32443 41665 186623 7898 117571 117570 7776 7742 89593 7711 33511 33213 6072 33208 33154 2759 131567 
1		390973		Egretta novaehollandiae		390973 56073 8899 9205 8825 8782 436492 436491 436489 436486 8492 1329799 32561 8457 32524 32523 1338369 8287 117571 117570 7776 7742 89593 7711 33511 33213 6072 33208 33154 2759 131567 
1		54971		Arenaria interpres		54971 54972 8917 8906 8825 8782 436492 436491 436489 436486 8492 1329799 32561 8457 32524 32523 1338369 8287 117571 117570 7776 7742 89593 7711 33511 33213 6072 33208 33154 2759 131567 
1		135220		Ariosoma shiroanago		135220 135219 135218 7941 7933 32521 186624 1489340 32443 41665 186623 7898 117571 117570 7776 7742 89593 7711 33511 33213 6072 33208 33154 2759 131567 
1		264149		Arothron firmamentum		264149 50368 31031 32517 31028 31022 1489922 1489872 123369 123368 123367 123366 123365 1489388 186625 1489341 32443 41665 186623 7898 117571 117570 7776 7742 89593 7711 33511 33213 6072 33208 33154 2759 131567 
1		6661		Artemia franciscana		6661 6660 38009 6659 116556 6658 6657 197562 197563 6656 88770 1206794 33317 33213 6072 33208 33154 2759 131567 
1		9417		Artibeus jamaicensis		9417 9416 40234 9415 30560 9397 314145 1437010 9347 32525 40674 32524 32523 1338369 8287 117571 117570 7776 7742 89593 7711 33511 33213 6072 33208 33154 2759 131567 
2		559169		Ascaloptynx appendiculata		2028591 559167 146494 27427 2029066 7516 85817 33392 33340 7496 85512 50557 6960 197562 197563 6656 88770 1206794 33317 33213 6072 33208 33154 2759 131567 
1		195875		Ascobulla fragilis		195875 158025 158024 158023 71490 977775 216307 216305 6448 6447 1206795 2697495 33317 33213 6072 33208 33154 2759 131567 
1		388629		Astrangia sp. JVK-2006		388629 2626269 165417 123764 123760 6125 6102 6101 6073 6072 33208 33154 2759 131567 
1		50733		Astronotus ocellatus		50733 50732 319083 318552 319056 8113 1489911 1489910 1489908 1489872 123369 123368 123367 123366 123365 1489388 186625 1489341 32443 41665 186623 7898 117571 117570 7776 7742 89593 7711 33511 33213 6072 33208 33154 2759 131567 
1		426587		Asymmetron inferum		426587 355595 7736 2682553 2682552 7735 7711 33511 33213 6072 33208 33154 2759 131567 
1		223987		Asymmetron lucayanum		223987 355595 7736 2682553 2682552 7735 7711 33511 33213 6072 33208 33154 2759 131567 
1		426588		Asymmetron sp. A TK-2007		426588 2625379 355595 7736 2682553 2682552 7735 7711 33511 33213 6072 33208 33154 2759 131567 
1		565089		Ataxolepis apus		565089 565088 88666 8277 1489869 123369 123368 123367 123366 123365 1489388 186625 1489341 32443 41665 186623 7898 117571 117570 7776 7742 89593 7711 33511 33213 6072 33208 33154 2759 131567 
1		143306		Ateleopus japonicus		143306 143305 143304 143303 123352 123365 1489388 186625 1489341 32443 41665 186623 7898 117571 117570 7776 7742 89593 7711 33511 33213 6072 33208 33154 2759 131567 
1		244711		Atractomorpha sinensis		244711 63222 58543 156593 70910 1955150 7001 6993 33341 33340 7496 85512 50557 6960 197562 197563 6656 88770 1206794 33317 33213 6072 33208 33154 2759 131567 
1		136300		Hime japonica		136300 1266827 81361 1489830 68510 1489829 123366 123365 1489388 186625 1489341 32443 41665 186623 7898 117571 117570 7776 7742 89593 7711 33511 33213 6072 33208 33154 2759 131567 
1		240152		Aulorhynchus flavidus		240152 240151 149086 1490020 8100 8111 1489922 1489872 123369 123368 123367 123366 123365 1489388 186625 1489341 32443 41665 186623 7898 117571 117570 7776 7742 89593 7711 33511 33213 6072 33208 33154 2759 131567 
1		150448		Aulostomus chinensis		150448 150447 150446 1489888 129912 1489883 1489872 123369 123368 123367 123366 123365 1489388 186625 1489341 32443 41665 186623 7898 117571 117570 7776 7742 89593 7711 33511 33213 6072 33208 33154 2759 131567 
1		6145		Aurelia aurita		6145 6144 37526 6143 6142 6073 6072 33208 33154 2759 131567 
1		217026		Auxis rochei		217026 13352 186749 186745 8224 1489894 1489885 1489872 123369 123368 123367 123366 123365 1489388 186625 1489341 32443 41665 186623 7898 117571 117570 7776 7742 89593 7711 33511 33213 6072 33208 33154 2759 131567 
1		13353		Auxis thazard		13353 13352 186749 186745 8224 1489894 1489885 1489872 123369 123368 123367 123366 123365 1489388 186625 1489341 32443 41665 186623 7898 117571 117570 7776 7742 89593 7711 33511 33213 6072 33208 33154 2759 131567 
1		121280		Avocettina infans		121280 121279 118167 7933 32521 186624 1489340 32443 41665 186623 7898 117571 117570 7776 7742 89593 7711 33511 33213 6072 33208 33154 2759 131567 
1		153946		Axinella corrugata		153946 12958 45118 1779152 1779146 6042 6040 33208 33154 2759 131567 
1		30385		Aythya americana		30385 30384 2068721 8830 8826 1549675 8825 8782 436492 436491 436489 436486 8492 1329799 32561 8457 32524 32523 1338369 8287 117571 117570 7776 7742 89593 7711 33511 33213 6072 33208 33154 2759 131567 
1		69614		Bactrocera carambolae		69614 98805 47832 27456 43871 164860 7211 43752 43741 43738 480117 480118 43733 7203 7147 33392 33340 7496 85512 50557 6960 197562 197563 6656 88770 1206794 33317 33213 6072 33208 33154 2759 131567 
1		27457		Bactrocera dorsalis		27457 98805 47832 27456 43871 164860 7211 43752 43741 43738 480117 480118 43733 7203 7147 33392 33340 7496 85512 50557 6960 197562 197563 6656 88770 1206794 33317 33213 6072 33208 33154 2759 131567 
1		104688		Bactrocera oleae		104688 69624 27456 43871 164860 7211 43752 43741 43738 480117 480118 43733 7203 7147 33392 33340 7496 85512 50557 6960 197562 197563 6656 88770 1206794 33317 33213 6072 33208 33154 2759 131567 
2		69547		Bactrocera dorsalis		27457 98805 47832 27456 43871 164860 7211 43752 43741 43738 480117 480118 43733 7203 7147 33392 33340 7496 85512 50557 6960 197562 197563 6656 88770 1206794 33317 33213 6072 33208 33154 2759 131567 
2		86797		Bactrocera dorsalis		27457 98805 47832 27456 43871 164860 7211 43752 43741 43738 480117 480118 43733 7203 7147 33392 33340 7496 85512 50557 6960 197562 197563 6656 88770 1206794 33317 33213 6072 33208 33154 2759 131567 
1		492034		Bajacalifornia megalops		492034 492033 134615 1489486 1489485 186634 186625 1489341 32443 41665 186623 7898 117571 117570 7776 7742 89593 7711 33511 33213 6072 33208 33154 2759 131567 
1		27602		Balaena mysticetus		27602 27601 30558 9761 9721 2653789 91561 314145 1437010 9347 32525 40674 32524 32523 1338369 8287 117571 117570 7776 7742 89593 7711 33511 33213 6072 33208 33154 2759 131567 
1		9767		Balaenoptera acutorostrata		9767 9766 9765 9761 9721 2653789 91561 314145 1437010 9347 32525 40674 32524 32523 1338369 8287 117571 117570 7776 7742 89593 7711 33511 33213 6072 33208 33154 2759 131567 
1		33556		Balaenoptera bonaerensis		33556 9766 9765 9761 9721 2653789 91561 314145 1437010 9347 32525 40674 32524 32523 1338369 8287 117571 117570 7776 7742 89593 7711 33511 33213 6072 33208 33154 2759 131567 
1		9768		Balaenoptera borealis		9768 9766 9765 9761 9721 2653789 91561 314145 1437010 9347 32525 40674 32524 32523 1338369 8287 117571 117570 7776 7742 89593 7711 33511 33213 6072 33208 33154 2759 131567 
1		255365		Balaenoptera brydei		255365 9766 9765 9761 9721 2653789 91561 314145 1437010 9347 32525 40674 32524 32523 1338369 8287 117571 117570 7776 7742 89593 7711 33511 33213 6072 33208 33154 2759 131567 
1		9769		Balaenoptera edeni		9769 9766 9765 9761 9721 2653789 91561 314145 1437010 9347 32525 40674 32524 32523 1338369 8287 117571 117570 7776 7742 89593 7711 33511 33213 6072 33208 33154 2759 131567 
1		9771		Balaenoptera musculus		9771 9766 9765 9761 9721 2653789 91561 314145 1437010 9347 32525 40674 32524 32523 1338369 8287 117571 117570 7776 7742 89593 7711 33511 33213 6072 33208 33154 2759 131567 
1		255217		Balaenoptera omurai		255217 9766 9765 9761 9721 2653789 91561 314145 1437010 9347 32525 40674 32524 32523 1338369 8287 117571 117570 7776 7742 89593 7711 33511 33213 6072 33208 33154 2759 131567 
1		9770		Balaenoptera physalus		9770 9766 9765 9761 9721 2653789 91561 314145 1437010 9347 32525 40674 32524 32523 1338369 8287 117571 117570 7776 7742 89593 7711 33511 33213 6072 33208 33154 2759 131567 
1		35080		Balanoglossus carnosus		35080 35079 35078 10220 10219 33511 33213 6072 33208 33154 2759 131567 
1		392899		Balistapus undulatus		392899 392898 31024 31023 31022 1489922 1489872 123369 123368 123367 123366 123365 1489388 186625 1489341 32443 41665 186623 7898 117571 117570 7776 7742 89593 7711 33511 33213 6072 33208 33154 2759 131567 
1		303687		Balistes vetula		303687 94229 31024 31023 31022 1489922 1489872 123369 123368 123367 123366 123365 1489388 186625 1489341 32443 41665 186623 7898 117571 117570 7776 7742 89593 7711 33511 33213 6072 33208 33154 2759 131567 
1		303689		Balistoides conspicillum		303689 303688 31024 31023 31022 1489922 1489872 123369 123368 123367 123366 123365 1489388 186625 1489341 32443 41665 186623 7898 117571 117570 7776 7742 89593 7711 33511 33213 6072 33208 33154 2759 131567 
1		357282		Barbatula toni		357282 160394 278171 30725 7952 186627 186626 32519 186634 186625 1489341 32443 41665 186623 7898 117571 117570 7776 7742 89593 7711 33511 33213 6072 33208 33154 2759 131567 
1		381606		Barbonymus gonionotus		381606 270004 2743701 7953 30727 7952 186627 186626 32519 186634 186625 1489341 32443 41665 186623 7898 117571 117570 7776 7742 89593 7711 33511 33213 6072 33208 33154 2759 131567 
1		88660		Barbourisia rufa		88660 88659 88658 8277 1489869 123369 123368 123367 123366 123365 1489388 186625 1489341 32443 41665 186623 7898 117571 117570 7776 7742 89593 7711 33511 33213 6072 33208 33154 2759 131567 
1		40830		Barbus barbus		40830 40829 2743693 7953 30727 7952 186627 186626 32519 186634 186625 1489341 32443 41665 186623 7898 117571 117570 7776 7742 89593 7711 33511 33213 6072 33208 33154 2759 131567 
1		211979		Basiliscus vittatus		211979 52190 81969 8515 8511 1329911 1329912 1329950 1329961 8509 8504 32561 8457 32524 32523 1338369 8287 117571 117570 7776 7742 89593 7711 33511 33213 6072 33208 33154 2759 131567 
1		181397		Bassozetus zenkevitchi		181397 181396 181395 94930 181389 94929 1489873 1489872 123369 123368 123367 123366 123365 1489388 186625 1489341 32443 41665 186623 7898 117571 117570 7776 7742 89593 7711 33511 33213 6072 33208 33154 2759 131567 
1		492029		Bathytroctes breviceps		492029 443632 134615 1489486 1489485 186634 186625 1489341 32443 41665 186623 7898 117571 117570 7776 7742 89593 7711 33511 33213 6072 33208 33154 2759 131567 
1		443633		Bathytroctes microlepis		443633 443632 134615 1489486 1489485 186634 186625 1489341 32443 41665 186623 7898 117571 117570 7776 7742 89593 7711 33511 33213 6072 33208 33154 2759 131567 
1		159185		Batrachoseps attenuatus		159185 57542 698026 8332 30367 8293 41666 8292 32523 1338369 8287 117571 117570 7776 7742 89593 7711 33511 33213 6072 33208 33154 2759 131567 
1		57547		Batrachoseps wrighti		57547 57542 698026 8332 30367 8293 41666 8292 32523 1338369 8287 117571 117570 7776 7742 89593 7711 33511 33213 6072 33208 33154 2759 131567 
1		156987		Batrachuperus londongensis		156987 156986 30366 30364 8293 41666 8292 32523 1338369 8287 117571 117570 7776 7742 89593 7711 33511 33213 6072 33208 33154 2759 131567 
1		156988		Batrachuperus pinchonii		156988 156986 30366 30364 8293 41666 8292 32523 1338369 8287 117571 117570 7776 7742 89593 7711 33511 33213 6072 33208 33154 2759 131567 
1		156989		Batrachuperus tibetanus		156989 156986 30366 30364 8293 41666 8292 32523 1338369 8287 117571 117570 7776 7742 89593 7711 33511 33213 6072 33208 33154 2759 131567 
1		7038		Bemisia tabaci		7038 7037 33379 7036 33377 33373 7524 33342 33340 7496 85512 50557 6960 197562 197563 6656 88770 1206794 33317 33213 6072 33208 33154 2759 131567 
1		48742		Berardius bairdii		48742 48741 9756 9722 9721 2653789 91561 314145 1437010 9347 32525 40674 32524 32523 1338369 8287 117571 117570 7776 7742 89593 7711 33511 33213 6072 33208 33154 2759 131567 
1		107241		Beryx decadactylus		107241 88662 88661 8277 1489869 123369 123368 123367 123366 123365 1489388 186625 1489341 32443 41665 186623 7898 117571 117570 7776 7742 89593 7711 33511 33213 6072 33208 33154 2759 131567 
1		88663		Beryx splendens		88663 88662 88661 8277 1489869 123369 123368 123367 123366 123365 1489388 186625 1489341 32443 41665 186623 7898 117571 117570 7776 7742 89593 7711 33511 33213 6072 33208 33154 2759 131567 
1		52188		Bipes biporus		52188 52187 52186 52185 1329975 1329976 1329912 1329950 1329961 8509 8504 32561 8457 32524 32523 1338369 8287 117571 117570 7776 7742 89593 7711 33511 33213 6072 33208 33154 2759 131567 
1		273521		Bipes canaliculatus		273521 52187 52186 52185 1329975 1329976 1329912 1329950 1329961 8509 8504 32561 8457 32524 32523 1338369 8287 117571 117570 7776 7742 89593 7711 33511 33213 6072 33208 33154 2759 131567 
1		273520		Bipes tridactylus		273520 52187 52186 52185 1329975 1329976 1329912 1329950 1329961 8509 8504 32561 8457 32524 32523 1338369 8287 117571 117570 7776 7742 89593 7711 33511 33213 6072 33208 33154 2759 131567 
1		9901		Bison bison		9901 9900 27592 9895 35500 9845 91561 314145 1437010 9347 32525 40674 32524 32523 1338369 8287 117571 117570 7776 7742 89593 7711 33511 33213 6072 33208 33154 2759 131567 
1		143612		Biwia zezera		143612 143611 2743715 2743714 30727 7952 186627 186626 32519 186634 186625 1489341 32443 41665 186623 7898 117571 117570 7776 7742 89593 7711 33511 33213 6072 33208 33154 2759 131567 
1		227091		Blanus cinereus		227091 227090 1329974 52185 1329975 1329976 1329912 1329950 1329961 8509 8504 32561 8457 32524 32523 1338369 8287 117571 117570 7776 7742 89593 7711 33511 33213 6072 33208 33154 2759 131567 
1		6973		Blattella germanica		6973 6972 37811 1049651 1049656 85823 6970 33341 33340 7496 85512 50557 6960 197562 197563 6656 88770 1206794 33317 33213 6072 33208 33154 2759 131567 
1		8574		Boa constrictor		8574 8573 196244 8572 34979 8570 1329911 1329912 1329950 1329961 8509 8504 32561 8457 32524 32523 1338369 8287 117571 117570 7776 7742 89593 7711 33511 33213 6072 33208 33154 2759 131567 
1		291262		Bolitoglossa n. sp. RLM-2004		291262 1508178 8333 698026 8332 30367 8293 41666 8292 32523 1338369 8287 117571 117570 7776 7742 89593 7711 33511 33213 6072 33208 33154 2759 131567 
1		161274		Bombina maxima		161274 8344 30312 8342 41666 8292 32523 1338369 8287 117571 117570 7776 7742 89593 7711 33511 33213 6072 33208 33154 2759 131567 
1		8346		Bombina orientalis		8346 8344 30312 8342 41666 8292 32523 1338369 8287 117571 117570 7776 7742 89593 7711 33511 33213 6072 33208 33154 2759 131567 
1		8348		Bombina variegata		8348 8344 30312 8342 41666 8292 32523 1338369 8287 117571 117570 7776 7742 89593 7711 33511 33213 6072 33208 33154 2759 131567 
1		7092		Bombyx mandarina		7092 7090 475327 7089 37569 104431 37567 41197 41196 41191 7088 85604 33392 33340 7496 85512 50557 6960 197562 197563 6656 88770 1206794 33317 33213 6072 33208 33154 2759 131567 
1		7091		Bombyx mori		7091 7090 475327 7089 37569 104431 37567 41197 41196 41191 7088 85604 33392 33340 7496 85512 50557 6960 197562 197563 6656 88770 1206794 33317 33213 6072 33208 33154 2759 131567 
1		30521		Bos grunniens		30521 9903 27592 9895 35500 9845 91561 314145 1437010 9347 32525 40674 32524 32523 1338369 8287 117571 117570 7776 7742 89593 7711 33511 33213 6072 33208 33154 2759 131567 
1		9915		Bos indicus		9915 9903 27592 9895 35500 9845 91561 314145 1437010 9347 32525 40674 32524 32523 1338369 8287 117571 117570 7776 7742 89593 7711 33511 33213 6072 33208 33154 2759 131567 
1		9906		Bos javanicus		9906 9903 27592 9895 35500 9845 91561 314145 1437010 9347 32525 40674 32524 32523 1338369 8287 117571 117570 7776 7742 89593 7711 33511 33213 6072 33208 33154 2759 131567 
1		9913		Bos taurus		9913 9903 27592 9895 35500 9845 91561 314145 1437010 9347 32525 40674 32524 32523 1338369 8287 117571 117570 7776 7742 89593 7711 33511 33213 6072 33208 33154 2759 131567 
1		392911		Brachaluteres ulvarum		392911 303719 143346 31023 31022 1489922 1489872 123369 123368 123367 123366 123365 1489388 186625 1489341 32443 41665 186623 7898 117571 117570 7776 7742 89593 7711 33511 33213 6072 33208 33154 2759 131567 
1		10195		Brachionus plicatilis		10195 10194 10193 84394 1709201 10191 2816136 10190 2697496 2697495 33317 33213 6072 33208 33154 2759 131567 
1		9354		Bradypus tridactylus		9354 9353 9352 948953 948950 9348 9347 32525 40674 32524 32523 1338369 8287 117571 117570 7776 7742 89593 7711 33511 33213 6072 33208 33154 2759 131567 
1		545417		Branchiostegus albus		545417 270561 545419 30851 1489923 1489922 1489872 123369 123368 123367 123366 123365 1489388 186625 1489341 32443 41665 186623 7898 117571 117570 7776 7742 89593 7711 33511 33213 6072 33208 33154 2759 131567 
1		545418		Branchiostegus argentatus		545418 270561 545419 30851 1489923 1489922 1489872 123369 123368 123367 123366 123365 1489388 186625 1489341 32443 41665 186623 7898 117571 117570 7776 7742 89593 7711 33511 33213 6072 33208 33154 2759 131567 
1		270562		Branchiostegus japonicus		270562 270561 545419 30851 1489923 1489922 1489872 123369 123368 123367 123366 123365 1489388 186625 1489341 32443 41665 186623 7898 117571 117570 7776 7742 89593 7711 33511 33213 6072 33208 33154 2759 131567 
2		42637		Brevimyrus niger		1194723 1194722 31092 41712 31089 1489343 1489341 32443 41665 186623 7898 117571 117570 7776 7742 89593 7711 33511 33213 6072 33208 33154 2759 131567 
1		89462		Bubalus bubalis		89462 9918 27592 9895 35500 9845 91561 314145 1437010 9347 32525 40674 32524 32523 1338369 8287 117571 117570 7776 7742 89593 7711 33511 33213 6072 33208 33154 2759 131567 
1		37181		Budorcas taxicolor		37181 37180 9963 9895 35500 9845 91561 314145 1437010 9347 32525 40674 32524 32523 1338369 8287 117571 117570 7776 7742 89593 7711 33511 33213 6072 33208 33154 2759 131567 
1		191197		Buergeria buergeri		191197 39611 160965 27577 30352 8416 8342 41666 8292 32523 1338369 8287 117571 117570 7776 7742 89593 7711 33511 33213 6072 33208 33154 2759 131567 
1		30331		Bufo gargarizans		30331 8383 8382 8417 8416 8342 41666 8292 32523 1338369 8287 117571 117570 7776 7742 89593 7711 33511 33213 6072 33208 33154 2759 131567 
1		8387		Bufo japonicus		8387 8383 8382 8417 8416 8342 41666 8292 32523 1338369 8287 117571 117570 7776 7742 89593 7711 33511 33213 6072 33208 33154 2759 131567 
1		30335		Duttaphrynus melanostictus		30335 651680 8382 8417 8416 8342 41666 8292 32523 1338369 8287 117571 117570 7776 7742 89593 7711 33511 33213 6072 33208 33154 2759 131567 
1		8613		Bungarus fasciatus		8613 8612 92437 8602 34989 8570 1329911 1329912 1329950 1329961 8509 8504 32561 8457 32524 32523 1338369 8287 117571 117570 7776 7742 89593 7711 33511 33213 6072 33208 33154 2759 131567 
1		577651		Bunostomum phlebotomum		577651 66064 53477 33278 2572558 6308 119089 6231 1206794 33317 33213 6072 33208 33154 2759 131567 
1		30397		Buteo buteo		30397 30396 8955 56259 2558200 8825 8782 436492 436491 436489 436486 8492 1329799 32561 8457 32524 32523 1338369 8287 117571 117570 7776 7742 89593 7711 33511 33213 6072 33208 33154 2759 131567 
1		37696		Caenolestes fuliginosus		37696 37886 30659 38606 9263 32525 40674 32524 32523 1338369 8287 117571 117570 7776 7742 89593 7711 33511 33213 6072 33208 33154 2759 131567 
1		6238		Caenorhabditis briggsae		6238 6237 55885 6243 55879 2301119 2301116 6236 119089 6231 1206794 33317 33213 6072 33208 33154 2759 131567 
1		6239		Caenorhabditis elegans		6239 6237 55885 6243 55879 2301119 2301116 6236 119089 6231 1206794 33317 33213 6072 33208 33154 2759 131567 
1		8855		Cairina moschata		8855 8854 2068716 8830 8826 1549675 8825 8782 436492 436491 436489 436486 8492 1329799 32561 8457 32524 32523 1338369 8287 117571 117570 7776 7742 89593 7711 33511 33213 6072 33208 33154 2759 131567 
1		6763		Callinectes sapidus		6763 6762 600346 6757 6774 116706 116704 6752 6692 6683 6682 72041 6681 2172821 6657 197562 197563 6656 88770 1206794 33317 33213 6072 33208 33154 2759 131567 
1		334752		Calliptamus italicus		334752 244719 227589 7002 92621 70910 1955150 7001 6993 33341 33340 7496 85512 50557 6960 197562 197563 6656 88770 1206794 33317 33213 6072 33208 33154 2759 131567 
1		34884		Callorhinus ursinus		34884 34883 9702 379584 33554 314145 1437010 9347 32525 40674 32524 32523 1338369 8287 117571 117570 7776 7742 89593 7711 33511 33213 6072 33208 33154 2759 131567 
1		178539		Callyspongia plicifera		178539 178537 178536 6049 1779146 6042 6040 33208 33154 2759 131567 
1		9837		Camelus bactrianus		9837 9836 9835 9834 91561 314145 1437010 9347 32525 40674 32524 32523 1338369 8287 117571 117570 7776 7742 89593 7711 33511 33213 6072 33208 33154 2759 131567 
1		9838		Camelus dromedarius		9838 9836 9835 9834 91561 314145 1437010 9347 32525 40674 32524 32523 1338369 8287 117571 117570 7776 7742 89593 7711 33511 33213 6072 33208 33154 2759 131567 
1		419612		Camelus ferus		419612 9836 9835 9834 91561 314145 1437010 9347 32525 40674 32524 32523 1338369 8287 117571 117570 7776 7742 89593 7711 33511 33213 6072 33208 33154 2759 131567 
1		135595		Campanulotes compar		135595 135594 66236 35634 85819 1930602 33342 33340 7496 85512 50557 6960 197562 197563 6656 88770 1206794 33317 33213 6072 33208 33154 2759 131567 
1		383857		Campodea fragilis		383857 89972 61993 212004 1652073 29997 6960 197562 197563 6656 88770 1206794 33317 33213 6072 33208 33154 2759 131567 
1		61318		Campostoma anomalum		61318 61317 2743731 2743726 30727 7952 186627 186626 32519 186634 186625 1489341 32443 41665 186623 7898 117571 117570 7776 7742 89593 7711 33511 33213 6072 33208 33154 2759 131567 
1		543397		Bivetiella cancellata		543397 912984 55860 216304 6479 69555 6448 6447 1206795 2697495 33317 33213 6072 33208 33154 2759 131567 
1		9614		Canis latrans		9614 9611 9608 379584 33554 314145 1437010 9347 32525 40674 32524 32523 1338369 8287 117571 117570 7776 7742 89593 7711 33511 33213 6072 33208 33154 2759 131567 
1		9612		Canis lupus		9612 9611 9608 379584 33554 314145 1437010 9347 32525 40674 32524 32523 1338369 8287 117571 117570 7776 7742 89593 7711 33511 33213 6072 33208 33154 2759 131567 
1		246881		Canis lupus chanco		246881 9612 9611 9608 379584 33554 314145 1437010 9347 32525 40674 32524 32523 1338369 8287 117571 117570 7776 7742 89593 7711 33511 33213 6072 33208 33154 2759 131567 
1		9615		Canis lupus familiaris		9615 9612 9611 9608 379584 33554 314145 1437010 9347 32525 40674 32524 32523 1338369 8287 117571 117570 7776 7742 89593 7711 33511 33213 6072 33208 33154 2759 131567 
1		554455		Canis lupus laniger		554455 9612 9611 9608 379584 33554 314145 1437010 9347 32525 40674 32524 32523 1338369 8287 117571 117570 7776 7742 89593 7711 33511 33213 6072 33208 33154 2759 131567 
1		443256		Canis lupus lupus		443256 9612 9611 9608 379584 33554 314145 1437010 9347 32525 40674 32524 32523 1338369 8287 117571 117570 7776 7742 89593 7711 33511 33213 6072 33208 33154 2759 131567 
1		303691		Canthidermis maculata		303691 303690 31024 31023 31022 1489922 1489872 123369 123368 123367 123366 123365 1489388 186625 1489341 32443 41665 186623 7898 117571 117570 7776 7742 89593 7711 33511 33213 6072 33208 33154 2759 131567 
1		264150		Canthigaster coronata		264150 223138 31031 32517 31028 31022 1489922 1489872 123369 123368 123367 123366 123365 1489388 186625 1489341 32443 41665 186623 7898 117571 117570 7776 7742 89593 7711 33511 33213 6072 33208 33154 2759 131567 
1		264151		Canthigaster rivulata		264151 223138 31031 32517 31028 31022 1489922 1489872 123369 123368 123367 123366 123365 1489388 186625 1489341 32443 41665 186623 7898 117571 117570 7776 7742 89593 7711 33511 33213 6072 33208 33154 2759 131567 
1		27604		Caperea marginata		27604 27603 226940 9761 9721 2653789 91561 314145 1437010 9347 32525 40674 32524 32523 1338369 8287 117571 117570 7776 7742 89593 7711 33511 33213 6072 33208 33154 2759 131567 
1		9925		Capra hircus		9925 9922 9963 9895 35500 9845 91561 314145 1437010 9347 32525 40674 32524 32523 1338369 8287 117571 117570 7776 7742 89593 7711 33511 33213 6072 33208 33154 2759 131567 
1		9966		Capricornis crispus		9966 9965 9963 9895 35500 9845 91561 314145 1437010 9347 32525 40674 32524 32523 1338369 8287 117571 117570 7776 7742 89593 7711 33511 33213 6072 33208 33154 2759 131567 
1		206100		Capros aper		206100 206099 31098 2024527 1489922 1489872 123369 123368 123367 123366 123365 1489388 186625 1489341 32443 41665 186623 7898 117571 117570 7776 7742 89593 7711 33511 33213 6072 33208 33154 2759 131567 
1		181460		Carangoides armatus		181460 179360 8157 1489907 1489904 1489872 123369 123368 123367 123366 123365 1489388 186625 1489341 32443 41665 186623 7898 117571 117570 7776 7742 89593 7711 33511 33213 6072 33208 33154 2759 131567 
1		181461		Caranx melampygus		181461 8158 8157 1489907 1489904 1489872 123369 123368 123367 123366 123365 1489388 186625 1489341 32443 41665 186623 7898 117571 117570 7776 7742 89593 7711 33511 33213 6072 33208 33154 2759 131567 
1		181393		Carapus bermudensis		181393 181392 181391 94930 181389 94929 1489873 1489872 123369 123368 123367 123366 123365 1489388 186625 1489341 32443 41665 186623 7898 117571 117570 7776 7742 89593 7711 33511 33213 6072 33208 33154 2759 131567 
1		7957		Carassius auratus		7957 7956 2743694 7953 30727 7952 186627 186626 32519 186634 186625 1489341 32443 41665 186623 7898 117571 117570 7776 7742 89593 7711 33511 33213 6072 33208 33154 2759 131567 
1		145527		Carassius auratus auratus		145527 7957 7956 2743694 7953 30727 7952 186627 186626 32519 186634 186625 1489341 32443 41665 186623 7898 117571 117570 7776 7742 89593 7711 33511 33213 6072 33208 33154 2759 131567 
1		211488		Carassius auratus x Cyprinus carpio		211488 564289 30727 7952 186627 186626 32519 186634 186625 1489341 32443 41665 186623 7898 117571 117570 7776 7742 89593 7711 33511 33213 6072 33208 33154 2759 131567 
1		211491		Carassius auratus x Cyprinus carpio x Carassius cuvieri		211491 564289 30727 7952 186627 186626 32519 186634 186625 1489341 32443 41665 186623 7898 117571 117570 7776 7742 89593 7711 33511 33213 6072 33208 33154 2759 131567 
1		678552		Carassius auratus x Megalobrama amblycephala pentaploid hybrid		678552 564289 30727 7952 186627 186626 32519 186634 186625 1489341 32443 41665 186623 7898 117571 117570 7776 7742 89593 7711 33511 33213 6072 33208 33154 2759 131567 
1		678550		Carassius auratus x Megalobrama amblycephala tetraploid hybrid		678550 564289 30727 7952 186627 186626 32519 186634 186625 1489341 32443 41665 186623 7898 117571 117570 7776 7742 89593 7711 33511 33213 6072 33208 33154 2759 131567 
1		678551		Carassius auratus x Megalobrama amblycephala triploid hybrid		678551 564289 30727 7952 186627 186626 32519 186634 186625 1489341 32443 41665 186623 7898 117571 117570 7776 7742 89593 7711 33511 33213 6072 33208 33154 2759 131567 
1		217509		Carassius carassius		217509 7956 2743694 7953 30727 7952 186627 186626 32519 186634 186625 1489341 32443 41665 186623 7898 117571 117570 7776 7742 89593 7711 33511 33213 6072 33208 33154 2759 131567 
1		52617		Carassius cuvieri		52617 7956 2743694 7953 30727 7952 186627 186626 32519 186634 186625 1489341 32443 41665 186623 7898 117571 117570 7776 7742 89593 7711 33511 33213 6072 33208 33154 2759 131567 
1		176285		Alectorobius capensis		176285 352063 2945031 6936 297308 6935 6934 6933 6854 6843 6656 88770 1206794 33317 33213 6072 33208 33154 2759 131567 
1		154811		Carpiodes carpio		154811 154810 7968 2509193 7952 186627 186626 32519 186634 186625 1489341 32443 41665 186623 7898 117571 117570 7776 7742 89593 7711 33511 33213 6072 33208 33154 2759 131567 
1		181404		Cataetyx rubrirostris		181404 181403 181402 181401 181400 94929 1489873 1489872 123369 123368 123367 123366 123365 1489388 186625 1489341 32443 41665 186623 7898 117571 117570 7776 7742 89593 7711 33511 33213 6072 33208 33154 2759 131567 
1		43455		Cathartes aura		43455 33611 8922 2558200 8825 8782 436492 436491 436489 436486 8492 1329799 32561 8457 32524 32523 1338369 8287 117571 117570 7776 7742 89593 7711 33511 33213 6072 33208 33154 2759 131567 
1		7971		Catostomus commersonii		7971 7969 7968 2509193 7952 186627 186626 32519 186634 186625 1489341 32443 41665 186623 7898 117571 117570 7776 7742 89593 7711 33511 33213 6072 33208 33154 2759 131567 
1		181422		Caulophryne pelagica		181422 181421 181420 206105 8070 1489922 1489872 123369 123368 123367 123366 123365 1489388 186625 1489341 32443 41665 186623 7898 117571 117570 7776 7742 89593 7711 33511 33213 6072 33208 33154 2759 131567 
1		10141		Cavia porcellus		10141 10140 10139 33550 9989 314147 314146 1437010 9347 32525 40674 32524 32523 1338369 8287 117571 117570 7776 7742 89593 7711 33511 33213 6072 33208 33154 2759 131567 
1		9514		Cebus albifrons		9514 9513 38070 9498 9479 314293 376913 9443 314146 1437010 9347 32525 40674 32524 32523 1338369 8287 117571 117570 7776 7742 89593 7711 33511 33213 6072 33208 33154 2759 131567 
1		187810		Cephalothrix simula		187810 166041 166040 2973474 1684132 6217 1206795 2697495 33317 33213 6072 33208 33154 2759 131567 
1		211228		Cephus cinctus		211228 173784 27524 222823 7399 33392 33340 7496 85512 50557 6960 197562 197563 6656 88770 1206794 33317 33213 6072 33208 33154 2759 131567 
1		7213		Ceratitis capitata		7213 474492 7212 164862 164860 7211 43752 43741 43738 480117 480118 43733 7203 7147 33392 33340 7496 85512 50557 6960 197562 197563 6656 88770 1206794 33317 33213 6072 33208 33154 2759 131567 
1		9807		Ceratotherium simum		9807 9806 9803 9787 314145 1437010 9347 32525 40674 32524 32523 1338369 8287 117571 117570 7776 7742 89593 7711 33511 33213 6072 33208 33154 2759 131567 
1		9860		Cervus elaphus		9860 9859 34878 9850 35500 9845 91561 314145 1437010 9347 32525 40674 32524 32523 1338369 8287 117571 117570 7776 7742 89593 7711 33511 33213 6072 33208 33154 2759 131567 
1		151525		Cervus nippon centralis		151525 9863 9859 34878 9850 35500 9845 91561 314145 1437010 9347 32525 40674 32524 32523 1338369 8287 117571 117570 7776 7742 89593 7711 33511 33213 6072 33208 33154 2759 131567 
1		37550		Cervus nippon taiouanus		37550 9863 9859 34878 9850 35500 9845 91561 314145 1437010 9347 32525 40674 32524 32523 1338369 8287 117571 117570 7776 7742 89593 7711 33511 33213 6072 33208 33154 2759 131567 
1		332176		Cervus nippon yakushimae		332176 9863 9859 34878 9850 35500 9845 91561 314145 1437010 9347 32525 40674 32524 32523 1338369 8287 117571 117570 7776 7742 89593 7711 33511 33213 6072 33208 33154 2759 131567 
1		223998		Cervus nippon yesoensis		223998 9863 9859 34878 9850 35500 9845 91561 314145 1437010 9347 32525 40674 32524 32523 1338369 8287 117571 117570 7776 7742 89593 7711 33511 33213 6072 33208 33154 2759 131567 
1		565076		Cetomimus sp. AMS I34481001		565076 2641956 88667 88666 8277 1489869 123369 123368 123367 123366 123365 1489388 186625 1489341 32443 41665 186623 7898 117571 117570 7776 7742 89593 7711 33511 33213 6072 33208 33154 2759 131567 
1		88671		Cetostoma regani		88671 88670 88666 8277 1489869 123369 123368 123367 123366 123365 1489388 186625 1489341 32443 41665 186623 7898 117571 117570 7776 7742 89593 7711 33511 33213 6072 33208 33154 2759 131567 
1		392913		Chaetodermis penicilligerus		392913 392912 143346 31023 31022 1489922 1489872 123369 123368 123367 123366 123365 1489388 186625 1489341 32443 41665 186623 7898 117571 117570 7776 7742 89593 7711 33511 33213 6072 33208 33154 2759 131567 
1		215361		Chaetodon auripes		215361 37948 30828 1545895 1489922 1489872 123369 123368 123367 123366 123365 1489388 186625 1489341 32443 41665 186623 7898 117571 117570 7776 7742 89593 7711 33511 33213 6072 33208 33154 2759 131567 
1		215363		Chaetodontoplus septentrionalis		215363 109720 30862 1489923 1489922 1489872 123369 123368 123367 123366 123365 1489388 186625 1489341 32443 41665 186623 7898 117571 117570 7776 7742 89593 7711 33511 33213 6072 33208 33154 2759 131567 
1		546502		Chaetosoma scaritides		546502 546501 2571939 71525 41088 41084 7041 33392 33340 7496 85512 50557 6960 197562 197563 6656 88770 1206794 33317 33213 6072 33208 33154 2759 131567 
1		44147		Chalarodon madagascariensis		44147 44146 43602 8515 8511 1329911 1329912 1329950 1329961 8509 8504 32561 8457 32524 32523 1338369 8287 117571 117570 7776 7742 89593 7711 33511 33213 6072 33208 33154 2759 131567 
1		42552		Chalceus macrolepidotus		42552 42489 1489784 1489739 7991 186628 186626 32519 186634 186625 1489341 32443 41665 186623 7898 117571 117570 7776 7742 89593 7711 33511 33213 6072 33208 33154 2759 131567 
1		143942		Chalinolobus tuberculatus		143942 50352 9431 30560 9397 314145 1437010 9347 32525 40674 32524 32523 1338369 8287 117571 117570 7776 7742 89593 7711 33511 33213 6072 33208 33154 2759 131567 
1		291816		Chanodichthys mongolicus		291816 291793 2743747 2743745 30727 7952 186627 186626 32519 186634 186625 1489341 32443 41665 186623 7898 117571 117570 7776 7742 89593 7711 33511 33213 6072 33208 33154 2759 131567 
1		29144		Chanos chanos		29144 29143 29142 186632 29140 186633 32519 186634 186625 1489341 32443 41665 186623 7898 117571 117570 7776 7742 89593 7711 33511 33213 6072 33208 33154 2759 131567 
1		80839		Charybdis japonica		80839 65692 2996381 6757 6774 116706 116704 6752 6692 6683 6682 72041 6681 2172821 6657 197562 197563 6656 88770 1206794 33317 33213 6072 33208 33154 2759 131567 
1		528223		Chauliognathus opacus		528223 194351 433505 41097 71193 41087 41084 7041 33392 33340 7496 85512 50557 6960 197562 197563 6656 88770 1206794 33317 33213 6072 33208 33154 2759 131567 
1		181417		Chaunax abei		181417 181416 181415 215330 8070 1489922 1489872 123369 123368 123367 123366 123365 1489388 186625 1489341 32443 41665 186623 7898 117571 117570 7776 7742 89593 7711 33511 33213 6072 33208 33154 2759 131567 
2		181418		Chaunax penicillatus		1592441 181416 181415 215330 8070 1489922 1489872 123369 123368 123367 123366 123365 1489388 186625 1489341 32443 41665 186623 7898 117571 117570 7776 7742 89593 7711 33511 33213 6072 33208 33154 2759 131567 
1		8469		Chelonia mydas		8469 8468 8465 27791 1579336 1579337 8464 8459 2841271 1329799 32561 8457 32524 32523 1338369 8287 117571 117570 7776 7742 89593 7711 33511 33213 6072 33208 33154 2759 131567 
1		300230		Chelonodontops patoca		300230 2358450 31031 32517 31028 31022 1489922 1489872 123369 123368 123367 123366 123365 1489388 186625 1489341 32443 41665 186623 7898 117571 117570 7776 7742 89593 7711 33511 33213 6072 33208 33154 2759 131567 
1		8475		Chelydra serpentina		8475 8474 8473 1579283 1579336 1579337 8464 8459 2841271 1329799 32561 8457 32524 32523 1338369 8287 117571 117570 7776 7742 89593 7711 33511 33213 6072 33208 33154 2759 131567 
1		36176		Chiloscyllium plagiosum		36176 34767 40580 30503 119195 119197 119203 7778 7777 7776 7742 89593 7711 33511 33213 6072 33208 33154 2759 131567 
1		7871		Chimaera monstrosa		7871 7870 7869 7864 7863 7777 7776 7742 89593 7711 33511 33213 6072 33208 33154 2759 131567 
2		284239		Mauremys reevesii		260615 74925 328321 328320 8486 1579337 8464 8459 2841271 1329799 32561 8457 32524 32523 1338369 8287 117571 117570 7776 7742 89593 7711 33511 33213 6072 33208 33154 2759 131567 
1		221863		Chirocentrus dorab		221863 94305 94304 1489460 32446 282425 186634 186625 1489341 32443 41665 186623 7898 117571 117570 7776 7742 89593 7711 33511 33213 6072 33208 33154 2759 131567 
1		311466		Chitala blanci		311466 112144 31091 41712 31089 1489343 1489341 32443 41665 186623 7898 117571 117570 7776 7742 89593 7711 33511 33213 6072 33208 33154 2759 131567 
1		311467		Chitala lopis		311467 112144 31091 41712 31089 1489343 1489341 32443 41665 186623 7898 117571 117570 7776 7742 89593 7711 33511 33213 6072 33208 33154 2759 131567 
1		112145		Chitala ornata		112145 112144 31091 41712 31089 1489343 1489341 32443 41665 186623 7898 117571 117570 7776 7742 89593 7711 33511 33213 6072 33208 33154 2759 131567 
1		103699		Chlamydosaurus kingii		103699 103698 145349 81953 83232 8511 1329911 1329912 1329950 1329961 8509 8504 32561 8457 32524 32523 1338369 8287 117571 117570 7776 7742 89593 7711 33511 33213 6072 33208 33154 2759 131567 
1		9534		Chlorocebus aethiops		9534 392815 9528 9527 314294 9526 314293 376913 9443 314146 1437010 9347 32525 40674 32524 32523 1338369 8287 117571 117570 7776 7742 89593 7711 33511 33213 6072 33208 33154 2759 131567 
1		60710		Chlorocebus pygerythrus		60710 392815 9528 9527 314294 9526 314293 376913 9443 314146 1437010 9347 32525 40674 32524 32523 1338369 8287 117571 117570 7776 7742 89593 7711 33511 33213 6072 33208 33154 2759 131567 
1		60711		Chlorocebus sabaeus		60711 392815 9528 9527 314294 9526 314293 376913 9443 314146 1437010 9347 32525 40674 32524 32523 1338369 8287 117571 117570 7776 7742 89593 7711 33511 33213 6072 33208 33154 2759 131567 
1		60712		Chlorocebus tantalus		60712 392815 9528 9527 314294 9526 314293 376913 9443 314146 1437010 9347 32525 40674 32524 32523 1338369 8287 117571 117570 7776 7742 89593 7711 33511 33213 6072 33208 33154 2759 131567 
1		126671		Chlorurus sordidus		126671 126670 8247 1489928 1489922 1489872 123369 123368 123367 123366 123365 1489388 186625 1489341 32443 41665 186623 7898 117571 117570 7776 7742 89593 7711 33511 33213 6072 33208 33154 2759 131567 
1		27675		Choloepus didactylus		27675 9357 227508 948953 948950 9348 9347 32525 40674 32524 32523 1338369 8287 117571 117570 7776 7742 89593 7711 33511 33213 6072 33208 33154 2759 131567 
1		479638		Chondrilla aff. nucula CHOND		479638 220713 129258 1779149 1779148 6042 6040 33208 33154 2759 131567 
1		77803		Iberochondrostoma lemmingii		77803 437165 2743728 2743726 30727 7952 186627 186626 32519 186634 186625 1489341 32443 41665 186623 7898 117571 117570 7776 7742 89593 7711 33511 33213 6072 33208 33154 2759 131567 
1		454920		Megaulacobothrus chinensis		454920 2821284 58536 7002 92621 70910 1955150 7001 6993 33341 33340 7496 85512 50557 6960 197562 197563 6656 88770 1206794 33317 33213 6072 33208 33154 2759 131567 
1		322131		Chromobotia macracanthus		322131 322130 278168 30725 7952 186627 186626 32519 186634 186625 1489341 32443 41665 186623 7898 117571 117570 7776 7742 89593 7711 33511 33213 6072 33208 33154 2759 131567 
1		185453		Chrysochloris asiatica		185453 185452 745257 9389 311790 9347 32525 40674 32524 32523 1338369 8287 117571 117570 7776 7742 89593 7711 33511 33213 6072 33208 33154 2759 131567 
1		235600		Chrysomya putoria		235600 45449 54281 43913 7371 43755 43742 43738 480117 480118 43733 7203 7147 33392 33340 7496 85512 50557 6960 197562 197563 6656 88770 1206794 33317 33213 6072 33208 33154 2759 131567 
1		359504		Chrysopathes formosa		359504 359503 359502 44168 6102 6101 6073 6072 33208 33154 2759 131567 
1		52775		Ciconia boyciana		52775 8927 8926 8920 8825 8782 436492 436491 436489 436486 8492 1329799 32561 8457 32524 32523 1338369 8287 117571 117570 7776 7742 89593 7711 33511 33213 6072 33208 33154 2759 131567 
1		8928		Ciconia ciconia		8928 8927 8926 8920 8825 8782 436492 436491 436489 436486 8492 1329799 32561 8457 32524 32523 1338369 8287 117571 117570 7776 7742 89593 7711 33511 33213 6072 33208 33154 2759 131567 
1		458489		Cinachyrella kuekenthali		458489 76781 76780 1779167 1779164 1779146 6042 6040 33208 33154 2759 131567 
1		7719		Ciona intestinalis		7719 7718 7717 7716 7713 7712 7711 33511 33213 6072 33208 33154 2759 131567 
1		51511		Ciona savignyi		51511 7718 7717 7716 7713 7712 7711 33511 33213 6072 33208 33154 2759 131567 
1		7950		Clupea harengus		7950 7949 7948 55118 1489460 32446 282425 186634 186625 1489341 32443 41665 186623 7898 117571 117570 7776 7742 89593 7711 33511 33213 6072 33208 33154 2759 131567 
1		30724		Clupea pallasii		30724 7949 7948 55118 1489460 32446 282425 186634 186625 1489341 32443 41665 186623 7898 117571 117570 7776 7742 89593 7711 33511 33213 6072 33208 33154 2759 131567 
1		183540		Cnemotriccus fuscatus		183540 183539 28728 9126 8825 8782 436492 436491 436489 436486 8492 1329799 32561 8457 32524 32523 1338369 8287 117571 117570 7776 7742 89593 7711 33511 33213 6072 33208 33154 2759 131567 
1		457511		Cobitis choii		457511 47718 278169 7982 30725 7952 186627 186626 32519 186634 186625 1489341 32443 41665 186623 7898 117571 117570 7776 7742 89593 7711 33511 33213 6072 33208 33154 2759 131567 
1		143401		Cobitis sinensis		143401 47718 278169 7982 30725 7952 186627 186626 32519 186634 186625 1489341 32443 41665 186623 7898 117571 117570 7776 7742 89593 7711 33511 33213 6072 33208 33154 2759 131567 
1		149980		Cobitis striata		149980 47718 278169 7982 30725 7952 186627 186626 32519 186634 186625 1489341 32443 41665 186623 7898 117571 117570 7776 7742 89593 7711 33511 33213 6072 33208 33154 2759 131567 
1		115425		Cochliomyia hominivorax		115425 66360 54281 43913 7371 43755 43742 43738 480117 480118 43733 7203 7147 33392 33340 7496 85512 50557 6960 197562 197563 6656 88770 1206794 33317 33213 6072 33208 33154 2759 131567 
1		222863		Coelodonta antiquitatis		222863 222862 9803 9787 314145 1437010 9347 32525 40674 32524 32523 1338369 8287 117571 117570 7776 7742 89593 7711 33511 33213 6072 33208 33154 2759 131567 
1		365059		Coilia nasus		365059 286536 365066 43062 1489460 32446 282425 186634 186625 1489341 32443 41665 186623 7898 117571 117570 7776 7742 89593 7711 33511 33213 6072 33208 33154 2759 131567 
1		52435		Coleonyx variegatus		52435 52434 385255 1329930 8560 1329961 8509 8504 32561 8457 32524 32523 1338369 8287 117571 117570 7776 7742 89593 7711 33511 33213 6072 33208 33154 2759 131567 
1		33548		Colobus guereza		33548 9570 9569 9527 314294 9526 314293 376913 9443 314146 1437010 9347 32525 40674 32524 32523 1338369 8287 117571 117570 7776 7742 89593 7711 33511 33213 6072 33208 33154 2759 131567 
1		391219		Coloconger cadenati		391219 391218 391217 7933 32521 186624 1489340 32443 41665 186623 7898 117571 117570 7776 7742 89593 7711 33511 33213 6072 33208 33154 2759 131567 
1		129043		Cololabis saira		129043 129042 94935 123731 76071 1489913 1489908 1489872 123369 123368 123367 123366 123365 1489388 186625 1489341 32443 41665 186623 7898 117571 117570 7776 7742 89593 7711 33511 33213 6072 33208 33154 2759 131567 
1		242718		Colpophyllia natans		242718 242717 1328294 46756 123760 6125 6102 6101 6073 6072 33208 33154 2759 131567 
1		7943		Conger myriaster		7943 7942 135217 7941 7933 32521 186624 1489340 32443 41665 186623 7898 117571 117570 7776 7742 89593 7711 33511 33213 6072 33208 33154 2759 131567 
1		492036		Conocara macropterum		492036 492035 134615 1489486 1489485 186634 186625 1489341 32443 41665 186623 7898 117571 117570 7776 7742 89593 7711 33511 33213 6072 33208 33154 2759 131567 
2		498928		Coptosoma bifarium		1589673 236473 236385 33358 33357 33351 33349 33347 33345 33343 7524 33342 33340 7496 85512 50557 6960 197562 197563 6656 88770 1206794 33317 33213 6072 33208 33154 2759 131567 
1		334015		Coreana raphaelis		334015 334014 140315 42300 27544 37572 104431 37567 41197 41196 41191 7088 85604 33392 33340 7496 85512 50557 6960 197562 197563 6656 88770 1206794 33317 33213 6072 33208 33154 2759 131567 
1		59291		Coregonus lavaretus		59291 27772 504567 8015 8006 41705 1489388 186625 1489341 32443 41665 186623 7898 117571 117570 7776 7742 89593 7711 33511 33213 6072 33208 33154 2759 131567 
1		354116		Coreoleuciscus splendidus		354116 354115 2743716 2743714 30727 7952 186627 186626 32519 186634 186625 1489341 32443 41665 186623 7898 117571 117570 7776 7742 89593 7711 33511 33213 6072 33208 33154 2759 131567 
1		215345		Coreoperca kawamebari		215345 215344 119486 1545897 1489940 1489922 1489872 123369 123368 123367 123366 123365 1489388 186625 1489341 32443 41665 186623 7898 117571 117570 7776 7742 89593 7711 33511 33213 6072 33208 33154 2759 131567 
1		75140		Corvus frugilegus		75140 30420 28725 192204 9126 8825 8782 436492 436491 436489 436486 8492 1329799 32561 8457 32524 32523 1338369 8287 117571 117570 7776 7742 89593 7711 33511 33213 6072 33208 33154 2759 131567 
1		559164		Corydalus cornutus		559164 50555 85815 50554 50553 85817 33392 33340 7496 85512 50557 6960 197562 197563 6656 88770 1206794 33317 33213 6072 33208 33154 2759 131567 
1		149983		Corydoras rabauti		149983 36707 31012 1489791 7995 186628 186626 32519 186634 186625 1489341 32443 41665 186623 7898 117571 117570 7776 7742 89593 7711 33511 33213 6072 33208 33154 2759 131567 
1		137881		Cottus reinii		137881 8098 8092 1490021 8100 8111 1489922 1489872 123369 123368 123367 123366 123365 1489388 186625 1489341 32443 41665 186623 7898 117571 117570 7776 7742 89593 7711 33511 33213 6072 33208 33154 2759 131567 
1		548806		Coturnicops exquisitus		548806 302534 9119 9108 8825 8782 436492 436491 436489 436486 8492 1329799 32561 8457 32524 32523 1338369 8287 117571 117570 7776 7742 89593 7711 33511 33213 6072 33208 33154 2759 131567 
1		46218		Excalfactoria chinensis		46218 2821314 9005 8976 1549675 8825 8782 436492 436491 436489 436486 8492 1329799 32561 8457 32524 32523 1338369 8287 117571 117570 7776 7742 89593 7711 33511 33213 6072 33208 33154 2759 131567 
1		93934		Coturnix japonica		93934 9090 466544 9005 8976 1549675 8825 8782 436492 436491 436489 436486 8492 1329799 32561 8457 32524 32523 1338369 8287 117571 117570 7776 7742 89593 7711 33511 33213 6072 33208 33154 2759 131567 
1		175798		Cranoglanis bouderius		175798 175799 31008 1489793 7995 186628 186626 32519 186634 186625 1489341 32443 41665 186623 7898 117571 117570 7776 7742 89593 7711 33511 33213 6072 33208 33154 2759 131567 
1		558553		Crassostrea angulata		558553 6564 6563 98302 6562 6545 2785011 6544 6447 1206795 2697495 33317 33213 6072 33208 33154 2759 131567 
1		94323		Crassostrea ariakensis		94323 6564 6563 98302 6562 6545 2785011 6544 6447 1206795 2697495 33317 33213 6072 33208 33154 2759 131567 
1		298176		Crassostrea hongkongensis		298176 6564 6563 98302 6562 6545 2785011 6544 6447 1206795 2697495 33317 33213 6072 33208 33154 2759 131567 
1		94324		Crassostrea sikamea		94324 6564 6563 98302 6562 6545 2785011 6544 6447 1206795 2697495 33317 33213 6072 33208 33154 2759 131567 
1		6565		Crassostrea virginica		6565 6564 6563 98302 6562 6545 2785011 6544 6447 1206795 2697495 33317 33213 6072 33208 33154 2759 131567 
1		10029		Cricetulus griseus		10029 10028 10026 337677 337687 1963758 9989 314147 314146 1437010 9347 32525 40674 32524 32523 1338369 8287 117571 117570 7776 7742 89593 7711 33511 33213 6072 33208 33154 2759 131567 
1		184539		Crioceris duodecimpunctata		184539 79504 63716 27439 71528 41088 41084 7041 33392 33340 7496 85512 50557 6960 197562 197563 6656 88770 1206794 33317 33213 6072 33208 33154 2759 131567 
1		36802		Crocidura russula		36802 36801 183662 9376 9362 314145 1437010 9347 32525 40674 32524 32523 1338369 8287 117571 117570 7776 7742 89593 7711 33511 33213 6072 33208 33154 2759 131567 
1		8501		Crocodylus niloticus		8501 8500 8493 1298654 1294634 8492 1329799 32561 8457 32524 32523 1338369 8287 117571 117570 7776 7742 89593 7711 33511 33213 6072 33208 33154 2759 131567 
1		8502		Crocodylus porosus		8502 8500 8493 1298654 1294634 8492 1329799 32561 8457 32524 32523 1338369 8287 117571 117570 7776 7742 89593 7711 33511 33213 6072 33208 33154 2759 131567 
1		68455		Crocodylus siamensis		68455 8500 8493 1298654 1294634 8492 1329799 32561 8457 32524 32523 1338369 8287 117571 117570 7776 7742 89593 7711 33511 33213 6072 33208 33154 2759 131567 
1		7959		Ctenopharyngodon idella		7959 7958 2743747 2743745 30727 7952 186627 186626 32519 186634 186625 1489341 32443 41665 186623 7898 117571 117570 7776 7742 89593 7711 33511 33213 6072 33208 33154 2759 131567 
1		240156		Culaea inconstans		240156 240155 69291 1490020 8100 8111 1489922 1489872 123369 123368 123367 123366 123365 1489388 186625 1489341 32443 41665 186623 7898 117571 117570 7776 7742 89593 7711 33511 33213 6072 33208 33154 2759 131567 
1		198116		Culicoides arakawae		198116 58270 41820 58262 43801 41819 41828 43786 7148 7147 33392 33340 7496 85512 50557 6960 197562 197563 6656 88770 1206794 33317 33213 6072 33208 33154 2759 131567 
1		194366		Culter alburnus		194366 172911 2743747 2743745 30727 7952 186627 186626 32519 186634 186625 1489341 32443 41665 186623 7898 117571 117570 7776 7742 89593 7711 33511 33213 6072 33208 33154 2759 131567 
1		68730		Cuon alpinus		68730 68729 9608 379584 33554 314145 1437010 9347 32525 40674 32524 32523 1338369 8287 117571 117570 7776 7742 89593 7711 33511 33213 6072 33208 33154 2759 131567 
1		72008		Cuora aurocapitata		72008 72005 328321 328320 8486 1579337 8464 8459 2841271 1329799 32561 8457 32524 32523 1338369 8287 117571 117570 7776 7742 89593 7711 33511 33213 6072 33208 33154 2759 131567 
1		204965		Cuora flavomarginata		204965 72005 328321 328320 8486 1579337 8464 8459 2841271 1329799 32561 8457 32524 32523 1338369 8287 117571 117570 7776 7742 89593 7711 33511 33213 6072 33208 33154 2759 131567 
1		260631		Cyclemys atripons		260631 74915 328321 328320 8486 1579337 8464 8459 2841271 1329799 32561 8457 32524 32523 1338369 8287 117571 117570 7776 7742 89593 7711 33511 33213 6072 33208 33154 2759 131567 
1		154813		Cycleptus elongatus		154813 154812 7968 2509193 7952 186627 186626 32519 186634 186625 1489341 32443 41665 186623 7898 117571 117570 7776 7742 89593 7711 33511 33213 6072 33208 33154 2759 131567 
1		395993		Cydistomyia duplonotata		395993 395992 59855 43921 7205 1262365 43735 7203 7147 33392 33340 7496 85512 50557 6960 197562 197563 6656 88770 1206794 33317 33213 6072 33208 33154 2759 131567 
1		8868		Cygnus atratus		8868 8867 2068722 8830 8826 1549675 8825 8782 436492 436491 436489 436486 8492 1329799 32561 8457 32524 32523 1338369 8287 117571 117570 7776 7742 89593 7711 33511 33213 6072 33208 33154 2759 131567 
1		110926		Cygnus columbianus		110926 8867 2068722 8830 8826 1549675 8825 8782 436492 436491 436489 436486 8492 1329799 32561 8457 32524 32523 1338369 8287 117571 117570 7776 7742 89593 7711 33511 33213 6072 33208 33154 2759 131567 
1		186578		Cylindrophis ruffus		186578 186577 305692 34979 8570 1329911 1329912 1329950 1329961 8509 8504 32561 8457 32524 32523 1338369 8287 117571 117570 7776 7742 89593 7711 33511 33213 6072 33208 33154 2759 131567 
1		50794		Cymatogaster aggregata		50794 50792 50791 1489909 1489908 1489872 123369 123368 123367 123366 123365 1489388 186625 1489341 32443 41665 186623 7898 117571 117570 7776 7742 89593 7711 33511 33213 6072 33208 33154 2759 131567 
1		244447		Cynoglossus semilaevis		244447 106173 603456 30947 30942 8252 1489904 1489872 123369 123368 123367 123366 123365 1489388 186625 1489341 32443 41665 186623 7898 117571 117570 7776 7742 89593 7711 33511 33213 6072 33208 33154 2759 131567 
1		391196		Cynoponticus ferox		391196 391195 7944 7933 32521 186624 1489340 32443 41665 186623 7898 117571 117570 7776 7742 89593 7711 33511 33213 6072 33208 33154 2759 131567 
1		546486		Contacyphon sp. BT0012		546486 2640770 1569076 110010 71523 41087 41084 7041 33392 33340 7496 85512 50557 6960 197562 197563 6656 88770 1206794 33317 33213 6072 33208 33154 2759 131567 
1		28791		Cyprinella lutrensis		28791 13476 2743731 2743726 30727 7952 186627 186626 32519 186634 186625 1489341 32443 41665 186623 7898 117571 117570 7776 7742 89593 7711 33511 33213 6072 33208 33154 2759 131567 
1		13477		Cyprinella spiloptera		13477 13476 2743731 2743726 30727 7952 186627 186626 32519 186634 186625 1489341 32443 41665 186623 7898 117571 117570 7776 7742 89593 7711 33511 33213 6072 33208 33154 2759 131567 
1		28742		Cyprinodon rubrofluviatilis		28742 28741 136838 136836 8076 8087 28738 1489913 1489908 1489872 123369 123368 123367 123366 123365 1489388 186625 1489341 32443 41665 186623 7898 117571 117570 7776 7742 89593 7711 33511 33213 6072 33208 33154 2759 131567 
1		283373		Cypselurus hiraii		283373 123222 76072 123731 76071 1489913 1489908 1489872 123369 123368 123367 123366 123365 1489388 186625 1489341 32443 41665 186623 7898 117571 117570 7776 7742 89593 7711 33511 33213 6072 33208 33154 2759 131567 
1		39293		Cystophora cristata		39293 39181 9709 379584 33554 314145 1437010 9347 32525 40674 32524 32523 1338369 8287 117571 117570 7776 7742 89593 7711 33511 33213 6072 33208 33154 2759 131567 
1		8707		Daboia russelii		8707 42188 8690 8689 34989 8570 1329911 1329912 1329950 1329961 8509 8504 32561 8457 32524 32523 1338369 8287 117571 117570 7776 7742 89593 7711 33511 33213 6072 33208 33154 2759 131567 
1		38616		Dactylopsila trivirgata		38616 38615 9331 38609 9263 32525 40674 32524 32523 1338369 8287 117571 117570 7776 7742 89593 7711 33511 33213 6072 33208 33154 2759 131567 
1		75939		Dallia pectoralis		75939 75938 30950 8007 41705 1489388 186625 1489341 32443 41665 186623 7898 117571 117570 7776 7742 89593 7711 33511 33213 6072 33208 33154 2759 131567 
1		143336		Danacetichthys galathenus		143336 143335 88666 8277 1489869 123369 123368 123367 123366 123365 1489388 186625 1489341 32443 41665 186623 7898 117571 117570 7776 7742 89593 7711 33511 33213 6072 33208 33154 2759 131567 
1		7955		Danio rerio		7955 7954 2743711 2743709 30727 7952 186627 186626 32519 186634 186625 1489341 32443 41665 186623 7898 117571 117570 7776 7742 89593 7711 33511 33213 6072 33208 33154 2759 131567 
1		6669		Daphnia pulex		6669 6668 77658 116561 6665 84337 116557 6658 6657 197562 197563 6656 88770 1206794 33317 33213 6072 33208 33154 2759 131567 
1		9361		Dasypus novemcinctus		9361 9360 9359 948951 9348 9347 32525 40674 32524 32523 1338369 8287 117571 117570 7776 7742 89593 7711 33511 33213 6072 33208 33154 2759 131567 
1		9280		Dasyurus hallucatus		9280 9278 9277 38608 9263 32525 40674 32524 32523 1338369 8287 117571 117570 7776 7742 89593 7711 33511 33213 6072 33208 33154 2759 131567 
1		31869		Daubentonia madagascariensis		31869 13038 30613 376916 376911 9443 314146 1437010 9347 32525 40674 32524 32523 1338369 8287 117571 117570 7776 7742 89593 7711 33511 33213 6072 33208 33154 2759 131567 
1		318828		Davidius lunatus		318828 257044 107808 6962 2510002 6961 33339 7496 85512 50557 6960 197562 197563 6656 88770 1206794 33317 33213 6072 33208 33154 2759 131567 
1		36307		Deinagkistrodon acutus		36307 42170 8710 8689 34989 8570 1329911 1329912 1329950 1329961 8509 8504 32561 8457 32524 32523 1338369 8287 117571 117570 7776 7742 89593 7711 33511 33213 6072 33208 33154 2759 131567 
1		103584		Delphinus capensis		103584 9727 9726 9722 9721 2653789 91561 314145 1437010 9347 32525 40674 32524 32523 1338369 8287 117571 117570 7776 7742 89593 7711 33511 33213 6072 33208 33154 2759 131567 
1		60182		Dendrocygna javanica		60182 8870 2068717 8830 8826 1549675 8825 8782 436492 436491 436489 436486 8492 1329799 32561 8457 32524 32523 1338369 8287 117571 117570 7776 7742 89593 7711 33511 33213 6072 33208 33154 2759 131567 
1		42325		Dendrohyrax dorsalis		42325 42324 9811 9810 311790 9347 32525 40674 32524 32523 1338369 8287 117571 117570 7776 7742 89593 7711 33511 33213 6072 33208 33154 2759 131567 
1		299321		Denticeps clupeoides		299321 299320 299319 1489459 32446 282425 186634 186625 1489341 32443 41665 186623 7898 117571 117570 7776 7742 89593 7711 33511 33213 6072 33208 33154 2759 131567 
1		441219		Deracantha onos		441219 441218 323637 62784 70905 2018325 6994 6993 33341 33340 7496 85512 50557 6960 197562 197563 6656 88770 1206794 33317 33213 6072 33208 33154 2759 131567 
1		391192		Derichthys serpentinus		391192 391191 118158 7933 32521 186624 1489340 32443 41665 186623 7898 117571 117570 7776 7742 89593 7711 33511 33213 6072 33208 33154 2759 131567 
1		115427		Dermatobia hominis		115427 115426 54283 7387 43755 43742 43738 480117 480118 43733 7203 7147 33392 33340 7496 85512 50557 6960 197562 197563 6656 88770 1206794 33317 33213 6072 33208 33154 2759 131567 
1		52108		Desmognathus wrighti		52108 43045 269181 8332 30367 8293 41666 8292 32523 1338369 8287 117571 117570 7776 7742 89593 7711 33511 33213 6072 33208 33154 2759 131567 
1		40085		Diatraea saccharalis		40085 40084 40081 268499 37573 104431 37567 41197 41196 41191 7088 85604 33392 33340 7496 85512 50557 6960 197562 197563 6656 88770 1206794 33317 33213 6072 33208 33154 2759 131567 
1		89632		Dicerorhinus sumatrensis		89632 89631 9803 9787 314145 1437010 9347 32525 40674 32524 32523 1338369 8287 117571 117570 7776 7742 89593 7711 33511 33213 6072 33208 33154 2759 131567 
1		9805		Diceros bicornis		9805 9804 9803 9787 314145 1437010 9347 32525 40674 32524 32523 1338369 8287 117571 117570 7776 7742 89593 7711 33511 33213 6072 33208 33154 2759 131567 
1		9267		Didelphis virginiana		9267 9266 126287 9265 38605 9263 32525 40674 32524 32523 1338369 8287 117571 117570 7776 7742 89593 7711 33511 33213 6072 33208 33154 2759 131567 
1		147464		Dinornis giganteus		147464 8817 8816 8808 8783 8782 436492 436491 436489 436486 8492 1329799 32561 8457 32524 32523 1338369 8287 117571 117570 7776 7742 89593 7711 33511 33213 6072 33208 33154 2759 131567 
1		181406		Diplacanthopoma brachysoma		181406 181405 181402 181401 181400 94929 1489873 1489872 123369 123368 123367 123366 123365 1489388 186625 1489341 32443 41665 186623 7898 117571 117570 7776 7742 89593 7711 33511 33213 6072 33208 33154 2759 131567 
1		94420		Diplometopon zarudnyi		94420 94419 94418 52185 1329975 1329976 1329912 1329950 1329961 8509 8504 32561 8457 32524 32523 1338369 8287 117571 117570 7776 7742 89593 7711 33511 33213 6072 33208 33154 2759 131567 
1		91975		Diplophos taenia		91975 91974 1489802 48438 1489798 1489388 186625 1489341 32443 41665 186623 7898 117571 117570 7776 7742 89593 7711 33511 33213 6072 33208 33154 2759 131567 
1		97956		Discoglossus galganoi		97956 8350 1431192 8343 8342 41666 8292 32523 1338369 8287 117571 117570 7776 7742 89593 7711 33511 33213 6072 33208 33154 2759 131567 
1		386609		Discosoma sp. CASIZ 168915		386609 2625894 86599 86598 44295 6102 6101 6073 6072 33208 33154 2759 131567 
1		386610		Discosoma sp. CASIZ 168916		386610 2625894 86599 86598 44295 6102 6101 6073 6072 33208 33154 2759 131567 
1		70541		Distoechodon tumirostris		70541 70102 2743747 2743745 30727 7952 186627 186626 32519 186634 186625 1489341 32443 41665 186623 7898 117571 117570 7776 7742 89593 7711 33511 33213 6072 33208 33154 2759 131567 
1		38614		Distoechurus pennatus		38614 38613 38612 38609 9263 32525 40674 32524 32523 1338369 8287 117571 117570 7776 7742 89593 7711 33511 33213 6072 33208 33154 2759 131567 
1		560959		Ditaxis biseriata		560959 560958 34746 2029065 7516 85817 33392 33340 7496 85512 50557 6960 197562 197563 6656 88770 1206794 33317 33213 6072 33208 33154 2759 131567 
1		83878		Ditrema temminckii		83878 83877 50791 1489909 1489908 1489872 123369 123368 123367 123366 123365 1489388 186625 1489341 32443 41665 186623 7898 117571 117570 7776 7742 89593 7711 33511 33213 6072 33208 33154 2759 131567 
1		223795		Doederleinia berycoides		223795 223794 107764 1489939 1489922 1489872 123369 123368 123367 123366 123365 1489388 186625 1489341 32443 41665 186623 7898 117571 117570 7776 7742 89593 7711 33511 33213 6072 33208 33154 2759 131567 
1		159310		Dogania subplana		159310 159309 34907 1579275 8464 8459 2841271 1329799 32561 8457 32524 32523 1338369 8287 117571 117570 7776 7742 89593 7711 33511 33213 6072 33208 33154 2759 131567 
1		336262		Dorosoma cepedianum		336262 224712 316161 55118 1489460 32446 282425 186634 186625 1489341 32443 41665 186623 7898 117571 117570 7776 7742 89593 7711 33511 33213 6072 33208 33154 2759 131567 
1		224713		Dorosoma petenense		224713 224712 316161 55118 1489460 32446 282425 186634 186625 1489341 32443 41665 186623 7898 117571 117570 7776 7742 89593 7711 33511 33213 6072 33208 33154 2759 131567 
1		346249		Dosidicus gigas		346249 346248 6626 34542 215450 6606 6605 6447 1206795 2697495 33317 33213 6072 33208 33154 2759 131567 
1		8790		Dromaius novaehollandiae		8790 8789 8788 8784 8783 8782 436492 436491 436489 436486 8492 1329799 32561 8457 32524 32523 1338369 8287 117571 117570 7776 7742 89593 7711 33511 33213 6072 33208 33154 2759 131567 
1		47316		Drosophila littoralis		47316 32335 32281 7215 46877 43845 7214 43746 43741 43738 480117 480118 43733 7203 7147 33392 33340 7496 85512 50557 6960 197562 197563 6656 88770 1206794 33317 33213 6072 33208 33154 2759 131567 
1		7226		Drosophila mauritiana		7226 32351 32346 32341 7215 46877 43845 7214 43746 43741 43738 480117 480118 43733 7203 7147 33392 33340 7496 85512 50557 6960 197562 197563 6656 88770 1206794 33317 33213 6072 33208 33154 2759 131567 
1		7227		Drosophila melanogaster		7227 32351 32346 32341 7215 46877 43845 7214 43746 43741 43738 480117 480118 43733 7203 7147 33392 33340 7496 85512 50557 6960 197562 197563 6656 88770 1206794 33317 33213 6072 33208 33154 2759 131567 
1		7238		Drosophila sechellia		7238 32351 32346 32341 7215 46877 43845 7214 43746 43741 43738 480117 480118 43733 7203 7147 33392 33340 7496 85512 50557 6960 197562 197563 6656 88770 1206794 33317 33213 6072 33208 33154 2759 131567 
1		7240		Drosophila simulans		7240 32351 32346 32341 7215 46877 43845 7214 43746 43741 43738 480117 480118 43733 7203 7147 33392 33340 7496 85512 50557 6960 197562 197563 6656 88770 1206794 33317 33213 6072 33208 33154 2759 131567 
1		7245		Drosophila yakuba		7245 32351 32346 32341 7215 46877 43845 7214 43746 43741 43738 480117 480118 43733 7203 7147 33392 33340 7496 85512 50557 6960 197562 197563 6656 88770 1206794 33317 33213 6072 33208 33154 2759 131567 
1		51359		Dryocopus pileatus		51359 51358 9220 9219 8825 8782 436492 436491 436489 436486 8492 1329799 32561 8457 32524 32523 1338369 8287 117571 117570 7776 7742 89593 7711 33511 33213 6072 33208 33154 2759 131567 
1		29137		Dugong dugon		29137 29136 29135 9774 311790 9347 32525 40674 32524 32523 1338369 8287 117571 117570 7776 7742 89593 7711 33511 33213 6072 33208 33154 2759 131567 
1		519352		Echinococcus canadensis		519352 2212970 6209 6208 6201 6200 6199 6157 1206795 2697495 33317 33213 6072 33208 33154 2759 131567 
1		6211		Echinococcus multilocularis		6211 6209 6208 6201 6200 6199 6157 1206795 2697495 33317 33213 6072 33208 33154 2759 131567 
1		6212		Echinococcus oligarthrus		6212 6209 6208 6201 6200 6199 6157 1206795 2697495 33317 33213 6072 33208 33154 2759 131567 
1		260967		Echinococcus shiquicus		260967 6209 6208 6201 6200 6199 6157 1206795 2697495 33317 33213 6072 33208 33154 2759 131567 
1		9371		Echinops telfairi		9371 9370 176113 9369 311790 9347 32525 40674 32524 32523 1338369 8287 117571 117570 7776 7742 89593 7711 33511 33213 6072 33208 33154 2759 131567 
1		162630		Echinosorex gymnura		162630 162629 9366 9363 9362 314145 1437010 9347 32525 40674 32524 32523 1338369 8287 117571 117570 7776 7742 89593 7711 33511 33213 6072 33208 33154 2759 131567 
1		164528		Echymipera rufescens australis		164528 65611 42732 38627 38611 9263 32525 40674 32524 32523 1338369 8287 117571 117570 7776 7742 89593 7711 33511 33213 6072 33208 33154 2759 131567 
1		458493		Ectyoplasia ferox		458493 458492 484398 261678 1779152 1779146 6042 6040 33208 33154 2759 131567 
1		458089		Egretta eulophotes		458089 56073 8899 9205 8825 8782 436492 436491 436489 436486 8492 1329799 32561 8457 32524 32523 1338369 8287 117571 117570 7776 7742 89593 7711 33511 33213 6072 33208 33154 2759 131567 
1		480914		Eigenmannia sp. CBM-ZF-10620		480914 2684938 36703 30769 1489621 8002 186628 186626 32519 186634 186625 1489341 32443 41665 186623 7898 117571 117570 7776 7742 89593 7711 33511 33213 6072 33208 33154 2759 131567 
2		648042		Oreocryptophis porphyraceus		341696 341695 169863 8578 34989 8570 1329911 1329912 1329950 1329961 8509 8504 32561 8457 32524 32523 1338369 8287 117571 117570 7776 7742 89593 7711 33511 33213 6072 33208 33154 2759 131567 
1		109298		Elaphodus cephalophus		109298 109297 34877 9850 35500 9845 91561 314145 1437010 9347 32525 40674 32524 32523 1338369 8287 117571 117570 7776 7742 89593 7711 33511 33213 6072 33208 33154 2759 131567 
1		71679		Elassoma zonatum		71679 71673 71672 1545897 1489940 1489922 1489872 123369 123368 123367 123366 123365 1489388 186625 1489341 32443 41665 186623 7898 117571 117570 7776 7742 89593 7711 33511 33213 6072 33208 33154 2759 131567 
1		86232		Eleotris acanthopoma		86232 86231 497705 86197 1489880 1489878 1489875 1489872 123369 123368 123367 123366 123365 1489388 186625 1489341 32443 41665 186623 7898 117571 117570 7776 7742 89593 7711 33511 33213 6072 33208 33154 2759 131567 
1		213657		Elephantulus sp. VB001		213657 2642962 28736 28735 28734 311790 9347 32525 40674 32524 32523 1338369 8287 117571 117570 7776 7742 89593 7711 33511 33213 6072 33208 33154 2759 131567 
1		9783		Elephas maximus		9783 9782 9780 9779 311790 9347 32525 40674 32524 32523 1338369 8287 117571 117570 7776 7742 89593 7711 33511 33213 6072 33208 33154 2759 131567 
1		54905		Elops hawaiensis		54905 7927 7926 7925 32521 186624 1489340 32443 41665 186623 7898 117571 117570 7776 7742 89593 7711 33511 33213 6072 33208 33154 2759 131567 
1		7928		Elops saurus		7928 7927 7926 7925 32521 186624 1489340 32443 41665 186623 7898 117571 117570 7776 7742 89593 7711 33511 33213 6072 33208 33154 2759 131567 
1		147466		Emeus crassus		147466 147465 8809 8808 8783 8782 436492 436491 436489 436486 8492 1329799 32561 8457 32524 32523 1338369 8287 117571 117570 7776 7742 89593 7711 33511 33213 6072 33208 33154 2759 131567 
1		181464		Emmelichthys struhsakeri		181464 181463 181462 1489923 1489922 1489872 123369 123368 123367 123366 123365 1489388 186625 1489341 32443 41665 186623 7898 117571 117570 7776 7742 89593 7711 33511 33213 6072 33208 33154 2759 131567 
1		184585		Engraulis encrasicolus		184585 42891 365067 43062 1489460 32446 282425 186634 186625 1489341 32443 41665 186623 7898 117571 117570 7776 7742 89593 7711 33511 33213 6072 33208 33154 2759 131567 
1		42892		Engraulis japonicus		42892 42891 365067 43062 1489460 32446 282425 186634 186625 1489341 32443 41665 186623 7898 117571 117570 7776 7742 89593 7711 33511 33213 6072 33208 33154 2759 131567 
1		34882		Enhydra lutris		34882 34881 169417 9655 379584 33554 314145 1437010 9347 32525 40674 32524 32523 1338369 8287 117571 117570 7776 7742 89593 7711 33511 33213 6072 33208 33154 2759 131567 
1		575841		Enithares tibialis		575841 575840 280213 50616 33352 33351 33349 33347 33345 33343 7524 33342 33340 7496 85512 50557 6960 197562 197563 6656 88770 1206794 33317 33213 6072 33208 33154 2759 131567 
1		215367		Enoplosus armatus		215367 215366 215365 1545897 1489940 1489922 1489872 123369 123368 123367 123366 123365 1489388 186625 1489341 32443 41665 186623 7898 117571 117570 7776 7742 89593 7711 33511 33213 6072 33208 33154 2759 131567 
1		577681		Eothenomys chinensis		577681 82462 39087 337677 337687 1963758 9989 314147 314146 1437010 9347 32525 40674 32524 32523 1338369 8287 117571 117570 7776 7742 89593 7711 33511 33213 6072 33208 33154 2759 131567 
1		515277		Ephemera orientalis		515277 50582 50581 185816 185812 30073 33339 7496 85512 50557 6960 197562 197563 6656 88770 1206794 33317 33213 6072 33208 33154 2759 131567 
1		6052		Ephydatia muelleri		6052 6051 6050 1779161 1779146 6042 6040 33208 33154 2759 131567 
1		231028		Epigonichthys maldivensis		231028 30273 7736 2682553 2682552 7735 7711 33511 33213 6072 33208 33154 2759 131567 
1		215347		Epinephelus akaara		215347 94231 1505891 274794 30871 1489943 8111 1489922 1489872 123369 123368 123367 123366 123365 1489388 186625 1489341 32443 41665 186623 7898 117571 117570 7776 7742 89593 7711 33511 33213 6072 33208 33154 2759 131567 
1		150090		Episoriculus fumidus		150090 269272 183663 9376 9362 314145 1437010 9347 32525 40674 32524 32523 1338369 8287 117571 117570 7776 7742 89593 7711 33511 33213 6072 33208 33154 2759 131567 
1		7764		Eptatretus burgeri		7764 7763 30309 7762 7761 117565 1476529 7742 89593 7711 33511 33213 6072 33208 33154 2759 131567 
1		9793		Equus asinus		9793 9789 9788 9787 314145 1437010 9347 32525 40674 32524 32523 1338369 8287 117571 117570 7776 7742 89593 7711 33511 33213 6072 33208 33154 2759 131567 
1		9796		Equus caballus		9796 9789 9788 9787 314145 1437010 9347 32525 40674 32524 32523 1338369 8287 117571 117570 7776 7742 89593 7711 33511 33213 6072 33208 33154 2759 131567 
1		326972		Eremias brenchleyi		326972 52178 162266 8522 1329975 1329976 1329912 1329950 1329961 8509 8504 32561 8457 32524 32523 1338369 8287 117571 117570 7776 7742 89593 7711 33511 33213 6072 33208 33154 2759 131567 
1		481707		Eremitalpa granti		481707 481706 745257 9389 311790 9347 32525 40674 32524 32523 1338369 8287 117571 117570 7776 7742 89593 7711 33511 33213 6072 33208 33154 2759 131567 
1		27787		Eretmochelys imbricata		27787 27786 8465 27791 1579336 1579337 8464 8459 2841271 1329799 32561 8457 32524 32523 1338369 8287 117571 117570 7776 7742 89593 7711 33511 33213 6072 33208 33154 2759 131567 
1		39304		Erignathus barbatus		39304 39182 9709 379584 33554 314145 1437010 9347 32525 40674 32524 32523 1338369 8287 117571 117570 7776 7742 89593 7711 33511 33213 6072 33208 33154 2759 131567 
1		154815		Erimyzon oblongus		154815 154814 7968 2509193 7952 186627 186626 32519 186634 186625 1489341 32443 41665 186623 7898 117571 117570 7776 7742 89593 7711 33511 33213 6072 33208 33154 2759 131567 
1		9365		Erinaceus europaeus		9365 9364 30577 9363 9362 314145 1437010 9347 32525 40674 32524 32523 1338369 8287 117571 117570 7776 7742 89593 7711 33511 33213 6072 33208 33154 2759 131567 
1		168195		Eriocheir hepuensis		168195 95601 72876 29962 116707 116704 6752 6692 6683 6682 72041 6681 2172821 6657 197562 197563 6656 88770 1206794 33317 33213 6072 33208 33154 2759 131567 
1		95603		Eriocheir japonica		95603 95601 72876 29962 116707 116704 6752 6692 6683 6682 72041 6681 2172821 6657 197562 197563 6656 88770 1206794 33317 33213 6072 33208 33154 2759 131567 
1		95602		Eriocheir sinensis		95602 95601 72876 29962 116707 116704 6752 6692 6683 6682 72041 6681 2172821 6657 197562 197563 6656 88770 1206794 33317 33213 6072 33208 33154 2759 131567 
1		364026		Eriogyna pyretorum		364026 364025 180245 82587 7117 37569 104431 37567 41197 41196 41191 7088 85604 33392 33340 7496 85512 50557 6960 197562 197563 6656 88770 1206794 33317 33213 6072 33208 33154 2759 131567 
1		27687		Erpetoichthys calabaricus		27687 27686 8289 8288 1338366 7898 117571 117570 7776 7742 89593 7711 33511 33213 6072 33208 33154 2759 131567 
1		9764		Eschrichtius robustus		9764 9763 9762 9761 9721 2653789 91561 314145 1437010 9347 32525 40674 32524 32523 1338369 8287 117571 117570 7776 7742 89593 7711 33511 33213 6072 33208 33154 2759 131567 
1		353259		Esomus metallicus		353259 353258 2743712 2743709 30727 7952 186627 186626 32519 186634 186625 1489341 32443 41665 186623 7898 117571 117570 7776 7742 89593 7711 33511 33213 6072 33208 33154 2759 131567 
1		8010		Esox lucius		8010 8009 8008 8007 41705 1489388 186625 1489341 32443 41665 186623 7898 117571 117570 7776 7742 89593 7711 33511 33213 6072 33208 33154 2759 131567 
1		54341		Etheostoma radiosum		54341 909696 54318 698016 8165 8112 8111 1489922 1489872 123369 123368 123367 123366 123365 1489388 186625 1489341 32443 41665 186623 7898 117571 117570 7776 7742 89593 7711 33511 33213 6072 33208 33154 2759 131567 
1		297798		Ethmalosa fimbriata		297798 297797 55119 55118 1489460 32446 282425 186634 186625 1489341 32443 41665 186623 7898 117571 117570 7776 7742 89593 7711 33511 33213 6072 33208 33154 2759 131567 
2		50796		Pseudetroplus maculatus		2926661 2926660 318545 8113 1489911 1489910 1489908 1489872 123369 123368 123367 123366 123365 1489388 186625 1489341 32443 41665 186623 7898 117571 117570 7776 7742 89593 7711 33511 33213 6072 33208 33154 2759 131567 
1		224716		Etrumeus teres		224716 224715 365061 1489460 32446 282425 186634 186625 1489341 32443 41665 186623 7898 117571 117570 7776 7742 89593 7711 33511 33213 6072 33208 33154 2759 131567 
1		160595		Eubalaena australis		160595 27605 30558 9761 9721 2653789 91561 314145 1437010 9347 32525 40674 32524 32523 1338369 8287 117571 117570 7776 7742 89593 7711 33511 33213 6072 33208 33154 2759 131567 
1		302098		Eubalaena japonica		302098 27605 30558 9761 9721 2653789 91561 314145 1437010 9347 32525 40674 32524 32523 1338369 8287 117571 117570 7776 7742 89593 7711 33511 33213 6072 33208 33154 2759 131567 
1		392919		Eubalichthys mosaicus		392919 392918 143346 31023 31022 1489922 1489872 123369 123368 123367 123366 123365 1489388 186625 1489341 32443 41665 186623 7898 117571 117570 7776 7742 89593 7711 33511 33213 6072 33208 33154 2759 131567 
1		8805		Eudromia elegans		8805 8804 8803 8802 8783 8782 436492 436491 436489 436486 8492 1329799 32561 8457 32524 32523 1338369 8287 117571 117570 7776 7742 89593 7711 33511 33213 6072 33208 33154 2759 131567 
2		497866		Urodynamis taitensis		2497756 2497755 8941 8940 8825 8782 436492 436491 436489 436486 8492 1329799 32561 8457 32524 32523 1338369 8287 117571 117570 7776 7742 89593 7711 33511 33213 6072 33208 33154 2759 131567 
1		37083		Eudyptula minor		37083 37082 9231 9230 8825 8782 436492 436491 436489 436486 8492 1329799 32561 8457 32524 32523 1338369 8287 117571 117570 7776 7742 89593 7711 33511 33213 6072 33208 33154 2759 131567 
1		40322		Eulemur fulvus fulvus		40322 13515 13513 9445 376915 376911 9443 314146 1437010 9347 32525 40674 32524 32523 1338369 8287 117571 117570 7776 7742 89593 7711 33511 33213 6072 33208 33154 2759 131567 
1		27680		Eulemur fulvus mayottensis		27680 13515 13513 9445 376915 376911 9443 314146 1437010 9347 32525 40674 32524 32523 1338369 8287 117571 117570 7776 7742 89593 7711 33511 33213 6072 33208 33154 2759 131567 
1		30603		Eulemur macaco macaco		30603 30602 13513 9445 376915 376911 9443 314146 1437010 9347 32525 40674 32524 32523 1338369 8287 117571 117570 7776 7742 89593 7711 33511 33213 6072 33208 33154 2759 131567 
1		34828		Eulemur mongoz		34828 13513 9445 376915 376911 9443 314146 1437010 9347 32525 40674 32524 32523 1338369 8287 117571 117570 7776 7742 89593 7711 33511 33213 6072 33208 33154 2759 131567 
1		34886		Eumetopias jubatus		34886 34885 9702 379584 33554 314145 1437010 9347 32525 40674 32524 32523 1338369 8287 117571 117570 7776 7742 89593 7711 33511 33213 6072 33208 33154 2759 131567 
1		134758		Eurycea bislineata		134758 43043 698026 8332 30367 8293 41666 8292 32523 1338369 8287 117571 117570 7776 7742 89593 7711 33511 33213 6072 33208 33154 2759 131567 
1		215339		Eurypegasus draconis		215339 215338 215337 1489884 129912 1489883 1489872 123369 123368 123367 123366 123365 1489388 186625 1489341 32443 41665 186623 7898 117571 117570 7776 7742 89593 7711 33511 33213 6072 33208 33154 2759 131567 
1		55117		Eurypharynx pelecanoides		55117 55116 55115 7933 32521 186624 1489340 32443 41665 186623 7898 117571 117570 7776 7742 89593 7711 33511 33213 6072 33208 33154 2759 131567 
1		188341		Eurystomus orientalis		188341 188339 56290 8936 8825 8782 436492 436491 436489 436486 8492 1329799 32561 8457 32524 32523 1338369 8287 117571 117570 7776 7742 89593 7711 33511 33213 6072 33208 33154 2759 131567 
1		565079		Eutaeniophorus festivus		565079 181428 88666 8277 1489869 123369 123368 123367 123366 123365 1489388 186625 1489341 32443 41665 186623 7898 117571 117570 7776 7742 89593 7711 33511 33213 6072 33208 33154 2759 131567 
1		181429		Eutaeniophorus sp. 033-Miya		181429 2646441 181428 88666 8277 1489869 123369 123368 123367 123366 123365 1489388 186625 1489341 32443 41665 186623 7898 117571 117570 7776 7742 89593 7711 33511 33213 6072 33208 33154 2759 131567 
1		143332		Exocoetus volitans		143332 143331 76072 123731 76071 1489913 1489908 1489872 123369 123368 123367 123366 123365 1489388 186625 1489341 32443 41665 186623 7898 117571 117570 7776 7742 89593 7711 33511 33213 6072 33208 33154 2759 131567 
1		392227		Palaemon carinicauda		392227 117982 6695 115580 6694 6692 6683 6682 72041 6681 2172821 6657 197562 197563 6656 88770 1206794 33317 33213 6072 33208 33154 2759 131567 
1		556245		Facciolella oxyrhyncha		556245 182428 118175 7933 32521 186624 1489340 32443 41665 186623 7898 117571 117570 7776 7742 89593 7711 33511 33213 6072 33208 33154 2759 131567 
1		8954		Falco peregrinus		8954 8952 8949 8948 8825 8782 436492 436491 436489 436486 8492 1329799 32561 8457 32524 32523 1338369 8287 117571 117570 7776 7742 89593 7711 33511 33213 6072 33208 33154 2759 131567 
1		100819		Falco tinnunculus		100819 8952 8949 8948 8825 8782 436492 436491 436489 436486 8492 1329799 32561 8457 32524 32523 1338369 8287 117571 117570 7776 7742 89593 7711 33511 33213 6072 33208 33154 2759 131567 
1		171294		Penaeus californiensis		171294 133894 6685 111520 6684 6683 6682 72041 6681 2172821 6657 197562 197563 6656 88770 1206794 33317 33213 6072 33208 33154 2759 131567 
1		6192		Fasciola hepatica		6192 6191 27843 404429 27841 27871 6179 6178 6157 1206795 2697495 33317 33213 6072 33208 33154 2759 131567 
1		111367		Fejervarya cancrivora		111367 127010 1191378 685122 30352 8416 8342 41666 8292 32523 1338369 8287 117571 117570 7776 7742 89593 7711 33511 33213 6072 33208 33154 2759 131567 
1		9685		Felis catus		9685 9682 338152 9681 379583 33554 314145 1437010 9347 32525 40674 32524 32523 1338369 8287 117571 117570 7776 7742 89593 7711 33511 33213 6072 33208 33154 2759 131567 
1		139456		Penaeus chinensis		139456 133894 6685 111520 6684 6683 6682 72041 6681 2172821 6657 197562 197563 6656 88770 1206794 33317 33213 6072 33208 33154 2759 131567 
1		215343		Fistularia commersonii		215343 206153 206152 1489888 129912 1489883 1489872 123369 123368 123367 123366 123365 1489388 186625 1489341 32443 41665 186623 7898 117571 117570 7776 7742 89593 7711 33511 33213 6072 33208 33154 2759 131567 
1		73431		Florometra serratissima		73431 73430 35072 7581 35070 35069 133550 7586 33511 33213 6072 33208 33154 2759 131567 
1		472989		Francolinus pintadeanus		472989 9018 466544 9005 8976 1549675 8825 8782 436492 436491 436489 436486 8492 1329799 32561 8457 32524 32523 1338369 8287 117571 117570 7776 7742 89593 7711 33511 33213 6072 33208 33154 2759 131567 
1		106928		Friesea grisea		106928 106927 106912 36138 79706 730331 30001 6960 197562 197563 6656 88770 1206794 33317 33213 6072 33208 33154 2759 131567 
1		54267		Fundulus diaphanus		54267 8077 28756 8087 28738 1489913 1489908 1489872 123369 123368 123367 123366 123365 1489388 186625 1489341 32443 41665 186623 7898 117571 117570 7776 7742 89593 7711 33511 33213 6072 33208 33154 2759 131567 
1		34779		Fundulus grandis		34779 8077 28756 8087 28738 1489913 1489908 1489872 123369 123368 123367 123366 123365 1489388 186625 1489341 32443 41665 186623 7898 117571 117570 7776 7742 89593 7711 33511 33213 6072 33208 33154 2759 131567 
1		8078		Fundulus heteroclitus		8078 8077 28756 8087 28738 1489913 1489908 1489872 123369 123368 123367 123366 123365 1489388 186625 1489341 32443 41665 186623 7898 117571 117570 7776 7742 89593 7711 33511 33213 6072 33208 33154 2759 131567 
1		34782		Fundulus olivaceus		34782 8077 28756 8087 28738 1489913 1489908 1489872 123369 123368 123367 123366 123365 1489388 186625 1489341 32443 41665 186623 7898 117571 117570 7776 7742 89593 7711 33511 33213 6072 33208 33154 2759 131567 
1		179927		Furcifer oustaleti		179927 143472 40248 83232 8511 1329911 1329912 1329950 1329961 8509 8504 32561 8457 32524 32523 1338369 8287 117571 117570 7776 7742 89593 7711 33511 33213 6072 33208 33154 2759 131567 
1		8049		Gadus morhua		8049 8048 8045 1489845 8043 1489843 1489841 1489838 123368 123367 123366 123365 1489388 186625 1489341 32443 41665 186623 7898 117571 117570 7776 7742 89593 7711 33511 33213 6072 33208 33154 2759 131567 
1		9465		Galago senegalensis		9465 9462 40297 376917 376911 9443 314146 1437010 9347 32525 40674 32524 32523 1338369 8287 117571 117570 7776 7742 89593 7711 33511 33213 6072 33208 33154 2759 131567 
1		61620		Galaxias maculatus		61620 51242 182229 130269 130264 51241 41705 1489388 186625 1489341 32443 41665 186623 7898 117571 117570 7776 7742 89593 7711 33511 33213 6072 33208 33154 2759 131567 
1		202257		Galemys pyrenaicus		202257 202256 9373 9362 314145 1437010 9347 32525 40674 32524 32523 1338369 8287 117571 117570 7776 7742 89593 7711 33511 33213 6072 33208 33154 2759 131567 
1		482537		Galeopterus variegatus		482537 482536 30657 30656 314146 1437010 9347 32525 40674 32524 32523 1338369 8287 117571 117570 7776 7742 89593 7711 33511 33213 6072 33208 33154 2759 131567 
2		547194		Hypotaenidia okinawae		2861861 2861790 9119 9108 8825 8782 436492 436491 436489 436486 8492 1329799 32561 8457 32524 32523 1338369 8287 117571 117570 7776 7742 89593 7711 33511 33213 6072 33208 33154 2759 131567 
1		9031		Gallus gallus		9031 9030 9072 9005 8976 1549675 8825 8782 436492 436491 436489 436486 8492 1329799 32561 8457 32524 32523 1338369 8287 117571 117570 7776 7742 89593 7711 33511 33213 6072 33208 33154 2759 131567 
1		208525		Gallus gallus bankiva		208525 9031 9030 9072 9005 8976 1549675 8825 8782 436492 436491 436489 436486 8492 1329799 32561 8457 32524 32523 1338369 8287 117571 117570 7776 7742 89593 7711 33511 33213 6072 33208 33154 2759 131567 
1		208526		Gallus gallus gallus		208526 9031 9030 9072 9005 8976 1549675 8825 8782 436492 436491 436489 436486 8492 1329799 32561 8457 32524 32523 1338369 8287 117571 117570 7776 7742 89593 7711 33511 33213 6072 33208 33154 2759 131567 
1		208524		Gallus gallus spadiceus		208524 9031 9030 9072 9005 8976 1549675 8825 8782 436492 436491 436489 436486 8492 1329799 32561 8457 32524 32523 1338369 8287 117571 117570 7776 7742 89593 7711 33511 33213 6072 33208 33154 2759 131567 
1		9032		Gallus lafayettii		9032 9030 9072 9005 8976 1549675 8825 8782 436492 436491 436489 436486 8492 1329799 32561 8457 32524 32523 1338369 8287 117571 117570 7776 7742 89593 7711 33511 33213 6072 33208 33154 2759 131567 
1		9033		Gallus sonneratii		9033 9030 9072 9005 8976 1549675 8825 8782 436492 436491 436489 436486 8492 1329799 32561 8457 32524 32523 1338369 8287 117571 117570 7776 7742 89593 7711 33511 33213 6072 33208 33154 2759 131567 
1		43593		Gambelia wislizenii		43593 43592 43589 8515 8511 1329911 1329912 1329950 1329961 8509 8504 32561 8457 32524 32523 1338369 8287 117571 117570 7776 7742 89593 7711 33511 33213 6072 33208 33154 2759 131567 
1		420844		Gampsocleis gratiosa		420844 263538 323650 62784 70905 2018325 6994 6993 33341 33340 7496 85512 50557 6960 197562 197563 6656 88770 1206794 33317 33213 6072 33208 33154 2759 131567 
1		585898		Gandalfus yunohana		585898 585896 118379 118378 116706 116704 6752 6692 6683 6682 72041 6681 2172821 6657 197562 197563 6656 88770 1206794 33317 33213 6072 33208 33154 2759 131567 
1		267434		Gastrimargus marmoratus		267434 267433 27549 7002 92621 70910 1955150 7001 6993 33341 33340 7496 85512 50557 6960 197562 197563 6656 88770 1206794 33317 33213 6072 33208 33154 2759 131567 
1		37040		Gavia stellata		37040 37038 30412 30411 8825 8782 436492 436491 436489 436486 8492 1329799 32561 8457 32524 32523 1338369 8287 117571 117570 7776 7742 89593 7711 33511 33213 6072 33208 33154 2759 131567 
1		130583		Geisha distinctissima		130583 130582 30089 36151 33361 1955247 7524 33342 33340 7496 85512 50557 6960 197562 197563 6656 88770 1206794 33317 33213 6072 33208 33154 2759 131567 
1		36310		Gekko gecko		36310 8565 385256 8561 8560 1329961 8509 8504 32561 8457 32524 32523 1338369 8287 117571 117570 7776 7742 89593 7711 33511 33213 6072 33208 33154 2759 131567 
1		261498		Geocalamus acutus		261498 261497 227089 52185 1329975 1329976 1329912 1329950 1329961 8509 8504 32561 8457 32524 32523 1338369 8287 117571 117570 7776 7742 89593 7711 33511 33213 6072 33208 33154 2759 131567 
1		8947		Geococcyx californianus		8947 8946 78204 8940 8825 8782 436492 436491 436489 436486 8492 1329799 32561 8457 32524 32523 1338369 8287 117571 117570 7776 7742 89593 7711 33511 33213 6072 33208 33154 2759 131567 
1		36754		Geodia neptuni		36754 6046 6045 1779168 1779164 1779146 6042 6040 33208 33154 2759 131567 
2		575832		Aquarius paludum		95691 36162 295125 36161 572384 33350 33349 33347 33345 33343 7524 33342 33340 7496 85512 50557 6960 197562 197563 6656 88770 1206794 33317 33213 6072 33208 33154 2759 131567 
1		71757		Gila robusta		71757 67540 2743727 2743726 30727 7952 186627 186626 32519 186634 186625 1489341 32443 41665 186623 7898 117571 117570 7776 7742 89593 7711 33511 33213 6072 33208 33154 2759 131567 
1		8222		Gillichthys mirabilis		8222 8221 497220 8220 8219 1489878 1489875 1489872 123369 123368 123367 123366 123365 1489388 186625 1489341 32443 41665 186623 7898 117571 117570 7776 7742 89593 7711 33511 33213 6072 33208 33154 2759 131567 
1		79683		Gillichthys seta		79683 8221 497220 8220 8219 1489878 1489875 1489872 123369 123368 123367 123366 123365 1489388 186625 1489341 32443 41665 186623 7898 117571 117570 7776 7742 89593 7711 33511 33213 6072 33208 33154 2759 131567 
1		439323		Giraffa giraffa angolensis		439323 439325 9893 9892 35500 9845 91561 314145 1437010 9347 32525 40674 32524 32523 1338369 8287 117571 117570 7776 7742 89593 7711 33511 33213 6072 33208 33154 2759 131567 
1		163149		Girella punctata		163149 163147 603452 1489938 1489940 1489922 1489872 123369 123368 123367 123366 123365 1489388 186625 1489341 32443 41665 186623 7898 117571 117570 7776 7742 89593 7711 33511 33213 6072 33208 33154 2759 131567 
1		170196		Glossanodon semifasciatus		170196 170195 170194 134613 41705 1489388 186625 1489341 32443 41665 186623 7898 117571 117570 7776 7742 89593 7711 33511 33213 6072 33208 33154 2759 131567 
1		332172		Gnathopogon elongatus		332172 328527 2743716 2743714 30727 7952 186627 186626 32519 186634 186625 1489341 32443 41665 186623 7898 117571 117570 7776 7742 89593 7711 33511 33213 6072 33208 33154 2759 131567 
1		27704		Gobio gobio		27704 27703 2743715 2743714 30727 7952 186627 186626 32519 186634 186625 1489341 32443 41665 186623 7898 117571 117570 7776 7742 89593 7711 33511 33213 6072 33208 33154 2759 131567 
1		85123		Gonodactylus chiragra		85123 75392 75391 77690 77689 75390 75389 72041 6681 2172821 6657 197562 197563 6656 88770 1206794 33317 33213 6072 33208 33154 2759 131567 
1		189504		Gonorynchus abbreviatus		189504 149984 30764 186630 29140 186633 32519 186634 186625 1489341 32443 41665 186623 7898 117571 117570 7776 7742 89593 7711 33511 33213 6072 33208 33154 2759 131567 
1		149986		Gonorynchus greyi		149986 149984 30764 186630 29140 186633 32519 186634 186625 1489341 32443 41665 186623 7898 117571 117570 7776 7742 89593 7711 33511 33213 6072 33208 33154 2759 131567 
1		9593		Gorilla gorilla		9593 9592 207598 9604 314295 9526 314293 376913 9443 314146 1437010 9347 32525 40674 32524 32523 1338369 8287 117571 117570 7776 7742 89593 7711 33511 33213 6072 33208 33154 2759 131567 
1		9595		Gorilla gorilla gorilla		9595 9593 9592 207598 9604 314295 9526 314293 376913 9443 314146 1437010 9347 32525 40674 32524 32523 1338369 8287 117571 117570 7776 7742 89593 7711 33511 33213 6072 33208 33154 2759 131567 
1		83653		Grampus griseus		83653 83652 9726 9722 9721 2653789 91561 314145 1437010 9347 32525 40674 32524 32523 1338369 8287 117571 117570 7776 7742 89593 7711 33511 33213 6072 33208 33154 2759 131567 
1		55752		Graptacme eborea		55752 55751 39426 32585 32584 6447 1206795 2697495 33317 33213 6072 33208 33154 2759 131567 
1		299323		Grasseichthys gabonensis		299323 299322 1546157 30763 1489487 29140 186633 32519 186634 186625 1489341 32443 41665 186623 7898 117571 117570 7776 7742 89593 7711 33511 33213 6072 33208 33154 2759 131567 
1		213494		Gryllotalpa orientalis		213494 208679 208678 208677 2174976 2174975 6994 6993 33341 33340 7496 85512 50557 6960 197562 197563 6656 88770 1206794 33317 33213 6072 33208 33154 2759 131567 
1		552513		Gryllotalpa pluvialis		552513 208679 208678 208677 2174976 2174975 6994 6993 33341 33340 7496 85512 50557 6960 197562 197563 6656 88770 1206794 33317 33213 6072 33208 33154 2759 131567 
1		42648		Gymnarchus niloticus		42648 42647 31093 41712 31089 1489343 1489341 32443 41665 186623 7898 117571 117570 7776 7742 89593 7711 33511 33213 6072 33208 33154 2759 131567 
1		75348		Gymnocypris przewalskii		75348 75347 2743704 7953 30727 7952 186627 186626 32519 186634 186625 1489341 32443 41665 186623 7898 117571 117570 7776 7742 89593 7711 33511 33213 6072 33208 33154 2759 131567 
1		262098		Gymnogobius petschiliensis		262098 178215 497220 8220 8219 1489878 1489875 1489872 123369 123368 123367 123366 123365 1489388 186625 1489341 32443 41665 186623 7898 117571 117570 7776 7742 89593 7711 33511 33213 6072 33208 33154 2759 131567 
1		139722		Gymnothorax kidako		139722 121281 182222 46660 7933 32521 186624 1489340 32443 41665 186623 7898 117571 117570 7776 7742 89593 7711 33511 33213 6072 33208 33154 2759 131567 
1		154816		Gyrinocheilus aymonieri		154816 98398 30726 2509192 7952 186627 186626 32519 186634 186625 1489341 32443 41665 186623 7898 117571 117570 7776 7742 89593 7711 33511 33213 6072 33208 33154 2759 131567 
1		565078		Gyrinomimus myersi		565078 88691 88666 8277 1489869 123369 123368 123367 123366 123365 1489388 186625 1489341 32443 41665 186623 7898 117571 117570 7776 7742 89593 7711 33511 33213 6072 33208 33154 2759 131567 
1		565077		Gyrinomimus sp. UW 113191		565077 2618127 88691 88666 8277 1489869 123369 123368 123367 123366 123365 1489388 186625 1489341 32443 41665 186623 7898 117571 117570 7776 7742 89593 7711 33511 33213 6072 33208 33154 2759 131567 
1		134760		Gyrinophilus porphyriticus		134760 134759 698026 8332 30367 8293 41666 8292 32523 1338369 8287 117571 117570 7776 7742 89593 7711 33511 33213 6072 33208 33154 2759 131567 
1		368976		Gyrodactylus derjavinoides		368976 37846 37845 2486286 37844 37945 6157 1206795 2697495 33317 33213 6072 33208 33154 2759 131567 
1		37629		Gyrodactylus salaris		37629 37846 37845 2486286 37844 37945 6157 1206795 2697495 33317 33213 6072 33208 33154 2759 131567 
2		212345		Gyrodactylus salaris		37629 37846 37845 2486286 37844 37945 6157 1206795 2697495 33317 33213 6072 33208 33154 2759 131567 
1		75445		Haematobia irritans irritans		75445 7368 7367 43911 43910 7366 43754 43742 43738 480117 480118 43733 7203 7147 33392 33340 7496 85512 50557 6960 197562 197563 6656 88770 1206794 33317 33213 6072 33208 33154 2759 131567 
1		185689		Haematopus ater		185689 32635 37576 8906 8825 8782 436492 436491 436489 436486 8492 1329799 32561 8457 32524 32523 1338369 8287 117571 117570 7776 7742 89593 7711 33511 33213 6072 33208 33154 2759 131567 
1		6289		Haemonchus contortus		6289 6288 126387 6314 6308 119089 6231 1206794 33317 33213 6072 33208 33154 2759 131567 
1		215378		Halichoeres melanurus		215378 51788 8247 1489928 1489922 1489872 123369 123368 123367 123366 123365 1489388 186625 1489341 32443 41665 186623 7898 117571 117570 7776 7742 89593 7711 33511 33213 6072 33208 33154 2759 131567 
1		217853		Halichoeres tenuispinis		217853 51788 8247 1489928 1489922 1489872 123369 123368 123367 123366 123365 1489388 186625 1489341 32443 41665 186623 7898 117571 117570 7776 7742 89593 7711 33511 33213 6072 33208 33154 2759 131567 
1		147232		Halichoeres trimaculatus		147232 51788 8247 1489928 1489922 1489872 123369 123368 123367 123366 123365 1489388 186625 1489341 32443 41665 186623 7898 117571 117570 7776 7742 89593 7711 33511 33213 6072 33208 33154 2759 131567 
1		9711		Halichoerus grypus		9711 9710 9709 379584 33554 314145 1437010 9347 32525 40674 32524 32523 1338369 8287 117571 117570 7776 7742 89593 7711 33511 33213 6072 33208 33154 2759 131567 
2		253172		Halisarca dujardinii		2583056 253171 253170 119424 1779147 6042 6040 33208 33154 2759 131567 
1		373956		Halocaridina rubra		373956 373955 96235 115574 6694 6692 6683 6682 72041 6681 2172821 6657 197562 197563 6656 88770 1206794 33317 33213 6072 33208 33154 2759 131567 
1		287944		Harpiosquilla harpax		287944 287943 84348 84347 77689 75390 75389 72041 6681 2172821 6657 197562 197563 6656 88770 1206794 33317 33213 6072 33208 33154 2759 131567 
1		9634		Helarctos malayanus		9634 9633 9632 379584 33554 314145 1437010 9347 32525 40674 32524 32523 1338369 8287 117571 117570 7776 7742 89593 7711 33511 33213 6072 33208 33154 2759 131567 
1		143344		Helicolenus hilgendorfi		143344 143343 274705 274692 8107 8111 1489922 1489872 123369 123368 123367 123366 123365 1489388 186625 1489341 32443 41665 186623 7898 117571 117570 7776 7742 89593 7711 33511 33213 6072 33208 33154 2759 131567 
1		8554		Heloderma suspectum		8554 8550 8549 1330543 8548 1329911 1329912 1329950 1329961 8509 8504 32561 8457 32524 32523 1338369 8287 117571 117570 7776 7742 89593 7711 33511 33213 6072 33208 33154 2759 131567 
1		80793		Hemibarbus barbus		80793 80792 2743717 2743714 30727 7952 186627 186626 32519 186634 186625 1489341 32443 41665 186623 7898 117571 117570 7776 7742 89593 7711 33511 33213 6072 33208 33154 2759 131567 
1		328524		Hemibarbus labeo		328524 80792 2743717 2743714 30727 7952 186627 186626 32519 186634 186625 1489341 32443 41665 186623 7898 117571 117570 7776 7742 89593 7711 33511 33213 6072 33208 33154 2759 131567 
1		354114		Hemibarbus longirostris		354114 80792 2743717 2743714 30727 7952 186627 186626 32519 186634 186625 1489341 32443 41665 186623 7898 117571 117570 7776 7742 89593 7711 33511 33213 6072 33208 33154 2759 131567 
1		351240		Hemibarbus mylodon		351240 80792 2743717 2743714 30727 7952 186627 186626 32519 186634 186625 1489341 32443 41665 186623 7898 117571 117570 7776 7742 89593 7711 33511 33213 6072 33208 33154 2759 131567 
1		291265		Hemidactylium scutatum		291265 269187 698026 8332 30367 8293 41666 8292 32523 1338369 8287 117571 117570 7776 7742 89593 7711 33511 33213 6072 33208 33154 2759 131567 
1		217708		Hemiechinus auritus		217708 30578 30577 9363 9362 314145 1437010 9347 32525 40674 32524 32523 1338369 8287 117571 117570 7776 7742 89593 7711 33511 33213 6072 33208 33154 2759 131567 
1		262124		Hemiphaga novaeseelandiae		262124 262123 8930 8929 8825 8782 436492 436491 436489 436486 8492 1329799 32561 8457 32524 32523 1338369 8287 117571 117570 7776 7742 89593 7711 33511 33213 6072 33208 33154 2759 131567 
1		215362		Heniochus diphreutes		215362 109916 30828 1545895 1489922 1489872 123369 123368 123367 123366 123365 1489388 186625 1489341 32443 41665 186623 7898 117571 117570 7776 7742 89593 7711 33511 33213 6072 33208 33154 2759 131567 
1		140016		Urva javanica		140016 2079297 9697 379583 33554 314145 1437010 9347 32525 40674 32524 32523 1338369 8287 117571 117570 7776 7742 89593 7711 33511 33213 6072 33208 33154 2759 131567 
1		492042		Herwigia kreffti		492042 492041 134615 1489486 1489485 186634 186625 1489341 32443 41665 186623 7898 117571 117570 7776 7742 89593 7711 33511 33213 6072 33208 33154 2759 131567 
1		391206		Heteroconger hassi		391206 391205 189485 7941 7933 32521 186624 1489340 32443 41665 186623 7898 117571 117570 7776 7742 89593 7711 33511 33213 6072 33208 33154 2759 131567 
1		7792		Heterodontus francisci		7792 7791 7790 40667 119196 119197 119203 7778 7777 7776 7742 89593 7711 33511 33213 6072 33208 33154 2759 131567 
1		145266		Heterodoxus macropus		145266 145265 145264 50629 85819 1930602 33342 33340 7496 85512 50557 6960 197562 197563 6656 88770 1206794 33317 33213 6072 33208 33154 2759 131567 
1		37862		Heterorhabditis bacteriophora		37862 37861 2301471 27829 6308 119089 6231 1206794 33317 33213 6072 33208 33154 2759 131567 
1		54904		Hiodon alosoides		54904 54903 31090 1489345 31089 1489343 1489341 32443 41665 186623 7898 117571 117570 7776 7742 89593 7711 33511 33213 6072 33208 33154 2759 131567 
1		103715		Hippocampus kuda		103715 72046 129917 72045 1489884 129912 1489883 1489872 123369 123368 123367 123366 123365 1489388 186625 1489341 32443 41665 186623 7898 117571 117570 7776 7742 89593 7711 33511 33213 6072 33208 33154 2759 131567 
1		8267		Hippoglossus hippoglossus		8267 8266 8256 30942 8252 1489904 1489872 123369 123368 123367 123366 123365 1489388 186625 1489341 32443 41665 186623 7898 117571 117570 7776 7742 89593 7711 33511 33213 6072 33208 33154 2759 131567 
1		195615		Hippoglossus stenolepis		195615 8266 8256 30942 8252 1489904 1489872 123369 123368 123367 123366 123365 1489388 186625 1489341 32443 41665 186623 7898 117571 117570 7776 7742 89593 7711 33511 33213 6072 33208 33154 2759 131567 
1		9833		Hippopotamus amphibius		9833 9832 9831 2653790 2653789 91561 314145 1437010 9347 32525 40674 32524 32523 1338369 8287 117571 117570 7776 7742 89593 7711 33511 33213 6072 33208 33154 2759 131567 
1		479639		Hippospongia lachne		479639 119430 119429 119428 1779147 6042 6040 33208 33154 2759 131567 
1		197043		Homalodisca vitripennis		197043 139475 565685 33370 30102 33368 33365 1955247 7524 33342 33340 7496 85512 50557 6960 197562 197563 6656 88770 1206794 33317 33213 6072 33208 33154 2759 131567 
2		357284		Pseudohomaloptera leonardi		1590170 1590169 98924 30725 7952 186627 186626 32519 186634 186625 1489341 32443 41665 186623 7898 117571 117570 7776 7742 89593 7711 33511 33213 6072 33208 33154 2759 131567 
1		9606		Homo sapiens		9606 9605 207598 9604 314295 9526 314293 376913 9443 314146 1437010 9347 32525 40674 32524 32523 1338369 8287 117571 117570 7776 7742 89593 7711 33511 33213 6072 33208 33154 2759 131567 
1		63221		Homo sapiens neanderthalensis		63221 9606 9605 207598 9604 314295 9526 314293 376913 9443 314146 1437010 9347 32525 40674 32524 32523 1338369 8287 117571 117570 7776 7742 89593 7711 33511 33213 6072 33208 33154 2759 131567 
1		143337		Hoplostethus japonicus		143337 96777 96776 2558152 1489869 123369 123368 123367 123366 123365 1489388 186625 1489341 32443 41665 186623 7898 117571 117570 7776 7742 89593 7711 33511 33213 6072 33208 33154 2759 131567 
1		556244		Hoplunnis punctata		556244 182430 118175 7933 32521 186624 1489340 32443 41665 186623 7898 117571 117570 7776 7742 89593 7711 33511 33213 6072 33208 33154 2759 131567 
1		84335		Hutchinsoniella macracantha		84335 84334 84333 84332 72040 6657 197562 197563 6656 88770 1206794 33317 33213 6072 33208 33154 2759 131567 
1		498947		Hydaropsis longirostris		498947 498946 2068562 186376 38105 33357 33351 33349 33347 33345 33343 7524 33342 33340 7496 85512 50557 6960 197562 197563 6656 88770 1206794 33317 33213 6072 33208 33154 2759 131567 
2		6085		Hydra vulgaris		6087 6083 6080 1612408 406427 37516 6074 6073 6072 33208 33154 2759 131567 
1		6088		Hydra oligactis		6088 6083 6080 1612408 406427 37516 6074 6073 6072 33208 33154 2759 131567 
2		575833		Hydrometra greeni		1492928 95685 95683 572384 33350 33349 33347 33345 33343 7524 33342 33340 7496 85512 50557 6960 197562 197563 6656 88770 1206794 33317 33213 6072 33208 33154 2759 131567 
1		9883		Hydropotes inermis		9883 9882 34876 9850 35500 9845 91561 314145 1437010 9347 32525 40674 32524 32523 1338369 8287 117571 117570 7776 7742 89593 7711 33511 33213 6072 33208 33154 2759 131567 
1		29086		Hydrurga leptonyx		29086 29085 9709 379584 33554 314145 1437010 9347 32525 40674 32524 32523 1338369 8287 117571 117570 7776 7742 89593 7711 33511 33213 6072 33208 33154 2759 131567 
1		167933		Hyla chinensis		167933 8421 374063 192734 8418 8417 8416 8342 41666 8292 32523 1338369 8287 117571 117570 7776 7742 89593 7711 33511 33213 6072 33208 33154 2759 131567 
1		109175		Dryophytes japonicus		109175 1926313 374063 192734 8418 8417 8416 8342 41666 8292 32523 1338369 8287 117571 117570 7776 7742 89593 7711 33511 33213 6072 33208 33154 2759 131567 
1		9580		Hylobates lar		9580 9578 9577 314295 9526 314293 376913 9443 314146 1437010 9347 32525 40674 32524 32523 1338369 8287 117571 117570 7776 7742 89593 7711 33511 33213 6072 33208 33154 2759 131567 
1		6216		Hymenolepis diminuta		6216 6215 6214 6201 6200 6199 6157 1206795 2697495 33317 33213 6072 33208 33154 2759 131567 
1		244216		Hynobius amjiensis		244216 1527435 36311 30366 30364 8293 41666 8292 32523 1338369 8287 117571 117570 7776 7742 89593 7711 33511 33213 6072 33208 33154 2759 131567 
1		391643		Hynobius arisanensis		391643 1527436 36311 30366 30364 8293 41666 8292 32523 1338369 8287 117571 117570 7776 7742 89593 7711 33511 33213 6072 33208 33154 2759 131567 
1		284022		Hynobius formosanus		284022 1527436 36311 30366 30364 8293 41666 8292 32523 1338369 8287 117571 117570 7776 7742 89593 7711 33511 33213 6072 33208 33154 2759 131567 
1		113391		Hynobius leechii		113391 1527435 36311 30366 30364 8293 41666 8292 32523 1338369 8287 117571 117570 7776 7742 89593 7711 33511 33213 6072 33208 33154 2759 131567 
1		113393		Hynobius quelpaertensis		113393 1527435 36311 30366 30364 8293 41666 8292 32523 1338369 8287 117571 117570 7776 7742 89593 7711 33511 33213 6072 33208 33154 2759 131567 
1		61316		Hypentelium nigricans		61316 61315 7968 2509193 7952 186627 186626 32519 186634 186625 1489341 32443 41665 186623 7898 117571 117570 7776 7742 89593 7711 33511 33213 6072 33208 33154 2759 131567 
1		48744		Hyperoodon ampullatus		48744 48743 9756 9722 9721 2653789 91561 314145 1437010 9347 32525 40674 32524 32523 1338369 8287 117571 117570 7776 7742 89593 7711 33511 33213 6072 33208 33154 2759 131567 
1		126353		Hypoatherina tsurugae		126353 123717 123700 69128 8075 1489913 1489908 1489872 123369 123368 123367 123366 123365 1489388 186625 1489341 32443 41665 186623 7898 117571 117570 7776 7742 89593 7711 33511 33213 6072 33208 33154 2759 131567 
1		13095		Hypophthalmichthys molitrix		13095 7963 2743747 2743745 30727 7952 186627 186626 32519 186634 186625 1489341 32443 41665 186623 7898 117571 117570 7776 7742 89593 7711 33511 33213 6072 33208 33154 2759 131567 
1		7965		Hypophthalmichthys nobilis		7965 7963 2743747 2743745 30727 7952 186627 186626 32519 186634 186625 1489341 32443 41665 186623 7898 117571 117570 7776 7742 89593 7711 33511 33213 6072 33208 33154 2759 131567 
1		166256		Hypoptychus dybowskii		166256 166255 166254 1490020 8100 8111 1489922 1489872 123369 123368 123367 123366 123365 1489388 186625 1489341 32443 41665 186623 7898 117571 117570 7776 7742 89593 7711 33511 33213 6072 33208 33154 2759 131567 
1		293917		Hyporhamphus sajori		293917 115870 88694 123731 76071 1489913 1489908 1489872 123369 123368 123367 123366 123365 1489388 186625 1489341 32443 41665 186623 7898 117571 117570 7776 7742 89593 7711 33511 33213 6072 33208 33154 2759 131567 
1		172532		Hypselecara temporalis		172532 74122 318529 318559 319056 8113 1489911 1489910 1489908 1489872 123369 123368 123367 123366 123365 1489388 186625 1489341 32443 41665 186623 7898 117571 117570 7776 7742 89593 7711 33511 33213 6072 33208 33154 2759 131567 
1		165450		Hyriopsis cumingii		165450 165449 1835343 47526 47522 47521 47520 6599 2785011 6544 6447 1206795 2697495 33317 33213 6072 33208 33154 2759 131567 
1		8453		Ichthyophis bannanicus		8453 8452 8451 8445 8292 32523 1338369 8287 117571 117570 7776 7742 89593 7711 33511 33213 6072 33208 33154 2759 131567 
1		194415		Ichthyophis glutinosus		194415 8452 8451 8445 8292 32523 1338369 8287 117571 117570 7776 7742 89593 7711 33511 33213 6072 33208 33154 2759 131567 
1		7998		Ictalurus punctatus		7998 7997 7996 1489793 7995 186628 186626 32519 186634 186625 1489341 32443 41665 186623 7898 117571 117570 7776 7742 89593 7711 33511 33213 6072 33208 33154 2759 131567 
1		7973		Ictiobus bubalus		7973 7972 7968 2509193 7952 186627 186626 32519 186634 186625 1489341 32443 41665 186623 7898 117571 117570 7776 7742 89593 7711 33511 33213 6072 33208 33154 2759 131567 
1		479643		Igernella notabilis		479643 479642 283990 119424 1779147 6042 6040 33208 33154 2759 131567 
1		8517		Iguana iguana		8517 8516 81952 8515 8511 1329911 1329912 1329950 1329961 8509 8504 32561 8457 32524 32523 1338369 8287 117571 117570 7776 7742 89593 7711 33511 33213 6072 33208 33154 2759 131567 
1		143307		Ijimaia dofleini		143307 178223 143304 143303 123352 123365 1489388 186625 1489341 32443 41665 186623 7898 117571 117570 7776 7742 89593 7711 33511 33213 6072 33208 33154 2759 131567 
1		373249		Ilisha africana		373249 365053 260504 1489460 32446 282425 186634 186625 1489341 32443 41665 186623 7898 117571 117570 7776 7742 89593 7711 33511 33213 6072 33208 33154 2759 131567 
1		365054		Ilisha elongata		365054 365053 260504 1489460 32446 282425 186634 186625 1489341 32443 41665 186623 7898 117571 117570 7776 7742 89593 7711 33511 33213 6072 33208 33154 2759 131567 
1		280203		Ilyocoris cimicoides		280203 280202 2970291 236406 33352 33351 33349 33347 33345 33343 7524 33342 33340 7496 85512 50557 6960 197562 197563 6656 88770 1206794 33317 33213 6072 33208 33154 2759 131567 
1		391182		Ilyophis brunneus		391182 391181 189482 118152 7933 32521 186624 1489340 32443 41665 186623 7898 117571 117570 7776 7742 89593 7711 33511 33213 6072 33208 33154 2759 131567 
1		181450		Indostomus paradoxus		181450 181449 181448 1489901 43697 1489892 1489872 123369 123368 123367 123366 123365 1489388 186625 1489341 32443 41665 186623 7898 117571 117570 7776 7742 89593 7711 33511 33213 6072 33208 33154 2759 131567 
1		74920		Indotestudo elongata		74920 74919 8487 8486 1579337 8464 8459 2841271 1329799 32561 8457 32524 32523 1338369 8287 117571 117570 7776 7742 89593 7711 33511 33213 6072 33208 33154 2759 131567 
1		260613		Indotestudo forstenii		260613 74919 8487 8486 1579337 8464 8459 2841271 1329799 32561 8457 32524 32523 1338369 8287 117571 117570 7776 7742 89593 7711 33511 33213 6072 33208 33154 2759 131567 
1		9725		Inia geoffrensis		9725 9724 197540 9722 9721 2653789 91561 314145 1437010 9347 32525 40674 32524 32523 1338369 8287 117571 117570 7776 7742 89593 7711 33511 33213 6072 33208 33154 2759 131567 
1		283497		Iotrochota birotulata		283497 283496 283495 27925 1779146 6042 6040 33208 33154 2759 131567 
1		467775		Ircinia strobilina		467775 275431 275430 119428 1779147 6042 6040 33208 33154 2759 131567 
1		180933		Ischikauia steenackeri		180933 180932 2743747 2743745 30727 7952 186627 186626 32519 186634 186625 1489341 32443 41665 186623 7898 117571 117570 7776 7742 89593 7711 33511 33213 6072 33208 33154 2759 131567 
1		492020		Iso hawaiiensis		492020 238707 1489917 8075 1489913 1489908 1489872 123369 123368 123367 123366 123365 1489388 186625 1489341 32443 41665 186623 7898 117571 117570 7776 7742 89593 7711 33511 33213 6072 33208 33154 2759 131567 
1		37698		Isoodon macrourus		37698 37888 9342 38611 9263 32525 40674 32524 32523 1338369 8287 117571 117570 7776 7742 89593 7711 33511 33213 6072 33208 33154 2759 131567 
1		13575		Istiophorus platypterus		13575 13574 27768 1489906 1489904 1489872 123369 123368 123367 123366 123365 1489388 186625 1489341 32443 41665 186623 7898 117571 117570 7776 7742 89593 7711 33511 33213 6072 33208 33154 2759 131567 
1		34612		Ixodes hexagonus		34612 6944 426442 6939 297308 6935 6934 6933 6854 6843 6656 88770 1206794 33317 33213 6072 33208 33154 2759 131567 
1		65647		Ixodes holocyclus		65647 6944 426442 6939 297308 6935 6934 6933 6854 6843 6656 88770 1206794 33317 33213 6072 33208 33154 2759 131567 
1		34615		Ixodes persulcatus		34615 6944 426442 6939 297308 6935 6934 6933 6854 6843 6656 88770 1206794 33317 33213 6072 33208 33154 2759 131567 
1		59655		Ixodes uriae		59655 6944 426442 6939 297308 6935 6934 6933 6854 6843 6656 88770 1206794 33317 33213 6072 33208 33154 2759 131567 
1		51337		Jaculus jaculus		51337 48867 35737 30648 1963761 1963758 9989 314147 314146 1437010 9347 32525 40674 32524 32523 1338369 8287 117571 117570 7776 7742 89593 7711 33511 33213 6072 33208 33154 2759 131567 
1		221866		Jenkinsia lamprotaenia		221866 221865 365065 55118 1489460 32446 282425 186634 186625 1489341 32443 41665 186623 7898 117571 117570 7776 7742 89593 7711 33511 33213 6072 33208 33154 2759 131567 
1		28745		Jordanella floridae		28745 28744 136838 136836 8076 8087 28738 1489913 1489908 1489872 123369 123368 123367 123366 123365 1489388 186625 1489341 32443 41665 186623 7898 117571 117570 7776 7742 89593 7711 33511 33213 6072 33208 33154 2759 131567 
1		167934		Kaloula pulchra		167934 113379 166052 8427 8426 8416 8342 41666 8292 32523 1338369 8287 117571 117570 7776 7742 89593 7711 33511 33213 6072 33208 33154 2759 131567 
1		384597		Kentrocapros aculeatus		384597 384596 303732 303735 31022 1489922 1489872 123369 123368 123367 123366 123365 1489388 186625 1489341 32443 41665 186623 7898 117571 117570 7776 7742 89593 7711 33511 33213 6072 33208 33154 2759 131567 
1		299324		Kneria sp. SL-2004		299324 2646269 42622 1546156 30763 1489487 29140 186633 32519 186634 186625 1489341 32443 41665 186623 7898 117571 117570 7776 7742 89593 7711 33511 33213 6072 33208 33154 2759 131567 
1		27615		Kogia breviceps		27615 9751 9750 9722 9721 2653789 91561 314145 1437010 9347 32525 40674 32524 32523 1338369 8287 117571 117570 7776 7742 89593 7711 33511 33213 6072 33208 33154 2759 131567 
1		37003		Kryptolebias marmoratus		37003 326431 28771 45443 28738 1489913 1489908 1489872 123369 123368 123367 123366 123365 1489388 186625 1489341 32443 41665 186623 7898 117571 117570 7776 7742 89593 7711 33511 33213 6072 33208 33154 2759 131567 
1		163137		Kuhlia mugil		163137 163136 30842 1489938 1489940 1489922 1489872 123369 123368 123367 123366 123365 1489388 186625 1489341 32443 41665 186623 7898 117571 117570 7776 7742 89593 7711 33511 33213 6072 33208 33154 2759 131567 
1		163144		Kyphosus cinerascens		163144 163142 603453 30843 1489938 1489940 1489922 1489872 123369 123368 123367 123366 123365 1489388 186625 1489341 32443 41665 186623 7898 117571 117570 7776 7742 89593 7711 33511 33213 6072 33208 33154 2759 131567 
1		352451		Labeo batesii		352451 84644 2743697 2743695 7953 30727 7952 186627 186626 32519 186634 186625 1489341 32443 41665 186623 7898 117571 117570 7776 7742 89593 7711 33511 33213 6072 33208 33154 2759 131567 
1		198507		Labeo senegalensis		198507 84644 2743697 2743695 7953 30727 7952 186627 186626 32519 186634 186625 1489341 32443 41665 186623 7898 117571 117570 7776 7742 89593 7711 33511 33213 6072 33208 33154 2759 131567 
1		556242		Labichthys carinatus		556242 556241 118167 7933 32521 186624 1489340 32443 41665 186623 7898 117571 117570 7776 7742 89593 7711 33511 33213 6072 33208 33154 2759 131567 
1		270574		Labracinus cyclophthalmus		270574 270573 659117 30866 1489909 1489908 1489872 123369 123368 123367 123366 123365 1489388 186625 1489341 32443 41665 186623 7898 117571 117570 7776 7742 89593 7711 33511 33213 6072 33208 33154 2759 131567 
1		163139		Labracoglossa argenteiventris		163139 163138 603454 30843 1489938 1489940 1489922 1489872 123369 123368 123367 123366 123365 1489388 186625 1489341 32443 41665 186623 7898 117571 117570 7776 7742 89593 7711 33511 33213 6072 33208 33154 2759 131567 
1		575834		Laccotrephes robustus		575834 500711 280150 236403 33352 33351 33349 33347 33345 33343 7524 33342 33340 7496 85512 50557 6960 197562 197563 6656 88770 1206794 33317 33213 6072 33208 33154 2759 131567 
1		340657		Lacerta viridis viridis		340657 65476 8523 162266 8522 1329975 1329976 1329912 1329950 1329961 8509 8504 32561 8457 32524 32523 1338369 8287 117571 117570 7776 7742 89593 7711 33511 33213 6072 33208 33154 2759 131567 
1		319757		Lactoria diaphana		319757 319756 31025 303735 31022 1489922 1489872 123369 123368 123367 123366 123365 1489388 186625 1489341 32443 41665 186623 7898 117571 117570 7776 7742 89593 7711 33511 33213 6072 33208 33154 2759 131567 
1		27610		Lagenorhynchus albirostris		27610 27609 9726 9722 9721 2653789 91561 314145 1437010 9347 32525 40674 32524 32523 1338369 8287 117571 117570 7776 7742 89593 7711 33511 33213 6072 33208 33154 2759 131567 
1		204814		Lagocephalus lunaris		204814 204813 31031 32517 31028 31022 1489922 1489872 123369 123368 123367 123366 123365 1489388 186625 1489341 32443 41665 186623 7898 117571 117570 7776 7742 89593 7711 33511 33213 6072 33208 33154 2759 131567 
1		204818		Lagocephalus wheeleri		204818 204813 31031 32517 31028 31022 1489922 1489872 123369 123368 123367 123366 123365 1489388 186625 1489341 32443 41665 186623 7898 117571 117570 7776 7742 89593 7711 33511 33213 6072 33208 33154 2759 131567 
1		65632		Lagorchestes hirsutus		65632 65623 9307 38609 9263 32525 40674 32524 32523 1338369 8287 117571 117570 7776 7742 89593 7711 33511 33213 6072 33208 33154 2759 131567 
1		65634		Lagostrophus fasciatus		65634 65633 9307 38609 9263 32525 40674 32524 32523 1338369 8287 117571 117570 7776 7742 89593 7711 33511 33213 6072 33208 33154 2759 131567 
1		9844		Lama glama		9844 9839 9835 9834 91561 314145 1437010 9347 32525 40674 32524 32523 1338369 8287 117571 117570 7776 7742 89593 7711 33511 33213 6072 33208 33154 2759 131567 
1		9840		Lama guanicoe		9840 9839 9835 9834 91561 314145 1437010 9347 32525 40674 32524 32523 1338369 8287 117571 117570 7776 7742 89593 7711 33511 33213 6072 33208 33154 2759 131567 
1		30538		Vicugna pacos		30538 30539 9835 9834 91561 314145 1437010 9347 32525 40674 32524 32523 1338369 8287 117571 117570 7776 7742 89593 7711 33511 33213 6072 33208 33154 2759 131567 
1		7748		Lampetra fluviatilis		7748 13103 7746 7745 117569 1476529 7742 89593 7711 33511 33213 6072 33208 33154 2759 131567 
1		228346		Lamprogrammus niger		228346 228345 181395 94930 181389 94929 1489873 1489872 123369 123368 123367 123366 123365 1489388 186625 1489341 32443 41665 186623 7898 117571 117570 7776 7742 89593 7711 33511 33213 6072 33208 33154 2759 131567 
1		81578		Lampsilis ornata		81578 52392 293138 47523 47526 47522 47521 47520 6599 2785011 6544 6447 1206795 2697495 33317 33213 6072 33208 33154 2759 131567 
1		215358		Larimichthys crocea		215358 215357 30870 1489923 1489922 1489872 123369 123368 123367 123366 123365 1489388 186625 1489341 32443 41665 186623 7898 117571 117570 7776 7742 89593 7711 33511 33213 6072 33208 33154 2759 131567 
1		334908		Larimichthys polyactis		334908 215357 30870 1489923 1489922 1489872 123369 123368 123367 123366 123365 1489388 186625 1489341 32443 41665 186623 7898 117571 117570 7776 7742 89593 7711 33511 33213 6072 33208 33154 2759 131567 
1		37036		Larus dominicanus		37036 8911 8910 8906 8825 8782 436492 436491 436489 436486 8492 1329799 32561 8457 32524 32523 1338369 8287 117571 117570 7776 7742 89593 7711 33511 33213 6072 33208 33154 2759 131567 
1		8187		Lates calcarifer		8187 8186 8184 1489905 1489904 1489872 123369 123368 123367 123366 123365 1489388 186625 1489341 32443 41665 186623 7898 117571 117570 7776 7742 89593 7711 33511 33213 6072 33208 33154 2759 131567 
1		7897		Latimeria chalumnae		7897 7896 7895 7894 118072 8287 117571 117570 7776 7742 89593 7711 33511 33213 6072 33208 33154 2759 131567 
1		106881		Latimeria menadoensis		106881 7896 7895 7894 118072 8287 117571 117570 7776 7742 89593 7711 33511 33213 6072 33208 33154 2759 131567 
1		149982		Lefua echigonia		149982 149981 278171 30725 7952 186627 186626 32519 186634 186625 1489341 32443 41665 186623 7898 117571 117570 7776 7742 89593 7711 33511 33213 6072 33208 33154 2759 131567 
1		211984		Leiocephalus personatus		211984 38931 42424 8515 8511 1329911 1329912 1329950 1329961 8509 8504 32561 8457 32524 32523 1338369 8287 117571 117570 7776 7742 89593 7711 33511 33213 6072 33208 33154 2759 131567 
1		9447		Lemur catta		9447 9446 9445 376915 376911 9443 314146 1437010 9347 32525 40674 32524 32523 1338369 8287 117571 117570 7776 7742 89593 7711 33511 33213 6072 33208 33154 2759 131567 
1		264485		Lepidophyma flavimaculatum		264485 8541 8540 8536 35033 1329950 1329961 8509 8504 32561 8457 32524 32523 1338369 8287 117571 117570 7776 7742 89593 7711 33511 33213 6072 33208 33154 2759 131567 
1		7883		Lepidosiren paradoxa		7883 7881 7880 7879 2823314 118077 7878 1338369 8287 117571 117570 7776 7742 89593 7711 33511 33213 6072 33208 33154 2759 131567 
1		556254		Leptocephalus sp. 'type II larva'		556254 2624272 556253 118175 7933 32521 186624 1489340 32443 41665 186623 7898 117571 117570 7776 7742 89593 7711 33511 33213 6072 33208 33154 2759 131567 
1		443636		Leptochilichthys agassizii		443636 443635 443634 1489486 1489485 186634 186625 1489341 32443 41665 186623 7898 117571 117570 7776 7742 89593 7711 33511 33213 6072 33208 33154 2759 131567 
1		492044		Leptoderma lubricum		492044 492043 134615 1489486 1489485 186634 186625 1489341 32443 41665 186623 7898 117571 117570 7776 7742 89593 7711 33511 33213 6072 33208 33154 2759 131567 
1		492045		Leptoderma retropinna		492045 492043 134615 1489486 1489485 186634 186625 1489341 32443 41665 186623 7898 117571 117570 7776 7742 89593 7711 33511 33213 6072 33208 33154 2759 131567 
1		9713		Leptonychotes weddellii		9713 9712 9709 379584 33554 314145 1437010 9347 32525 40674 32524 32523 1338369 8287 117571 117570 7776 7742 89593 7711 33511 33213 6072 33208 33154 2759 131567 
1		9983		Lepus europaeus		9983 9980 9979 9975 314147 314146 1437010 9347 32525 40674 32524 32523 1338369 8287 117571 117570 7776 7742 89593 7711 33511 33213 6072 33208 33154 2759 131567 
1		6850		Limulus polyphemus		6850 6849 6846 6845 6844 6843 6656 88770 1206794 33317 33213 6072 33208 33154 2759 131567 
1		170193		Lipolagus ochotensis		170193 182442 1489799 134613 41705 1489388 186625 1489341 32443 41665 186623 7898 117571 117570 7776 7742 89593 7711 33511 33213 6072 33208 33154 2759 131567 
1		118797		Lipotes vexillifer		118797 118796 119500 9722 9721 2653789 91561 314145 1437010 9347 32525 40674 32524 32523 1338369 8287 117571 117570 7776 7742 89593 7711 33511 33213 6072 33208 33154 2759 131567 
1		29019		Penaeus stylirostris		29019 133894 6685 111520 6684 6683 6682 72041 6681 2172821 6657 197562 197563 6656 88770 1206794 33317 33213 6072 33208 33154 2759 131567 
1		6689		Penaeus vannamei		6689 133894 6685 111520 6684 6683 6682 72041 6681 2172821 6657 197562 197563 6656 88770 1206794 33317 33213 6072 33208 33154 2759 131567 
1		156992		Liua shihi		156992 156991 30366 30364 8293 41666 8292 32523 1338369 8287 117571 117570 7776 7742 89593 7711 33511 33213 6072 33208 33154 2759 131567 
1		245147		Liua tsinpaensis		245147 156991 30366 30364 8293 41666 8292 32523 1338369 8287 117571 117570 7776 7742 89593 7711 33511 33213 6072 33208 33154 2759 131567 
1		101849		Lobodon carcinophaga		101849 101848 9709 379584 33554 314145 1437010 9347 32525 40674 32524 32523 1338369 8287 117571 117570 7776 7742 89593 7711 33511 33213 6072 33208 33154 2759 131567 
1		238695		Locusta migratoria migratoria		238695 7004 7003 27549 7002 92621 70910 1955150 7001 6993 33341 33340 7496 85512 50557 6960 197562 197563 6656 88770 1206794 33317 33213 6072 33208 33154 2759 131567 
2		6617		Heterololigo bleekeri		1423826 1423825 6615 551347 215450 6606 6605 6447 1206795 2697495 33317 33213 6072 33208 33154 2759 131567 
2		31211		Doryteuthis opalescens		1051066 1051063 6615 551347 215450 6606 6605 6447 1206795 2697495 33317 33213 6072 33208 33154 2759 131567 
1		8073		Lophius americanus		8073 8072 8071 134612 8070 1489922 1489872 123369 123368 123367 123366 123365 1489388 186625 1489341 32443 41665 186623 7898 117571 117570 7776 7742 89593 7711 33511 33213 6072 33208 33154 2759 131567 
1		9044		Lophura ignita		9044 9041 9072 9005 8976 1549675 8825 8782 436492 436491 436489 436486 8492 1329799 32561 8457 32524 32523 1338369 8287 117571 117570 7776 7742 89593 7711 33511 33213 6072 33208 33154 2759 131567 
1		9046		Lophura nycthemera		9046 9041 9072 9005 8976 1549675 8825 8782 436492 436491 436489 436486 8492 1329799 32561 8457 32524 32523 1338369 8287 117571 117570 7776 7742 89593 7711 33511 33213 6072 33208 33154 2759 131567 
1		9468		Loris tardigradus		9468 9467 9461 376917 376911 9443 314146 1437010 9347 32525 40674 32524 32523 1338369 8287 117571 117570 7776 7742 89593 7711 33511 33213 6072 33208 33154 2759 131567 
1		393181		Loxocorone allax		393181 393180 231594 43120 1206795 2697495 33317 33213 6072 33208 33154 2759 131567 
1		9785		Loxodonta africana		9785 9784 9780 9779 311790 9347 32525 40674 32524 32523 1338369 8287 117571 117570 7776 7742 89593 7711 33511 33213 6072 33208 33154 2759 131567 
1		393182		Loxosomella aloxiata		393182 231595 231594 43120 1206795 2697495 33317 33213 6072 33208 33154 2759 131567 
1		590157		Lucanus mazama		590157 41108 614534 41105 75546 41086 41084 7041 33392 33340 7496 85512 50557 6960 197562 197563 6656 88770 1206794 33317 33213 6072 33208 33154 2759 131567 
1		13632		Lucilia sericata		13632 7374 43914 7371 43755 43742 43738 480117 480118 43733 7203 7147 33392 33340 7496 85512 50557 6960 197562 197563 6656 88770 1206794 33317 33213 6072 33208 33154 2759 131567 
1		406540		Lucinella divaricata		406540 406539 42655 106230 1564048 2785015 735337 6599 2785011 6544 6447 1206795 2697495 33317 33213 6072 33208 33154 2759 131567 
1		6398		Lumbricus terrestris		6398 1050931 6397 1046325 6392 6391 2803884 6381 42113 6340 1206795 2697495 33317 33213 6072 33208 33154 2759 131567 
1		520515		Lutjanus bengalensis		520515 40493 119691 30850 2024539 1489922 1489872 123369 123368 123367 123366 123365 1489388 186625 1489341 32443 41665 186623 7898 117571 117570 7776 7742 89593 7711 33511 33213 6072 33208 33154 2759 131567 
1		396787		Lutjanus kasmira		396787 40493 119691 30850 2024539 1489922 1489872 123369 123368 123367 123366 123365 1489388 186625 1489341 32443 41665 186623 7898 117571 117570 7776 7742 89593 7711 33511 33213 6072 33208 33154 2759 131567 
1		218797		Lutjanus malabaricus		218797 40493 119691 30850 2024539 1489922 1489872 123369 123368 123367 123366 123365 1489388 186625 1489341 32443 41665 186623 7898 117571 117570 7776 7742 89593 7711 33511 33213 6072 33208 33154 2759 131567 
1		215356		Lutjanus rivulatus		215356 40493 119691 30850 2024539 1489922 1489872 123369 123368 123367 123366 123365 1489388 186625 1489341 32443 41665 186623 7898 117571 117570 7776 7742 89593 7711 33511 33213 6072 33208 33154 2759 131567 
1		232193		Lutjanus russellii		232193 40493 119691 30850 2024539 1489922 1489872 123369 123368 123367 123366 123365 1489388 186625 1489341 32443 41665 186623 7898 117571 117570 7776 7742 89593 7711 33511 33213 6072 33208 33154 2759 131567 
1		232192		Lutjanus sebae		232192 40493 119691 30850 2024539 1489922 1489872 123369 123368 123367 123366 123365 1489388 186625 1489341 32443 41665 186623 7898 117571 117570 7776 7742 89593 7711 33511 33213 6072 33208 33154 2759 131567 
1		9657		Lutra lutra		9657 9656 169417 9655 379584 33554 314145 1437010 9347 32525 40674 32524 32523 1338369 8287 117571 117570 7776 7742 89593 7711 33511 33213 6072 33208 33154 2759 131567 
1		75026		Luvarus imperialis		75026 75025 30887 1489937 1489922 1489872 123369 123368 123367 123366 123365 1489388 186625 1489341 32443 41665 186623 7898 117571 117570 7776 7742 89593 7711 33511 33213 6072 33208 33154 2759 131567 
1		297010		Lyciasalamandra atifi		297010 297009 1331675 8314 30367 8293 41666 8292 32523 1338369 8287 117571 117570 7776 7742 89593 7711 33511 33213 6072 33208 33154 2759 131567 
1		130591		Lycorma delicatula		130591 130586 130584 38096 36151 33361 1955247 7524 33342 33340 7496 85512 50557 6960 197562 197563 6656 88770 1206794 33317 33213 6072 33208 33154 2759 131567 
1		13123		Lymantria dispar		13123 13122 27548 695564 37570 104431 37567 41197 41196 41191 7088 85604 33392 33340 7496 85512 50557 6960 197562 197563 6656 88770 1206794 33317 33213 6072 33208 33154 2759 131567 
1		344752		Lysiosquillina maculata		344752 344751 77692 77691 77689 75390 75389 72041 6681 2172821 6657 197562 197563 6656 88770 1206794 33317 33213 6072 33208 33154 2759 131567 
1		9544		Macaca mulatta		9544 9539 9528 9527 314294 9526 314293 376913 9443 314146 1437010 9347 32525 40674 32524 32523 1338369 8287 117571 117570 7776 7742 89593 7711 33511 33213 6072 33208 33154 2759 131567 
1		9546		Macaca sylvanus		9546 9539 9528 9527 314294 9526 314293 376913 9443 314146 1437010 9347 32525 40674 32524 32523 1338369 8287 117571 117570 7776 7742 89593 7711 33511 33213 6072 33208 33154 2759 131567 
1		82204		Macrobrachium lanchesteri		82204 6696 6695 115580 6694 6692 6683 6682 72041 6681 2172821 6657 197562 197563 6656 88770 1206794 33317 33213 6072 33208 33154 2759 131567 
1		79674		Macrobrachium rosenbergii		79674 6696 6695 115580 6694 6692 6683 6682 72041 6681 2172821 6657 197562 197563 6656 88770 1206794 33317 33213 6072 33208 33154 2759 131567 
1		571338		Macrochelys temminckii		571338 571337 8473 1579283 1579336 1579337 8464 8459 2841271 1329799 32561 8457 32524 32523 1338369 8287 117571 117570 7776 7742 89593 7711 33511 33213 6072 33208 33154 2759 131567 
1		528226		Macrogyrus oblongus		528226 159822 107778 535384 41071 7041 33392 33340 7496 85512 50557 6960 197562 197563 6656 88770 1206794 33317 33213 6072 33208 33154 2759 131567 
1		9319		Osphranter robustus		9319 2182372 9307 38609 9263 32525 40674 32524 32523 1338369 8287 117571 117570 7776 7742 89593 7711 33511 33213 6072 33208 33154 2759 131567 
1		206124		Macroramphosus scolopax		206124 206123 588787 206122 1489888 129912 1489883 1489872 123369 123368 123367 123366 123365 1489388 186625 1489341 32443 41665 186623 7898 117571 117570 7776 7742 89593 7711 33511 33213 6072 33208 33154 2759 131567 
1		384593		Macrorhamphosodes uradoi		384593 384592 31026 1545896 31022 1489922 1489872 123369 123368 123367 123366 123365 1489388 186625 1489341 32443 41665 186623 7898 117571 117570 7776 7742 89593 7711 33511 33213 6072 33208 33154 2759 131567 
1		29082		Macroscelides proboscideus		29082 29081 28735 28734 311790 9347 32525 40674 32524 32523 1338369 8287 117571 117570 7776 7742 89593 7711 33511 33213 6072 33208 33154 2759 131567 
2		123771		Madracis myriaster		928217 123768 46729 123757 6125 6102 6101 6073 6072 33208 33154 2759 131567 
1		13603		Istiompax indica		13603 1485181 27768 1489906 1489904 1489872 123369 123368 123367 123366 123365 1489388 186625 1489341 32443 41665 186623 7898 117571 117570 7776 7742 89593 7711 33511 33213 6072 33208 33154 2759 131567 
1		384371		Makaira mazara		384371 13602 27768 1489906 1489904 1489872 123369 123368 123367 123366 123365 1489388 186625 1489341 32443 41665 186623 7898 117571 117570 7776 7742 89593 7711 33511 33213 6072 33208 33154 2759 131567 
1		286009		Malacochersus tornieri		286009 286008 8487 8486 1579337 8464 8459 2841271 1329799 32561 8457 32524 32523 1338369 8287 117571 117570 7776 7742 89593 7711 33511 33213 6072 33208 33154 2759 131567 
1		498929		Malcus inconspicuus		498929 238641 238640 236391 33359 33357 33351 33349 33347 33345 33343 7524 33342 33340 7496 85512 50557 6960 197562 197563 6656 88770 1206794 33317 33213 6072 33208 33154 2759 131567 
1		39053		Mammut americanum		39053 39051 9780 9779 311790 9347 32525 40674 32524 32523 1338369 8287 117571 117570 7776 7742 89593 7711 33511 33213 6072 33208 33154 2759 131567 
1		37349		Mammuthus primigenius		37349 37348 9780 9779 311790 9347 32525 40674 32524 32523 1338369 8287 117571 117570 7776 7742 89593 7711 33511 33213 6072 33208 33154 2759 131567 
1		7130		Manduca sexta		7130 7129 523164 82616 7128 37569 104431 37567 41197 41196 41191 7088 85604 33392 33340 7496 85512 50557 6960 197562 197563 6656 88770 1206794 33317 33213 6072 33208 33154 2759 131567 
1		73815		Phataginus tetradactyla		73815 2736678 9972 9971 314145 1437010 9347 32525 40674 32524 32523 1338369 8287 117571 117570 7776 7742 89593 7711 33511 33213 6072 33208 33154 2759 131567 
1		260614		Manouria emys		260614 74923 8487 8486 1579337 8464 8459 2841271 1329799 32561 8457 32524 32523 1338369 8287 117571 117570 7776 7742 89593 7711 33511 33213 6072 33208 33154 2759 131567 
1		74924		Manouria impressa		74924 74923 8487 8486 1579337 8464 8459 2841271 1329799 32561 8457 32524 32523 1338369 8287 117571 117570 7776 7742 89593 7711 33511 33213 6072 33208 33154 2759 131567 
1		111290		Mantella madagascariensis		111290 410366 43513 410314 43512 30352 8416 8342 41666 8292 32523 1338369 8287 117571 117570 7776 7742 89593 7711 33511 33213 6072 33208 33154 2759 131567 
1		27405		Penaeus japonicus		27405 133894 6685 111520 6684 6683 6682 72041 6681 2172821 6657 197562 197563 6656 88770 1206794 33317 33213 6072 33208 33154 2759 131567 
1		74864		Martes flavigula		74864 9658 2892069 9655 379584 33554 314145 1437010 9347 32525 40674 32524 32523 1338369 8287 117571 117570 7776 7742 89593 7711 33511 33213 6072 33208 33154 2759 131567 
1		36721		Martes melampus		36721 9658 2892069 9655 379584 33554 314145 1437010 9347 32525 40674 32524 32523 1338369 8287 117571 117570 7776 7742 89593 7711 33511 33213 6072 33208 33154 2759 131567 
1		36722		Martes zibellina		36722 9658 2892069 9655 379584 33554 314145 1437010 9347 32525 40674 32524 32523 1338369 8287 117571 117570 7776 7742 89593 7711 33511 33213 6072 33208 33154 2759 131567 
1		223211		Masturus lanceolatus		223211 223210 31029 1489935 31022 1489922 1489872 123369 123368 123367 123366 123365 1489388 186625 1489341 32443 41665 186623 7898 117571 117570 7776 7742 89593 7711 33511 33213 6072 33208 33154 2759 131567 
1		443640		Maulisia mauli		443640 443639 170200 1489486 1489485 186634 186625 1489341 32443 41665 186623 7898 117571 117570 7776 7742 89593 7711 33511 33213 6072 33208 33154 2759 131567 
1		74926		Mauremys mutica		74926 74925 328321 328320 8486 1579337 8464 8459 2841271 1329799 32561 8457 32524 32523 1338369 8287 117571 117570 7776 7742 89593 7711 33511 33213 6072 33208 33154 2759 131567 
1		184780		Mecistops cataphractus		184780 423492 8493 1298654 1294634 8492 1329799 32561 8457 32524 32523 1338369 8287 117571 117570 7776 7742 89593 7711 33511 33213 6072 33208 33154 2759 131567 
1		266495		Megabalanus volcano		266495 6679 2899665 37806 2899671 2899670 2899756 6676 6675 116172 2172821 6657 197562 197563 6656 88770 1206794 33317 33213 6072 33208 33154 2759 131567 
1		7932		Megalops atlanticus		7932 7931 7930 7925 32521 186624 1489340 32443 41665 186623 7898 117571 117570 7776 7742 89593 7711 33511 33213 6072 33208 33154 2759 131567 
1		118141		Megalops cyprinoides		118141 7931 7930 7925 32521 186624 1489340 32443 41665 186623 7898 117571 117570 7776 7742 89593 7711 33511 33213 6072 33208 33154 2759 131567 
1		9773		Megaptera novaeangliae		9773 9772 9765 9761 9721 2653789 91561 314145 1437010 9347 32525 40674 32524 32523 1338369 8287 117571 117570 7776 7742 89593 7711 33511 33213 6072 33208 33154 2759 131567 
1		120839		Melanotaenia lacustris		120839 32459 30700 8075 1489913 1489908 1489872 123369 123368 123367 123366 123365 1489388 186625 1489341 32443 41665 186623 7898 117571 117570 7776 7742 89593 7711 33511 33213 6072 33208 33154 2759 131567 
1		9103		Meleagris gallopavo		9103 9102 466552 9005 8976 1549675 8825 8782 436492 436491 436489 436486 8492 1329799 32561 8457 32524 32523 1338369 8287 117571 117570 7776 7742 89593 7711 33511 33213 6072 33208 33154 2759 131567 
1		191034		Meles anakuma		191034 9661 1008252 9655 379584 33554 314145 1437010 9347 32525 40674 32524 32523 1338369 8287 117571 117570 7776 7742 89593 7711 33511 33213 6072 33208 33154 2759 131567 
1		9662		Meles meles		9662 9661 1008252 9655 379584 33554 314145 1437010 9347 32525 40674 32524 32523 1338369 8287 117571 117570 7776 7742 89593 7711 33511 33213 6072 33208 33154 2759 131567 
1		392900		Melichthys vidua		392900 94927 31024 31023 31022 1489922 1489872 123369 123368 123367 123366 123365 1489388 186625 1489341 32443 41665 186623 7898 117571 117570 7776 7742 89593 7711 33511 33213 6072 33208 33154 2759 131567 
1		13146		Melopsittacus undulatus		13146 13145 1545690 9223 8825 8782 436492 436491 436489 436486 8492 1329799 32561 8457 32524 32523 1338369 8287 117571 117570 7776 7742 89593 7711 33511 33213 6072 33208 33154 2759 131567 
1		9636		Melursus ursinus		9636 9635 9632 379584 33554 314145 1437010 9347 32525 40674 32524 32523 1338369 8287 117571 117570 7776 7742 89593 7711 33511 33213 6072 33208 33154 2759 131567 
1		238744		Menidia menidia		238744 238743 238742 461499 8075 1489913 1489908 1489872 123369 123368 123367 123366 123365 1489388 186625 1489341 32443 41665 186623 7898 117571 117570 7776 7742 89593 7711 33511 33213 6072 33208 33154 2759 131567 
1		47692		Menura novaehollandiae		47692 47691 47690 9126 8825 8782 436492 436491 436489 436486 8492 1329799 32561 8457 32524 32523 1338369 8287 117571 117570 7776 7742 89593 7711 33511 33213 6072 33208 33154 2759 131567 
1		8058		Merlangius merlangus		8058 8057 8045 1489845 8043 1489843 1489841 1489838 123368 123367 123366 123365 1489388 186625 1489341 32443 41665 186623 7898 117571 117570 7776 7742 89593 7711 33511 33213 6072 33208 33154 2759 131567 
1		10036		Mesocricetus auratus		10036 10035 10026 337677 337687 1963758 9989 314147 314146 1437010 9347 32525 40674 32524 32523 1338369 8287 117571 117570 7776 7742 89593 7711 33511 33213 6072 33208 33154 2759 131567 
1		6116		Metridium senile		6116 6115 37511 86626 6103 6102 6101 6073 6072 33208 33154 2759 131567 
1		392920		Meuschenia hippocrepis		392920 303721 143346 31023 31022 1489922 1489872 123369 123368 123367 123366 123365 1489388 186625 1489341 32443 41665 186623 7898 117571 117570 7776 7742 89593 7711 33511 33213 6072 33208 33154 2759 131567 
1		56335		Micrastur gilvicollis		56335 56333 8949 8948 8825 8782 436492 436491 436489 436486 8492 1329799 32561 8457 32524 32523 1338369 8287 117571 117570 7776 7742 89593 7711 33511 33213 6072 33208 33154 2759 131567 
1		163146		Microcanthus strigatus		163146 163145 603449 30843 1489938 1489940 1489922 1489872 123369 123368 123367 123366 123365 1489388 186625 1489341 32443 41665 186623 7898 117571 117570 7776 7742 89593 7711 33511 33213 6072 33208 33154 2759 131567 
1		116890		Microcotyle sebastis		116890 92221 54584 2486291 40163 37945 6157 1206795 2697495 33317 33213 6072 33208 33154 2759 131567 
1		143525		Microhyla heymonsi		143525 129017 166052 8427 8426 8416 8342 41666 8292 32523 1338369 8287 117571 117570 7776 7742 89593 7711 33511 33213 6072 33208 33154 2759 131567 
1		387933		Microhyla okinavensis		387933 129017 166052 8427 8426 8416 8342 41666 8292 32523 1338369 8287 117571 117570 7776 7742 89593 7711 33511 33213 6072 33208 33154 2759 131567 
1		143526		Microhyla ornata		143526 129017 166052 8427 8426 8416 8342 41666 8292 32523 1338369 8287 117571 117570 7776 7742 89593 7711 33511 33213 6072 33208 33154 2759 131567 
1		161466		Oostethus brachyurus		161466 1652674 129914 72045 1489884 129912 1489883 1489872 123369 123368 123367 123366 123365 1489388 186625 1489341 32443 41665 186623 7898 117571 117570 7776 7742 89593 7711 33511 33213 6072 33208 33154 2759 131567 
1		147949		Micropterus dolomieu		147949 27705 8180 1545897 1489940 1489922 1489872 123369 123368 123367 123366 123365 1489388 186625 1489341 32443 41665 186623 7898 117571 117570 7776 7742 89593 7711 33511 33213 6072 33208 33154 2759 131567 
1		27706		Micropterus salmoides		27706 27705 8180 1545897 1489940 1489922 1489872 123369 123368 123367 123366 123365 1489388 186625 1489341 32443 41665 186623 7898 117571 117570 7776 7742 89593 7711 33511 33213 6072 33208 33154 2759 131567 
1		100899		Microtus kikuchii		100899 10053 39087 337677 337687 1963758 9989 314147 314146 1437010 9347 32525 40674 32524 32523 1338369 8287 117571 117570 7776 7742 89593 7711 33511 33213 6072 33208 33154 2759 131567 
1		537919		Microtus rossiaemeridionalis		537919 10053 39087 337677 337687 1963758 9989 314147 314146 1437010 9347 32525 40674 32524 32523 1338369 8287 117571 117570 7776 7742 89593 7711 33511 33213 6072 33208 33154 2759 131567 
1		154819		Minytrema melanops		154819 154818 7968 2509193 7952 186627 186626 32519 186634 186625 1489341 32443 41665 186623 7898 117571 117570 7776 7742 89593 7711 33511 33213 6072 33208 33154 2759 131567 
1		9715		Mirounga leonina		9715 9714 9709 379584 33554 314145 1437010 9347 32525 40674 32524 32523 1338369 8287 117571 117570 7776 7742 89593 7711 33511 33213 6072 33208 33154 2759 131567 
1		75329		Misgurnus anguillicaudatus		75329 7983 278169 7982 30725 7952 186627 186626 32519 186634 186625 1489341 32443 41665 186623 7898 117571 117570 7776 7742 89593 7711 33511 33213 6072 33208 33154 2759 131567 
1		357287		Misgurnus nikolskyi		357287 7983 278169 7982 30725 7952 186627 186626 32519 186634 186625 1489341 32443 41665 186623 7898 117571 117570 7776 7742 89593 7711 33511 33213 6072 33208 33154 2759 131567 
1		57987		Mitsukurina owstoni		57987 57986 57977 30496 119195 119197 119203 7778 7777 7776 7742 89593 7711 33511 33213 6072 33208 33154 2759 131567 
1		62295		Mogera wogura		62295 62294 9373 9362 314145 1437010 9347 32525 40674 32524 32523 1338369 8287 117571 117570 7776 7742 89593 7711 33511 33213 6072 33208 33154 2759 131567 
1		392921		Monacanthus chinensis		392921 303714 143346 31023 31022 1489922 1489872 123369 123368 123367 123366 123365 1489388 186625 1489341 32443 41665 186623 7898 117571 117570 7776 7742 89593 7711 33511 33213 6072 33208 33154 2759 131567 
1		29088		Neomonachus schauinslandi		29088 1907176 9709 379584 33554 314145 1437010 9347 32525 40674 32524 32523 1338369 8287 117571 117570 7776 7742 89593 7711 33511 33213 6072 33208 33154 2759 131567 
1		181435		Monocentris japonicus		181435 181434 88673 2558152 1489869 123369 123368 123367 123366 123365 1489388 186625 1489341 32443 41665 186623 7898 117571 117570 7776 7742 89593 7711 33511 33213 6072 33208 33154 2759 131567 
1		334896		Monodactylus argenteus		334896 334895 30853 1489923 1489922 1489872 123369 123368 123367 123366 123365 1489388 186625 1489341 32443 41665 186623 7898 117571 117570 7776 7742 89593 7711 33511 33213 6072 33208 33154 2759 131567 
1		13616		Monodelphis domestica		13616 13615 126287 9265 38605 9263 32525 40674 32524 32523 1338369 8287 117571 117570 7776 7742 89593 7711 33511 33213 6072 33208 33154 2759 131567 
1		40151		Monodon monoceros		40151 40150 9747 9722 9721 2653789 91561 314145 1437010 9347 32525 40674 32524 32523 1338369 8287 117571 117570 7776 7742 89593 7711 33511 33213 6072 33208 33154 2759 131567 
1		384591		Monotaxis grandoculis		384591 386311 490321 30848 1489931 1489922 1489872 123369 123368 123367 123366 123365 1489388 186625 1489341 32443 41665 186623 7898 117571 117570 7776 7742 89593 7711 33511 33213 6072 33208 33154 2759 131567 
1		48500		Orbicella annularis		48500 1920453 46736 123760 6125 6102 6101 6073 6072 33208 33154 2759 131567 
1		48498		Orbicella faveolata		48498 1920453 46736 123760 6125 6102 6101 6073 6072 33208 33154 2759 131567 
1		48499		Orbicella franksi		48499 1920453 46736 123760 6125 6102 6101 6073 6072 33208 33154 2759 131567 
1		246299		Montipora cactus		246299 46703 6126 123757 6125 6102 6101 6073 6072 33208 33154 2759 131567 
1		633874		Mordella atrata		633874 433125 219430 71527 41088 41084 7041 33392 33340 7496 85512 50557 6960 197562 197563 6656 88770 1206794 33317 33213 6072 33208 33154 2759 131567 
1		139719		Moringua edwardsi		139719 118144 118143 7933 32521 186624 1489340 32443 41665 186623 7898 117571 117570 7776 7742 89593 7711 33511 33213 6072 33208 33154 2759 131567 
1		118145		Moringua microchir		118145 118144 118143 7933 32521 186624 1489340 32443 41665 186623 7898 117571 117570 7776 7742 89593 7711 33511 33213 6072 33208 33154 2759 131567 
1		68408		Moschus berezovskii		68408 68410 30533 35500 9845 91561 314145 1437010 9347 32525 40674 32524 32523 1338369 8287 117571 117570 7776 7742 89593 7711 33511 33213 6072 33208 33154 2759 131567 
1		68415		Moschus moschiferus		68415 68410 30533 35500 9845 91561 314145 1437010 9347 32525 40674 32524 32523 1338369 8287 117571 117570 7776 7742 89593 7711 33511 33213 6072 33208 33154 2759 131567 
1		418132		Moxostoma congestum		418132 117934 7968 2509193 7952 186627 186626 32519 186634 186625 1489341 32443 41665 186623 7898 117571 117570 7776 7742 89593 7711 33511 33213 6072 33208 33154 2759 131567 
1		154821		Moxostoma poecilurum		154821 117934 7968 2509193 7952 186627 186626 32519 186634 186625 1489341 32443 41665 186623 7898 117571 117570 7776 7742 89593 7711 33511 33213 6072 33208 33154 2759 131567 
1		48193		Mugil cephalus		48193 8190 8189 41872 1489919 1489908 1489872 123369 123368 123367 123366 123365 1489388 186625 1489341 32443 41665 186623 7898 117571 117570 7776 7742 89593 7711 33511 33213 6072 33208 33154 2759 131567 
1		9886		Muntiacus reevesi		9886 9885 34877 9850 35500 9845 91561 314145 1437010 9347 32525 40674 32524 32523 1338369 8287 117571 117570 7776 7742 89593 7711 33511 33213 6072 33208 33154 2759 131567 
1		256803		Muntiacus reevesi micrurus		256803 9886 9885 34877 9850 35500 9845 91561 314145 1437010 9347 32525 40674 32524 32523 1338369 8287 117571 117570 7776 7742 89593 7711 33511 33213 6072 33208 33154 2759 131567 
1		118162		Muraenesox bagio		118162 7945 7944 7933 32521 186624 1489340 32443 41665 186623 7898 117571 117570 7776 7742 89593 7711 33511 33213 6072 33208 33154 2759 131567 
1		10090		Mus musculus		10090 862507 10088 39107 10066 337687 1963758 9989 314147 314146 1437010 9347 32525 40674 32524 32523 1338369 8287 117571 117570 7776 7742 89593 7711 33511 33213 6072 33208 33154 2759 131567 
1		10091		Mus musculus castaneus		10091 10090 862507 10088 39107 10066 337687 1963758 9989 314147 314146 1437010 9347 32525 40674 32524 32523 1338369 8287 117571 117570 7776 7742 89593 7711 33511 33213 6072 33208 33154 2759 131567 
1		10092		Mus musculus domesticus		10092 10090 862507 10088 39107 10066 337687 1963758 9989 314147 314146 1437010 9347 32525 40674 32524 32523 1338369 8287 117571 117570 7776 7742 89593 7711 33511 33213 6072 33208 33154 2759 131567 
1		57486		Mus musculus molossinus		57486 10090 862507 10088 39107 10066 337687 1963758 9989 314147 314146 1437010 9347 32525 40674 32524 32523 1338369 8287 117571 117570 7776 7742 89593 7711 33511 33213 6072 33208 33154 2759 131567 
1		39442		Mus musculus musculus		39442 10090 862507 10088 39107 10066 337687 1963758 9989 314147 314146 1437010 9347 32525 40674 32524 32523 1338369 8287 117571 117570 7776 7742 89593 7711 33511 33213 6072 33208 33154 2759 131567 
1		254704		Mus terricolor		254704 862507 10088 39107 10066 337687 1963758 9989 314147 314146 1437010 9347 32525 40674 32524 32523 1338369 8287 117571 117570 7776 7742 89593 7711 33511 33213 6072 33208 33154 2759 131567 
1		214982		Mussa angulosa		214982 214981 1328293 46756 123760 6125 6102 6101 6073 6072 33208 33154 2759 131567 
1		79736		Mustelus manazo		79736 7811 7839 30483 119195 119197 119203 7778 7777 7776 7742 89593 7711 33511 33213 6072 33208 33154 2759 131567 
1		75356		Mylopharyngodon piceus		75356 75355 2743747 2743745 30727 7952 186627 186626 32519 186634 186625 1489341 32443 41665 186623 7898 117571 117570 7776 7742 89593 7711 33511 33213 6072 33208 33154 2759 131567 
1		391189		Myrichthys maculosus		391189 182434 54916 54912 7933 32521 186624 1489340 32443 41665 186623 7898 117571 117570 7776 7742 89593 7711 33511 33213 6072 33208 33154 2759 131567 
1		47700		Myripristis berndti		47700 47699 47698 47697 1490028 181483 123369 123368 123367 123366 123365 1489388 186625 1489341 32443 41665 186623 7898 117571 117570 7776 7742 89593 7711 33511 33213 6072 33208 33154 2759 131567 
1		55782		Myrmecobius fasciatus		55782 55781 55780 38608 9263 32525 40674 32524 32523 1338369 8287 117571 117570 7776 7742 89593 7711 33511 33213 6072 33208 33154 2759 131567 
1		270849		Myrmecophilus manni		270849 208675 208674 6995 70906 2174975 6994 6993 33341 33340 7496 85512 50557 6960 197562 197563 6656 88770 1206794 33317 33213 6072 33208 33154 2759 131567 
1		556240		Myroconger compressus		556240 556239 556236 7933 32521 186624 1489340 32443 41665 186623 7898 117571 117570 7776 7742 89593 7711 33511 33213 6072 33208 33154 2759 131567 
1		94961		Mystacina tuberculata		94961 94960 94959 30560 9397 314145 1437010 9347 32525 40674 32524 32523 1338369 8287 117571 117570 7776 7742 89593 7711 33511 33213 6072 33208 33154 2759 131567 
1		6550		Mytilus edulis		6550 6548 301959 6547 106220 6546 6545 2785011 6544 6447 1206795 2697495 33317 33213 6072 33208 33154 2759 131567 
1		29158		Mytilus galloprovincialis		29158 6548 301959 6547 106220 6546 6545 2785011 6544 6447 1206795 2697495 33317 33213 6072 33208 33154 2759 131567 
1		6551		Mytilus trossulus		6551 6548 301959 6547 106220 6546 6545 2785011 6544 6447 1206795 2697495 33317 33213 6072 33208 33154 2759 131567 
1		7769		Myxine glutinosa		7769 110555 110551 7762 7761 117565 1476529 7742 89593 7711 33511 33213 6072 33208 33154 2759 131567 
1		37173		Naemorhedus caudatus		37173 34870 9963 9895 35500 9845 91561 314145 1437010 9347 32525 40674 32524 32523 1338369 8287 117571 117570 7776 7742 89593 7711 33511 33213 6072 33208 33154 2759 131567 
2		209574		Capricornis swinhoei		34866 9965 9963 9895 35500 9845 91561 314145 1437010 9347 32525 40674 32524 32523 1338369 8287 117571 117570 7776 7742 89593 7711 33511 33213 6072 33208 33154 2759 131567 
1		30637		Nannospalax ehrenbergi		30637 30636 10061 337664 337687 1963758 9989 314147 314146 1437010 9347 32525 40674 32524 32523 1338369 8287 117571 117570 7776 7742 89593 7711 33511 33213 6072 33208 33154 2759 131567 
1		170199		Nansenia ardesiaca		170199 170198 170197 134613 41705 1489388 186625 1489341 32443 41665 186623 7898 117571 117570 7776 7742 89593 7711 33511 33213 6072 33208 33154 2759 131567 
1		492032		Narcetes stomias		492032 443643 134615 1489486 1489485 186634 186625 1489341 32443 41665 186623 7898 117571 117570 7776 7742 89593 7711 33511 33213 6072 33208 33154 2759 131567 
1		174156		Narceus annularus		174156 58770 7558 30266 118561 7553 61985 197563 6656 88770 1206794 33317 33213 6072 33208 33154 2759 131567 
1		43780		Nasalis larvatus		43780 43779 9569 9527 314294 9526 314293 376913 9443 314146 1437010 9347 32525 40674 32524 32523 1338369 8287 117571 117570 7776 7742 89593 7711 33511 33213 6072 33208 33154 2759 131567 
1		238060		Naso lopezi		238060 75027 145346 29146 1489937 1489922 1489872 123369 123368 123367 123366 123365 1489388 186625 1489341 32443 41665 186623 7898 117571 117570 7776 7742 89593 7711 33511 33213 6072 33208 33154 2759 131567 
1		657187		natural gynogenetic Carassius auratus red var.		657187 564289 30727 7952 186627 186626 32519 186634 186625 1489341 32443 41665 186623 7898 117571 117570 7776 7742 89593 7711 33511 33213 6072 33208 33154 2759 131567 
1		51031		Necator americanus		51031 51030 53477 33278 2572558 6308 119089 6231 1206794 33317 33213 6072 33208 33154 2759 131567 
1		344322		Negombata magnifica		344322 81542 81541 27925 1779146 6042 6040 33208 33154 2759 131567 
1		303726		Nelusetta ayraudi		303726 303725 143346 31023 31022 1489922 1489872 123369 123368 123367 123366 123365 1489388 186625 1489341 32443 41665 186623 7898 117571 117570 7776 7742 89593 7711 33511 33213 6072 33208 33154 2759 131567 
1		373250		Nematalosa japonica		373250 316162 316161 55118 1489460 32446 282425 186634 186625 1489341 32443 41665 186623 7898 117571 117570 7776 7742 89593 7711 33511 33213 6072 33208 33154 2759 131567 
1		388630		Nematostella sp. JVK-2006		388630 2644687 45350 45349 6103 6102 6101 6073 6072 33208 33154 2759 131567 
1		118170		Nemichthys scolopaceus		118170 118169 118167 7933 32521 186624 1489340 32443 41665 186623 7898 117571 117570 7776 7742 89593 7711 33511 33213 6072 33208 33154 2759 131567 
1		7892		Neoceratodus forsteri		7892 7890 7889 118078 2823314 118077 7878 1338369 8287 117571 117570 7776 7742 89593 7711 33511 33213 6072 33208 33154 2759 131567 
1		181447		Neocyttus rhomboidalis		181447 181446 31101 31097 1489842 1489841 1489838 123368 123367 123366 123365 1489388 186625 1489341 32443 41665 186623 7898 117571 117570 7776 7742 89593 7711 33511 33213 6072 33208 33154 2759 131567 
1		61452		Neofelis nebulosa		61452 61451 338153 9681 379583 33554 314145 1437010 9347 32525 40674 32524 32523 1338369 8287 117571 117570 7776 7742 89593 7711 33511 33213 6072 33208 33154 2759 131567 
1		710152		Neogymnocrinus richeri		710152 710151 710149 228689 35070 35069 133550 7586 33511 33213 6072 33208 33154 2759 131567 
1		32507		Neolamprologus brichardi		32507 32506 319069 318546 319095 8113 1489911 1489910 1489908 1489872 123369 123368 123367 123366 123365 1489388 186625 1489341 32443 41665 186623 7898 117571 117570 7776 7742 89593 7711 33511 33213 6072 33208 33154 2759 131567 
1		557178		Neopanorpa pulchra		557178 115643 50439 27420 33392 33340 7496 85512 50557 6960 197562 197563 6656 88770 1206794 33317 33213 6072 33208 33154 2759 131567 
1		161930		Neophoca cinerea		161930 161929 9702 379584 33554 314145 1437010 9347 32525 40674 32524 32523 1338369 8287 117571 117570 7776 7742 89593 7711 33511 33213 6072 33208 33154 2759 131567 
1		143321		Neoscopelus microchir		143321 88700 88699 68514 123354 123367 123366 123365 1489388 186625 1489341 32443 41665 186623 7898 117571 117570 7776 7742 89593 7711 33511 33213 6072 33208 33154 2759 131567 
2		575835		Nerthra indica		1249914 236466 38102 33352 33351 33349 33347 33345 33343 7524 33342 33340 7496 85512 50557 6960 197562 197563 6656 88770 1206794 33317 33213 6072 33208 33154 2759 131567 
1		189506		Nessorhamphus ingolfianus		189506 118159 118158 7933 32521 186624 1489340 32443 41665 186623 7898 117571 117570 7776 7742 89593 7711 33511 33213 6072 33208 33154 2759 131567 
1		118177		Nettastoma parviceps		118177 118176 118175 7933 32521 186624 1489340 32443 41665 186623 7898 117571 117570 7776 7742 89593 7711 33511 33213 6072 33208 33154 2759 131567 
1		498951		Neuroctenus parus		498951 498950 2517576 236322 209987 33357 33351 33349 33347 33345 33343 7524 33342 33340 7496 85512 50557 6960 197562 197563 6656 88770 1206794 33317 33213 6072 33208 33154 2759 131567 
1		85310		Nezara viridula		85310 85309 286710 160513 33358 33357 33351 33349 33347 33345 33343 7524 33342 33340 7496 85512 50557 6960 197562 197563 6656 88770 1206794 33317 33213 6072 33208 33154 2759 131567 
1		128390		Nipponia nippon		128390 128389 33574 9205 8825 8782 436492 436491 436489 436486 8492 1329799 32561 8457 32524 32523 1338369 8287 117571 117570 7776 7742 89593 7711 33511 33213 6072 33208 33154 2759 131567 
1		307441		Nisaetus alboniger		307441 433377 8955 56259 2558200 8825 8782 436492 436491 436489 436486 8492 1329799 32561 8457 32524 32523 1338369 8287 117571 117570 7776 7742 89593 7711 33511 33213 6072 33208 33154 2759 131567 
1		214438		Nisaetus nipalensis		214438 433377 8955 56259 2558200 8825 8782 436492 436491 436489 436486 8492 1329799 32561 8457 32524 32523 1338369 8287 117571 117570 7776 7742 89593 7711 33511 33213 6072 33208 33154 2759 131567 
1		443646		Normichthys operosus		443646 443645 170200 1489486 1489485 186634 186625 1489341 32443 41665 186623 7898 117571 117570 7776 7742 89593 7711 33511 33213 6072 33208 33154 2759 131567 
1		143895		Notacanthus chemnitzii		143895 55112 55111 143896 32521 186624 1489340 32443 41665 186623 7898 117571 117570 7776 7742 89593 7711 33511 33213 6072 33208 33154 2759 131567 
1		28800		Notemigonus crysoleucas		28800 28799 2743728 2743726 30727 7952 186627 186626 32519 186634 186625 1489341 32443 41665 186623 7898 117571 117570 7776 7742 89593 7711 33511 33213 6072 33208 33154 2759 131567 
1		103479		Notopterus notopterus		103479 42651 31091 41712 31089 1489343 1489341 32443 41665 186623 7898 117571 117570 7776 7742 89593 7711 33511 33213 6072 33208 33154 2759 131567 
1		28795		Notropis stramineus		28795 28793 2743731 2743726 30727 7952 186627 186626 32519 186634 186625 1489341 32443 41665 186623 7898 117571 117570 7776 7742 89593 7711 33511 33213 6072 33208 33154 2759 131567 
1		8996		Numida meleagris		8996 8995 8990 8976 1549675 8825 8782 436492 436491 436489 436486 8492 1329799 32561 8457 32524 32523 1338369 8287 117571 117570 7776 7742 89593 7711 33511 33213 6072 33208 33154 2759 131567 
1		34880		Nyctereutes procyonoides		34880 34879 9608 379584 33554 314145 1437010 9347 32525 40674 32524 32523 1338369 8287 117571 117570 7776 7742 89593 7711 33511 33213 6072 33208 33154 2759 131567 
1		9470		Nycticebus coucang		9470 9469 9461 376917 376911 9443 314146 1437010 9347 32525 40674 32524 32523 1338369 8287 117571 117570 7776 7742 89593 7711 33511 33213 6072 33208 33154 2759 131567 
1		134600		Ochotona collaris		134600 9977 9976 9975 314147 314146 1437010 9347 32525 40674 32524 32523 1338369 8287 117571 117570 7776 7742 89593 7711 33511 33213 6072 33208 33154 2759 131567 
1		130825		Ochotona curzoniae		130825 9977 9976 9975 314147 314146 1437010 9347 32525 40674 32524 32523 1338369 8287 117571 117570 7776 7742 89593 7711 33511 33213 6072 33208 33154 2759 131567 
1		9978		Ochotona princeps		9978 9977 9976 9975 314147 314146 1437010 9347 32525 40674 32524 32523 1338369 8287 117571 117570 7776 7742 89593 7711 33511 33213 6072 33208 33154 2759 131567 
1		280162		Ochterus marginatus		280162 280161 236404 33352 33351 33349 33347 33345 33343 7524 33342 33340 7496 85512 50557 6960 197562 197563 6656 88770 1206794 33317 33213 6072 33208 33154 2759 131567 
2		154808		Amphioctopus fangsiao		515817 505395 6647 6646 6638 215451 6606 6605 6447 1206795 2697495 33317 33213 6072 33208 33154 2759 131567 
1		6645		Octopus vulgaris		6645 6643 6647 6646 6638 215451 6606 6605 6447 1206795 2697495 33317 33213 6072 33208 33154 2759 131567 
2		241363		Olisthops cyanomelas		1605466 1605465 241355 1489928 1489922 1489872 123369 123368 123367 123366 123365 1489388 186625 1489341 32443 41665 186623 7898 117571 117570 7776 7742 89593 7711 33511 33213 6072 33208 33154 2759 131567 
1		62698		Odobenus rosmarus rosmarus		62698 9707 9706 9705 379584 33554 314145 1437010 9347 32525 40674 32524 32523 1338369 8287 117571 117570 7776 7742 89593 7711 33511 33213 6072 33208 33154 2759 131567 
1		492019		Odontesthes sp. Odsp-001		492019 2620044 103865 103980 461499 8075 1489913 1489908 1489872 123369 123368 123367 123366 123365 1489388 186625 1489341 32443 41665 186623 7898 117571 117570 7776 7742 89593 7711 33511 33213 6072 33208 33154 2759 131567 
1		325276		Odontobutis platycephala		325276 86243 166784 8219 1489878 1489875 1489872 123369 123368 123367 123366 123365 1489388 186625 1489341 32443 41665 186623 7898 117571 117570 7776 7742 89593 7711 33511 33213 6072 33208 33154 2759 131567 
1		392902		Odonus niger		392902 392901 31024 31023 31022 1489922 1489872 123369 123368 123367 123366 123365 1489388 186625 1489341 32443 41665 186623 7898 117571 117570 7776 7742 89593 7711 33511 33213 6072 33208 33154 2759 131567 
1		244712		Oedaleus asiaticus		244712 227570 27549 7002 92621 70910 1955150 7001 6993 33341 33340 7496 85512 50557 6960 197562 197563 6656 88770 1206794 33317 33213 6072 33208 33154 2759 131567 
1		133961		Ognevia longipennis		133961 133960 109883 7002 92621 70910 1955150 7001 6993 33341 33340 7496 85512 50557 6960 197562 197563 6656 88770 1206794 33317 33213 6072 33208 33154 2759 131567 
1		432798		Okamejei kenojei		432798 117864 30475 7858 117893 7778 7777 7776 7742 89593 7711 33511 33213 6072 33208 33154 2759 131567 
1		72053		Oncorhynchus clarkii henshawi		72053 30962 8016 504568 8015 8006 41705 1489388 186625 1489341 32443 41665 186623 7898 117571 117570 7776 7742 89593 7711 33511 33213 6072 33208 33154 2759 131567 
1		8017		Oncorhynchus gorbuscha		8017 8016 504568 8015 8006 41705 1489388 186625 1489341 32443 41665 186623 7898 117571 117570 7776 7742 89593 7711 33511 33213 6072 33208 33154 2759 131567 
1		8018		Oncorhynchus keta		8018 8016 504568 8015 8006 41705 1489388 186625 1489341 32443 41665 186623 7898 117571 117570 7776 7742 89593 7711 33511 33213 6072 33208 33154 2759 131567 
1		8019		Oncorhynchus kisutch		8019 8016 504568 8015 8006 41705 1489388 186625 1489341 32443 41665 186623 7898 117571 117570 7776 7742 89593 7711 33511 33213 6072 33208 33154 2759 131567 
1		412663		Oncorhynchus masou 'Biwa'		412663 8020 8016 504568 8015 8006 41705 1489388 186625 1489341 32443 41665 186623 7898 117571 117570 7776 7742 89593 7711 33511 33213 6072 33208 33154 2759 131567 
1		173242		Oncorhynchus masou formosanus		173242 8020 8016 504568 8015 8006 41705 1489388 186625 1489341 32443 41665 186623 7898 117571 117570 7776 7742 89593 7711 33511 33213 6072 33208 33154 2759 131567 
1		8021		Oncorhynchus masou ishikawae		8021 8020 8016 504568 8015 8006 41705 1489388 186625 1489341 32443 41665 186623 7898 117571 117570 7776 7742 89593 7711 33511 33213 6072 33208 33154 2759 131567 
1		8023		Oncorhynchus nerka		8023 8016 504568 8015 8006 41705 1489388 186625 1489341 32443 41665 186623 7898 117571 117570 7776 7742 89593 7711 33511 33213 6072 33208 33154 2759 131567 
1		113382		Onychodactylus fischeri		113382 113381 30366 30364 8293 41666 8292 32523 1338369 8287 117571 117570 7776 7742 89593 7711 33511 33213 6072 33208 33154 2759 131567 
1		8665		Ophiophagus hannah		8665 8664 42168 8602 34989 8570 1329911 1329912 1329950 1329961 8509 8504 32561 8457 32524 32523 1338369 8287 117571 117570 7776 7742 89593 7711 33511 33213 6072 33208 33154 2759 131567 
1		118157		Ophisurus macrorhynchos		118157 118156 54916 54912 7933 32521 186624 1489340 32443 41665 186623 7898 117571 117570 7776 7742 89593 7711 33511 33213 6072 33208 33154 2759 131567 
1		72672		Ophiura albida		72672 48547 133727 35054 7620 133711 2783457 2594223 2594222 2594221 7618 7587 133551 7586 33511 33213 6072 33208 33154 2759 131567 
2		224378		Ophiura luetkenii		869195 48547 133727 35054 7620 133711 2783457 2594223 2594222 2594221 7618 7587 133551 7586 33511 33213 6072 33208 33154 2759 131567 
1		163134		Oplegnathus fasciatus		163134 163133 30858 1489938 1489940 1489922 1489872 123369 123368 123367 123366 123365 1489388 186625 1489341 32443 41665 186623 7898 117571 117570 7776 7742 89593 7711 33511 33213 6072 33208 33154 2759 131567 
1		163135		Oplegnathus punctatus		163135 163133 30858 1489938 1489940 1489922 1489872 123369 123368 123367 123366 123365 1489388 186625 1489341 32443 41665 186623 7898 117571 117570 7776 7742 89593 7711 33511 33213 6072 33208 33154 2759 131567 
1		332245		Oplurus grandidieri		332245 43603 43602 8515 8511 1329911 1329912 1329950 1329961 8509 8504 32561 8457 32524 32523 1338369 8287 117571 117570 7776 7742 89593 7711 33511 33213 6072 33208 33154 2759 131567 
1		141458		Opsariichthys bidens		141458 39567 2743746 2743745 30727 7952 186627 186626 32519 186634 186625 1489341 32443 41665 186623 7898 117571 117570 7776 7742 89593 7711 33511 33213 6072 33208 33154 2759 131567 
1		39568		Opsariichthys uncirostris		39568 39567 2743746 2743745 30727 7952 186627 186626 32519 186634 186625 1489341 32443 41665 186623 7898 117571 117570 7776 7742 89593 7711 33511 33213 6072 33208 33154 2759 131567 
1		195264		Orbinia latreillii		195264 195262 46603 105387 105389 6341 6340 1206795 2697495 33317 33213 6072 33208 33154 2759 131567 
1		47969		Oreochromis aureus		47969 8139 1315725 318546 319095 8113 1489911 1489910 1489908 1489872 123369 123368 123367 123366 123365 1489388 186625 1489341 32443 41665 186623 7898 117571 117570 7776 7742 89593 7711 33511 33213 6072 33208 33154 2759 131567 
1		8128		Oreochromis niloticus		8128 8139 1315725 318546 319095 8113 1489911 1489910 1489908 1489872 123369 123368 123367 123366 123365 1489388 186625 1489341 32443 41665 186623 7898 117571 117570 7776 7742 89593 7711 33511 33213 6072 33208 33154 2759 131567 
1		371725		Oreochromis sp. KM-2006		371725 2620916 8139 1315725 318546 319095 8113 1489911 1489910 1489908 1489872 123369 123368 123367 123366 123365 1489388 186625 1489341 32443 41665 186623 7898 117571 117570 7776 7742 89593 7711 33511 33213 6072 33208 33154 2759 131567 
1		9258		Ornithorhynchus anatinus		9258 9257 9256 9255 9254 40674 32524 32523 1338369 8287 117571 117570 7776 7742 89593 7711 33511 33213 6072 33208 33154 2759 131567 
1		576952		Orussus occidentalis		576952 27529 27528 222831 7399 33392 33340 7496 85512 50557 6960 197562 197563 6656 88770 1206794 33317 33213 6072 33208 33154 2759 131567 
1		9818		Orycteropus afer		9818 9817 9816 9815 311790 9347 32525 40674 32524 32523 1338369 8287 117571 117570 7776 7742 89593 7711 33511 33213 6072 33208 33154 2759 131567 
1		9986		Oryctolagus cuniculus		9986 9984 9979 9975 314147 314146 1437010 9347 32525 40674 32524 32523 1338369 8287 117571 117570 7776 7742 89593 7711 33511 33213 6072 33208 33154 2759 131567 
1		291360		Oryzias dancena		291360 8089 8088 47757 28781 76071 1489913 1489908 1489872 123369 123368 123367 123366 123365 1489388 186625 1489341 32443 41665 186623 7898 117571 117570 7776 7742 89593 7711 33511 33213 6072 33208 33154 2759 131567 
1		123683		Oryzias javanicus		123683 8089 8088 47757 28781 76071 1489913 1489908 1489872 123369 123368 123367 123366 123365 1489388 186625 1489341 32443 41665 186623 7898 117571 117570 7776 7742 89593 7711 33511 33213 6072 33208 33154 2759 131567 
1		8090		Oryzias latipes		8090 8089 8088 47757 28781 76071 1489913 1489908 1489872 123369 123368 123367 123366 123365 1489388 186625 1489341 32443 41665 186623 7898 117571 117570 7776 7742 89593 7711 33511 33213 6072 33208 33154 2759 131567 
1		104659		Oryzias luzonensis		104659 8089 8088 47757 28781 76071 1489913 1489908 1489872 123369 123368 123367 123366 123365 1489388 186625 1489341 32443 41665 186623 7898 117571 117570 7776 7742 89593 7711 33511 33213 6072 33208 33154 2759 131567 
1		123685		Oryzias minutillus		123685 8089 8088 47757 28781 76071 1489913 1489908 1489872 123369 123368 123367 123366 123365 1489388 186625 1489341 32443 41665 186623 7898 117571 117570 7776 7742 89593 7711 33511 33213 6072 33208 33154 2759 131567 
1		183150		Oryzias sinensis		183150 8089 8088 47757 28781 76071 1489913 1489908 1489872 123369 123368 123367 123366 123365 1489388 186625 1489341 32443 41665 186623 7898 117571 117570 7776 7742 89593 7711 33511 33213 6072 33208 33154 2759 131567 
1		386100		Oscarella carmela		386100 121493 2599947 81000 80999 6040 33208 33154 2759 131567 
1		109271		Osteoglossum bicirrhosum		109271 27724 27723 41712 31089 1489343 1489341 32443 41665 186623 7898 117571 117570 7776 7742 89593 7711 33511 33213 6072 33208 33154 2759 131567 
1		184242		Osteolaemus tetraspis		184242 184241 8493 1298654 1294634 8492 1329799 32561 8457 32524 32523 1338369 8287 117571 117570 7776 7742 89593 7711 33511 33213 6072 33208 33154 2759 131567 
1		181437		Ostichthys japonicus		181437 181436 47698 47697 1490028 181483 123369 123368 123367 123366 123365 1489388 186625 1489341 32443 41665 186623 7898 117571 117570 7776 7742 89593 7711 33511 33213 6072 33208 33154 2759 131567 
1		384598		Ostracion immaculatus		384598 94238 31025 303735 31022 1489922 1489872 123369 123368 123367 123366 123365 1489388 186625 1489341 32443 41665 186623 7898 117571 117570 7776 7742 89593 7711 33511 33213 6072 33208 33154 2759 131567 
1		9463		Otolemur crassicaudatus		9463 30610 40297 376917 376911 9443 314146 1437010 9347 32525 40674 32524 32523 1338369 8287 117571 117570 7776 7742 89593 7711 33511 33213 6072 33208 33154 2759 131567 
1		9940		Ovis aries		9940 9935 9963 9895 35500 9845 91561 314145 1437010 9347 32525 40674 32524 32523 1338369 8287 117571 117570 7776 7742 89593 7711 33511 33213 6072 33208 33154 2759 131567 
1		165482		Oxya chinensis		165482 165481 227572 7002 92621 70910 1955150 7001 6993 33341 33340 7496 85512 50557 6960 197562 197563 6656 88770 1206794 33317 33213 6072 33208 33154 2759 131567 
1		288317		Pachyhynobius shangchengensis		288317 288316 30366 30364 8293 41666 8292 32523 1338369 8287 117571 117570 7776 7742 89593 7711 33511 33213 6072 33208 33154 2759 131567 
1		63415		Pagrus auriga		63415 8172 8169 1489931 1489922 1489872 123369 123368 123367 123366 123365 1489388 186625 1489341 32443 41665 186623 7898 117571 117570 7776 7742 89593 7711 33511 33213 6072 33208 33154 2759 131567 
1		111067		Pagurus longicarpus		111067 6746 6745 6744 6738 6692 6683 6682 72041 6681 2172821 6657 197562 197563 6656 88770 1206794 33317 33213 6072 33208 33154 2759 131567 
1		38658		Paleosuchus trigonatus		38658 38657 1294637 1294636 1294634 8492 1329799 32561 8457 32524 32523 1338369 8287 117571 117570 7776 7742 89593 7711 33511 33213 6072 33208 33154 2759 131567 
1		9597		Pan paniscus		9597 9596 207598 9604 314295 9526 314293 376913 9443 314146 1437010 9347 32525 40674 32524 32523 1338369 8287 117571 117570 7776 7742 89593 7711 33511 33213 6072 33208 33154 2759 131567 
1		9598		Pan troglodytes		9598 9596 207598 9604 314295 9526 314293 376913 9443 314146 1437010 9347 32525 40674 32524 32523 1338369 8287 117571 117570 7776 7742 89593 7711 33511 33213 6072 33208 33154 2759 131567 
1		56262		Pandion haliaetus		56262 56261 56260 2558200 8825 8782 436492 436491 436489 436486 8492 1329799 32561 8457 32524 32523 1338369 8287 117571 117570 7776 7742 89593 7711 33511 33213 6072 33208 33154 2759 131567 
1		357285		Pangio anguillaris		357285 127971 278169 7982 30725 7952 186627 186626 32519 186634 186625 1489341 32443 41665 186623 7898 117571 117570 7776 7742 89593 7711 33511 33213 6072 33208 33154 2759 131567 
1		9691		Panthera pardus		9691 9688 338153 9681 379583 33554 314145 1437010 9347 32525 40674 32524 32523 1338369 8287 117571 117570 7776 7742 89593 7711 33511 33213 6072 33208 33154 2759 131567 
1		9694		Panthera tigris		9694 9688 338153 9681 379583 33554 314145 1437010 9347 32525 40674 32524 32523 1338369 8287 117571 117570 7776 7742 89593 7711 33511 33213 6072 33208 33154 2759 131567 
1		271451		Pantherophis slowinskii		271451 201800 169863 8578 34989 8570 1329911 1329912 1329950 1329961 8509 8504 32561 8457 32524 32523 1338369 8287 117571 117570 7776 7742 89593 7711 33511 33213 6072 33208 33154 2759 131567 
1		59538		Pantholops hodgsonii		59538 59537 9948 9895 35500 9845 91561 314145 1437010 9347 32525 40674 32524 32523 1338369 8287 117571 117570 7776 7742 89593 7711 33511 33213 6072 33208 33154 2759 131567 
1		8276		Pantodon buchholzi		8276 8275 8274 41712 31089 1489343 1489341 32443 41665 186623 7898 117571 117570 7776 7742 89593 7711 33511 33213 6072 33208 33154 2759 131567 
1		6736		Panulirus japonicus		6736 6734 6731 115587 6730 6692 6683 6682 72041 6681 2172821 6657 197562 197563 6656 88770 1206794 33317 33213 6072 33208 33154 2759 131567 
1		9557		Papio hamadryas		9557 9554 9528 9527 314294 9526 314293 376913 9443 314146 1437010 9347 32525 40674 32524 32523 1338369 8287 117571 117570 7776 7742 89593 7711 33511 33213 6072 33208 33154 2759 131567 
1		311468		Papyrocranus congoensis		311468 113546 31091 41712 31089 1489343 1489341 32443 41665 186623 7898 117571 117570 7776 7742 89593 7711 33511 33213 6072 33208 33154 2759 131567 
1		7656		Paracentrotus lividus		7656 7655 7676 7675 2785018 7674 7638 7625 7624 133551 7586 33511 33213 6072 33208 33154 2759 131567 
1		391200		Paraconger notialis		391200 391199 135218 7941 7933 32521 186624 1489340 32443 41665 186623 7898 117571 117570 7776 7742 89593 7711 33511 33213 6072 33208 33154 2759 131567 
2		363225		Paradactylodon persicus		324348 1008990 30366 30364 8293 41666 8292 32523 1338369 8287 117571 117570 7776 7742 89593 7711 33511 33213 6072 33208 33154 2759 131567 
1		324332		Paradactylodon mustersi		324332 1008990 30366 30364 8293 41666 8292 32523 1338369 8287 117571 117570 7776 7742 89593 7711 33511 33213 6072 33208 33154 2759 131567 
1		490128		Parafronurus youi		490128 490127 178295 185810 30073 33339 7496 85512 50557 6960 197562 197563 6656 88770 1206794 33317 33213 6072 33208 33154 2759 131567 
1		34504		Paragonimus westermani		34504 34503 34502 116925 27871 6179 6178 6157 1206795 2697495 33317 33213 6072 33208 33154 2759 131567 
1		356780		Parajulis poecilepterus		356780 356779 8247 1489928 1489922 1489872 123369 123368 123367 123366 123365 1489388 186625 1489341 32443 41665 186623 7898 117571 117570 7776 7742 89593 7711 33511 33213 6072 33208 33154 2759 131567 
1		299325		Parakneria cameronensis		299325 42624 1546156 30763 1489487 29140 186633 32519 186634 186625 1489341 32443 41665 186623 7898 117571 117570 7776 7742 89593 7711 33511 33213 6072 33208 33154 2759 131567 
1		8255		Paralichthys olivaceus		8255 8254 171414 30942 8252 1489904 1489872 123369 123368 123367 123366 123365 1489388 186625 1489341 32443 41665 186623 7898 117571 117570 7776 7742 89593 7711 33511 33213 6072 33208 33154 2759 131567 
1		303718		Paraluteres prionurus		303718 303717 143346 31023 31022 1489922 1489872 123369 123368 123367 123366 123365 1489388 186625 1489341 32443 41665 186623 7898 117571 117570 7776 7742 89593 7711 33511 33213 6072 33208 33154 2759 131567 
1		164972		Paramesotriton hongkongensis		164972 164968 1331674 8314 30367 8293 41666 8292 32523 1338369 8287 117571 117570 7776 7742 89593 7711 33511 33213 6072 33208 33154 2759 131567 
1		392923		Paramonacanthus choirocephalus		392923 392922 143346 31023 31022 1489922 1489872 123369 123368 123367 123366 123365 1489388 186625 1489341 32443 41665 186623 7898 117571 117570 7776 7742 89593 7711 33511 33213 6072 33208 33154 2759 131567 
1		360507		Parapristipoma trilineatum		360507 349639 30840 2024539 1489922 1489872 123369 123368 123367 123366 123365 1489388 186625 1489341 32443 41665 186623 7898 117571 117570 7776 7742 89593 7711 33511 33213 6072 33208 33154 2759 131567 
1		255644		Parargyrops edita		255644 255643 8169 1489931 1489922 1489872 123369 123368 123367 123366 123365 1489388 186625 1489341 32443 41665 186623 7898 117571 117570 7776 7742 89593 7711 33511 33213 6072 33208 33154 2759 131567 
1		683134		Parastichopus nigripunctatus		683134 7688 7687 7682 7681 7705 7624 133551 7586 33511 33213 6072 33208 33154 2759 131567 
1		565083		Parataeniophorus gulosus		565083 565082 88666 8277 1489869 123369 123368 123367 123366 123365 1489388 186625 1489341 32443 41665 186623 7898 117571 117570 7776 7742 89593 7711 33511 33213 6072 33208 33154 2759 131567 
1		80772		Paratilapia polleni		80772 80771 318545 8113 1489911 1489910 1489908 1489872 123369 123368 123367 123366 123365 1489388 186625 1489341 32443 41665 186623 7898 117571 117570 7776 7742 89593 7711 33511 33213 6072 33208 33154 2759 131567 
1		181440		Parazen pacificus		181440 181439 1176756 31102 31097 1489842 1489841 1489838 123368 123367 123366 123365 1489388 186625 1489341 32443 41665 186623 7898 117571 117570 7776 7742 89593 7711 33511 33213 6072 33208 33154 2759 131567 
1		238224		Paretroplus maculatus		238224 50898 318545 8113 1489911 1489910 1489908 1489872 123369 123368 123367 123366 123365 1489388 186625 1489341 32443 41665 186623 7898 117571 117570 7776 7742 89593 7711 33511 33213 6072 33208 33154 2759 131567 
1		7594		Patiria pectinifera		7594 35076 7592 41166 41243 7588 7587 133551 7586 33511 33213 6072 33208 33154 2759 131567 
1		9050		Pavo muticus		9050 9048 9072 9005 8976 1549675 8825 8782 436492 436491 436489 436486 8492 1329799 32561 8457 32524 32523 1338369 8287 117571 117570 7776 7742 89593 7711 33511 33213 6072 33208 33154 2759 131567 
1		367766		Pavona clavus		367766 46725 46724 123758 6125 6102 6101 6073 6072 33208 33154 2759 131567 
1		9829		Pecari tajacu		9829 35609 9827 35497 91561 314145 1437010 9347 32525 40674 32524 32523 1338369 8287 117571 117570 7776 7742 89593 7711 33511 33213 6072 33208 33154 2759 131567 
1		215342		Pegasus volitans		215342 215341 215337 1489884 129912 1489883 1489872 123369 123368 123367 123366 123365 1489388 186625 1489341 32443 41665 186623 7898 117571 117570 7776 7742 89593 7711 33511 33213 6072 33208 33154 2759 131567 
1		317925		Pelecus cultratus		317925 317924 2743728 2743726 30727 7952 186627 186626 32519 186634 186625 1489341 32443 41665 186623 7898 117571 117570 7776 7742 89593 7711 33511 33213 6072 33208 33154 2759 131567 
1		402406		Pellonula leonensis		402406 402405 55120 55118 1489460 32446 282425 186634 186625 1489341 32443 41665 186623 7898 117571 117570 7776 7742 89593 7711 33511 33213 6072 33208 33154 2759 131567 
1		61616		Pelobates cultripes		61616 61615 8432 8431 8342 41666 8292 32523 1338369 8287 117571 117570 7776 7742 89593 7711 33511 33213 6072 33208 33154 2759 131567 
1		13735		Pelodiscus sinensis		13735 204969 34907 1579275 8464 8459 2841271 1329799 32561 8457 32524 32523 1338369 8287 117571 117570 7776 7742 89593 7711 33511 33213 6072 33208 33154 2759 131567 
1		44522		Pelomedusa subrufa		44522 44521 44515 8460 8459 2841271 1329799 32561 8457 32524 32523 1338369 8287 117571 117570 7776 7742 89593 7711 33511 33213 6072 33208 33154 2759 131567 
1		6687		Penaeus monodon		6687 133894 6685 111520 6684 6683 6682 72041 6681 2172821 6657 197562 197563 6656 88770 1206794 33317 33213 6072 33208 33154 2759 131567 
1		163822		Percina macrolepida		163822 1070158 54316 698016 8165 8112 8111 1489922 1489872 123369 123368 123367 123366 123365 1489388 186625 1489341 32443 41665 186623 7898 117571 117570 7776 7742 89593 7711 33511 33213 6072 33208 33154 2759 131567 
1		36977		Periplaneta fuliginosa		36977 6977 77099 6974 1049657 85823 6970 33341 33340 7496 85512 50557 6960 197562 197563 6656 88770 1206794 33317 33213 6072 33208 33154 2759 131567 
1		9472		Perodicticus potto		9472 9471 9461 376917 376911 9443 314146 1437010 9347 32525 40674 32524 32523 1338369 8287 117571 117570 7776 7742 89593 7711 33511 33213 6072 33208 33154 2759 131567 
1		392925		Pervagor janthinosoma		392925 392924 143346 31023 31022 1489922 1489872 123369 123368 123367 123366 123365 1489388 186625 1489341 32443 41665 186623 7898 117571 117570 7776 7742 89593 7711 33511 33213 6072 33208 33154 2759 131567 
1		34899		Petaurus breviceps		34899 34898 9331 38609 9263 32525 40674 32524 32523 1338369 8287 117571 117570 7776 7742 89593 7711 33511 33213 6072 33208 33154 2759 131567 
1		50562		Petrobius brevistylis		50562 50560 50558 29994 554674 50557 6960 197562 197563 6656 88770 1206794 33317 33213 6072 33208 33154 2759 131567 
1		7757		Petromyzon marinus		7757 7756 7746 7745 117569 1476529 7742 89593 7711 33511 33213 6072 33208 33154 2759 131567 
1		57847		Petroscirtes breviceps		57847 57846 703914 56718 56717 1489921 1489920 1489908 1489872 123369 123368 123367 123366 123365 1489388 186625 1489341 32443 41665 186623 7898 117571 117570 7776 7742 89593 7711 33511 33213 6072 33208 33154 2759 131567 
1		41426		Phacochoerus africanus		41426 41425 9821 35497 91561 314145 1437010 9347 32525 40674 32524 32523 1338369 8287 117571 117570 7776 7742 89593 7711 33511 33213 6072 33208 33154 2759 131567 
1		52110		Phaeognathus hubrichti		52110 52109 269181 8332 30367 8293 41666 8292 32523 1338369 8287 117571 117570 7776 7742 89593 7711 33511 33213 6072 33208 33154 2759 131567 
1		57073		Phaethon rubricauda		57073 37044 30445 9205 8825 8782 436492 436491 436489 436486 8492 1329799 32561 8457 32524 32523 1338369 8287 117571 117570 7776 7742 89593 7711 33511 33213 6072 33208 33154 2759 131567 
1		329963		Phanogenia gracilis		329963 329962 1529449 106121 7581 35070 35069 133550 7586 33511 33213 6072 33208 33154 2759 131567 
1		9293		Phascogale tapoatafa		9293 9292 9277 38608 9263 32525 40674 32524 32523 1338369 8287 117571 117570 7776 7742 89593 7711 33511 33213 6072 33208 33154 2759 131567 
1		38626		Phascolarctos cinereus		38626 38625 38624 38609 9263 32525 40674 32524 32523 1338369 8287 117571 117570 7776 7742 89593 7711 33511 33213 6072 33208 33154 2759 131567 
1		9055		Phasianus versicolor		9055 9053 9072 9005 8976 1549675 8825 8782 436492 436491 436489 436486 8492 1329799 32561 8457 32524 32523 1338369 8287 117571 117570 7776 7742 89593 7711 33511 33213 6072 33208 33154 2759 131567 
1		71759		Phenacobius mirabilis		71759 67551 2743731 2743726 30727 7952 186627 186626 32519 186634 186625 1489341 32443 41665 186623 7898 117571 117570 7776 7742 89593 7711 33511 33213 6072 33208 33154 2759 131567 
1		42486		Phenacogrammus interruptus		42486 42485 61319 1489739 7991 186628 186626 32519 186634 186625 1489341 32443 41665 186623 7898 117571 117570 7776 7742 89593 7711 33511 33213 6072 33208 33154 2759 131567 
1		36667		Philaenus spumarius		36667 30087 36666 33366 33365 1955247 7524 33342 33340 7496 85512 50557 6960 197562 197563 6656 88770 1206794 33317 33213 6072 33208 33154 2759 131567 
1		39088		Phoca fasciata		39088 9717 9709 379584 33554 314145 1437010 9347 32525 40674 32524 32523 1338369 8287 117571 117570 7776 7742 89593 7711 33511 33213 6072 33208 33154 2759 131567 
1		39089		Phoca groenlandica		39089 9717 9709 379584 33554 314145 1437010 9347 32525 40674 32524 32523 1338369 8287 117571 117570 7776 7742 89593 7711 33511 33213 6072 33208 33154 2759 131567 
1		39090		Phoca largha		39090 9717 9709 379584 33554 314145 1437010 9347 32525 40674 32524 32523 1338369 8287 117571 117570 7776 7742 89593 7711 33511 33213 6072 33208 33154 2759 131567 
1		9720		Phoca vitulina		9720 9717 9709 379584 33554 314145 1437010 9347 32525 40674 32524 32523 1338369 8287 117571 117570 7776 7742 89593 7711 33511 33213 6072 33208 33154 2759 131567 
1		34888		Phocarctos hookeri		34888 34887 9702 379584 33554 314145 1437010 9347 32525 40674 32524 32523 1338369 8287 117571 117570 7776 7742 89593 7711 33511 33213 6072 33208 33154 2759 131567 
1		9742		Phocoena phocoena		9742 9741 9740 9722 9721 2653789 91561 314145 1437010 9347 32525 40674 32524 32523 1338369 8287 117571 117570 7776 7742 89593 7711 33511 33213 6072 33208 33154 2759 131567 
1		575499		Phoenicolacerta kulzeri		575499 575495 162266 8522 1329975 1329976 1329912 1329950 1329961 8509 8504 32561 8457 32524 32523 1338369 8287 117571 117570 7776 7742 89593 7711 33511 33213 6072 33208 33154 2759 131567 
1		435638		Phoenicopterus roseus		435638 9216 9215 9214 8825 8782 436492 436491 436489 436486 8492 1329799 32561 8457 32524 32523 1338369 8287 117571 117570 7776 7742 89593 7711 33511 33213 6072 33208 33154 2759 131567 
1		283025		Pholis crassispina		283025 56725 181468 56724 8192 8100 8111 1489922 1489872 123369 123368 123367 123366 123365 1489388 186625 1489341 32443 41665 186623 7898 117571 117570 7776 7742 89593 7711 33511 33213 6072 33208 33154 2759 131567 
1		357291		Rhynchocypris percnurus mantschuricus		357291 219678 933989 2743738 2743726 30727 7952 186627 186626 32519 186634 186625 1489341 32443 41665 186623 7898 117571 117570 7776 7742 89593 7711 33511 33213 6072 33208 33154 2759 131567 
1		169291		Phractolaemus ansorgii		169291 169290 30762 30763 1489487 29140 186633 32519 186634 186625 1489341 32443 41665 186623 7898 117571 117570 7776 7742 89593 7711 33511 33213 6072 33208 33154 2759 131567 
1		339843		Phthonandria atrilineata		339843 339842 82596 82593 82592 104431 37567 41197 41196 41191 7088 85604 33392 33340 7496 85512 50557 6960 197562 197563 6656 88770 1206794 33317 33213 6072 33208 33154 2759 131567 
1		9755		Physeter catodon		9755 9753 9750 9722 9721 2653789 91561 314145 1437010 9347 32525 40674 32524 32523 1338369 8287 117571 117570 7776 7742 89593 7711 33511 33213 6072 33208 33154 2759 131567 
1		181408		Physiculus japonicus		181408 181407 30759 1489845 8043 1489843 1489841 1489838 123368 123367 123366 123365 1489388 186625 1489341 32443 41665 186623 7898 117571 117570 7776 7742 89593 7711 33511 33213 6072 33208 33154 2759 131567 
1		270461		Pieris melete		270461 7115 152601 42449 7114 37572 104431 37567 41197 41196 41191 7088 85604 33392 33340 7496 85512 50557 6960 197562 197563 6656 88770 1206794 33317 33213 6072 33208 33154 2759 131567 
1		164648		Piliocolobus badius		164648 591932 9569 9527 314294 9526 314293 376913 9443 314146 1437010 9347 32525 40674 32524 32523 1338369 8287 117571 117570 7776 7742 89593 7711 33511 33213 6072 33208 33154 2759 131567 
1		105295		Pipistrellus abramus		105295 27671 9431 30560 9397 314145 1437010 9347 32525 40674 32524 32523 1338369 8287 117571 117570 7776 7742 89593 7711 33511 33213 6072 33208 33154 2759 131567 
1		401704		Placozoan sp. BZ49		401704 401701 10226 6072 33208 33154 2759 131567 
1		257867		Platalea leucorodia		257867 33577 33574 9205 8825 8782 436492 436491 436489 436486 8492 1329799 32561 8457 32524 32523 1338369 8287 117571 117570 7776 7742 89593 7711 33511 33213 6072 33208 33154 2759 131567 
1		259913		Platalea minor		259913 33577 33574 9205 8825 8782 436492 436491 436489 436486 8492 1329799 32561 8457 32524 32523 1338369 8287 117571 117570 7776 7742 89593 7711 33511 33213 6072 33208 33154 2759 131567 
1		48752		Platanista minor		48752 48750 9723 9722 9721 2653789 91561 314145 1437010 9347 32525 40674 32524 32523 1338369 8287 117571 117570 7776 7742 89593 7711 33511 33213 6072 33208 33154 2759 131567 
1		75032		Platax orbicularis		75032 75031 75381 1489930 1489922 1489872 123369 123368 123367 123366 123365 1489388 186625 1489341 32443 41665 186623 7898 117571 117570 7776 7742 89593 7711 33511 33213 6072 33208 33154 2759 131567 
1		6359		Platynereis dumerilii		6359 6358 39820 6348 105390 6341 6340 1206795 2697495 33317 33213 6072 33208 33154 2759 131567 
1		55544		Platysternon megacephalum		55544 55543 1579279 8486 1579337 8464 8459 2841271 1329799 32561 8457 32524 32523 1338369 8287 117571 117570 7776 7742 89593 7711 33511 33213 6072 33208 33154 2759 131567 
1		170202		Platytroctes apus		170202 170201 170200 1489486 1489485 186634 186625 1489341 32443 41665 186623 7898 117571 117570 7776 7742 89593 7711 33511 33213 6072 33208 33154 2759 131567 
1		61084		Plecoglossus altivelis		61084 61083 30955 41711 1489798 1489388 186625 1489341 32443 41665 186623 7898 117571 117570 7776 7742 89593 7711 33511 33213 6072 33208 33154 2759 131567 
1		160734		Plectropomus leopardus		160734 134629 1505891 274794 30871 1489943 8111 1489922 1489872 123369 123368 123367 123366 123365 1489388 186625 1489341 32443 41665 186623 7898 117571 117570 7776 7742 89593 7711 33511 33213 6072 33208 33154 2759 131567 
1		195321		Plesiobatis daviesi		195321 117841 117840 1158984 117851 117893 7778 7777 7776 7742 89593 7711 33511 33213 6072 33208 33154 2759 131567 
1		463521		Plestiodon egregius		463521 391658 1273158 66056 35033 1329950 1329961 8509 8504 32561 8457 32524 32523 1338369 8287 117571 117570 7776 7742 89593 7711 33511 33213 6072 33208 33154 2759 131567 
1		141976		Plethodon cinereus		141976 8335 269181 8332 30367 8293 41666 8292 32523 1338369 8287 117571 117570 7776 7742 89593 7711 33511 33213 6072 33208 33154 2759 131567 
1		46731		Pocillopora damicornis		46731 46730 46729 123757 6125 6102 6101 6073 6072 33208 33154 2759 131567 
2		367768		Pocillopora grandis		2759717 46730 46729 123757 6125 6102 6101 6073 6072 33208 33154 2759 131567 
1		64176		Podarcis muralis		64176 42163 162266 8522 1329975 1329976 1329912 1329950 1329961 8509 8504 32561 8457 32524 32523 1338369 8287 117571 117570 7776 7742 89593 7711 33511 33213 6072 33208 33154 2759 131567 
1		36137		Pollicipes polymerus		36137 36136 629293 2899683 2899756 6676 6675 116172 2172821 6657 197562 197563 6656 88770 1206794 33317 33213 6072 33208 33154 2759 131567 
1		38934		Polychrus marmoratus		38934 38933 81957 8511 1329911 1329912 1329950 1329961 8509 8504 32561 8457 32524 32523 1338369 8287 117571 117570 7776 7742 89593 7711 33511 33213 6072 33208 33154 2759 131567 
1		81385		Polymixia japonica		81385 81384 81383 81382 1489839 123368 123367 123366 123365 1489388 186625 1489341 32443 41665 186623 7898 117571 117570 7776 7742 89593 7711 33511 33213 6072 33208 33154 2759 131567 
1		143326		Polymixia lowei		143326 81384 81383 81382 1489839 123368 123367 123366 123365 1489388 186625 1489341 32443 41665 186623 7898 117571 117570 7776 7742 89593 7711 33511 33213 6072 33208 33154 2759 131567 
1		7913		Polyodon spathula		7913 7912 186621 186619 7911 186622 7899 32440 186623 7898 117571 117570 7776 7742 89593 7711 33511 33213 6072 33208 33154 2759 131567 
1		9059		Polyplectron bicalcaratum		9059 9058 9072 9005 8976 1549675 8825 8782 436492 436491 436489 436486 8492 1329799 32561 8457 32524 32523 1338369 8287 117571 117570 7776 7742 89593 7711 33511 33213 6072 33208 33154 2759 131567 
1		49895		Polypterus ornatipinnis		49895 8290 8289 8288 1338366 7898 117571 117570 7776 7742 89593 7711 33511 33213 6072 33208 33154 2759 131567 
1		178879		Polypterus senegalus senegalus		178879 55291 8290 8289 8288 1338366 7898 117571 117570 7776 7742 89593 7711 33511 33213 6072 33208 33154 2759 131567 
2		279481		Polystoechotes punctata		2028677 279480 63912 2029065 7516 85817 33392 33340 7496 85512 50557 6960 197562 197563 6656 88770 1206794 33317 33213 6072 33208 33154 2759 131567 
1		9601		Pongo abelii		9601 9599 607660 9604 314295 9526 314293 376913 9443 314146 1437010 9347 32525 40674 32524 32523 1338369 8287 117571 117570 7776 7742 89593 7711 33511 33213 6072 33208 33154 2759 131567 
1		9600		Pongo pygmaeus		9600 9599 607660 9604 314295 9526 314293 376913 9443 314146 1437010 9347 32525 40674 32524 32523 1338369 8287 117571 117570 7776 7742 89593 7711 33511 33213 6072 33208 33154 2759 131567 
1		48723		Pontoporia blainvillei		48723 48722 197539 9722 9721 2653789 91561 314145 1437010 9347 32525 40674 32524 32523 1338369 8287 117571 117570 7776 7742 89593 7711 33511 33213 6072 33208 33154 2759 131567 
1		262771		Porichthys myriaster		262771 45383 45382 8065 8064 1489874 1489872 123369 123368 123367 123366 123365 1489388 186625 1489341 32443 41665 186623 7898 117571 117570 7776 7742 89593 7711 33511 33213 6072 33208 33154 2759 131567 
1		104760		Porites porites		104760 46719 46718 123758 6125 6102 6101 6073 6072 33208 33154 2759 131567 
1		439704		Porphyrio hochstetteri		439704 54483 9119 9108 8825 8782 436492 436491 436489 436486 8492 1329799 32561 8457 32524 32523 1338369 8287 117571 117570 7776 7742 89593 7711 33511 33213 6072 33208 33154 2759 131567 
1		210409		Portunus trituberculatus		210409 80835 600346 6757 6774 116706 116704 6752 6692 6683 6682 72041 6681 2172821 6657 197562 197563 6656 88770 1206794 33317 33213 6072 33208 33154 2759 131567 
1		9310		Potorous tridactylus		9310 9309 65619 38609 9263 32525 40674 32524 32523 1338369 8287 117571 117570 7776 7742 89593 7711 33511 33213 6072 33208 33154 2759 131567 
1		78451		Presbytis melalophos		78451 9573 9569 9527 314294 9526 314293 376913 9443 314146 1437010 9347 32525 40674 32524 32523 1338369 8287 117571 117570 7776 7742 89593 7711 33511 33213 6072 33208 33154 2759 131567 
1		37621		Priapulus caudatus		37621 37847 37891 2082909 2082883 33467 1215728 1206794 33317 33213 6072 33208 33154 2759 131567 
1		295936		Priasilpha obscura		295936 295935 196981 71526 41088 41084 7041 33392 33340 7496 85512 50557 6960 197562 197563 6656 88770 1206794 33317 33213 6072 33208 33154 2759 131567 
1		9813		Procavia capensis		9813 9812 9811 9810 311790 9347 32525 40674 32524 32523 1338369 8287 117571 117570 7776 7742 89593 7711 33511 33213 6072 33208 33154 2759 131567 
1		565081		Procetichthys kreffti		565081 565080 88666 8277 1489869 123369 123368 123367 123366 123365 1489388 186625 1489341 32443 41665 186623 7898 117571 117570 7776 7742 89593 7711 33511 33213 6072 33208 33154 2759 131567 
1		9654		Procyon lotor		9654 9653 9647 379584 33554 314145 1437010 9347 32525 40674 32524 32523 1338369 8287 117571 117570 7776 7742 89593 7711 33511 33213 6072 33208 33154 2759 131567 
1		367866		Procypris rabaudi		367866 367865 2743694 7953 30727 7952 186627 186626 32519 186634 186625 1489341 32443 41665 186623 7898 117571 117570 7776 7742 89593 7711 33511 33213 6072 33208 33154 2759 131567 
1		575527		Proedromys liangshanensis		575527 575524 39087 337677 337687 1963758 9989 314147 314146 1437010 9347 32525 40674 32524 32523 1338369 8287 117571 117570 7776 7742 89593 7711 33511 33213 6072 33208 33154 2759 131567 
1		379532		Propithecus coquereli		379532 30600 30599 376915 376911 9443 314146 1437010 9347 32525 40674 32524 32523 1338369 8287 117571 117570 7776 7742 89593 7711 33511 33213 6072 33208 33154 2759 131567 
1		508445		Protohermes concolorus		508445 508444 85815 50554 50553 85817 33392 33340 7496 85512 50557 6960 197562 197563 6656 88770 1206794 33317 33213 6072 33208 33154 2759 131567 
1		27779		Protopterus dolloi		27779 7885 7884 7879 2823314 118077 7878 1338369 8287 117571 117570 7776 7742 89593 7711 33511 33213 6072 33208 33154 2759 131567 
1		157325		Psacothea hilaris		157325 157324 192813 79514 34667 71528 41088 41084 7041 33392 33340 7496 85512 50557 6960 197562 197563 6656 88770 1206794 33317 33213 6072 33208 33154 2759 131567 
1		569598		Stigmochelys pardalis		569598 1358125 8487 8486 1579337 8464 8459 2841271 1329799 32561 8457 32524 32523 1338369 8287 117571 117570 7776 7742 89593 7711 33511 33213 6072 33208 33154 2759 131567 
1		392929		Pseudalutarius nasicornis		392929 392928 143346 31023 31022 1489922 1489872 123369 123368 123367 123366 123365 1489388 186625 1489341 32443 41665 186623 7898 117571 117570 7776 7742 89593 7711 33511 33213 6072 33208 33154 2759 131567 
1		263870		Pseudaspius leptocephalus		263870 263869 2743738 2743726 30727 7952 186627 186626 32519 186634 186625 1489341 32443 41665 186623 7898 117571 117570 7776 7742 89593 7711 33511 33213 6072 33208 33154 2759 131567 
2		78873		Tachysurus tokiensis		1604542 641818 31013 1489793 7995 186628 186626 32519 186634 186625 1489341 32443 41665 186623 7898 117571 117570 7776 7742 89593 7711 33511 33213 6072 33208 33154 2759 131567 
1		392903		Pseudobalistes flavimarginatus		392903 303694 31024 31023 31022 1489922 1489872 123369 123368 123367 123366 123365 1489388 186625 1489341 32443 41665 186623 7898 117571 117570 7776 7742 89593 7711 33511 33213 6072 33208 33154 2759 131567 
1		205354		Pseudocarcinus gigas		205354 205353 108326 6778 116706 116704 6752 6692 6683 6682 72041 6681 2172821 6657 197562 197563 6656 88770 1206794 33317 33213 6072 33208 33154 2759 131567 
1		98376		Pseudolabrus eoethinus		98376 83879 8247 1489928 1489922 1489872 123369 123368 123367 123366 123365 1489388 186625 1489341 32443 41665 186623 7898 117571 117570 7776 7742 89593 7711 33511 33213 6072 33208 33154 2759 131567 
1		98377		Pseudolabrus sieboldi		98377 83879 8247 1489928 1489922 1489872 123369 123368 123367 123366 123365 1489388 186625 1489341 32443 41665 186623 7898 117571 117570 7776 7742 89593 7711 33511 33213 6072 33208 33154 2759 131567 
1		392927		Pseudomonacanthus peroni		392927 392926 143346 31023 31022 1489922 1489872 123369 123368 123367 123366 123365 1489388 186625 1489341 32443 41665 186623 7898 117571 117570 7776 7742 89593 7711 33511 33213 6072 33208 33154 2759 131567 
1		497908		Pseudopungtungia nigra		497908 497913 2743716 2743714 30727 7952 186627 186626 32519 186634 186625 1489341 32443 41665 186623 7898 117571 117570 7776 7742 89593 7711 33511 33213 6072 33208 33154 2759 131567 
1		90751		Pseudorasbora pumila		90751 38758 2743716 2743714 30727 7952 186627 186626 32519 186634 186625 1489341 32443 41665 186623 7898 117571 117570 7776 7742 89593 7711 33511 33213 6072 33208 33154 2759 131567 
1		134762		Pseudotriton ruber		134762 134761 698026 8332 30367 8293 41666 8292 32523 1338369 8287 117571 117570 7776 7742 89593 7711 33511 33213 6072 33208 33154 2759 131567 
1		327762		Psilorhynchus homaloptera		327762 327761 1489615 30727 7952 186627 186626 32519 186634 186625 1489341 32443 41665 186623 7898 117571 117570 7776 7742 89593 7711 33511 33213 6072 33208 33154 2759 131567 
1		423481		Pteragogus flagellifer		423481 202595 8247 1489928 1489922 1489872 123369 123368 123367 123366 123365 1489388 186625 1489341 32443 41665 186623 7898 117571 117570 7776 7742 89593 7711 33511 33213 6072 33208 33154 2759 131567 
1		181466		Pterocaesio tile		181466 181465 119692 30850 2024539 1489922 1489872 123369 123368 123367 123366 123365 1489388 186625 1489341 32443 41665 186623 7898 117571 117570 7776 7742 89593 7711 33511 33213 6072 33208 33154 2759 131567 
1		8795		Rhea pennata		8795 8796 8793 8792 8783 8782 436492 436491 436489 436486 8492 1329799 32561 8457 32524 32523 1338369 8287 117571 117570 7776 7742 89593 7711 33511 33213 6072 33208 33154 2759 131567 
1		37064		Aphrodroma brevirostris		37064 53663 30451 30449 8825 8782 436492 436491 436489 436486 8492 1329799 32561 8457 32524 32523 1338369 8287 117571 117570 7776 7742 89593 7711 33511 33213 6072 33208 33154 2759 131567 
1		390975		Pteroglossus azara flavirostris		390975 390974 91778 57381 9219 8825 8782 436492 436491 436489 436486 8492 1329799 32561 8457 32524 32523 1338369 8287 117571 117570 7776 7742 89593 7711 33511 33213 6072 33208 33154 2759 131567 
1		285953		Pteronarcys princeps		285953 143752 143751 70404 50622 33341 33340 7496 85512 50557 6960 197562 197563 6656 88770 1206794 33317 33213 6072 33208 33154 2759 131567 
1		126282		Pteropus dasymallus		126282 9401 77225 9398 30559 9397 314145 1437010 9347 32525 40674 32524 32523 1338369 8287 117571 117570 7776 7742 89593 7711 33511 33213 6072 33208 33154 2759 131567 
1		94117		Pteropus scapulatus		94117 9401 77225 9398 30559 9397 314145 1437010 9347 32525 40674 32524 32523 1338369 8287 117571 117570 7776 7742 89593 7711 33511 33213 6072 33208 33154 2759 131567 
1		121285		Pterothrissus gissu		121285 121284 121283 54907 54906 32521 186624 1489340 32443 41665 186623 7898 117571 117570 7776 7742 89593 7711 33511 33213 6072 33208 33154 2759 131567 
1		479640		Ptilocaulis walpersi		479640 85789 45118 1779152 1779146 6042 6040 33208 33154 2759 131567 
1		238220		Ptychochromoides katria		238220 50900 319094 8113 1489911 1489910 1489908 1489872 123369 123368 123367 123366 123365 1489388 186625 1489341 32443 41665 186623 7898 117571 117570 7776 7742 89593 7711 33511 33213 6072 33208 33154 2759 131567 
1		90753		Pungtungia herzi		90753 90752 2743716 2743714 30727 7952 186627 186626 32519 186634 186625 1489341 32443 41665 186623 7898 117571 117570 7776 7742 89593 7711 33511 33213 6072 33208 33154 2759 131567 
2		27709		Puntigrus tetrazona		1606681 1606679 2743705 7953 30727 7952 186627 186626 32519 186634 186625 1489341 32443 41665 186623 7898 117571 117570 7776 7742 89593 7711 33511 33213 6072 33208 33154 2759 131567 
1		205135		Pethia ticto		205135 1278288 2743705 7953 30727 7952 186627 186626 32519 186634 186625 1489341 32443 41665 186623 7898 117571 117570 7776 7742 89593 7711 33511 33213 6072 33208 33154 2759 131567 
1		96460		Pupa strigosa		96460 96459 71511 71510 977774 216305 6448 6447 1206795 2697495 33317 33213 6072 33208 33154 2759 131567 
1		693431		Pusa caspica		693431 693430 9709 379584 33554 314145 1437010 9347 32525 40674 32524 32523 1338369 8287 117571 117570 7776 7742 89593 7711 33511 33213 6072 33208 33154 2759 131567 
1		9718		Pusa hispida		9718 693430 9709 379584 33554 314145 1437010 9347 32525 40674 32524 32523 1338369 8287 117571 117570 7776 7742 89593 7711 33511 33213 6072 33208 33154 2759 131567 
1		9719		Pusa sibirica		9719 693430 9709 379584 33554 314145 1437010 9347 32525 40674 32524 32523 1338369 8287 117571 117570 7776 7742 89593 7711 33511 33213 6072 33208 33154 2759 131567 
1		54133		Pygathrix nemaeus		54133 54132 9569 9527 314294 9526 314293 376913 9443 314146 1437010 9347 32525 40674 32524 32523 1338369 8287 117571 117570 7776 7742 89593 7711 33511 33213 6072 33208 33154 2759 131567 
1		252582		Pyramidella dolabrata		252582 252581 160015 160014 977775 216307 216305 6448 6447 1206795 2697495 33317 33213 6072 33208 33154 2759 131567 
1		71223		Pyrocoelia rufa		71223 39202 433514 7049 71193 41087 41084 7041 33392 33340 7496 85512 50557 6960 197562 197563 6656 88770 1206794 33317 33213 6072 33208 33154 2759 131567 
1		423334		Pyrophorus divergens		423334 30010 2761142 195166 30009 71193 41087 41084 7041 33392 33340 7496 85512 50557 6960 197562 197563 6656 88770 1206794 33317 33213 6072 33208 33154 2759 131567 
1		51751		Python regius		51751 37579 34984 34979 8570 1329911 1329912 1329950 1329961 8509 8504 32561 8457 32524 32523 1338369 8287 117571 117570 7776 7742 89593 7711 33511 33213 6072 33208 33154 2759 131567 
2		74932		Cuora mouhotii		260627 72005 328321 328320 8486 1579337 8464 8459 2841271 1329799 32561 8457 32524 32523 1338369 8287 117571 117570 7776 7742 89593 7711 33511 33213 6072 33208 33154 2759 131567 
1		52372		Quadrula quadrula		52372 52370 2741927 47523 47526 47522 47521 47520 6599 2785011 6544 6447 1206795 2697495 33317 33213 6072 33208 33154 2759 131567 
1		109965		Quasipaa spinosa		109965 862141 1191378 685122 30352 8416 8342 41666 8292 32523 1338369 8287 117571 117570 7776 7742 89593 7711 33511 33213 6072 33208 33154 2759 131567 
1		141264		Rachycentron canadum		141264 141263 30867 1489907 1489904 1489872 123369 123368 123367 123366 123365 1489388 186625 1489341 32443 41665 186623 7898 117571 117570 7776 7742 89593 7711 33511 33213 6072 33208 33154 2759 131567 
1		547198		Rallina eurizonoides sepiaria		547198 547197 547196 9119 9108 8825 8782 436492 436491 436489 436486 8492 1329799 32561 8457 32524 32523 1338369 8287 117571 117570 7776 7742 89593 7711 33511 33213 6072 33208 33154 2759 131567 
1		51846		Indotyphlops braminus		51846 1498493 34978 34975 8570 1329911 1329912 1329950 1329961 8509 8504 32561 8457 32524 32523 1338369 8287 117571 117570 7776 7742 89593 7711 33511 33213 6072 33208 33154 2759 131567 
1		556494		Ramulus hainanense		556494 523959 523908 629296 55199 523720 213547 7020 33341 33340 7496 85512 50557 6960 197562 197563 6656 88770 1206794 33317 33213 6072 33208 33154 2759 131567 
1		8409		Pelophylax nigromaculatus		8409 121164 8397 30352 8416 8342 41666 8292 32523 1338369 8287 117571 117570 7776 7742 89593 7711 33511 33213 6072 33208 33154 2759 131567 
1		109178		Pelophylax plancyi		109178 121164 8397 30352 8416 8342 41666 8292 32523 1338369 8287 117571 117570 7776 7742 89593 7711 33511 33213 6072 33208 33154 2759 131567 
1		9870		Rangifer tarandus		9870 9869 9881 9850 35500 9845 91561 314145 1437010 9347 32525 40674 32524 32523 1338369 8287 117571 117570 7776 7742 89593 7711 33511 33213 6072 33208 33154 2759 131567 
1		113097		Ranodon sibiricus		113097 113096 30366 30364 8293 41666 8292 32523 1338369 8287 117571 117570 7776 7742 89593 7711 33511 33213 6072 33208 33154 2759 131567 
1		215407		Ranzania laevis		215407 210586 31029 1489935 31022 1489922 1489872 123369 123368 123367 123366 123365 1489388 186625 1489341 32443 41665 186623 7898 117571 117570 7776 7742 89593 7711 33511 33213 6072 33208 33154 2759 131567 
1		334878		Rastrelliger brachysoma		334878 70445 186746 186745 8224 1489894 1489885 1489872 123369 123368 123367 123366 123365 1489388 186625 1489341 32443 41665 186623 7898 117571 117570 7776 7742 89593 7711 33511 33213 6072 33208 33154 2759 131567 
1		34854		Rattus exulans		34854 10114 39107 10066 337687 1963758 9989 314147 314146 1437010 9347 32525 40674 32524 32523 1338369 8287 117571 117570 7776 7742 89593 7711 33511 33213 6072 33208 33154 2759 131567 
1		10116		Rattus norvegicus		10116 10114 39107 10066 337687 1963758 9989 314147 314146 1437010 9347 32525 40674 32524 32523 1338369 8287 117571 117570 7776 7742 89593 7711 33511 33213 6072 33208 33154 2759 131567 
1		349711		Rattus praetor		349711 10114 39107 10066 337687 1963758 9989 314147 314146 1437010 9347 32525 40674 32524 32523 1338369 8287 117571 117570 7776 7742 89593 7711 33511 33213 6072 33208 33154 2759 131567 
1		10117		Rattus rattus		10117 10114 39107 10066 337687 1963758 9989 314147 314146 1437010 9347 32525 40674 32524 32523 1338369 8287 117571 117570 7776 7742 89593 7711 33511 33213 6072 33208 33154 2759 131567 
1		35732		Rattus tanezumi		35732 10114 39107 10066 337687 1963758 9989 314147 314146 1437010 9347 32525 40674 32524 32523 1338369 8287 117571 117570 7776 7742 89593 7711 33511 33213 6072 33208 33154 2759 131567 
1		111784		Reinhardtius hippoglossoides		111784 111783 8256 30942 8252 1489904 1489872 123369 123368 123367 123366 123365 1489388 186625 1489341 32443 41665 186623 7898 117571 117570 7776 7742 89593 7711 33511 33213 6072 33208 33154 2759 131567 
1		36989		Reticulitermes flavipes		36989 141916 36988 72651 36985 1912919 1049657 85823 6970 33341 33340 7496 85512 50557 6960 197562 197563 6656 88770 1206794 33317 33213 6072 33208 33154 2759 131567 
1		93199		Reticulitermes hageni		93199 141916 36988 72651 36985 1912919 1049657 85823 6970 33341 33340 7496 85512 50557 6960 197562 197563 6656 88770 1206794 33317 33213 6072 33208 33154 2759 131567 
1		127387		Reticulitermes santonensis		127387 141916 36988 72651 36985 1912919 1049657 85823 6970 33341 33340 7496 85512 50557 6960 197562 197563 6656 88770 1206794 33317 33213 6072 33208 33154 2759 131567 
1		57123		Reticulitermes virginicus		57123 141916 36988 72651 36985 1912919 1049657 85823 6970 33341 33340 7496 85512 50557 6960 197562 197563 6656 88770 1206794 33317 33213 6072 33208 33154 2759 131567 
1		170203		Retropinna retropinna		170203 89572 130260 41711 1489798 1489388 186625 1489341 32443 41665 186623 7898 117571 117570 7776 7742 89593 7711 33511 33213 6072 33208 33154 2759 131567 
1		210202		Zhangixalus schlegelii		210202 2725783 160964 27577 30352 8416 8342 41666 8292 32523 1338369 8287 117571 117570 7776 7742 89593 7711 33511 33213 6072 33208 33154 2759 131567 
1		398797		Rhagophthalmus lufengensis		398797 71224 71489 71193 41087 41084 7041 33392 33340 7496 85512 50557 6960 197562 197563 6656 88770 1206794 33317 33213 6072 33208 33154 2759 131567 
1		8797		Rhea americana		8797 8796 8793 8792 8783 8782 436492 436491 436489 436486 8492 1329799 32561 8457 32524 32523 1338369 8287 117571 117570 7776 7742 89593 7711 33511 33213 6072 33208 33154 2759 131567 
1		194408		Rhinatrema bivittatum		194408 194407 30380 8445 8292 32523 1338369 8287 117571 117570 7776 7742 89593 7711 33511 33213 6072 33208 33154 2759 131567 
1		245705		Rhinecanthus aculeatus		245705 245704 31024 31023 31022 1489922 1489872 123369 123368 123367 123366 123365 1489388 186625 1489341 32443 41665 186623 7898 117571 117570 7776 7742 89593 7711 33511 33213 6072 33208 33154 2759 131567 
1		261503		Rhineura floridana		261503 261502 1329913 52185 1329975 1329976 1329912 1329950 1329961 8509 8504 32561 8457 32524 32523 1338369 8287 117571 117570 7776 7742 89593 7711 33511 33213 6072 33208 33154 2759 131567 
1		102233		Rhinoceros sondaicus		102233 9808 9803 9787 314145 1437010 9347 32525 40674 32524 32523 1338369 8287 117571 117570 7776 7742 89593 7711 33511 33213 6072 33208 33154 2759 131567 
1		9809		Rhinoceros unicornis		9809 9808 9803 9787 314145 1437010 9347 32525 40674 32524 32523 1338369 8287 117571 117570 7776 7742 89593 7711 33511 33213 6072 33208 33154 2759 131567 
1		472238		Rhinolophus formosae		472238 49442 186995 58055 30560 9397 314145 1437010 9347 32525 40674 32524 32523 1338369 8287 117571 117570 7776 7742 89593 7711 33511 33213 6072 33208 33154 2759 131567 
1		169756		Rhinolophus monoceros		169756 49442 186995 58055 30560 9397 314145 1437010 9347 32525 40674 32524 32523 1338369 8287 117571 117570 7776 7742 89593 7711 33511 33213 6072 33208 33154 2759 131567 
1		159859		Rhinolophus pumilus		159859 49442 186995 58055 30560 9397 314145 1437010 9347 32525 40674 32524 32523 1338369 8287 117571 117570 7776 7742 89593 7711 33511 33213 6072 33208 33154 2759 131567 
1		391222		Rhinomuraena quaesita		391222 391221 182222 46660 7933 32521 186624 1489340 32443 41665 186623 7898 117571 117570 7776 7742 89593 7711 33511 33213 6072 33208 33154 2759 131567 
1		61622		Rhinopithecus roxellana		61622 542827 9569 9527 314294 9526 314293 376913 9443 314146 1437010 9347 32525 40674 32524 32523 1338369 8287 117571 117570 7776 7742 89593 7711 33511 33213 6072 33208 33154 2759 131567 
1		386104		Rhodactis sp. CASIZ 171755		386104 2629365 51065 86598 44295 6102 6101 6073 6072 33208 33154 2759 131567 
1		75330		Rhodeus ocellatus		75330 58326 2509195 30727 7952 186627 186626 32519 186634 186625 1489341 32443 41665 186623 7898 117571 117570 7776 7742 89593 7711 33511 33213 6072 33208 33154 2759 131567 
1		80800		Rhodeus ocellatus kurumeus		80800 75330 58326 2509195 30727 7952 186627 186626 32519 186634 186625 1489341 32443 41665 186623 7898 117571 117570 7776 7742 89593 7711 33511 33213 6072 33208 33154 2759 131567 
1		339858		Rhodeus uyekii		339858 58326 2509195 30727 7952 186627 186626 32519 186634 186625 1489341 32443 41665 186623 7898 117571 117570 7776 7742 89593 7711 33511 33213 6072 33208 33154 2759 131567 
1		272071		Rhopaea magnicornis		272071 272070 7059 7055 75546 41086 41084 7041 33392 33340 7496 85512 50557 6960 197562 197563 6656 88770 1206794 33317 33213 6072 33208 33154 2759 131567 
1		86220		Rhyacichthys aspro		86220 86219 86200 8219 1489878 1489875 1489872 123369 123368 123367 123366 123365 1489388 186625 1489341 32443 41665 186623 7898 117571 117570 7776 7742 89593 7711 33511 33213 6072 33208 33154 2759 131567 
1		291264		Rhyacotriton variegatus		291264 43568 43567 30367 8293 41666 8292 32523 1338369 8287 117571 117570 7776 7742 89593 7711 33511 33213 6072 33208 33154 2759 131567 
1		33559		Rhyncholestes raphanurus		33559 33558 30659 38606 9263 32525 40674 32524 32523 1338369 8287 117571 117570 7776 7742 89593 7711 33511 33213 6072 33208 33154 2759 131567 
1		270585		Rhynchopelates oxyrhynchus		270585 270584 30875 1489938 1489940 1489922 1489872 123369 123368 123367 123366 123365 1489388 186625 1489341 32443 41665 186623 7898 117571 117570 7776 7742 89593 7711 33511 33213 6072 33208 33154 2759 131567 
1		54386		Rhynochetos jubatus		54386 54385 54384 9108 8825 8782 436492 436491 436489 436486 8492 1329799 32561 8457 32524 32523 1338369 8287 117571 117570 7776 7742 89593 7711 33511 33213 6072 33208 33154 2759 131567 
1		165100		Ricordea florida		165100 51829 51826 44295 6102 6101 6073 6072 33208 33154 2759 131567 
1		329032		Riptortus pedestris		329032 41703 41702 38105 33357 33351 33349 33347 33345 33343 7524 33342 33340 7496 85512 50557 6960 197562 197563 6656 88770 1206794 33317 33213 6072 33208 33154 2759 131567 
1		118149		Robinsia catherinae		118149 118148 118146 7933 32521 186624 1489340 32443 41665 186623 7898 117571 117570 7776 7742 89593 7711 33511 33213 6072 33208 33154 2759 131567 
1		88713		Rondeletia loricata		88713 88711 88709 8277 1489869 123369 123368 123367 123366 123365 1489388 186625 1489341 32443 41665 186623 7898 117571 117570 7776 7742 89593 7711 33511 33213 6072 33208 33154 2759 131567 
1		9407		Rousettus aegyptiacus		9407 9406 77225 9398 30559 9397 314145 1437010 9347 32525 40674 32524 32523 1338369 8287 117571 117570 7776 7742 89593 7711 33511 33213 6072 33208 33154 2759 131567 
1		399782		Rusa unicolor swinhoei		399782 662561 662560 34878 9850 35500 9845 91561 314145 1437010 9347 32525 40674 32524 32523 1338369 8287 117571 117570 7776 7742 89593 7711 33511 33213 6072 33208 33154 2759 131567 
1		74934		Sacalia quadriocellata		74934 74933 328321 328320 8486 1579337 8464 8459 2841271 1329799 32561 8457 32524 32523 1338369 8287 117571 117570 7776 7742 89593 7711 33511 33213 6072 33208 33154 2759 131567 
1		319782		Sagamichthys abei		319782 319781 170200 1489486 1489485 186634 186625 1489341 32443 41665 186623 7898 117571 117570 7776 7742 89593 7711 33511 33213 6072 33208 33154 2759 131567 
1		9521		Saimiri sciureus		9521 9520 378850 9498 9479 314293 376913 9443 314146 1437010 9347 32525 40674 32524 32523 1338369 8287 117571 117570 7776 7742 89593 7711 33511 33213 6072 33208 33154 2759 131567 
1		288315		Salamandrella keyserlingii		288315 288314 30366 30364 8293 41666 8292 32523 1338369 8287 117571 117570 7776 7742 89593 7711 33511 33213 6072 33208 33154 2759 131567 
1		137522		Salangichthys microdon		137522 137521 182234 41711 1489798 1489388 186625 1489341 32443 41665 186623 7898 117571 117570 7776 7742 89593 7711 33511 33213 6072 33208 33154 2759 131567 
1		221867		Salanx ariakensis		221867 182237 182234 41711 1489798 1489388 186625 1489341 32443 41665 186623 7898 117571 117570 7776 7742 89593 7711 33511 33213 6072 33208 33154 2759 131567 
1		181472		Salarias fasciatus		181472 94311 703913 56718 56717 1489921 1489920 1489908 1489872 123369 123368 123367 123366 123365 1489388 186625 1489341 32443 41665 186623 7898 117571 117570 7776 7742 89593 7711 33511 33213 6072 33208 33154 2759 131567 
1		498931		Saldula arsenjevi		498931 50655 236463 50654 33353 33351 33349 33347 33345 33343 7524 33342 33340 7496 85512 50557 6960 197562 197563 6656 88770 1206794 33317 33213 6072 33208 33154 2759 131567 
1		8030		Salmo salar		8030 8028 504568 8015 8006 41705 1489388 186625 1489341 32443 41665 186623 7898 117571 117570 7776 7742 89593 7711 33511 33213 6072 33208 33154 2759 131567 
1		227976		Salmo trutta trutta		227976 8032 8028 504568 8015 8006 41705 1489388 186625 1489341 32443 41665 186623 7898 117571 117570 7776 7742 89593 7711 33511 33213 6072 33208 33154 2759 131567 
1		8036		Salvelinus alpinus		8036 8033 504568 8015 8006 41705 1489388 186625 1489341 32443 41665 186623 7898 117571 117570 7776 7742 89593 7711 33511 33213 6072 33208 33154 2759 131567 
1		8038		Salvelinus fontinalis		8038 8033 504568 8015 8006 41705 1489388 186625 1489341 32443 41665 186623 7898 117571 117570 7776 7742 89593 7711 33511 33213 6072 33208 33154 2759 131567 
1		149978		Sarcocheilichthys variegatus microoculus		149978 149977 149979 2743716 2743714 30727 7952 186627 186626 32519 186634 186625 1489341 32443 41665 186623 7898 117571 117570 7776 7742 89593 7711 33511 33213 6072 33208 33154 2759 131567 
1		27697		Sardina pilchardus		27697 27696 7948 55118 1489460 32446 282425 186634 186625 1489341 32443 41665 186623 7898 117571 117570 7776 7742 89593 7711 33511 33213 6072 33208 33154 2759 131567 
1		41697		Sardinops melanostictus		41697 28380 7948 55118 1489460 32446 282425 186634 186625 1489341 32443 41665 186623 7898 117571 117570 7776 7742 89593 7711 33511 33213 6072 33208 33154 2759 131567 
1		181438		Sargocentron rubrum		181438 47707 47702 47697 1490028 181483 123369 123368 123367 123366 123365 1489388 186625 1489341 32443 41665 186623 7898 117571 117570 7776 7742 89593 7711 33511 33213 6072 33208 33154 2759 131567 
1		37777		Saturnia boisduvalii		37777 180279 37854 180245 82587 7117 37569 104431 37567 41197 41196 41191 7088 85604 33392 33340 7496 85512 50557 6960 197562 197563 6656 88770 1206794 33317 33213 6072 33208 33154 2759 131567 
1		181455		Scalicus amiscus		181455 990922 178231 1489945 8111 1489922 1489872 123369 123368 123367 123366 123365 1489388 186625 1489341 32443 41665 186623 7898 117571 117570 7776 7742 89593 7711 33511 33213 6072 33208 33154 2759 131567 
1		178880		Scaphirhynchus cf. albus		178880 7909 124131 124129 7900 186622 7899 32440 186623 7898 117571 117570 7776 7742 89593 7711 33511 33213 6072 33208 33154 2759 131567 
1		242802		Scarus forsteni		242802 59660 8247 1489928 1489922 1489872 123369 123368 123367 123366 123365 1489388 186625 1489341 32443 41665 186623 7898 117571 117570 7776 7742 89593 7711 33511 33213 6072 33208 33154 2759 131567 
1		242806		Scarus ghobban		242806 59660 8247 1489928 1489922 1489872 123369 123368 123367 123366 123365 1489388 186625 1489341 32443 41665 186623 7898 117571 117570 7776 7742 89593 7711 33511 33213 6072 33208 33154 2759 131567 
1		247628		Scarus rubroviolaceus		247628 59660 8247 1489928 1489922 1489872 123369 123368 123367 123366 123365 1489388 186625 1489341 32443 41665 186623 7898 117571 117570 7776 7742 89593 7711 33511 33213 6072 33208 33154 2759 131567 
1		247629		Scarus schlegeli		247629 59660 8247 1489928 1489922 1489872 123369 123368 123367 123366 123365 1489388 186625 1489341 32443 41665 186623 7898 117571 117570 7776 7742 89593 7711 33511 33213 6072 33208 33154 2759 131567 
1		8519		Sceloporus occidentalis		8519 8518 42425 2024743 8511 1329911 1329912 1329950 1329961 8509 8504 32561 8457 32524 32523 1338369 8287 117571 117570 7776 7742 89593 7711 33511 33213 6072 33208 33154 2759 131567 
1		670319		Schistocerca gregaria gregaria		670319 7010 7008 37267 7002 92621 70910 1955150 7001 6993 33341 33340 7496 85512 50557 6960 197562 197563 6656 88770 1206794 33317 33213 6072 33208 33154 2759 131567 
1		6183		Schistosoma mansoni		6183 6181 31245 31244 6180 6179 6178 6157 1206795 2697495 33317 33213 6072 33208 33154 2759 131567 
1		6189		Schistosoma spindale		6189 6181 31245 31244 6180 6179 6178 6157 1206795 2697495 33317 33213 6072 33208 33154 2759 131567 
1		357288		Schistura balteata		357288 143399 278171 30725 7952 186627 186626 32519 186634 186625 1489341 32443 41665 186623 7898 117571 117570 7776 7742 89593 7711 33511 33213 6072 33208 33154 2759 131567 
1		55149		Sciurus vulgaris		55149 10001 337752 9991 55153 33553 9989 314147 314146 1437010 9347 32525 40674 32524 32523 1338369 8287 117571 117570 7776 7742 89593 7711 33511 33213 6072 33208 33154 2759 131567 
1		113540		Scleropages formosus		113540 27726 27723 41712 31089 1489343 1489341 32443 41665 186623 7898 117571 117570 7776 7742 89593 7711 33511 33213 6072 33208 33154 2759 131567 
1		253126		Sclerophasma paresisense		253126 253125 270859 192413 33341 33340 7496 85512 50557 6960 197562 197563 6656 88770 1206794 33317 33213 6072 33208 33154 2759 131567 
1		392933		Scobinichthys granulatus		392933 392932 143346 31023 31022 1489922 1489872 123369 123368 123367 123366 123365 1489388 186625 1489341 32443 41665 186623 7898 117571 117570 7776 7742 89593 7711 33511 33213 6072 33208 33154 2759 131567 
1		29150		Scomber australasicus		29150 13675 186746 186745 8224 1489894 1489885 1489872 123369 123368 123367 123366 123365 1489388 186625 1489341 32443 41665 186623 7898 117571 117570 7776 7742 89593 7711 33511 33213 6072 33208 33154 2759 131567 
1		338315		Scomber colias		338315 13675 186746 186745 8224 1489894 1489885 1489872 123369 123368 123367 123366 123365 1489388 186625 1489341 32443 41665 186623 7898 117571 117570 7776 7742 89593 7711 33511 33213 6072 33208 33154 2759 131567 
1		13677		Scomber scombrus		13677 13675 186746 186745 8224 1489894 1489885 1489872 123369 123368 123367 123366 123365 1489388 186625 1489341 32443 41665 186623 7898 117571 117570 7776 7742 89593 7711 33511 33213 6072 33208 33154 2759 131567 
1		13679		Scomberomorus cavalla		13679 13678 186747 186745 8224 1489894 1489885 1489872 123369 123368 123367 123366 123365 1489388 186625 1489341 32443 41665 186623 7898 117571 117570 7776 7742 89593 7711 33511 33213 6072 33208 33154 2759 131567 
1		52904		Scophthalmus maximus		52904 52903 52902 30942 8252 1489904 1489872 123369 123368 123367 123366 123365 1489388 186625 1489341 32443 41665 186623 7898 117571 117570 7776 7742 89593 7711 33511 33213 6072 33208 33154 2759 131567 
1		163141		Scorpis lineolata		163141 163140 603454 30843 1489938 1489940 1489922 1489872 123369 123368 123367 123366 123365 1489388 186625 1489341 32443 41665 186623 7898 117571 117570 7776 7742 89593 7711 33511 33213 6072 33208 33154 2759 131567 
1		29022		Scutigera coleoptrata		29022 29021 29020 41360 115404 7540 61985 197563 6656 88770 1206794 33317 33213 6072 33208 33154 2759 131567 
1		7830		Scyliorhinus canicula		7830 7829 7826 30483 119195 119197 119203 7778 7777 7776 7742 89593 7711 33511 33213 6072 33208 33154 2759 131567 
1		85551		Scylla olivacea		85551 6760 600346 6757 6774 116706 116704 6752 6692 6683 6682 72041 6681 2172821 6657 197562 197563 6656 88770 1206794 33317 33213 6072 33208 33154 2759 131567 
1		85552		Scylla paramamosain		85552 6760 600346 6757 6774 116706 116704 6752 6692 6683 6682 72041 6681 2172821 6657 197562 197563 6656 88770 1206794 33317 33213 6072 33208 33154 2759 131567 
1		6761		Scylla serrata		6761 6760 600346 6757 6774 116706 116704 6752 6692 6683 6682 72041 6681 2172821 6657 197562 197563 6656 88770 1206794 33317 33213 6072 33208 33154 2759 131567 
1		85553		Scylla tranquebarica		85553 6760 600346 6757 6774 116706 116704 6752 6692 6683 6682 72041 6681 2172821 6657 197562 197563 6656 88770 1206794 33317 33213 6072 33208 33154 2759 131567 
1		88029		Semnopithecus entellus		88029 88028 9569 9527 314294 9526 314293 376913 9443 314146 1437010 9347 32525 40674 32524 32523 1338369 8287 117571 117570 7776 7742 89593 7711 33511 33213 6072 33208 33154 2759 131567 
1		31210		Sepia esculenta		31210 6609 6608 551351 551287 215450 6606 6605 6447 1206795 2697495 33317 33213 6072 33208 33154 2759 131567 
1		6610		Sepia officinalis		6610 6609 6608 551351 551287 215450 6606 6605 6447 1206795 2697495 33317 33213 6072 33208 33154 2759 131567 
1		34570		Sepioteuthis lessoniana		34570 34569 6615 551347 215450 6606 6605 6447 1206795 2697495 33317 33213 6072 33208 33154 2759 131567 
1		446912		Seriatopora caliendrum		446912 51069 46729 123757 6125 6102 6101 6073 6072 33208 33154 2759 131567 
1		51070		Seriatopora hystrix		51070 51069 46729 123757 6125 6102 6101 6073 6072 33208 33154 2759 131567 
1		182440		Serrivomer beanii		182440 182439 87098 7933 32521 186624 1489340 32443 41665 186623 7898 117571 117570 7776 7742 89593 7711 33511 33213 6072 33208 33154 2759 131567 
1		290102		Serrivomer sector		290102 182439 87098 7933 32521 186624 1489340 32443 41665 186623 7898 117571 117570 7776 7742 89593 7711 33511 33213 6072 33208 33154 2759 131567 
1		52224		Shinisaurus crocodilurus		52224 52223 102263 1330544 8548 1329911 1329912 1329950 1329961 8509 8504 32561 8457 32524 32523 1338369 8287 117571 117570 7776 7742 89593 7711 33511 33213 6072 33208 33154 2759 131567 
1		173823		Sialis hamata		173823 50607 50606 50553 85817 33392 33340 7496 85512 50557 6960 197562 197563 6656 88770 1206794 33317 33213 6072 33208 33154 2759 131567 
1		214988		Siderastrea radians		214988 130671 46706 123758 6125 6102 6101 6073 6072 33208 33154 2759 131567 
1		225757		Siganus fuscescens		225757 75041 75382 1489923 1489922 1489872 123369 123368 123367 123366 123365 1489388 186625 1489341 32443 41665 186623 7898 117571 117570 7776 7742 89593 7711 33511 33213 6072 33208 33154 2759 131567 
1		215396		Siganus unimaculatus		215396 75041 75382 1489923 1489922 1489872 123369 123368 123367 123366 123365 1489388 186625 1489341 32443 41665 186623 7898 117571 117570 7776 7742 89593 7711 33511 33213 6072 33208 33154 2759 131567 
1		48457		Sigmops gracilis		48457 505324 48439 48438 1489798 1489388 186625 1489341 32443 41665 186623 7898 117571 117570 7776 7742 89593 7711 33511 33213 6072 33208 33154 2759 131567 
1		189493		Simenchelys parasitica		189493 189492 189491 118152 7933 32521 186624 1489340 32443 41665 186623 7898 117571 117570 7776 7742 89593 7711 33511 33213 6072 33208 33154 2759 131567 
1		290412		Simosyrphus grandicornis		290412 290411 115274 43838 34680 43740 43737 480117 480118 43733 7203 7147 33392 33340 7496 85512 50557 6960 197562 197563 6656 88770 1206794 33317 33213 6072 33208 33154 2759 131567 
1		304914		Sinocyclocheilus altishoulderus		304914 75365 2743694 7953 30727 7952 186627 186626 32519 186634 186625 1489341 32443 41665 186623 7898 117571 117570 7776 7742 89593 7711 33511 33213 6072 33208 33154 2759 131567 
1		75366		Sinocyclocheilus grahami		75366 75365 2743694 7953 30727 7952 186627 186626 32519 186634 186625 1489341 32443 41665 186623 7898 117571 117570 7776 7742 89593 7711 33511 33213 6072 33208 33154 2759 131567 
1		241472		Sinogastromyzon puliensis		241472 241450 98924 30725 7952 186627 186626 32519 186634 186625 1489341 32443 41665 186623 7898 117571 117570 7776 7742 89593 7711 33511 33213 6072 33208 33154 2759 131567 
1		320579		Siphonops annulatus		320579 264019 1277737 8445 8292 32523 1338369 8287 117571 117570 7776 7742 89593 7711 33511 33213 6072 33208 33154 2759 131567 
1		9301		Sminthopsis crassicaudata		9301 9300 9277 38608 9263 32525 40674 32524 32523 1338369 8287 117571 117570 7776 7742 89593 7711 33511 33213 6072 33208 33154 2759 131567 
1		90758		Sminthopsis douglasi		90758 9300 9277 38608 9263 32525 40674 32524 32523 1338369 8287 117571 117570 7776 7742 89593 7711 33511 33213 6072 33208 33154 2759 131567 
1		81930		Smithornis sharpei		81930 81929 81928 9126 8825 8782 436492 436491 436489 436486 8492 1329799 32561 8457 32524 32523 1338369 8287 117571 117570 7776 7742 89593 7711 33511 33213 6072 33208 33154 2759 131567 
1		62275		Sorex unguiculatus		62275 9379 183663 9376 9362 314145 1437010 9347 32525 40674 32524 32523 1338369 8287 117571 117570 7776 7742 89593 7711 33511 33213 6072 33208 33154 2759 131567 
1		103600		Sousa chinensis		103600 103599 9726 9722 9721 2653789 91561 314145 1437010 9347 32525 40674 32524 32523 1338369 8287 117571 117570 7776 7742 89593 7711 33511 33213 6072 33208 33154 2759 131567 
2		84346		Xibalbanus tulumensis		1519145 1519144 84344 116564 84343 6657 197562 197563 6656 88770 1206794 33317 33213 6072 33208 33154 2759 131567 
1		546487		Sphaerius sp. BT0074		546487 2621933 174920 110033 63907 7041 33392 33340 7496 85512 50557 6960 197562 197563 6656 88770 1206794 33317 33213 6072 33208 33154 2759 131567 
1		229059		Sphoeroides pachygaster		229059 39109 31031 32517 31028 31022 1489922 1489872 123369 123368 123367 123366 123365 1489388 186625 1489341 32443 41665 186623 7898 117571 117570 7776 7742 89593 7711 33511 33213 6072 33208 33154 2759 131567 
1		98823		Spicara maena		98823 98822 98821 1489931 1489922 1489872 123369 123368 123367 123366 123365 1489388 186625 1489341 32443 41665 186623 7898 117571 117570 7776 7742 89593 7711 33511 33213 6072 33208 33154 2759 131567 
1		30552		Spilogale putorius		30552 30550 119825 379584 33554 314145 1437010 9347 32525 40674 32524 32523 1338369 8287 117571 117570 7776 7742 89593 7711 33511 33213 6072 33208 33154 2759 131567 
1		206126		Spinachia spinachia		206126 206125 69291 1490020 8100 8111 1489922 1489872 123369 123368 123367 123366 123365 1489388 186625 1489341 32443 41665 186623 7898 117571 117570 7776 7742 89593 7711 33511 33213 6072 33208 33154 2759 131567 
1		99802		Spirometra erinaceieuropaei		99802 46580 28843 1224679 6200 6199 6157 1206795 2697495 33317 33213 6072 33208 33154 2759 131567 
1		373251		Spratelloides delicatulus		373251 365051 365065 55118 1489460 32446 282425 186634 186625 1489341 32443 41665 186623 7898 117571 117570 7776 7742 89593 7711 33511 33213 6072 33208 33154 2759 131567 
1		365052		Spratelloides gracilis		365052 365051 365065 55118 1489460 32446 282425 186634 186625 1489341 32443 41665 186623 7898 117571 117570 7776 7742 89593 7711 33511 33213 6072 33208 33154 2759 131567 
1		7797		Squalus acanthias		7797 7796 30511 282414 118040 119203 7778 7777 7776 7742 89593 7711 33511 33213 6072 33208 33154 2759 131567 
1		84350		Squilla empusa		84350 84349 84348 84347 77689 75390 75389 72041 6681 2172821 6657 197562 197563 6656 88770 1206794 33317 33213 6072 33208 33154 2759 131567 
1		280675		Squilla mantis		280675 84349 84348 84347 77689 75390 75389 72041 6681 2172821 6657 197562 197563 6656 88770 1206794 33317 33213 6072 33208 33154 2759 131567 
1		34508		Steinernema carpocapsae		34508 34507 33253 2082224 2082223 6300 6236 119089 6231 1206794 33317 33213 6072 33208 33154 2759 131567 
1		87100		Stemonidium hypomelas		87100 87099 87098 7933 32521 186624 1489340 32443 41665 186623 7898 117571 117570 7776 7742 89593 7711 33511 33213 6072 33208 33154 2759 131567 
1		9735		Stenella attenuata		9735 9734 9726 9722 9721 2653789 91561 314145 1437010 9347 32525 40674 32524 32523 1338369 8287 117571 117570 7776 7742 89593 7711 33511 33213 6072 33208 33154 2759 131567 
1		9737		Stenella coeruleoalba		9737 9734 9726 9722 9721 2653789 91561 314145 1437010 9347 32525 40674 32524 32523 1338369 8287 117571 117570 7776 7742 89593 7711 33511 33213 6072 33208 33154 2759 131567 
1		291263		Stereochilus marginatus		291263 269188 698026 8332 30367 8293 41666 8292 32523 1338369 8287 117571 117570 7776 7742 89593 7711 33511 33213 6072 33208 33154 2759 131567 
1		34553		Sthenoteuthis oualaniensis		34553 34552 6626 34542 215450 6606 6605 6447 1206795 2697495 33317 33213 6072 33208 33154 2759 131567 
1		319428		Stictopleurus subviridis		319428 319427 38106 38105 33357 33351 33349 33347 33345 33343 7524 33342 33340 7496 85512 50557 6960 197562 197563 6656 88770 1206794 33317 33213 6072 33208 33154 2759 131567 
1		7671		Strongylocentrotus droebachiensis		7671 7664 31181 7675 2785018 7674 7638 7625 7624 133551 7586 33511 33213 6072 33208 33154 2759 131567 
1		7670		Strongylocentrotus pallidus		7670 7664 31181 7675 2785018 7674 7638 7625 7624 133551 7586 33511 33213 6072 33208 33154 2759 131567 
1		6248		Strongyloides stercoralis		6248 6247 6246 2082224 2082223 6300 6236 119089 6231 1206794 33317 33213 6072 33208 33154 2759 131567 
1		8801		Struthio camelus		8801 8800 8799 8798 8783 8782 436492 436491 436489 436486 8492 1329799 32561 8457 32524 32523 1338369 8287 117571 117570 7776 7742 89593 7711 33511 33213 6072 33208 33154 2759 131567 
1		409996		Stylephorus chordatus		409996 409995 409994 1489837 1489843 1489841 1489838 123368 123367 123366 123365 1489388 186625 1489341 32443 41665 186623 7898 117571 117570 7776 7742 89593 7711 33511 33213 6072 33208 33154 2759 131567 
1		55567		Suberites domuncula		55567 55566 55660 1779162 1779146 6042 6040 33208 33154 2759 131567 
1		181478		Sufflamen fraenatum		181478 181477 31024 31023 31022 1489922 1489872 123369 123368 123367 123366 123365 1489388 186625 1489341 32443 41665 186623 7898 117571 117570 7776 7742 89593 7711 33511 33213 6072 33208 33154 2759 131567 
1		221869		Sundasalanx mekongensis		221869 221868 55118 1489460 32446 282425 186634 186625 1489341 32443 41665 186623 7898 117571 117570 7776 7742 89593 7711 33511 33213 6072 33208 33154 2759 131567 
1		9823		Sus scrofa		9823 9822 9821 35497 91561 314145 1437010 9347 32525 40674 32524 32523 1338369 8287 117571 117570 7776 7742 89593 7711 33511 33213 6072 33208 33154 2759 131567 
1		9825		Sus scrofa domesticus		9825 9823 9822 9821 35497 91561 314145 1437010 9347 32525 40674 32524 32523 1338369 8287 117571 117570 7776 7742 89593 7711 33511 33213 6072 33208 33154 2759 131567 
1		48155		Sylvia atricapilla		48155 43162 552881 36270 2116661 9126 8825 8782 436492 436491 436489 436486 8492 1329799 32561 8457 32524 32523 1338369 8287 117571 117570 7776 7742 89593 7711 33511 33213 6072 33208 33154 2759 131567 
1		216226		Sylvia crassirostris		216226 43162 552881 36270 2116661 9126 8825 8782 436492 436491 436489 436486 8492 1329799 32561 8457 32524 32523 1338369 8287 117571 117570 7776 7742 89593 7711 33511 33213 6072 33208 33154 2759 131567 
1		118154		Synaphobranchus kaupii		118154 118153 118155 118152 7933 32521 186624 1489340 32443 41665 186623 7898 117571 117570 7776 7742 89593 7711 33511 33213 6072 33208 33154 2759 131567 
1		261076		Synodus variegatus		261076 81391 143310 81390 1489830 68510 1489829 123366 123365 1489388 186625 1489341 32443 41665 186623 7898 117571 117570 7776 7742 89593 7711 33511 33213 6072 33208 33154 2759 131567 
1		28708		Synthliboramphus antiquus		28708 28707 28683 8906 8825 8782 436492 436491 436489 436486 8492 1329799 32561 8457 32524 32523 1338369 8287 117571 117570 7776 7742 89593 7711 33511 33213 6072 33208 33154 2759 131567 
1		9063		Syrmaticus ellioti		9063 9062 9072 9005 8976 1549675 8825 8782 436492 436491 436489 436486 8492 1329799 32561 8457 32524 32523 1338369 8287 117571 117570 7776 7742 89593 7711 33511 33213 6072 33208 33154 2759 131567 
1		9064		Syrmaticus humiae		9064 9062 9072 9005 8976 1549675 8825 8782 436492 436491 436489 436486 8492 1329799 32561 8457 32524 32523 1338369 8287 117571 117570 7776 7742 89593 7711 33511 33213 6072 33208 33154 2759 131567 
1		9066		Syrmaticus reevesii		9066 9062 9072 9005 8976 1549675 8825 8782 436492 436491 436489 436486 8492 1329799 32561 8457 32524 32523 1338369 8287 117571 117570 7776 7742 89593 7711 33511 33213 6072 33208 33154 2759 131567 
1		265498		Syrmaticus soemmerringii ijimae		265498 9067 9062 9072 9005 8976 1549675 8825 8782 436492 436491 436489 436486 8492 1329799 32561 8457 32524 32523 1338369 8287 117571 117570 7776 7742 89593 7711 33511 33213 6072 33208 33154 2759 131567 
1		342690		Tachybaptus novaehollandiae		342690 100827 30448 30447 8825 8782 436492 436491 436489 436486 8492 1329799 32561 8457 32524 32523 1338369 8287 117571 117570 7776 7742 89593 7711 33511 33213 6072 33208 33154 2759 131567 
1		9261		Tachyglossus aculeatus		9261 9260 9259 9255 9254 40674 32524 32523 1338369 8287 117571 117570 7776 7742 89593 7711 33511 33213 6072 33208 33154 2759 131567 
1		6853		Tachypleus tridentatus		6853 6851 6846 6845 6844 6843 6656 88770 1206794 33317 33213 6072 33208 33154 2759 131567 
1		6207		Taenia crassiceps		6207 6202 6208 6201 6200 6199 6157 1206795 2697495 33317 33213 6072 33208 33154 2759 131567 
1		85431		Taenia hydatigena		85431 6202 6208 6201 6200 6199 6157 1206795 2697495 33317 33213 6072 33208 33154 2759 131567 
1		94034		Taenia multiceps		94034 6202 6208 6201 6200 6199 6157 1206795 2697495 33317 33213 6072 33208 33154 2759 131567 
1		6206		Taenia saginata		6206 6202 6208 6201 6200 6199 6157 1206795 2697495 33317 33213 6072 33208 33154 2759 131567 
1		6204		Taenia solium		6204 6202 6208 6201 6200 6199 6157 1206795 2697495 33317 33213 6072 33208 33154 2759 131567 
1		59729		Taeniopygia guttata		59729 59728 40155 37611 175121 9126 8825 8782 436492 436491 436489 436486 8492 1329799 32561 8457 32524 32523 1338369 8287 117571 117570 7776 7742 89593 7711 33511 33213 6072 33208 33154 2759 131567 
1		176185		Takifugu chinensis		176185 31032 31031 32517 31028 31022 1489922 1489872 123369 123368 123367 123366 123365 1489388 186625 1489341 32443 41665 186623 7898 117571 117570 7776 7742 89593 7711 33511 33213 6072 33208 33154 2759 131567 
1		277992		Takifugu exascurus		277992 31032 31031 32517 31028 31022 1489922 1489872 123369 123368 123367 123366 123365 1489388 186625 1489341 32443 41665 186623 7898 117571 117570 7776 7742 89593 7711 33511 33213 6072 33208 33154 2759 131567 
1		301270		Takifugu fasciatus		301270 31032 31031 32517 31028 31022 1489922 1489872 123369 123368 123367 123366 123365 1489388 186625 1489341 32443 41665 186623 7898 117571 117570 7776 7742 89593 7711 33511 33213 6072 33208 33154 2759 131567 
2		204815		Takifugu alboplumbeus		433688 31032 31031 32517 31028 31022 1489922 1489872 123369 123368 123367 123366 123365 1489388 186625 1489341 32443 41665 186623 7898 117571 117570 7776 7742 89593 7711 33511 33213 6072 33208 33154 2759 131567 
1		204816		Takifugu oblongus		204816 31032 31031 32517 31028 31022 1489922 1489872 123369 123368 123367 123366 123365 1489388 186625 1489341 32443 41665 186623 7898 117571 117570 7776 7742 89593 7711 33511 33213 6072 33208 33154 2759 131567 
1		309541		Takifugu obscurus		309541 31032 31031 32517 31028 31022 1489922 1489872 123369 123368 123367 123366 123365 1489388 186625 1489341 32443 41665 186623 7898 117571 117570 7776 7742 89593 7711 33511 33213 6072 33208 33154 2759 131567 
1		433686		Takifugu ocellatus		433686 31032 31031 32517 31028 31022 1489922 1489872 123369 123368 123367 123366 123365 1489388 186625 1489341 32443 41665 186623 7898 117571 117570 7776 7742 89593 7711 33511 33213 6072 33208 33154 2759 131567 
1		98921		Takifugu pardalis		98921 31032 31031 32517 31028 31022 1489922 1489872 123369 123368 123367 123366 123365 1489388 186625 1489341 32443 41665 186623 7898 117571 117570 7776 7742 89593 7711 33511 33213 6072 33208 33154 2759 131567 
1		176188		Takifugu poecilonotus		176188 31032 31031 32517 31028 31022 1489922 1489872 123369 123368 123367 123366 123365 1489388 186625 1489341 32443 41665 186623 7898 117571 117570 7776 7742 89593 7711 33511 33213 6072 33208 33154 2759 131567 
1		176187		Takifugu porphyreus		176187 31032 31031 32517 31028 31022 1489922 1489872 123369 123368 123367 123366 123365 1489388 186625 1489341 32443 41665 186623 7898 117571 117570 7776 7742 89593 7711 33511 33213 6072 33208 33154 2759 131567 
1		31033		Takifugu rubripes		31033 31032 31031 32517 31028 31022 1489922 1489872 123369 123368 123367 123366 123365 1489388 186625 1489341 32443 41665 186623 7898 117571 117570 7776 7742 89593 7711 33511 33213 6072 33208 33154 2759 131567 
1		277993		Takifugu snyderi		277993 31032 31031 32517 31028 31022 1489922 1489872 123369 123368 123367 123366 123365 1489388 186625 1489341 32443 41665 186623 7898 117571 117570 7776 7742 89593 7711 33511 33213 6072 33208 33154 2759 131567 
1		229060		Takifugu stictonotus		229060 31032 31031 32517 31028 31022 1489922 1489872 123369 123368 123367 123366 123365 1489388 186625 1489341 32443 41665 186623 7898 117571 117570 7776 7742 89593 7711 33511 33213 6072 33208 33154 2759 131567 
1		177060		Takifugu vermicularis		177060 31032 31031 32517 31028 31022 1489922 1489872 123369 123368 123367 123366 123365 1489388 186625 1489341 32443 41665 186623 7898 117571 117570 7776 7742 89593 7711 33511 33213 6072 33208 33154 2759 131567 
1		119041		Takifugu xanthopterus		119041 31032 31031 32517 31028 31022 1489922 1489872 123369 123368 123367 123366 123365 1489388 186625 1489341 32443 41665 186623 7898 117571 117570 7776 7742 89593 7711 33511 33213 6072 33208 33154 2759 131567 
1		9375		Talpa europaea		9375 9374 9373 9362 314145 1437010 9347 32525 40674 32524 32523 1338369 8287 117571 117570 7776 7742 89593 7711 33511 33213 6072 33208 33154 2759 131567 
1		48850		Tamandua tetradactyla		48850 9350 9349 948952 948950 9348 9347 32525 40674 32524 32523 1338369 8287 117571 117570 7776 7742 89593 7711 33511 33213 6072 33208 33154 2759 131567 
1		38632		Tarsipes rostratus		38632 38631 38630 38609 9263 32525 40674 32524 32523 1338369 8287 117571 117570 7776 7742 89593 7711 33511 33213 6072 33208 33154 2759 131567 
1		9477		Cephalopachus bancanus		9477 1971489 9475 376912 376913 9443 314146 1437010 9347 32525 40674 32524 32523 1338369 8287 117571 117570 7776 7742 89593 7711 33511 33213 6072 33208 33154 2759 131567 
2		9478		Carlito syrichta		1868482 1868481 9475 376912 376913 9443 314146 1437010 9347 32525 40674 32524 32523 1338369 8287 117571 117570 7776 7742 89593 7711 33511 33213 6072 33208 33154 2759 131567 
1		293957		Teratoscincus keyserlingii		293957 52168 1329929 8560 1329961 8509 8504 32561 8457 32524 32523 1338369 8287 117571 117570 7776 7742 89593 7711 33511 33213 6072 33208 33154 2759 131567 
1		34513		Terebratalia transversa		34513 34512 33476 115392 115390 7578 115371 115369 7568 1206795 2697495 33317 33213 6072 33208 33154 2759 131567 
1		7580		Terebratulina retusa		7580 7579 33484 115389 115383 7578 115371 115369 7568 1206795 2697495 33317 33213 6072 33208 33154 2759 131567 
1		86975		Testudo graeca		86975 86974 8487 8486 1579337 8464 8459 2841271 1329799 32561 8457 32524 32523 1338369 8287 117571 117570 7776 7742 89593 7711 33511 33213 6072 33208 33154 2759 131567 
1		101699		Testudo horsfieldii		101699 86974 8487 8486 1579337 8464 8459 2841271 1329799 32561 8457 32524 32523 1338369 8287 117571 117570 7776 7742 89593 7711 33511 33213 6072 33208 33154 2759 131567 
1		101700		Testudo kleinmanni		101700 86974 8487 8486 1579337 8464 8459 2841271 1329799 32561 8457 32524 32523 1338369 8287 117571 117570 7776 7742 89593 7711 33511 33213 6072 33208 33154 2759 131567 
1		101701		Testudo marginata		101701 86974 8487 8486 1579337 8464 8459 2841271 1329799 32561 8457 32524 32523 1338369 8287 117571 117570 7776 7742 89593 7711 33511 33213 6072 33208 33154 2759 131567 
1		233783		Tethya actinia		233783 34493 45120 1779163 1779146 6042 6040 33208 33154 2759 131567 
1		240496		Tetraclita japonica		240496 32275 37894 2899673 2899670 2899756 6676 6675 116172 2172821 6657 197562 197563 6656 88770 1206794 33317 33213 6072 33208 33154 2759 131567 
1		546504		Tetraphalerus bruchi		546504 546503 110038 50547 7041 33392 33340 7496 85512 50557 6960 197562 197563 6656 88770 1206794 33317 33213 6072 33208 33154 2759 131567 
1		13720		Tetrapturus angustirostris		13720 13718 27768 1489906 1489904 1489872 123369 123368 123367 123366 123365 1489388 186625 1489341 32443 41665 186623 7898 117571 117570 7776 7742 89593 7711 33511 33213 6072 33208 33154 2759 131567 
1		13721		Kajikia audax		13721 1094710 27768 1489906 1489904 1489872 123369 123368 123367 123366 123365 1489388 186625 1489341 32443 41665 186623 7898 117571 117570 7776 7742 89593 7711 33511 33213 6072 33208 33154 2759 131567 
1		48717		Tetrodontophora bielanensis		48717 48716 187629 48715 79706 730331 30001 6960 197562 197563 6656 88770 1206794 33317 33213 6072 33208 33154 2759 131567 
1		54026		Thalassarche melanophris		54026 329933 37067 30449 8825 8782 436492 436491 436489 436486 8492 1329799 32561 8457 32524 32523 1338369 8287 117571 117570 7776 7742 89593 7711 33511 33213 6072 33208 33154 2759 131567 
1		556248		Congriscus sp. Tht2		556248 2641520 1604599 135217 7941 7933 32521 186624 1489340 32443 41665 186623 7898 117571 117570 7776 7742 89593 7711 33511 33213 6072 33208 33154 2759 131567 
1		325629		Thamnaconus modestus		325629 325628 143346 31023 31022 1489922 1489872 123369 123368 123367 123366 123365 1489388 186625 1489341 32443 41665 186623 7898 117571 117570 7776 7742 89593 7711 33511 33213 6072 33208 33154 2759 131567 
2		48550		Gadus chalcogrammus		1042646 8048 8045 1489845 8043 1489843 1489841 1489838 123368 123367 123366 123365 1489388 186625 1489341 32443 41665 186623 7898 117571 117570 7776 7742 89593 7711 33511 33213 6072 33208 33154 2759 131567 
2		421885		Gadus chalcogrammus		1042646 8048 8045 1489845 8043 1489843 1489841 1489838 123368 123367 123366 123365 1489388 186625 1489341 32443 41665 186623 7898 117571 117570 7776 7742 89593 7711 33511 33213 6072 33208 33154 2759 131567 
1		89055		Thermobia domestica		89055 89054 27551 30264 85512 50557 6960 197562 197563 6656 88770 1206794 33317 33213 6072 33208 33154 2759 131567 
1		576855		Thermophis zhaoermii		576855 527826 1390229 34989 8570 1329911 1329912 1329950 1329961 8509 8504 32561 8457 32524 32523 1338369 8287 117571 117570 7776 7742 89593 7711 33511 33213 6072 33208 33154 2759 131567 
1		291261		Thorius n. sp. RLM-2004		291261 269193 698026 8332 30367 8293 41666 8292 32523 1338369 8287 117571 117570 7776 7742 89593 7711 33511 33213 6072 33208 33154 2759 131567 
1		100858		Threskiornis aethiopicus		100858 100857 33574 9205 8825 8782 436492 436491 436489 436486 8492 1329799 32561 8457 32524 32523 1338369 8287 117571 117570 7776 7742 89593 7711 33511 33213 6072 33208 33154 2759 131567 
1		10169		Thryonomys swinderianus		10169 10168 74488 33550 9989 314147 314146 1437010 9347 32525 40674 32524 32523 1338369 8287 117571 117570 7776 7742 89593 7711 33511 33213 6072 33208 33154 2759 131567 
1		8238		Thunnus orientalis		8238 8234 186749 186745 8224 1489894 1489885 1489872 123369 123368 123367 123366 123365 1489388 186625 1489341 32443 41665 186623 7898 117571 117570 7776 7742 89593 7711 33511 33213 6072 33208 33154 2759 131567 
1		8242		Thunnus thynnus thynnus		8242 8237 8234 186749 186745 8224 1489894 1489885 1489872 123369 123368 123367 123366 123365 1489388 186625 1489341 32443 41665 186623 7898 117571 117570 7776 7742 89593 7711 33511 33213 6072 33208 33154 2759 131567 
1		9275		Thylacinus cynocephalus		9275 9274 9273 38608 9263 32525 40674 32524 32523 1338369 8287 117571 117570 7776 7742 89593 7711 33511 33213 6072 33208 33154 2759 131567 
1		70285		Thymallus arcticus		70285 36184 504569 8015 8006 41705 1489388 186625 1489341 32443 41665 186623 7898 117571 117570 7776 7742 89593 7711 33511 33213 6072 33208 33154 2759 131567 
1		36185		Thymallus thymallus		36185 36184 504569 8015 8006 41705 1489388 186625 1489341 32443 41665 186623 7898 117571 117570 7776 7742 89593 7711 33511 33213 6072 33208 33154 2759 131567 
1		174155		Thyropygus sp. DVL-2001		174155 2623285 174150 30268 30267 118561 7553 61985 197563 6656 88770 1206794 33317 33213 6072 33208 33154 2759 131567 
1		30468		Tinamus major		30468 30467 8803 8802 8783 8782 436492 436491 436489 436486 8492 1329799 32561 8457 32524 32523 1338369 8287 117571 117570 7776 7742 89593 7711 33511 33213 6072 33208 33154 2759 131567 
1		27717		Tinca tinca		27717 27716 2743744 30727 7952 186627 186626 32519 186634 186625 1489341 32443 41665 186623 7898 117571 117570 7776 7742 89593 7711 33511 33213 6072 33208 33154 2759 131567 
1		497867		Todiramphus sanctus vagans		497867 342380 325346 8937 8936 8825 8782 436492 436491 436489 436486 8492 1329799 32561 8457 32524 32523 1338369 8287 117571 117570 7776 7742 89593 7711 33511 33213 6072 33208 33154 2759 131567 
1		281489		Topsentia ophiraphidites		281489 279594 1779190 1779162 1779146 6042 6040 33208 33154 2759 131567 
1		478964		Torquigener brevipinnis		478964 303747 31031 32517 31028 31022 1489922 1489872 123369 123368 123367 123366 123365 1489388 186625 1489341 32443 41665 186623 7898 117571 117570 7776 7742 89593 7711 33511 33213 6072 33208 33154 2759 131567 
1		270537		Toxotes chatareus		270537 270536 30876 1489905 1489904 1489872 123369 123368 123367 123366 123365 1489388 186625 1489341 32443 41665 186623 7898 117571 117570 7776 7742 89593 7711 33511 33213 6072 33208 33154 2759 131567 
1		34903		Trachemys scripta		34903 34902 8476 8486 1579337 8464 8459 2841271 1329799 32561 8457 32524 32523 1338369 8287 117571 117570 7776 7742 89593 7711 33511 33213 6072 33208 33154 2759 131567 
1		83875		Trachurus japonicus		83875 36211 8157 1489907 1489904 1489872 123369 123368 123367 123366 123365 1489388 186625 1489341 32443 41665 186623 7898 117571 117570 7776 7742 89593 7711 33511 33213 6072 33208 33154 2759 131567 
1		36212		Trachurus trachurus		36212 36211 8157 1489907 1489904 1489872 123369 123368 123367 123366 123365 1489388 186625 1489341 32443 41665 186623 7898 117571 117570 7776 7742 89593 7711 33511 33213 6072 33208 33154 2759 131567 
1		60840		Trachypachus holmbergi		60840 60839 60838 535382 41071 7041 33392 33340 7496 85512 50557 6960 197562 197563 6656 88770 1206794 33317 33213 6072 33208 33154 2759 131567 
1		54181		Trachypithecus obscurus		54181 54136 9569 9527 314294 9526 314293 376913 9443 314146 1437010 9347 32525 40674 32524 32523 1338369 8287 117571 117570 7776 7742 89593 7711 33511 33213 6072 33208 33154 2759 131567 
1		30407		Tragopan caboti		30407 9069 9072 9005 8976 1549675 8825 8782 436492 436491 436489 436486 8492 1329799 32561 8457 32524 32523 1338369 8287 117571 117570 7776 7742 89593 7711 33511 33213 6072 33208 33154 2759 131567 
1		9638		Tremarctos ornatus		9638 9637 9632 379584 33554 314145 1437010 9347 32525 40674 32524 32523 1338369 8287 117571 117570 7776 7742 89593 7711 33511 33213 6072 33208 33154 2759 131567 
1		245701		Triacanthodes anomalus		245701 241826 31026 1545896 31022 1489922 1489872 123369 123368 123367 123366 123365 1489388 186625 1489341 32443 41665 186623 7898 117571 117570 7776 7742 89593 7711 33511 33213 6072 33208 33154 2759 131567 
1		384595		Triacanthus biaculeatus		384595 384594 31027 32516 31022 1489922 1489872 123369 123368 123367 123366 123365 1489388 186625 1489341 32443 41665 186623 7898 117571 117570 7776 7742 89593 7711 33511 33213 6072 33208 33154 2759 131567 
1		72491		Triatoma dimidiata		72491 30075 70999 27479 33356 33354 33351 33349 33347 33345 33343 7524 33342 33340 7496 85512 50557 6960 197562 197563 6656 88770 1206794 33317 33213 6072 33208 33154 2759 131567 
1		264447		Tribolodon nakamurai		264447 151739 2743738 2743726 30727 7952 186627 186626 32519 186634 186625 1489341 32443 41665 186623 7898 117571 117570 7776 7742 89593 7711 33511 33213 6072 33208 33154 2759 131567 
1		9778		Trichechus manatus		9778 9776 9775 9774 311790 9347 32525 40674 32524 32523 1338369 8287 117571 117570 7776 7742 89593 7711 33511 33213 6072 33208 33154 2759 131567 
1		6334		Trichinella spiralis		6334 6333 6332 6329 1457286 119088 6231 1206794 33317 33213 6072 33208 33154 2759 131567 
1		89825		Tricholepidion gertschi		89825 89824 85510 30264 85512 50557 6960 197562 197563 6656 88770 1206794 33317 33213 6072 33208 33154 2759 131567 
1		9337		Trichosurus vulpecula		9337 9336 9335 38609 9263 32525 40674 32524 32523 1338369 8287 117571 117570 7776 7742 89593 7711 33511 33213 6072 33208 33154 2759 131567 
1		300227		Triodon macropterus		300227 300226 300225 1489936 31022 1489922 1489872 123369 123368 123367 123366 123365 1489388 186625 1489341 32443 41665 186623 7898 117571 117570 7776 7742 89593 7711 33511 33213 6072 33208 33154 2759 131567 
1		101491		Trionyx triunguis		101491 13734 34907 1579275 8464 8459 2841271 1329799 32561 8457 32524 32523 1338369 8287 117571 117570 7776 7742 89593 7711 33511 33213 6072 33208 33154 2759 131567 
1		194544		Triops cancriformis		194544 58776 63729 58774 116557 6658 6657 197562 197563 6656 88770 1206794 33317 33213 6072 33208 33154 2759 131567 
1		58777		Triops longicaudatus		58777 58776 63729 58774 116557 6658 6657 197562 197563 6656 88770 1206794 33317 33213 6072 33208 33154 2759 131567 
1		245703		Trixiphichthys weberi		245703 245702 31027 32516 31022 1489922 1489872 123369 123368 123367 123366 123365 1489388 186625 1489341 32443 41665 186623 7898 117571 117570 7776 7742 89593 7711 33511 33213 6072 33208 33154 2759 131567 
1		552514		Troglophilus neglectus		552514 264579 114955 62768 1069438 6994 6993 33341 33340 7496 85512 50557 6960 197562 197563 6656 88770 1206794 33317 33213 6072 33208 33154 2759 131567 
1		59419		Trogon viridis		59419 56310 56309 56308 8825 8782 436492 436491 436489 436486 8492 1329799 32561 8457 32524 32523 1338369 8287 117571 117570 7776 7742 89593 7711 33511 33213 6072 33208 33154 2759 131567 
1		51980		Tropidophis haetianus		51980 39246 39698 34979 8570 1329911 1329912 1329950 1329961 8509 8504 32561 8457 32524 32523 1338369 8287 117571 117570 7776 7742 89593 7711 33511 33213 6072 33208 33154 2759 131567 
1		329627		Tscherskia triton		329627 329626 10026 337677 337687 1963758 9989 314147 314146 1437010 9347 32525 40674 32524 32523 1338369 8287 117571 117570 7776 7742 89593 7711 33511 33213 6072 33208 33154 2759 131567 
1		37347		Tupaia belangeri		37347 9394 9393 9392 314146 1437010 9347 32525 40674 32524 32523 1338369 8287 117571 117570 7776 7742 89593 7711 33511 33213 6072 33208 33154 2759 131567 
1		79784		Tursiops aduncus		79784 9738 9726 9722 9721 2653789 91561 314145 1437010 9347 32525 40674 32524 32523 1338369 8287 117571 117570 7776 7742 89593 7711 33511 33213 6072 33208 33154 2759 131567 
1		9739		Tursiops truncatus		9739 9738 9726 9722 9721 2653789 91561 314145 1437010 9347 32525 40674 32524 32523 1338369 8287 117571 117570 7776 7742 89593 7711 33511 33213 6072 33208 33154 2759 131567 
1		32513		Tylochromis polylepis		32513 32512 319071 318546 319095 8113 1489911 1489910 1489908 1489872 123369 123368 123367 123366 123365 1489388 186625 1489341 32443 41665 186623 7898 117571 117570 7776 7742 89593 7711 33511 33213 6072 33208 33154 2759 131567 
1		534403		Amerotyphlops reticulatus		534403 1539293 34978 34975 8570 1329911 1329912 1329950 1329961 8509 8504 32561 8457 32524 32523 1338369 8287 117571 117570 7776 7742 89593 7711 33511 33213 6072 33208 33154 2759 131567 
1		29064		Panthera uncia		29064 9688 338153 9681 379583 33554 314145 1437010 9347 32525 40674 32524 32523 1338369 8287 117571 117570 7776 7742 89593 7711 33511 33213 6072 33208 33154 2759 131567 
1		262585		Uraeotyphlus cf. oxyurus MW-212		262585 194401 8451 8445 8292 32523 1338369 8287 117571 117570 7776 7742 89593 7711 33511 33213 6072 33208 33154 2759 131567 
1		6431		Urechis caupo		6431 6430 6429 6428 6427 6341 6340 1206795 2697495 33317 33213 6072 33208 33154 2759 131567 
1		6432		Urechis unicinctus		6432 6430 6429 6428 6427 6341 6340 1206795 2697495 33317 33213 6072 33208 33154 2759 131567 
1		106106		Urotrichus talpoides		106106 106105 9373 9362 314145 1437010 9347 32525 40674 32524 32523 1338369 8287 117571 117570 7776 7742 89593 7711 33511 33213 6072 33208 33154 2759 131567 
1		9643		Ursus americanus		9643 9639 9632 379584 33554 314145 1437010 9347 32525 40674 32524 32523 1338369 8287 117571 117570 7776 7742 89593 7711 33511 33213 6072 33208 33154 2759 131567 
1		9644		Ursus arctos		9644 9639 9632 379584 33554 314145 1437010 9347 32525 40674 32524 32523 1338369 8287 117571 117570 7776 7742 89593 7711 33511 33213 6072 33208 33154 2759 131567 
1		29073		Ursus maritimus		29073 9639 9632 379584 33554 314145 1437010 9347 32525 40674 32524 32523 1338369 8287 117571 117570 7776 7742 89593 7711 33511 33213 6072 33208 33154 2759 131567 
1		39097		Ursus spelaeus		39097 9639 9632 379584 33554 314145 1437010 9347 32525 40674 32524 32523 1338369 8287 117571 117570 7776 7742 89593 7711 33511 33213 6072 33208 33154 2759 131567 
1		9642		Ursus thibetanus		9642 9639 9632 379584 33554 314145 1437010 9347 32525 40674 32524 32523 1338369 8287 117571 117570 7776 7742 89593 7711 33511 33213 6072 33208 33154 2759 131567 
1		411875		Ursus thibetanus formosanus		411875 9642 9639 9632 379584 33554 314145 1437010 9347 32525 40674 32524 32523 1338369 8287 117571 117570 7776 7742 89593 7711 33511 33213 6072 33208 33154 2759 131567 
1		262110		Ursus thibetanus mupinensis		262110 9642 9639 9632 379584 33554 314145 1437010 9347 32525 40674 32524 32523 1338369 8287 117571 117570 7776 7742 89593 7711 33511 33213 6072 33208 33154 2759 131567 
1		441215		Ursus thibetanus thibetanus		441215 9642 9639 9632 379584 33554 314145 1437010 9347 32525 40674 32524 32523 1338369 8287 117571 117570 7776 7742 89593 7711 33511 33213 6072 33208 33154 2759 131567 
1		262111		Ursus thibetanus ussuricus		262111 9642 9639 9632 379584 33554 314145 1437010 9347 32525 40674 32524 32523 1338369 8287 117571 117570 7776 7742 89593 7711 33511 33213 6072 33208 33154 2759 131567 
1		479641		Vaceletia sp. GW948		479641 2628532 269035 283979 119428 1779147 6042 6040 33208 33154 2759 131567 
1		575843		Valentia hoffmanni		575843 575842 204542 27479 33356 33354 33351 33349 33347 33345 33343 7524 33342 33340 7496 85512 50557 6960 197562 197563 6656 88770 1206794 33317 33213 6072 33208 33154 2759 131567 
1		55288		Vampyroteuthis infernalis		55288 55287 126370 55286 215451 6606 6605 6447 1206795 2697495 33317 33213 6072 33208 33154 2759 131567 
1		62046		Varanus niloticus		62046 8556 8555 1329920 1330544 8548 1329911 1329912 1329950 1329961 8509 8504 32561 8457 32524 32523 1338369 8287 117571 117570 7776 7742 89593 7711 33511 33213 6072 33208 33154 2759 131567 
1		62051		Varanus salvator		62051 8556 8555 1329920 1330544 8548 1329911 1329912 1329950 1329961 8509 8504 32561 8457 32524 32523 1338369 8287 117571 117570 7776 7742 89593 7711 33511 33213 6072 33208 33154 2759 131567 
1		87289		Varecia variegata variegata		87289 9455 9454 9445 376915 376911 9443 314146 1437010 9347 32525 40674 32524 32523 1338369 8287 117571 117570 7776 7742 89593 7711 33511 33213 6072 33208 33154 2759 131567 
1		109461		Varroa destructor		109461 62624 109261 41438 1723665 281668 34634 6934 6933 6854 6843 6656 88770 1206794 33317 33213 6072 33208 33154 2759 131567 
1		332670		Ventrifossa garmani		332670 332669 630280 30761 1489844 8043 1489843 1489841 1489838 123368 123367 123366 123365 1489388 186625 1489341 32443 41665 186623 7898 117571 117570 7776 7742 89593 7711 33511 33213 6072 33208 33154 2759 131567 
1		98923		Verasper moseri		98923 82365 8256 30942 8252 1489904 1489872 123369 123368 123367 123366 123365 1489388 186625 1489341 32443 41665 186623 7898 117571 117570 7776 7742 89593 7711 33511 33213 6072 33208 33154 2759 131567 
1		82366		Verasper variegatus		82366 82365 8256 30942 8252 1489904 1489872 123369 123368 123367 123366 123365 1489388 186625 1489341 32443 41665 186623 7898 117571 117570 7776 7742 89593 7711 33511 33213 6072 33208 33154 2759 131567 
1		9843		Vicugna vicugna		9843 30539 9835 9834 91561 314145 1437010 9347 32525 40674 32524 32523 1338369 8287 117571 117570 7776 7742 89593 7711 33511 33213 6072 33208 33154 2759 131567 
1		81927		Vidua chalybeata		81927 37613 37612 37611 175121 9126 8825 8782 436492 436491 436489 436486 8492 1329799 32561 8457 32524 32523 1338369 8287 117571 117570 7776 7742 89593 7711 33511 33213 6072 33208 33154 2759 131567 
1		29139		Vombatus ursinus		29139 29138 9338 38609 9263 32525 40674 32524 32523 1338369 8287 117571 117570 7776 7742 89593 7711 33511 33213 6072 33208 33154 2759 131567 
1		9627		Vulpes vulpes		9627 9625 9608 379584 33554 314145 1437010 9347 32525 40674 32524 32523 1338369 8287 117571 117570 7776 7742 89593 7711 33511 33213 6072 33208 33154 2759 131567 
1		6625		Watasenia scintillans		6625 6624 6623 34542 215450 6606 6605 6447 1206795 2697495 33317 33213 6072 33208 33154 2759 131567 
1		486152		Whitmania pigra		486152 307843 307842 6416 2218736 55824 42113 6340 1206795 2697495 33317 33213 6072 33208 33154 2759 131567 
1		303701		Xanthichthys auromarginatus		303701 303700 31024 31023 31022 1489922 1489872 123369 123368 123367 123366 123365 1489388 186625 1489341 32443 41665 186623 7898 117571 117570 7776 7742 89593 7711 33511 33213 6072 33208 33154 2759 131567 
1		388625		Xenobalistes tumidipectoris		388625 388624 31024 31023 31022 1489922 1489872 123369 123368 123367 123366 123365 1489388 186625 1489341 32443 41665 186623 7898 117571 117570 7776 7742 89593 7711 33511 33213 6072 33208 33154 2759 131567 
1		70546		Xenocypris argentea		70546 70544 2743747 2743745 30727 7952 186627 186626 32519 186634 186625 1489341 32443 41665 186623 7898 117571 117570 7776 7742 89593 7711 33511 33213 6072 33208 33154 2759 131567 
1		291826		Xenocypris davidi		291826 70544 2743747 2743745 30727 7952 186627 186626 32519 186634 186625 1489341 32443 41665 186623 7898 117571 117570 7776 7742 89593 7711 33511 33213 6072 33208 33154 2759 131567 
1		112162		Xenomystus nigri		112162 112161 31091 41712 31089 1489343 1489341 32443 41665 186623 7898 117571 117570 7776 7742 89593 7711 33511 33213 6072 33208 33154 2759 131567 
2		123689		Oryzias sarasinorum		1231042 8089 8088 47757 28781 76071 1489913 1489908 1489872 123369 123368 123367 123366 123365 1489388 186625 1489341 32443 41665 186623 7898 117571 117570 7776 7742 89593 7711 33511 33213 6072 33208 33154 2759 131567 
1		8364		Xenopus tropicalis		8364 8363 8353 8360 8352 30319 8342 41666 8292 32523 1338369 8287 117571 117570 7776 7742 89593 7711 33511 33213 6072 33208 33154 2759 131567 
1		242395		Xenoturbella bocki		242395 110815 1547233 110814 1312402 33213 6072 33208 33154 2759 131567 
1		178552		Xestospongia muta		178552 178550 68562 6049 1779146 6042 6040 33208 33154 2759 131567 
1		8245		Xiphias gladius		8245 8244 8243 1489906 1489904 1489872 123369 123368 123367 123366 123365 1489388 186625 1489341 32443 41665 186623 7898 117571 117570 7776 7742 89593 7711 33511 33213 6072 33208 33154 2759 131567 
1		154827		Xyrauchen texanus		154827 154826 7968 2509193 7952 186627 186626 32519 186634 186625 1489341 32443 41665 186623 7898 117571 117570 7776 7742 89593 7711 33511 33213 6072 33208 33154 2759 131567 
1		498953		Yemmalysus parallelus		498953 498952 236388 33359 33357 33351 33349 33347 33345 33343 7524 33342 33340 7496 85512 50557 6960 197562 197563 6656 88770 1206794 33317 33213 6072 33208 33154 2759 131567 
1		327405		Nipponocypris sieboldii		327405 933990 2743746 2743745 30727 7952 186627 186626 32519 186634 186625 1489341 32443 41665 186623 7898 117571 117570 7776 7742 89593 7711 33511 33213 6072 33208 33154 2759 131567 
1		33543		Zaglossus bruijni		33543 33542 9259 9255 9254 40674 32524 32523 1338369 8287 117571 117570 7776 7742 89593 7711 33511 33213 6072 33208 33154 2759 131567 
1		9704		Zalophus californianus		9704 9703 9702 379584 33554 314145 1437010 9347 32525 40674 32524 32523 1338369 8287 117571 117570 7776 7742 89593 7711 33511 33213 6072 33208 33154 2759 131567 
1		75044		Zanclus cornutus		75044 75043 75383 1489937 1489922 1489872 123369 123368 123367 123366 123365 1489388 186625 1489341 32443 41665 186623 7898 117571 117570 7776 7742 89593 7711 33511 33213 6072 33208 33154 2759 131567 
1		175439		Zebrasoma flavescens		175439 75045 145345 29146 1489937 1489922 1489872 123369 123368 123367 123366 123365 1489388 186625 1489341 32443 41665 186623 7898 117571 117570 7776 7742 89593 7711 33511 33213 6072 33208 33154 2759 131567 
1		64108		Zeus faber		64108 64107 31103 31097 1489842 1489841 1489838 123368 123367 123366 123365 1489388 186625 1489341 32443 41665 186623 7898 117571 117570 7776 7742 89593 7711 33511 33213 6072 33208 33154 2759 131567 
2		449243		Acanella arbuscula		44213 44212 44204 3028843 6132 6101 6073 6072 33208 33154 2759 131567 
1		86543		Briareum asbestinum		86543 86542 86541 3028851 6132 6101 6073 6072 33208 33154 2759 131567 
1		151771		Dendronephthya gigantea		151771 51109 51108 3028843 6132 6101 6073 6072 33208 33154 2759 131567 
1		444732		Keratoisidinae sp. BAL208-1		444732 44207 44204 3028843 6132 6101 6073 6072 33208 33154 2759 131567 
2		204379		Antillogorgia bipinnata		1499518 1306264 37506 3028843 6132 6101 6073 6072 33208 33154 2759 131567 
1		328566		Savalia savaglia		328566 328565 44928 44927 6102 6101 6073 6072 33208 33154 2759 131567 
