Mithril_id	present	Predictive score
MITHRIL.12787	False	15.122021385678355
MITHRIL.12788	True	15.122021385678355
MITHRIL.12789	False	15.122021385678355
MITHRIL.12790	False	16.600387770659548
MITHRIL.12791	False	16.600387770659548
MITHRIL.12792	False	16.600387770659548
MITHRIL.12793	False	13.14700794605593
MITHRIL.12794	True	13.14700794605593
MITHRIL.12795	False	13.14700794605593
MITHRIL.12796	False	12.74758994079514
MITHRIL.12797	True	12.74758994079514
MITHRIL.12798	False	12.74758994079514
MITHRIL.12799	False	15.70278666374871
MITHRIL.12800	True	15.70278666374871
MITHRIL.12801	False	15.70278666374871
MITHRIL.12802	False	16.95718303629508
MITHRIL.12803	False	14.87246081407286
MITHRIL.12804	False	16.95718303629508
MITHRIL.12805	False	17.402713698721296
MITHRIL.12806	True	17.402713698721296
MITHRIL.12807	False	17.402713698721296
MITHRIL.12808	False	11.626682186474474
MITHRIL.12809	False	11.626682186474474
MITHRIL.12810	False	11.626682186474474
MITHRIL.12811	False	12.866831638909067
MITHRIL.12812	False	12.866831638909067
MITHRIL.12813	False	12.866831638909067
MITHRIL.12814	False	20.872065533321205
MITHRIL.12815	False	18.23873219998787
MITHRIL.12816	False	20.872065533321205
MITHRIL.12817	False	17.826492737612874
MITHRIL.12818	False	17.826492737612874
MITHRIL.12819	False	16.180659404279538
MITHRIL.12820	False	20.289326755325064
MITHRIL.12821	True	17.655993421991727
MITHRIL.12822	False	20.289326755325064
MITHRIL.12823	False	12.313334436363595
MITHRIL.12824	False	12.313334436363595
MITHRIL.12825	False	12.313334436363595
MITHRIL.12826	False	9.276024431502066
MITHRIL.12827	True	9.276024431502066
MITHRIL.12828	False	9.276024431502066
MITHRIL.12829	False	3.7131187529383136
MITHRIL.12830	True	3.7131187529383136
MITHRIL.12831	False	3.7131187529383136
MITHRIL.12832	False	10.645002815041927
MITHRIL.12833	False	10.645002815041927
MITHRIL.12834	False	10.645002815041927
MITHRIL.12835	False	12.980488212616493
MITHRIL.12836	True	12.980488212616493
MITHRIL.12837	False	12.980488212616493
MITHRIL.12838	False	11.183996592348526
MITHRIL.12839	False	11.183996592348526
MITHRIL.12840	False	11.183996592348526
MITHRIL.12841	False	17.842049398354774
MITHRIL.12842	True	17.842049398354774
MITHRIL.12843	False	17.842049398354774
MITHRIL.12844	True	17.31150811809149
MITHRIL.12845	False	17.31150811809149
MITHRIL.12846	False	17.31150811809149
MITHRIL.12847	False	17.887913636560267
MITHRIL.12848	False	17.887913636560267
MITHRIL.12849	False	17.887913636560267
MITHRIL.12850	True	10.653132672129727
MITHRIL.12851	False	10.653132672129727
MITHRIL.12852	False	10.653132672129727
MITHRIL.12853	False	20.25553423586082
MITHRIL.12854	True	17.62220090252749
MITHRIL.12855	False	20.25553423586082
MITHRIL.12856	False	18.025246220655028
MITHRIL.12857	False	16.132537887321693
MITHRIL.12858	False	18.025246220655028
MITHRIL.12859	False	16.000657394952867
MITHRIL.12860	False	16.000657394952867
MITHRIL.12861	False	16.000657394952867
MITHRIL.12862	False	18.19139142455648
MITHRIL.12863	False	18.19139142455648
MITHRIL.12864	False	16.298683091223143
MITHRIL.12865	False	20.216130716922628
MITHRIL.12866	True	17.582797383589295
MITHRIL.12867	False	20.216130716922628
MITHRIL.12868	False	12.516676689013948
MITHRIL.12869	True	12.516676689013948
MITHRIL.12870	False	12.516676689013948
MITHRIL.12871	False	10.02351151549248
MITHRIL.12872	True	10.02351151549248
MITHRIL.12873	False	10.02351151549248
MITHRIL.12874	False	12.895791245791244
MITHRIL.12875	False	12.895791245791244
MITHRIL.12876	False	12.895791245791244
MITHRIL.12877	False	13.063804713804712
MITHRIL.12878	False	13.063804713804712
MITHRIL.12879	False	13.063804713804712
MITHRIL.12880	False	13.00148148148148
MITHRIL.12881	False	13.00148148148148
MITHRIL.12882	False	13.00148148148148
MITHRIL.12883	False	12.1028560881188
MITHRIL.12884	True	12.1028560881188
MITHRIL.12885	False	12.1028560881188
MITHRIL.12886	True	12.445877164282477
MITHRIL.12887	False	12.445877164282477
MITHRIL.12888	False	12.445877164282477
MITHRIL.12889	False	14.910111971294498
MITHRIL.12890	True	14.910111971294498
MITHRIL.12891	False	14.910111971294498
MITHRIL.12892	True	17.480379232831314
MITHRIL.12893	False	17.480379232831314
MITHRIL.12894	False	17.480379232831314
MITHRIL.12895	False	17.58010404167404
MITHRIL.12896	False	15.934270708340708
MITHRIL.12897	False	17.58010404167404
MITHRIL.12898	False	16.7357172321031
MITHRIL.12899	True	16.7357172321031
MITHRIL.12900	False	16.7357172321031
MITHRIL.12901	False	13.49716705506118
MITHRIL.12902	False	13.49716705506118
MITHRIL.12903	True	13.49716705506118
MITHRIL.12904	False	11.850920782748984
MITHRIL.12905	True	11.850920782748984
MITHRIL.12906	False	11.850920782748984
MITHRIL.12907	False	8.786879201065744
MITHRIL.12908	False	8.786879201065744
MITHRIL.12909	False	8.786879201065744
MITHRIL.12910	False	8.617709965554816
MITHRIL.12911	False	8.617709965554816
MITHRIL.12912	False	8.617709965554816
MITHRIL.12913	False	12.24947424634231
MITHRIL.12914	False	12.24947424634231
MITHRIL.12915	False	12.24947424634231
MITHRIL.12916	False	11.84210661458517
MITHRIL.12917	False	11.84210661458517
MITHRIL.12918	False	11.84210661458517
MITHRIL.12919	False	17.608107163689223
MITHRIL.12920	False	17.608107163689223
MITHRIL.12921	False	17.608107163689223
MITHRIL.12922	True	17.25176019154685
MITHRIL.12923	False	17.25176019154685
MITHRIL.12924	False	17.25176019154685
MITHRIL.12925	True	14.455388046374352
MITHRIL.12926	False	14.455388046374352
MITHRIL.12927	False	14.455388046374352
MITHRIL.12928	False	4.250636826301344
MITHRIL.12929	True	0.465220159634677
MITHRIL.12930	False	4.250636826301344
MITHRIL.12931	False	17.765361593450976
MITHRIL.12932	False	17.765361593450976
MITHRIL.12933	False	17.765361593450976
MITHRIL.12934	False	3.46507577896095
MITHRIL.12935	False	3.46507577896095
MITHRIL.12936	True	3.46507577896095
MITHRIL.12937	False	1.6014131802003388
MITHRIL.12938	True	1.6014131802003388
MITHRIL.12939	False	1.6014131802003388
MITHRIL.12940	True	1.6606198235356353
MITHRIL.12941	True	1.6606198235356353
MITHRIL.12942	False	1.6606198235356353
MITHRIL.12943	False	2.7913909928813787
MITHRIL.12944	True	2.7913909928813787
MITHRIL.12945	True	2.7913909928813787
MITHRIL.12946	False	11.099726991035949
MITHRIL.12947	True	11.099726991035949
MITHRIL.12948	False	11.099726991035949
MITHRIL.12949	False	1.9228589396145948
MITHRIL.12950	True	1.9228589396145948
MITHRIL.12951	False	1.9228589396145948
MITHRIL.12952	True	2.5803733667800683
MITHRIL.12953	True	2.5803733667800683
MITHRIL.12954	True	2.5803733667800683
MITHRIL.12955	False	20.555975853271768
MITHRIL.12956	False	20.555975853271768
MITHRIL.12957	False	17.92264251993843
MITHRIL.12958	True	14.257822894854865
MITHRIL.12959	False	14.257822894854865
MITHRIL.12960	True	8.579697894854865
MITHRIL.12961	False	12.936241404168811
MITHRIL.12962	False	12.936241404168811
MITHRIL.12963	False	11.29040807083548
MITHRIL.12964	False	17.878578866463076
MITHRIL.12965	False	17.878578866463076
MITHRIL.12966	False	15.985870533129743
MITHRIL.12967	False	20.56323713085664
MITHRIL.12968	False	17.92990379752331
MITHRIL.12969	False	20.56323713085664
MITHRIL.12970	False	20.432279841624904
MITHRIL.12971	False	17.798946508291568
MITHRIL.12972	False	20.432279841624904
MITHRIL.12973	False	12.977513080435491
MITHRIL.12974	True	12.977513080435491
MITHRIL.12975	False	12.977513080435491
MITHRIL.12976	False	17.48031998363797
MITHRIL.12977	False	15.724764428082414
MITHRIL.12978	False	17.48031998363797
MITHRIL.12979	False	17.33524601943394
MITHRIL.12980	False	15.689412686100605
MITHRIL.12981	False	17.33524601943394
MITHRIL.12982	False	17.777285221879698
MITHRIL.12983	False	16.02172966632414
MITHRIL.12984	False	17.777285221879698
MITHRIL.12985	False	16.41911586636757
MITHRIL.12986	False	16.41911586636757
MITHRIL.12987	False	14.334393644145347
MITHRIL.12988	False	16.41911586636757
MITHRIL.12989	False	16.41911586636757
MITHRIL.12990	False	14.334393644145347
MITHRIL.12991	False	20.788111680048168
MITHRIL.12992	False	18.154778346714835
MITHRIL.12993	False	20.788111680048168
MITHRIL.12994	False	20.788111680048168
MITHRIL.12995	False	18.154778346714835
MITHRIL.12996	False	20.788111680048168
MITHRIL.12997	False	18.04485029345129
MITHRIL.12998	False	15.960128071229068
MITHRIL.12999	False	18.04485029345129
MITHRIL.13000	False	18.04485029345129
MITHRIL.13001	False	15.960128071229068
MITHRIL.13002	False	18.04485029345129
MITHRIL.13003	True	17.056729666324145
MITHRIL.13004	False	18.812285221879694
MITHRIL.13005	False	18.812285221879694
MITHRIL.13006	False	11.319961419512168
MITHRIL.13007	False	12.965794752845502
MITHRIL.13008	False	12.965794752845502
MITHRIL.13009	False	15.070520693009453
MITHRIL.13010	False	13.314965137453896
MITHRIL.13011	False	15.070520693009453
MITHRIL.13012	False	3.3738666890999864
MITHRIL.13013	False	3.3738666890999864
MITHRIL.13014	True	-0.7955777553444578
MITHRIL.13015	False	8.48951249932582
MITHRIL.13016	True	11.122845832659152
MITHRIL.13017	False	3.222845832659152
MITHRIL.13018	False	17.346932646057418
MITHRIL.13019	False	14.713599312724083
MITHRIL.13020	False	17.346932646057418
MITHRIL.13021	False	13.459702980499614
MITHRIL.13022	False	13.459702980499614
MITHRIL.13023	False	13.459702980499614
MITHRIL.13024	False	12.050892646595862
MITHRIL.13025	False	13.696725979929196
MITHRIL.13026	False	13.696725979929196
MITHRIL.13027	False	8.577029710762833
MITHRIL.13028	True	2.898904710762833
MITHRIL.13029	False	8.577029710762833
MITHRIL.13030	False	17.92264251993843
MITHRIL.13031	False	20.555975853271768
MITHRIL.13032	False	20.555975853271768
MITHRIL.13033	False	2.844429052508548
MITHRIL.13034	True	2.844429052508548
MITHRIL.13035	False	2.844429052508548
MITHRIL.13036	False	2.8026348880800955
MITHRIL.13037	True	2.8026348880800955
MITHRIL.13038	False	2.8026348880800955
MITHRIL.13039	False	11.860489744997704
MITHRIL.13040	False	11.860489744997704
MITHRIL.13041	False	11.860489744997704
MITHRIL.13042	False	4.768795694864962
MITHRIL.13043	False	4.768795694864962
MITHRIL.13044	True	4.768795694864962
MITHRIL.13045	False	11.739066178180398
MITHRIL.13046	False	11.739066178180398
MITHRIL.13047	False	11.739066178180398
MITHRIL.13048	False	11.631313799106756
MITHRIL.13049	False	11.631313799106756
MITHRIL.13050	False	11.631313799106756
MITHRIL.13051	False	11.932777037690894
MITHRIL.13052	False	11.932777037690894
MITHRIL.13053	False	11.932777037690894
MITHRIL.13054	False	11.352336902092954
MITHRIL.13055	False	11.352336902092954
MITHRIL.13056	False	11.352336902092954
MITHRIL.13057	False	5.765775590216911
MITHRIL.13058	False	5.765775590216911
MITHRIL.13059	True	1.9803589235502448
MITHRIL.13060	False	11.523989423410992
MITHRIL.13061	False	11.523989423410992
MITHRIL.13062	False	11.523989423410992
MITHRIL.13063	False	16.05670031187744
MITHRIL.13064	False	14.163991978544104
MITHRIL.13065	False	16.05670031187744
MITHRIL.13066	False	9.971636117686437
MITHRIL.13067	True	9.971636117686437
MITHRIL.13068	False	9.971636117686437
MITHRIL.13069	False	4.016834357661744
MITHRIL.13070	False	4.016834357661744
MITHRIL.13071	True	4.016834357661744
MITHRIL.13072	False	12.451043298888152
MITHRIL.13073	False	12.451043298888152
MITHRIL.13074	False	12.451043298888152
MITHRIL.13075	False	7.985232152836836
MITHRIL.13076	False	7.985232152836836
MITHRIL.13077	False	7.985232152836836
MITHRIL.13078	False	9.984140224067229
MITHRIL.13079	False	9.984140224067229
MITHRIL.13080	False	9.984140224067229
MITHRIL.13081	False	12.760368327308804
MITHRIL.13082	False	15.393701660642138
MITHRIL.13083	False	15.393701660642138
MITHRIL.13084	False	16.871821019603377
MITHRIL.13085	False	14.979112686270044
MITHRIL.13086	False	16.871821019603377
MITHRIL.13087	False	15.934270708340708
MITHRIL.13088	False	17.58010404167404
MITHRIL.13089	False	17.58010404167404
MITHRIL.13090	False	16.729935323765034
MITHRIL.13091	False	14.8372269904317
MITHRIL.13092	False	16.729935323765034
MITHRIL.13093	False	19.291278497143647
MITHRIL.13094	False	16.657945163810314
MITHRIL.13095	False	19.291278497143647
MITHRIL.13096	False	3.872826043676577
MITHRIL.13097	True	3.872826043676577
MITHRIL.13098	False	3.872826043676577
MITHRIL.13099	False	8.20001646589754
MITHRIL.13100	False	8.20001646589754
MITHRIL.13101	False	8.20001646589754
MITHRIL.13102	False	13.00148148148148
MITHRIL.13103	False	13.00148148148148
MITHRIL.13104	False	13.00148148148148
MITHRIL.13105	False	13.063804713804712
MITHRIL.13106	False	13.063804713804712
MITHRIL.13107	False	13.063804713804712
MITHRIL.13108	False	12.895791245791244
MITHRIL.13109	False	12.895791245791244
MITHRIL.13110	False	12.895791245791244
MITHRIL.13111	False	12.651474478455444
MITHRIL.13112	False	12.651474478455444
MITHRIL.13113	False	12.651474478455444
MITHRIL.13114	False	11.554711751320438
MITHRIL.13115	False	11.554711751320438
MITHRIL.13116	False	11.554711751320438
MITHRIL.13117	False	9.460028890855286
MITHRIL.13118	True	9.460028890855286
MITHRIL.13119	False	9.460028890855286
MITHRIL.13120	False	9.126254941918804
MITHRIL.13121	True	9.126254941918804
MITHRIL.13122	False	9.126254941918804
MITHRIL.13123	False	15.814669740631878
MITHRIL.13124	False	15.814669740631878
MITHRIL.13125	True	15.814669740631878
MITHRIL.13126	False	9.43888920591748
MITHRIL.13127	True	9.43888920591748
MITHRIL.13128	False	9.43888920591748
MITHRIL.13129	False	13.612114917896989
MITHRIL.13130	False	13.612114917896989
MITHRIL.13131	False	13.612114917896989
MITHRIL.13132	False	6.3856875466203045
MITHRIL.13133	False	6.3856875466203045
MITHRIL.13134	True	6.3856875466203045
MITHRIL.13135	False	17.887913636560267
MITHRIL.13136	False	20.521246969893603
MITHRIL.13137	False	20.521246969893603
MITHRIL.13138	False	16.495952562535933
MITHRIL.13139	False	16.495952562535933
MITHRIL.13140	False	16.495952562535933
MITHRIL.13141	False	16.272481497120207
MITHRIL.13142	False	18.028037052675764
MITHRIL.13143	False	18.028037052675764
MITHRIL.13144	False	12.853956770128418
MITHRIL.13145	False	12.853956770128418
MITHRIL.13146	False	7.587290103461751
MITHRIL.13147	False	3.9661172801631968
MITHRIL.13148	False	3.9661172801631968
MITHRIL.13149	True	3.9661172801631968
MITHRIL.13150	False	5.4013253210691765
MITHRIL.13151	True	5.4013253210691765
MITHRIL.13152	False	5.4013253210691765
MITHRIL.13153	False	8.27581771467509
MITHRIL.13154	False	8.27581771467509
MITHRIL.13155	False	8.27581771467509
MITHRIL.13156	False	10.133456915225024
MITHRIL.13157	False	10.133456915225024
MITHRIL.13158	False	10.133456915225024
MITHRIL.13159	False	5.136996842952976
MITHRIL.13160	True	5.136996842952976
MITHRIL.13161	False	5.136996842952976
MITHRIL.13162	False	1.4613786877920951
MITHRIL.13163	True	1.4613786877920951
MITHRIL.13164	True	1.4613786877920951
MITHRIL.13165	False	3.073876343286956
MITHRIL.13166	True	3.073876343286956
MITHRIL.13167	False	3.073876343286956
MITHRIL.13168	True	4.629223977237639
MITHRIL.13169	False	4.629223977237639
MITHRIL.13170	True	4.629223977237639
MITHRIL.13171	False	7.209121108453628
MITHRIL.13172	True	-0.6908788915463715
MITHRIL.13173	False	7.209121108453628
MITHRIL.13174	False	16.367049510803348
MITHRIL.13175	False	16.367049510803348
MITHRIL.13176	False	16.367049510803348
MITHRIL.13177	False	18.15565940427954
MITHRIL.13178	False	16.400103848723983
MITHRIL.13179	False	18.15565940427954
MITHRIL.13180	False	18.23873219998787
MITHRIL.13181	False	18.23873219998787
MITHRIL.13182	False	18.23873219998787
MITHRIL.13183	False	5.553241691807261
MITHRIL.13184	False	5.553241691807261
MITHRIL.13185	True	5.553241691807261
MITHRIL.13186	True	7.245613774072266
MITHRIL.13187	False	7.245613774072266
MITHRIL.13188	False	7.245613774072266
MITHRIL.13189	True	-5.892852292312952
MITHRIL.13190	True	-0.6261856256462854
MITHRIL.13191	True	2.007147707687048
MITHRIL.13192	False	6.087134687195253
MITHRIL.13193	True	-0.167031979471413
MITHRIL.13194	False	6.087134687195253
MITHRIL.13195	False	13.176619111118582
MITHRIL.13196	False	13.176619111118582
MITHRIL.13197	False	13.176619111118582
MITHRIL.13198	False	10.622166446325291
MITHRIL.13199	False	10.622166446325291
MITHRIL.13200	False	10.622166446325291
MITHRIL.13201	False	15.897069674450991
MITHRIL.13202	False	15.897069674450991
MITHRIL.13203	False	15.897069674450991
MITHRIL.13204	False	15.598159234780304
MITHRIL.13205	False	15.598159234780304
MITHRIL.13206	False	15.598159234780304
MITHRIL.13207	False	20.383317681974653
MITHRIL.13208	False	17.749984348641316
MITHRIL.13209	False	20.383317681974653
MITHRIL.13213	False	17.749984348641316
MITHRIL.13214	False	17.749984348641316
MITHRIL.13215	False	17.749984348641316
MITHRIL.13216	True	17.63538777065955
MITHRIL.13217	False	17.63538777065955
MITHRIL.13218	False	17.63538777065955
MITHRIL.13219	False	17.65262523000655
MITHRIL.13220	False	15.897069674450991
MITHRIL.13221	False	17.65262523000655
MITHRIL.13222	False	15.4976516691902
MITHRIL.13223	False	15.4976516691902
MITHRIL.13224	False	15.4976516691902
MITHRIL.13225	False	7.110996540291922
MITHRIL.13226	False	12.377663206958587
MITHRIL.13227	False	10.622107651403034
MITHRIL.13228	False	16.48061305647247
MITHRIL.13229	False	16.48061305647247
MITHRIL.13230	False	16.48061305647247
MITHRIL.13231	False	17.588701353042286
MITHRIL.13232	False	17.588701353042286
MITHRIL.13233	False	17.588701353042286
MITHRIL.13234	False	12.442923068032728
MITHRIL.13235	True	12.442923068032728
MITHRIL.13236	False	12.442923068032728
MITHRIL.13237	True	10.238868675946105
MITHRIL.13238	False	10.238868675946105
MITHRIL.13239	True	10.238868675946105
MITHRIL.13240	False	18.23873219998787
MITHRIL.13241	False	18.23873219998787
MITHRIL.13242	False	18.23873219998787
MITHRIL.13243	False	16.400103848723983
MITHRIL.13244	False	16.400103848723983
MITHRIL.13245	False	16.400103848723983
MITHRIL.13246	False	15.091919347917656
MITHRIL.13247	False	15.091919347917656
MITHRIL.13248	True	13.336363792362102
MITHRIL.13249	False	20.390424110845498
MITHRIL.13250	False	17.757090777512165
MITHRIL.13251	False	20.390424110845498
MITHRIL.13252	False	12.127346782042606
MITHRIL.13253	True	12.127346782042606
MITHRIL.13254	False	12.127346782042606
MITHRIL.13255	False	12.026086159897126
MITHRIL.13256	False	12.026086159897126
MITHRIL.13257	False	12.026086159897126
MITHRIL.13258	False	7.907528665252521
MITHRIL.13259	True	7.907528665252521
MITHRIL.13260	False	7.907528665252521
MITHRIL.13261	False	3.2538155472958468
MITHRIL.13262	True	3.2538155472958468
MITHRIL.13263	False	3.2538155472958468
MITHRIL.13264	False	10.349626626929734
MITHRIL.13265	False	10.349626626929734
MITHRIL.13266	False	10.349626626929734
MITHRIL.13267	False	18.12062343679509
MITHRIL.13268	False	18.12062343679509
MITHRIL.13269	False	18.12062343679509
MITHRIL.13270	False	16.272481497120207
MITHRIL.13271	False	16.272481497120207
MITHRIL.13272	False	16.272481497120207
MITHRIL.13273	False	18.25150811809149
MITHRIL.13274	False	18.25150811809149
MITHRIL.13275	False	16.495952562535933
MITHRIL.13276	False	20.521246969893603
MITHRIL.13277	False	17.887913636560267
MITHRIL.13278	False	20.521246969893603
MITHRIL.13279	False	11.85834857370353
MITHRIL.13280	False	11.85834857370353
MITHRIL.13281	False	11.85834857370353
MITHRIL.13282	False	20.44152189018181
MITHRIL.13283	False	17.808188556848478
MITHRIL.13284	False	20.44152189018181
MITHRIL.13285	False	17.023017684775784
MITHRIL.13286	False	17.023017684775784
MITHRIL.13287	False	15.130309351442447
MITHRIL.13288	False	16.000657394952867
MITHRIL.13289	False	16.000657394952867
MITHRIL.13290	False	16.000657394952867
MITHRIL.13291	False	16.298683091223143
MITHRIL.13292	False	16.298683091223143
MITHRIL.13293	False	16.298683091223143
MITHRIL.13294	False	17.768785037910284
MITHRIL.13295	False	17.768785037910284
MITHRIL.13296	False	17.768785037910284
MITHRIL.13297	False	12.702664343334936
MITHRIL.13298	False	12.702664343334936
MITHRIL.13299	False	12.702664343334936
MITHRIL.13300	False	9.901412750060382
MITHRIL.13301	False	9.901412750060382
MITHRIL.13302	True	9.901412750060382
MITHRIL.13303	False	8.924741863075194
MITHRIL.13304	False	8.924741863075194
MITHRIL.13305	False	8.924741863075194
MITHRIL.13306	False	13.063804713804712
MITHRIL.13307	False	13.063804713804712
MITHRIL.13308	False	13.063804713804712
MITHRIL.13309	False	13.00148148148148
MITHRIL.13310	False	13.00148148148148
MITHRIL.13311	False	13.00148148148148
MITHRIL.13312	False	4.935455386806963
MITHRIL.13313	True	4.935455386806963
MITHRIL.13314	False	4.935455386806963
MITHRIL.13315	False	12.631864818603464
MITHRIL.13316	False	12.631864818603464
MITHRIL.13317	False	12.631864818603464
MITHRIL.13318	False	17.66554407005993
MITHRIL.13319	False	17.66554407005993
MITHRIL.13320	True	15.032210736726594
MITHRIL.13321	False	18.33808756616465
MITHRIL.13322	False	18.33808756616465
MITHRIL.13323	False	16.445379232831314
MITHRIL.13324	False	17.58010404167404
MITHRIL.13325	False	17.58010404167404
MITHRIL.13326	False	15.934270708340708
MITHRIL.13327	False	13.231279493754228
MITHRIL.13328	False	13.231279493754228
MITHRIL.13329	False	13.231279493754228
MITHRIL.13330	False	17.46821643777723
MITHRIL.13331	False	17.46821643777723
MITHRIL.13332	False	17.46821643777723
MITHRIL.13333	False	12.036908437069972
MITHRIL.13334	False	12.036908437069972
MITHRIL.13335	False	12.036908437069972
MITHRIL.13336	False	12.003183685864968
MITHRIL.13337	False	12.003183685864968
MITHRIL.13338	False	12.003183685864968
MITHRIL.13339	False	11.448814763008908
MITHRIL.13340	False	11.448814763008908
MITHRIL.13341	False	11.448814763008908
MITHRIL.13342	False	9.789338401582423
MITHRIL.13343	False	9.789338401582423
MITHRIL.13344	False	9.789338401582423
MITHRIL.13345	False	17.608107163689223
MITHRIL.13346	False	17.608107163689223
MITHRIL.13347	False	17.608107163689223
MITHRIL.13348	False	8.645926858213516
MITHRIL.13349	False	12.431343524880182
MITHRIL.13350	False	12.431343524880182
MITHRIL.13351	False	7.956379087226545
MITHRIL.13352	False	11.248045753893212
MITHRIL.13353	False	11.248045753893212
MITHRIL.13354	False	16.24484093828779
MITHRIL.13355	False	16.24484093828779
MITHRIL.13356	False	16.24484093828779
MITHRIL.13357	True	17.579373939129987
MITHRIL.13358	False	17.579373939129987
MITHRIL.13359	False	17.579373939129987
MITHRIL.13360	False	10.32462479529128
MITHRIL.13361	False	10.32462479529128
MITHRIL.13362	False	10.32462479529128
MITHRIL.13363	False	3.163612540376813
MITHRIL.13364	True	3.163612540376813
MITHRIL.13365	False	3.163612540376813
MITHRIL.13366	False	7.576756884219934
MITHRIL.13367	True	7.576756884219934
MITHRIL.13368	False	7.576756884219934
MITHRIL.13369	True	1.2475222396594114
MITHRIL.13370	True	1.2475222396594114
MITHRIL.13371	False	1.2475222396594114
MITHRIL.13372	False	7.664416106046211
MITHRIL.13373	False	7.664416106046211
MITHRIL.13374	False	7.664416106046211
MITHRIL.13375	True	10.060424335942365
MITHRIL.13376	False	10.060424335942365
MITHRIL.13377	True	10.060424335942365
MITHRIL.13378	False	20.555975853271768
MITHRIL.13379	False	20.555975853271768
MITHRIL.13380	False	17.92264251993843
MITHRIL.13381	False	18.22922721584252
MITHRIL.13382	False	18.22922721584252
MITHRIL.13383	False	16.33651888250919
MITHRIL.13384	False	7.900919840574393
MITHRIL.13385	False	11.19258650724106
MITHRIL.13386	False	11.19258650724106
MITHRIL.13387	False	8.6010248541174
MITHRIL.13388	False	12.386441520784066
MITHRIL.13389	False	12.386441520784066
MITHRIL.13390	False	17.81317540246158
MITHRIL.13391	False	17.81317540246158
MITHRIL.13392	True	15.179842069128249
MITHRIL.13393	False	20.432279841624904
MITHRIL.13394	False	20.432279841624904
MITHRIL.13395	False	17.798946508291568
MITHRIL.13396	False	15.63701040229848
MITHRIL.13397	False	15.63701040229848
MITHRIL.13398	True	13.55228818007626
MITHRIL.13399	True	5.350345997741387
MITHRIL.13400	False	3.594790442185832
MITHRIL.13401	False	0.0836793310747205
MITHRIL.13402	False	17.33524601943394
MITHRIL.13403	False	15.689412686100605
MITHRIL.13404	False	17.33524601943394
MITHRIL.13405	False	10.829692629287107
MITHRIL.13406	True	10.829692629287107
MITHRIL.13407	False	10.829692629287107
MITHRIL.13408	False	16.297017100935474
MITHRIL.13409	False	16.297017100935474
MITHRIL.13410	True	14.212294878713251
MITHRIL.13411	False	20.788111680048168
MITHRIL.13412	False	18.154778346714835
MITHRIL.13413	False	20.788111680048168
MITHRIL.13414	False	7.138438060705603
MITHRIL.13415	True	7.138438060705603
MITHRIL.13416	False	7.138438060705603
MITHRIL.16543	False	11.336959657283296
MITHRIL.16544	True	11.336959657283296
MITHRIL.16545	False	11.336959657283296
MITHRIL.16546	True	10.187363079301525
MITHRIL.16547	False	10.187363079301525
MITHRIL.16548	False	10.187363079301525
MITHRIL.16549	False	7.42936841572105
MITHRIL.16550	True	7.42936841572105
MITHRIL.16551	False	7.42936841572105
MITHRIL.16552	False	7.288864223870421
MITHRIL.16553	True	7.288864223870421
MITHRIL.16554	False	7.288864223870421
MITHRIL.16555	False	8.300849007805258
MITHRIL.16556	True	8.300849007805258
MITHRIL.16557	False	8.300849007805258
MITHRIL.16558	False	16.155535988066177
MITHRIL.16559	False	14.070813765843956
MITHRIL.16560	False	16.155535988066177
MITHRIL.16561	False	20.222034686375626
MITHRIL.16562	False	17.588701353042286
MITHRIL.16563	False	20.222034686375626
MITHRIL.16564	False	12.628910722353718
MITHRIL.16565	False	12.628910722353718
MITHRIL.16566	False	12.628910722353718
MITHRIL.16567	False	12.866831638909067
MITHRIL.16568	False	12.866831638909067
MITHRIL.16569	False	12.866831638909067
MITHRIL.16570	True	18.05274454566688
MITHRIL.16571	False	18.05274454566688
MITHRIL.16572	False	18.05274454566688
MITHRIL.16573	True	17.435103848723983
MITHRIL.16574	False	17.435103848723983
MITHRIL.16575	False	17.435103848723983
MITHRIL.16576	False	17.036052156294133
MITHRIL.16577	False	15.280496600738578
MITHRIL.16578	True	17.036052156294133
MITHRIL.16579	False	15.12375744417883
MITHRIL.16580	False	7.223757444178831
MITHRIL.16581	False	15.12375744417883
MITHRIL.16582	False	12.313334436363595
MITHRIL.16583	False	12.313334436363595
MITHRIL.16584	False	12.313334436363595
MITHRIL.16585	False	8.008134626868996
MITHRIL.16586	False	8.008134626868996
MITHRIL.16587	False	8.008134626868996
MITHRIL.16588	False	4.116289677646979
MITHRIL.16589	True	4.116289677646979
MITHRIL.16590	False	4.116289677646979
MITHRIL.16591	False	4.160873326229813
MITHRIL.16592	True	4.160873326229813
MITHRIL.16593	False	4.160873326229813
MITHRIL.16594	False	4.47142084463799
MITHRIL.16595	True	4.47142084463799
MITHRIL.16596	False	4.47142084463799
MITHRIL.16597	False	4.64817400762187
MITHRIL.16598	False	4.64817400762187
MITHRIL.16599	True	4.64817400762187
MITHRIL.16600	False	9.81463373135938
MITHRIL.16601	False	9.81463373135938
MITHRIL.16602	False	9.81463373135938
MITHRIL.16603	True	7.401302449140762
MITHRIL.16604	False	12.667969115807429
MITHRIL.16605	False	12.667969115807429
MITHRIL.16606	False	13.560326290169089
MITHRIL.16607	False	13.560326290169089
MITHRIL.16608	False	13.560326290169089
MITHRIL.16609	False	17.249279582212242
MITHRIL.16610	False	17.249279582212242
MITHRIL.16611	False	15.493724026656688
MITHRIL.16612	False	20.521246969893603
MITHRIL.16613	False	20.521246969893603
MITHRIL.16614	False	17.887913636560267
MITHRIL.16615	False	8.422759510512421
MITHRIL.16616	False	8.422759510512421
MITHRIL.16617	False	8.422759510512421
MITHRIL.16618	False	14.420822135939204
MITHRIL.16619	False	14.420822135939204
MITHRIL.16620	False	14.420822135939204
MITHRIL.16621	True	16.40813442937538
MITHRIL.16622	False	16.40813442937538
MITHRIL.16623	False	16.40813442937538
MITHRIL.16624	False	4.500203282966419
MITHRIL.16625	True	1.2085366162997522
MITHRIL.16626	True	4.500203282966419
MITHRIL.16627	True	16.112695436902154
MITHRIL.16628	False	16.112695436902154
MITHRIL.16629	False	16.112695436902154
MITHRIL.16630	False	20.216130716922628
MITHRIL.16631	False	20.216130716922628
MITHRIL.16632	True	17.582797383589295
MITHRIL.16633	False	12.702664343334936
MITHRIL.16634	False	12.702664343334936
MITHRIL.16635	False	12.702664343334936
MITHRIL.16636	False	12.465486824134455
MITHRIL.16637	True	12.465486824134455
MITHRIL.16638	False	12.465486824134455
MITHRIL.16639	False	12.895791245791244
MITHRIL.16640	False	12.895791245791244
MITHRIL.16641	False	12.895791245791244
MITHRIL.16642	False	12.877817059483723
MITHRIL.16643	False	12.877817059483723
MITHRIL.16644	True	12.877817059483723
MITHRIL.16645	False	13.00148148148148
MITHRIL.16646	False	13.00148148148148
MITHRIL.16647	False	13.00148148148148
MITHRIL.16648	False	12.569467732485975
MITHRIL.16649	False	12.569467732485975
MITHRIL.16650	False	12.569467732485975
MITHRIL.16651	False	12.631864818603464
MITHRIL.16652	False	12.631864818603464
MITHRIL.16653	False	12.631864818603464
MITHRIL.16654	True	17.47418604536857
MITHRIL.16655	False	17.47418604536857
MITHRIL.16656	False	17.47418604536857
MITHRIL.16657	False	18.33808756616465
MITHRIL.16658	False	18.33808756616465
MITHRIL.16659	False	16.445379232831314
MITHRIL.16660	False	10.092363736055884
MITHRIL.16661	False	10.092363736055884
MITHRIL.16662	False	5.154863736055883
MITHRIL.16663	False	15.821281342479878
MITHRIL.16664	False	15.821281342479878
MITHRIL.16665	False	13.928573009146543
MITHRIL.16666	False	10.671774671469796
MITHRIL.16667	True	8.03844133813646
MITHRIL.16668	True	10.671774671469796
MITHRIL.16669	True	3.1318103236230286
MITHRIL.16670	True	3.1318103236230286
MITHRIL.16671	True	3.1318103236230286
MITHRIL.16672	False	8.032134303148917
MITHRIL.16673	False	8.032134303148917
MITHRIL.16674	True	8.032134303148917
MITHRIL.16675	True	12.265055644567164
MITHRIL.16676	True	12.265055644567164
MITHRIL.16677	False	12.265055644567164
MITHRIL.16678	False	2.699661554479242
MITHRIL.16679	True	2.699661554479242
MITHRIL.16680	False	2.699661554479242
MITHRIL.16681	False	9.974094818010212
MITHRIL.16682	True	9.974094818010212
MITHRIL.16683	False	9.974094818010212
MITHRIL.16684	False	15.53702253722586
MITHRIL.16685	True	15.53702253722586
MITHRIL.16686	False	15.53702253722586
MITHRIL.16687	False	14.081351893248012
MITHRIL.16688	False	14.081351893248012
MITHRIL.16689	False	14.081351893248012
MITHRIL.16690	False	4.557787408639358
MITHRIL.16691	True	4.557787408639358
MITHRIL.16692	False	4.557787408639358
MITHRIL.16693	False	5.215830407424958
MITHRIL.16694	True	5.215830407424958
MITHRIL.16695	False	5.215830407424958
MITHRIL.16696	True	2.833968064733453
MITHRIL.16697	False	2.833968064733453
MITHRIL.16698	False	2.833968064733453
MITHRIL.16699	False	3.5947464320149893
MITHRIL.16700	False	3.5947464320149893
MITHRIL.16701	True	3.5947464320149893
MITHRIL.16702	False	7.839342248834709
MITHRIL.16703	True	7.839342248834709
MITHRIL.16704	False	7.839342248834709
MITHRIL.16705	False	7.519819457603797
MITHRIL.16706	True	7.519819457603797
MITHRIL.16707	False	7.519819457603797
MITHRIL.16708	False	10.196268595005058
MITHRIL.16709	True	10.196268595005058
MITHRIL.16710	False	10.196268595005058
MITHRIL.16711	False	3.9076879583779633
MITHRIL.16712	True	3.9076879583779633
MITHRIL.16713	False	3.9076879583779633
MITHRIL.16714	False	16.659225979929197
MITHRIL.16715	False	16.659225979929197
MITHRIL.16716	False	14.025892646595864
MITHRIL.16717	False	17.323941520784068
MITHRIL.16718	False	15.678108187450732
MITHRIL.16719	False	17.323941520784068
MITHRIL.16720	False	20.56323713085664
MITHRIL.16721	False	17.92990379752331
MITHRIL.16722	False	20.56323713085664
MITHRIL.16723	False	17.798946508291568
MITHRIL.16724	False	17.798946508291568
MITHRIL.16725	False	17.798946508291568
MITHRIL.16726	False	10.435569070058298
MITHRIL.16727	True	10.435569070058298
MITHRIL.16728	False	10.435569070058298
MITHRIL.16729	False	13.284246344686476
MITHRIL.16730	False	11.528690789130922
MITHRIL.16731	False	13.284246344686476
MITHRIL.16732	False	14.92544672880542
MITHRIL.16733	False	13.279613395472088
MITHRIL.16734	False	14.92544672880542
MITHRIL.16735	False	14.799824818126377
MITHRIL.16736	False	13.04426926257082
MITHRIL.16737	False	14.799824818126377
MITHRIL.16738	False	19.04707882933053
MITHRIL.16739	False	19.04707882933053
MITHRIL.16740	False	16.962356607108312
MITHRIL.16741	False	20.788111680048168
MITHRIL.16742	False	18.154778346714835
MITHRIL.16743	False	20.788111680048168
MITHRIL.16744	False	12.33047509774264
MITHRIL.16745	False	12.33047509774264
MITHRIL.16746	False	12.33047509774264
MITHRIL.16768	False	4.415838762017438
MITHRIL.16769	True	4.415838762017438
MITHRIL.16770	False	4.415838762017438
MITHRIL.16771	False	20.788111680048168
MITHRIL.16772	False	18.154778346714835
MITHRIL.16773	False	20.788111680048168
MITHRIL.16774	False	19.04707882933053
MITHRIL.16775	False	16.962356607108312
MITHRIL.16776	False	19.04707882933053
MITHRIL.16777	True	10.549068639240918
MITHRIL.16778	False	12.304624194796476
MITHRIL.16779	False	12.304624194796476
MITHRIL.16780	True	15.222801041733426
MITHRIL.16781	False	16.868634375066762
MITHRIL.16782	False	16.868634375066762
MITHRIL.16783	False	5.760421427207078
MITHRIL.16784	True	0.4937547605404111
MITHRIL.16785	False	5.760421427207078
MITHRIL.16786	False	14.249581695468574
MITHRIL.16787	False	14.249581695468574
MITHRIL.16788	False	14.249581695468574
MITHRIL.16789	False	17.798946508291568
MITHRIL.16790	False	17.798946508291568
MITHRIL.16791	False	17.798946508291568
MITHRIL.16792	True	14.60506696948748
MITHRIL.16793	False	17.238400302820814
MITHRIL.16794	False	17.238400302820814
MITHRIL.16795	False	13.459702980499614
MITHRIL.16796	False	13.459702980499614
MITHRIL.16797	False	13.459702980499614
MITHRIL.16798	False	16.13008650724106
MITHRIL.16799	False	14.484253173907728
MITHRIL.16800	False	16.13008650724106
MITHRIL.16801	False	11.118973721140025
MITHRIL.16802	True	5.440848721140025
MITHRIL.16803	False	11.118973721140025
MITHRIL.16804	False	15.848127742803342
MITHRIL.16805	False	13.21479440947001
MITHRIL.16806	False	15.848127742803342
MITHRIL.16807	False	4.055615596762797
MITHRIL.16808	True	4.055615596762797
MITHRIL.16809	False	4.055615596762797
MITHRIL.16810	False	2.6108844834747997
MITHRIL.16811	False	2.6108844834747997
MITHRIL.16812	True	2.6108844834747997
MITHRIL.16813	False	6.816748439406983
MITHRIL.16814	False	6.816748439406983
MITHRIL.16815	False	6.816748439406983
MITHRIL.16816	False	2.2797086830597597
MITHRIL.16817	False	2.2797086830597597
MITHRIL.16818	True	2.2797086830597597
MITHRIL.16819	True	6.308129816775776
MITHRIL.16820	False	6.308129816775776
MITHRIL.16821	False	6.308129816775776
MITHRIL.16822	False	4.4588856498024185
MITHRIL.16823	True	4.4588856498024185
MITHRIL.16824	False	4.4588856498024185
MITHRIL.16825	False	8.057688880047957
MITHRIL.16826	False	8.057688880047957
MITHRIL.16827	True	8.057688880047957
MITHRIL.16828	False	12.88987637058607
MITHRIL.16829	False	12.88987637058607
MITHRIL.16830	False	12.88987637058607
MITHRIL.16831	True	4.681263717860925
MITHRIL.16832	False	4.681263717860925
MITHRIL.16833	True	0.895847051194258
MITHRIL.16834	False	12.829785749488003
MITHRIL.16835	False	12.829785749488003
MITHRIL.16836	False	12.829785749488003
MITHRIL.16837	False	11.34127496868194
MITHRIL.16838	False	13.233983302015272
MITHRIL.16839	False	13.233983302015272
MITHRIL.16840	False	17.608107163689223
MITHRIL.16841	False	17.608107163689223
MITHRIL.16842	False	17.608107163689223
MITHRIL.16843	False	11.84210661458517
MITHRIL.16844	False	11.84210661458517
MITHRIL.16845	False	11.84210661458517
MITHRIL.16846	False	13.486043298888152
MITHRIL.16847	True	13.486043298888152
MITHRIL.16848	False	13.486043298888152
MITHRIL.16849	False	12.003183685864968
MITHRIL.16850	False	12.003183685864968
MITHRIL.16851	False	12.003183685864968
MITHRIL.16852	False	8.213513375341579
MITHRIL.16853	True	8.213513375341579
MITHRIL.16854	False	8.213513375341579
MITHRIL.16855	False	11.618578619644673
MITHRIL.16856	False	3.718578619644673
MITHRIL.16857	False	11.618578619644673
MITHRIL.16858	False	12.341240339103535
MITHRIL.16859	False	12.341240339103535
MITHRIL.16860	False	12.341240339103535
MITHRIL.16861	False	9.240622026936496
MITHRIL.16862	True	9.240622026936496
MITHRIL.16863	False	9.240622026936496
MITHRIL.16864	False	14.8372269904317
MITHRIL.16865	False	16.729935323765034
MITHRIL.16866	False	16.729935323765034
MITHRIL.16867	False	18.240738820020148
MITHRIL.16868	False	15.607405486686812
MITHRIL.16869	False	18.240738820020148
MITHRIL.16870	False	10.222065527974948
MITHRIL.16871	False	10.222065527974948
MITHRIL.16872	False	10.222065527974948
MITHRIL.16873	False	8.373394093534483
MITHRIL.16874	False	8.373394093534483
MITHRIL.16875	False	8.373394093534483
MITHRIL.16876	True	10.25141975308642
MITHRIL.16877	False	10.25141975308642
MITHRIL.16878	False	10.25141975308642
MITHRIL.16879	False	13.063804713804712
MITHRIL.16880	False	13.063804713804712
MITHRIL.16881	False	13.063804713804712
MITHRIL.16882	False	12.895791245791244
MITHRIL.16883	False	12.895791245791244
MITHRIL.16884	False	12.895791245791244
MITHRIL.16885	False	12.651474478455444
MITHRIL.16886	False	12.651474478455444
MITHRIL.16887	False	12.651474478455444
MITHRIL.16888	False	11.094512100935322
MITHRIL.16889	False	11.094512100935322
MITHRIL.16890	False	11.094512100935322
MITHRIL.16891	False	16.682232127845513
MITHRIL.16892	True	16.682232127845513
MITHRIL.16893	False	16.682232127845513
MITHRIL.16894	False	15.2964545553439
MITHRIL.16895	False	15.2964545553439
MITHRIL.16896	False	15.2964545553439
MITHRIL.16897	False	17.6464907282862
MITHRIL.16898	False	16.000657394952867
MITHRIL.16899	False	17.6464907282862
MITHRIL.16900	True	12.01734029652446
MITHRIL.16901	False	13.910048629857794
MITHRIL.16902	False	13.910048629857794
MITHRIL.16903	False	8.233153257701293
MITHRIL.16904	False	8.233153257701293
MITHRIL.16905	True	2.9664865910346263
MITHRIL.16906	False	3.0008898733797555
MITHRIL.16907	False	3.0008898733797555
MITHRIL.16908	True	3.0008898733797555
MITHRIL.16909	False	7.768222278535577
MITHRIL.16910	True	-0.1317777214644238
MITHRIL.16911	False	7.768222278535577
MITHRIL.16912	False	16.495952562535933
MITHRIL.16913	False	16.495952562535933
MITHRIL.16914	False	16.495952562535933
MITHRIL.16915	False	16.086493842799218
MITHRIL.16916	True	16.086493842799218
MITHRIL.16917	False	16.086493842799218
MITHRIL.16918	False	18.12062343679509
MITHRIL.16919	False	18.12062343679509
MITHRIL.16920	False	18.12062343679509
MITHRIL.16921	False	9.905010656326604
MITHRIL.16922	False	9.905010656326604
MITHRIL.16923	False	9.905010656326604
MITHRIL.16924	False	8.44688699465422
MITHRIL.16925	True	8.44688699465422
MITHRIL.16926	False	8.44688699465422
MITHRIL.16927	False	8.066473776927467
MITHRIL.16928	True	8.066473776927467
MITHRIL.16929	False	8.066473776927467
MITHRIL.16930	False	9.276024431502066
MITHRIL.16931	True	9.276024431502066
MITHRIL.16932	False	9.276024431502066
MITHRIL.16933	False	12.313334436363595
MITHRIL.16934	False	12.313334436363595
MITHRIL.16935	False	12.313334436363595
MITHRIL.16936	False	20.390424110845498
MITHRIL.16937	False	17.757090777512165
MITHRIL.16938	False	20.390424110845498
MITHRIL.16939	False	18.122605066358904
MITHRIL.16940	False	16.367049510803348
MITHRIL.16941	False	18.122605066358904
MITHRIL.16942	False	15.39787531284474
MITHRIL.16943	False	17.153430868400296
MITHRIL.16944	False	17.153430868400296
MITHRIL.16945	False	10.222003804926144
MITHRIL.16946	False	10.222003804926144
MITHRIL.16947	True	4.955337138259476
MITHRIL.16948	False	12.866831638909067
MITHRIL.16949	False	12.866831638909067
MITHRIL.16950	False	12.866831638909067
MITHRIL.16951	False	12.628910722353718
MITHRIL.16952	False	12.628910722353718
MITHRIL.16953	False	12.628910722353718
MITHRIL.16954	False	20.222034686375626
MITHRIL.16955	False	17.588701353042286
MITHRIL.16956	False	20.222034686375626
MITHRIL.16957	True	16.442279723139137
MITHRIL.16958	False	18.527001945361363
MITHRIL.16959	False	18.527001945361363
MITHRIL.16960	False	8.309404007632368
MITHRIL.16961	False	8.309404007632368
MITHRIL.16962	True	4.798292896521257
MITHRIL.16963	False	15.4976516691902
MITHRIL.16964	False	15.4976516691902
MITHRIL.16965	False	15.4976516691902
MITHRIL.16966	False	11.645396301688756
MITHRIL.16967	False	11.645396301688756
MITHRIL.16968	False	11.645396301688756
MITHRIL.16969	False	9.612587979660756
MITHRIL.16970	True	9.612587979660756
MITHRIL.16971	False	9.612587979660756
MITHRIL.16972	False	8.844886235194373
MITHRIL.16973	True	8.844886235194373
MITHRIL.16974	False	8.844886235194373
MITHRIL.16978	False	12.33047509774264
MITHRIL.16979	False	12.33047509774264
MITHRIL.16980	False	12.33047509774264
MITHRIL.16981	False	19.189778346714835
MITHRIL.16982	True	19.189778346714835
MITHRIL.16983	False	19.189778346714835
MITHRIL.16984	False	19.04707882933053
MITHRIL.16985	False	16.962356607108312
MITHRIL.16986	False	19.04707882933053
MITHRIL.16987	False	16.02172966632414
MITHRIL.16988	False	17.777285221879698
MITHRIL.16989	False	17.777285221879698
MITHRIL.16990	False	15.282477806431192
MITHRIL.16991	False	13.63664447309786
MITHRIL.16992	False	15.282477806431192
MITHRIL.16993	False	5.948282946600933
MITHRIL.16994	False	5.948282946600933
MITHRIL.16995	True	2.437171835489821
MITHRIL.16996	False	4.700652525416039
MITHRIL.16997	False	4.700652525416039
MITHRIL.16998	True	0.5312080809715951
MITHRIL.16999	False	7.7333602363474
MITHRIL.17000	True	-0.1666397636526007
MITHRIL.17001	False	7.7333602363474
MITHRIL.17002	False	10.756978436447362
MITHRIL.17003	False	2.8569784364473625
MITHRIL.17004	False	10.756978436447362
MITHRIL.17005	False	12.95555370265151
MITHRIL.17006	False	12.95555370265151
MITHRIL.17007	False	12.95555370265151
MITHRIL.17008	False	12.270177224987748
MITHRIL.17009	False	13.916010558321082
MITHRIL.17010	False	13.916010558321082
MITHRIL.17011	True	13.586457154114123
MITHRIL.17012	False	15.47916548744746
MITHRIL.17013	False	15.47916548744746
MITHRIL.17014	False	17.92264251993843
MITHRIL.17015	False	20.555975853271768
MITHRIL.17016	False	20.555975853271768
MITHRIL.17017	False	8.158910765266398
MITHRIL.17018	False	8.158910765266398
MITHRIL.17019	False	8.158910765266398
MITHRIL.17020	False	7.401599145581892
MITHRIL.17021	False	7.401599145581892
MITHRIL.17022	True	7.401599145581892
MITHRIL.17023	False	7.664416106046211
MITHRIL.17024	False	7.664416106046211
MITHRIL.17025	False	7.664416106046211
MITHRIL.17026	False	3.5947464320149893
MITHRIL.17027	True	3.5947464320149893
MITHRIL.17028	False	3.5947464320149893
MITHRIL.17029	False	8.027039512091825
MITHRIL.17030	True	8.027039512091825
MITHRIL.17031	False	8.027039512091825
MITHRIL.17032	False	4.937665117702544
MITHRIL.17033	True	4.937665117702544
MITHRIL.17034	True	4.937665117702544
MITHRIL.17035	False	7.563325771102457
MITHRIL.17036	False	7.563325771102457
MITHRIL.17037	False	7.563325771102457
MITHRIL.17038	False	17.765361593450976
MITHRIL.17039	False	17.765361593450976
MITHRIL.17040	False	17.765361593450976
MITHRIL.17041	False	16.24484093828779
MITHRIL.17042	False	16.24484093828779
MITHRIL.17043	False	16.24484093828779
MITHRIL.17044	False	12.3256364716399
MITHRIL.17045	False	12.3256364716399
MITHRIL.17046	False	12.3256364716399
MITHRIL.17047	False	17.107239989000938
MITHRIL.17048	False	15.214531655667605
MITHRIL.17049	False	17.107239989000938
MITHRIL.17050	False	6.868779469939332
MITHRIL.17051	False	6.868779469939332
MITHRIL.17052	True	1.6021128032726653
MITHRIL.17053	False	7.134258504116746
MITHRIL.17054	False	7.134258504116746
MITHRIL.17055	False	7.134258504116746
MITHRIL.17056	False	9.499412517947247
MITHRIL.17057	True	9.499412517947247
MITHRIL.17058	False	9.499412517947247
MITHRIL.17059	False	11.448814763008908
MITHRIL.17060	False	11.448814763008908
MITHRIL.17061	False	11.448814763008908
MITHRIL.17062	False	8.363082802819214
MITHRIL.17063	False	8.363082802819214
MITHRIL.17064	False	8.363082802819214
MITHRIL.17065	False	3.5023308356471787
MITHRIL.17066	False	3.5023308356471787
MITHRIL.17067	True	3.5023308356471787
MITHRIL.17068	False	13.828115554731475
MITHRIL.17069	False	13.828115554731475
MITHRIL.17070	False	13.828115554731475
MITHRIL.17071	False	15.981341222149288
MITHRIL.17072	False	15.981341222149288
MITHRIL.17073	False	15.981341222149288
MITHRIL.17074	False	15.934270708340708
MITHRIL.17075	False	15.934270708340708
MITHRIL.17076	False	15.934270708340708
MITHRIL.17077	False	18.152099911843656
MITHRIL.17078	True	16.259391578510325
MITHRIL.17079	False	18.152099911843656
MITHRIL.17080	False	17.660173699689558
MITHRIL.17081	False	20.29350703302289
MITHRIL.17082	False	20.29350703302289
MITHRIL.17083	False	12.445877164282477
MITHRIL.17084	True	12.445877164282477
MITHRIL.17085	False	12.445877164282477
MITHRIL.17086	False	9.941504769523013
MITHRIL.17087	True	9.941504769523013
MITHRIL.17088	False	9.941504769523013
MITHRIL.17089	False	13.00148148148148
MITHRIL.17090	False	13.00148148148148
MITHRIL.17091	False	13.00148148148148
MITHRIL.17092	False	13.063804713804712
MITHRIL.17093	False	13.063804713804712
MITHRIL.17094	False	13.063804713804712
MITHRIL.17095	False	12.895791245791244
MITHRIL.17096	False	12.895791245791244
MITHRIL.17097	False	12.895791245791244
MITHRIL.17098	False	12.651474478455444
MITHRIL.17099	False	12.651474478455444
MITHRIL.17100	False	12.651474478455444
MITHRIL.17101	True	12.516676689013948
MITHRIL.17102	False	12.516676689013948
MITHRIL.17103	False	12.516676689013948
MITHRIL.17104	False	17.768785037910284
MITHRIL.17105	False	17.768785037910284
MITHRIL.17106	False	17.768785037910284
MITHRIL.17107	False	13.548621362828085
MITHRIL.17108	False	13.548621362828085
MITHRIL.17109	False	13.548621362828085
MITHRIL.17110	False	13.67544134557015
MITHRIL.17111	False	12.029608012236816
MITHRIL.17112	True	13.67544134557015
MITHRIL.17113	False	18.025246220655028
MITHRIL.17114	False	16.132537887321693
MITHRIL.17115	False	18.025246220655028
MITHRIL.17116	True	18.083785098902165
MITHRIL.17117	False	20.7171184322355
MITHRIL.17118	False	20.7171184322355
MITHRIL.17119	False	4.033076316780104
MITHRIL.17120	False	4.033076316780104
MITHRIL.17121	True	4.033076316780104
MITHRIL.17122	False	8.266780512228141
MITHRIL.17123	True	0.366780512228142
MITHRIL.17124	False	8.266780512228141
MITHRIL.17125	False	15.274279582212245
MITHRIL.17126	False	15.274279582212245
MITHRIL.17127	False	15.274279582212245
MITHRIL.17128	False	18.028037052675764
MITHRIL.17129	False	18.028037052675764
MITHRIL.17130	False	18.028037052675764
MITHRIL.17131	False	9.251334047834089
MITHRIL.17132	False	9.251334047834089
MITHRIL.17133	False	9.251334047834089
MITHRIL.17134	False	12.632591373284598
MITHRIL.17135	True	12.632591373284598
MITHRIL.17136	False	12.632591373284598
MITHRIL.17137	False	9.964566913736304
MITHRIL.17138	False	9.964566913736304
MITHRIL.17139	False	9.964566913736304
MITHRIL.17140	False	3.1568798227939547
MITHRIL.17141	True	3.1568798227939547
MITHRIL.17142	False	3.1568798227939547
MITHRIL.17143	False	7.646633100485156
MITHRIL.17144	False	7.646633100485156
MITHRIL.17145	False	7.646633100485156
MITHRIL.17146	False	8.448313682987973
MITHRIL.17147	False	8.448313682987973
MITHRIL.17148	True	8.448313682987973
MITHRIL.17149	False	8.669770947167848
MITHRIL.17150	False	8.669770947167848
MITHRIL.17151	False	8.669770947167848
MITHRIL.17152	False	4.50347951569972
MITHRIL.17153	True	4.50347951569972
MITHRIL.17154	False	4.50347951569972
MITHRIL.17155	False	10.417933917497512
MITHRIL.17156	False	10.417933917497512
MITHRIL.17157	False	10.417933917497512
MITHRIL.17158	False	11.311105900484351
MITHRIL.17159	False	11.311105900484351
MITHRIL.17160	False	11.311105900484351
MITHRIL.17161	False	18.122605066358904
MITHRIL.17162	False	20.75593839969224
MITHRIL.17163	False	20.75593839969224
MITHRIL.17164	False	16.180659404279538
MITHRIL.17165	False	17.826492737612874
MITHRIL.17166	False	17.826492737612874
MITHRIL.17167	False	12.972065533321205
MITHRIL.17168	False	12.972065533321205
MITHRIL.17169	False	7.705398866654536
MITHRIL.17170	False	11.864603103029824
MITHRIL.17171	False	11.864603103029824
MITHRIL.17172	False	11.864603103029824
MITHRIL.17173	False	12.628910722353718
MITHRIL.17174	False	12.628910722353718
MITHRIL.17175	False	12.628910722353718
MITHRIL.17176	False	9.6098794794245
MITHRIL.17177	False	9.6098794794245
MITHRIL.17178	False	4.343212812757835
MITHRIL.17179	False	11.986091543621733
MITHRIL.17180	False	5.731924876955066
MITHRIL.17181	False	11.986091543621733
MITHRIL.17182	False	12.525066520114532
MITHRIL.17183	False	7.258399853447864
MITHRIL.17184	False	12.525066520114532
MITHRIL.17185	False	12.520191265436878
MITHRIL.17186	False	12.520191265436878
MITHRIL.17187	False	12.520191265436878
MITHRIL.17188	False	15.897069674450991
MITHRIL.17189	False	15.897069674450991
MITHRIL.17190	False	15.897069674450991
MITHRIL.17191	False	15.654996658392248
MITHRIL.17192	True	15.654996658392248
MITHRIL.17193	False	15.654996658392248
MITHRIL.17194	False	20.383317681974653
MITHRIL.17195	False	17.749984348641316
MITHRIL.17196	False	20.383317681974653
MITHRIL.1728	False	17.749984348641316
MITHRIL.1729	False	17.749984348641316
MITHRIL.17290	False	12.33047509774264
MITHRIL.17291	False	12.33047509774264
MITHRIL.17292	False	12.33047509774264
MITHRIL.17293	False	20.788111680048168
MITHRIL.17294	False	18.154778346714835
MITHRIL.17295	False	20.788111680048168
MITHRIL.17296	False	16.962356607108312
MITHRIL.17297	False	19.04707882933053
MITHRIL.17298	False	19.04707882933053
MITHRIL.17299	False	12.437979024878151
MITHRIL.1730	False	17.749984348641316
MITHRIL.17300	False	12.437979024878151
MITHRIL.17301	True	12.437979024878151
MITHRIL.17302	False	9.367060300992687
MITHRIL.17303	False	9.367060300992687
MITHRIL.17304	True	6.07539363432602
MITHRIL.17305	False	13.314965137453896
MITHRIL.17306	False	13.314965137453896
MITHRIL.17307	False	13.314965137453896
MITHRIL.17308	False	13.5901947015202
MITHRIL.17309	False	13.5901947015202
MITHRIL.1731	False	18.68510999288177
MITHRIL.17310	False	13.5901947015202
MITHRIL.17311	True	11.932165669878549
MITHRIL.17312	False	14.56549900321188
MITHRIL.17313	False	14.56549900321188
MITHRIL.17314	True	15.179842069128249
MITHRIL.17315	False	17.81317540246158
MITHRIL.17316	False	17.81317540246158
MITHRIL.17317	False	13.18539742494406
MITHRIL.17318	False	13.18539742494406
MITHRIL.17319	False	13.18539742494406
MITHRIL.1732	False	16.600387770659548
MITHRIL.17320	False	14.71141998139191
MITHRIL.17321	True	12.955864425836356
MITHRIL.17322	False	14.71141998139191
MITHRIL.17323	True	11.404744191151163
MITHRIL.17324	False	14.038077524484496
MITHRIL.17325	False	14.038077524484496
MITHRIL.17326	True	2.4348427835418542
MITHRIL.17327	False	2.4348427835418542
MITHRIL.17328	False	2.4348427835418542
MITHRIL.17329	True	1.225238795966877
MITHRIL.1733	False	18.68510999288177
MITHRIL.17330	True	1.225238795966877
MITHRIL.17331	True	1.225238795966877
MITHRIL.17332	False	2.923089976637372
MITHRIL.17333	True	2.923089976637372
MITHRIL.17334	False	2.923089976637372
MITHRIL.17335	False	7.426033658280708
MITHRIL.17336	False	7.426033658280708
MITHRIL.17337	False	7.426033658280708
MITHRIL.17338	True	3.738043284039731
MITHRIL.17339	False	3.738043284039731
MITHRIL.1734	False	17.65262523000655
MITHRIL.17340	False	3.738043284039731
MITHRIL.17341	False	8.303477114989288
MITHRIL.17342	False	8.303477114989288
MITHRIL.17343	False	8.303477114989288
MITHRIL.17344	False	5.538711506325938
MITHRIL.17345	True	5.538711506325938
MITHRIL.17346	False	5.538711506325938
MITHRIL.17347	True	10.727561136117094
MITHRIL.17348	True	10.727561136117094
MITHRIL.17349	False	10.727561136117094
MITHRIL.1735	False	15.897069674450991
MITHRIL.17350	False	17.72609093828779
MITHRIL.17351	False	17.72609093828779
MITHRIL.17352	False	17.72609093828779
MITHRIL.17353	False	9.348360709525542
MITHRIL.17354	True	9.348360709525542
MITHRIL.17355	False	9.348360709525542
MITHRIL.17356	True	14.997063523723993
MITHRIL.17357	False	16.752619079279548
MITHRIL.17358	False	16.752619079279548
MITHRIL.17359	False	17.608107163689223
MITHRIL.1736	False	17.65262523000655
MITHRIL.17360	False	17.608107163689223
MITHRIL.17361	False	17.608107163689223
MITHRIL.17362	False	3.533350467530172
MITHRIL.17363	True	3.533350467530172
MITHRIL.17364	False	3.533350467530172
MITHRIL.17365	False	2.5227099655548177
MITHRIL.17366	True	2.5227099655548177
MITHRIL.17367	False	2.5227099655548177
MITHRIL.17368	False	11.000955149985725
MITHRIL.17369	False	11.000955149985725
MITHRIL.1737	False	11.80729975740531
MITHRIL.17370	False	11.000955149985725
MITHRIL.17371	False	4.402896091390961
MITHRIL.17372	True	4.402896091390961
MITHRIL.17373	False	4.402896091390961
MITHRIL.17374	False	16.465987901897986
MITHRIL.17375	False	16.465987901897986
MITHRIL.17376	False	16.465987901897986
MITHRIL.17377	True	2.1174782008378603
MITHRIL.17378	False	2.1174782008378603
MITHRIL.17379	True	-1.6679384658288066
MITHRIL.1738	False	10.161466424071978
MITHRIL.17380	False	15.934270708340708
MITHRIL.17381	False	17.58010404167404
MITHRIL.17382	False	17.58010404167404
MITHRIL.17383	False	18.33808756616465
MITHRIL.17384	False	16.445379232831314
MITHRIL.17385	False	18.33808756616465
MITHRIL.17386	False	17.54344530462783
MITHRIL.17387	True	14.910111971294498
MITHRIL.17388	False	17.54344530462783
MITHRIL.17389	False	5.644065027604673
MITHRIL.1739	False	11.80729975740531
MITHRIL.17390	True	5.644065027604673
MITHRIL.17391	False	5.644065027604673
MITHRIL.17392	True	8.598418349769926
MITHRIL.17393	False	8.598418349769926
MITHRIL.17394	False	8.598418349769926
MITHRIL.17395	False	13.00148148148148
MITHRIL.17396	False	13.00148148148148
MITHRIL.17397	False	13.00148148148148
MITHRIL.17398	False	9.092755331088664
MITHRIL.17399	False	9.092755331088664
MITHRIL.1740	True	11.637100945307465
MITHRIL.17400	False	9.092755331088664
MITHRIL.17401	False	12.895791245791244
MITHRIL.17402	False	12.895791245791244
MITHRIL.17403	False	12.895791245791244
MITHRIL.17404	False	9.901412750060382
MITHRIL.17405	True	9.901412750060382
MITHRIL.17406	False	9.901412750060382
MITHRIL.17407	False	7.230003316251711
MITHRIL.17408	True	7.230003316251711
MITHRIL.17409	False	7.230003316251711
MITHRIL.1741	False	11.637100945307465
MITHRIL.17410	False	17.768785037910284
MITHRIL.17411	False	17.768785037910284
MITHRIL.17412	False	17.768785037910284
MITHRIL.17413	False	13.390096138213991
MITHRIL.17414	True	13.390096138213991
MITHRIL.17415	False	13.390096138213991
MITHRIL.17416	False	16.000657394952867
MITHRIL.17417	False	16.000657394952867
MITHRIL.17418	False	16.000657394952867
MITHRIL.17419	False	11.52767434703724
MITHRIL.1742	False	11.637100945307465
MITHRIL.17420	False	5.849549347037241
MITHRIL.17421	False	11.52767434703724
MITHRIL.17422	False	17.69146016178675
MITHRIL.17423	True	15.058126828453418
MITHRIL.17424	False	17.69146016178675
MITHRIL.17425	False	4.270423263439088
MITHRIL.17426	True	4.270423263439088
MITHRIL.17427	False	4.270423263439088
MITHRIL.17428	False	11.829774773455888
MITHRIL.17429	True	3.9297747734558888
MITHRIL.1743	False	18.09872363432752
MITHRIL.17430	False	11.829774773455888
MITHRIL.17431	False	16.27650811809149
MITHRIL.17432	False	16.27650811809149
MITHRIL.17433	False	16.27650811809149
MITHRIL.17434	True	15.2779753242807
MITHRIL.17435	False	17.911308657614036
MITHRIL.17436	False	17.911308657614036
MITHRIL.17437	False	3.748991424009568
MITHRIL.17438	False	3.748991424009568
MITHRIL.17439	False	3.748991424009568
MITHRIL.1744	True	16.014001412105294
MITHRIL.17440	False	1.6173307320147543
MITHRIL.17441	True	1.6173307320147543
MITHRIL.17442	True	1.6173307320147543
MITHRIL.17443	False	4.004921282007155
MITHRIL.17444	True	4.004921282007155
MITHRIL.17445	False	4.004921282007155
MITHRIL.17446	False	4.651096530845592
MITHRIL.17447	True	4.651096530845592
MITHRIL.17448	False	4.651096530845592
MITHRIL.17449	True	11.367943324096297
MITHRIL.1745	False	18.09872363432752
MITHRIL.17450	True	11.367943324096297
MITHRIL.17451	False	11.367943324096297
MITHRIL.17452	False	15.372543337963844
MITHRIL.17453	False	15.372543337963844
MITHRIL.17454	True	15.372543337963844
MITHRIL.17455	False	15.19852977464991
MITHRIL.17456	True	13.552696441316575
MITHRIL.17457	False	15.19852977464991
MITHRIL.17458	False	7.780028496284166
MITHRIL.17459	False	7.780028496284166
MITHRIL.1746	True	18.62370135304229
MITHRIL.17460	True	2.5133618296175
MITHRIL.17461	False	10.814063425906324
MITHRIL.17462	False	10.814063425906324
MITHRIL.17463	False	10.814063425906324
MITHRIL.17464	True	5.935262040949504
MITHRIL.17465	False	5.935262040949504
MITHRIL.17466	False	5.935262040949504
MITHRIL.17467	False	15.17890206241377
MITHRIL.17468	False	15.17890206241377
MITHRIL.17469	False	15.17890206241377
MITHRIL.1747	False	18.62370135304229
MITHRIL.17470	True	7.671700091887043
MITHRIL.17471	False	9.756422314109264
MITHRIL.17472	False	9.756422314109264
MITHRIL.17473	True	9.796172025288882
MITHRIL.17474	False	11.551727580844435
MITHRIL.17475	False	11.551727580844435
MITHRIL.17476	False	5.384117077126925
MITHRIL.17477	True	0.4466170771269242
MITHRIL.17478	False	5.384117077126925
MITHRIL.17479	True	6.022841427198182
MITHRIL.1748	True	18.62370135304229
MITHRIL.17480	False	7.778396982753738
MITHRIL.17481	True	7.778396982753738
MITHRIL.17482	False	16.600387770659548
MITHRIL.17483	False	16.600387770659548
MITHRIL.17484	False	16.600387770659548
MITHRIL.17485	False	10.503270744232363
MITHRIL.17486	True	10.503270744232363
MITHRIL.17487	False	10.503270744232363
MITHRIL.1749	True	8.657861339637668
MITHRIL.17491	False	18.154778346714835
MITHRIL.17492	False	20.788111680048168
MITHRIL.17493	False	20.788111680048168
MITHRIL.17494	False	14.250201400157192
MITHRIL.17495	False	16.334923622379414
MITHRIL.17496	False	16.334923622379414
MITHRIL.17497	False	14.413577423924531
MITHRIL.17498	False	14.413577423924531
MITHRIL.17499	False	14.413577423924531
MITHRIL.1750	False	8.657861339637668
MITHRIL.17500	False	16.33301748355469
MITHRIL.17501	False	14.68718415022136
MITHRIL.17502	False	16.33301748355469
MITHRIL.17503	False	15.872167741238355
MITHRIL.17504	False	14.1166121856828
MITHRIL.17505	False	15.872167741238355
MITHRIL.17506	False	15.674916923742424
MITHRIL.17507	False	13.5901947015202
MITHRIL.17508	False	15.674916923742424
MITHRIL.17509	False	19.430051305745657
MITHRIL.1751	False	8.657861339637668
MITHRIL.17510	False	16.796717972412324
MITHRIL.17511	False	19.430051305745657
MITHRIL.17512	False	16.01741264849983
MITHRIL.17513	False	13.384079315166492
MITHRIL.17514	False	16.01741264849983
MITHRIL.17515	True	12.97151383118378
MITHRIL.17516	False	14.864222164517116
MITHRIL.17517	False	14.864222164517116
MITHRIL.17518	False	5.187407783521815
MITHRIL.17519	True	0.2499077835218148
MITHRIL.1752	False	6.453806947551043
MITHRIL.17520	False	5.187407783521815
MITHRIL.17521	False	15.334290346629944
MITHRIL.17522	False	17.226998679963277
MITHRIL.17523	False	17.226998679963277
MITHRIL.17524	False	16.920413984059188
MITHRIL.17525	False	19.55374731739252
MITHRIL.17526	False	19.55374731739252
MITHRIL.17527	False	2.836357180071469
MITHRIL.17528	False	2.836357180071469
MITHRIL.17529	True	2.836357180071469
MITHRIL.1753	True	6.453806947551043
MITHRIL.17530	False	5.008905128019261
MITHRIL.17531	False	5.008905128019261
MITHRIL.17532	True	5.008905128019261
MITHRIL.17533	False	7.379004449785335
MITHRIL.17534	True	7.379004449785335
MITHRIL.17535	False	7.379004449785335
MITHRIL.17536	False	7.613362266078626
MITHRIL.17537	False	7.613362266078626
MITHRIL.17538	False	7.613362266078626
MITHRIL.17539	False	3.539361234065568
MITHRIL.1754	False	6.453806947551043
MITHRIL.17540	True	3.539361234065568
MITHRIL.17541	False	3.539361234065568
MITHRIL.17542	False	16.157209351051364
MITHRIL.17543	False	16.157209351051364
MITHRIL.17544	False	16.157209351051364
MITHRIL.17545	False	15.242612402408549
MITHRIL.17546	False	15.242612402408549
MITHRIL.17547	False	15.242612402408549
MITHRIL.17548	False	4.519052127483272
MITHRIL.17549	False	4.519052127483272
MITHRIL.1755	True	18.05274454566688
MITHRIL.17550	True	1.2273854608166053
MITHRIL.17551	False	16.21676019154685
MITHRIL.17552	False	16.21676019154685
MITHRIL.17553	False	16.21676019154685
MITHRIL.17554	False	15.198307873060706
MITHRIL.17555	False	15.198307873060706
MITHRIL.17556	False	15.198307873060706
MITHRIL.17557	False	9.789338401582423
MITHRIL.17558	False	9.789338401582423
MITHRIL.17559	False	9.789338401582423
MITHRIL.1756	False	18.05274454566688
MITHRIL.17560	False	12.451043298888152
MITHRIL.17561	False	12.451043298888152
MITHRIL.17562	False	12.451043298888152
MITHRIL.17563	False	7.2953355753965425
MITHRIL.17564	False	7.2953355753965425
MITHRIL.17565	False	7.2953355753965425
MITHRIL.17566	False	8.203575103736638
MITHRIL.17567	False	8.203575103736638
MITHRIL.17568	False	8.203575103736638
MITHRIL.17569	False	17.46821643777723
MITHRIL.1757	False	18.05274454566688
MITHRIL.17570	False	17.46821643777723
MITHRIL.17571	False	17.46821643777723
MITHRIL.17572	False	15.981341222149288
MITHRIL.17573	False	15.981341222149288
MITHRIL.17574	False	15.981341222149288
MITHRIL.17575	False	11.257751656566125
MITHRIL.17576	True	6.320251656566124
MITHRIL.17577	False	11.257751656566125
MITHRIL.17578	False	16.445379232831314
MITHRIL.17579	False	18.33808756616465
MITHRIL.1758	False	18.15565940427954
MITHRIL.17580	False	18.33808756616465
MITHRIL.17581	False	17.88370774239437
MITHRIL.17582	False	15.250374409061038
MITHRIL.17583	False	17.88370774239437
MITHRIL.17584	False	12.631864818603464
MITHRIL.17585	False	12.631864818603464
MITHRIL.17586	False	12.631864818603464
MITHRIL.17587	False	12.569467732485975
MITHRIL.17588	False	12.569467732485975
MITHRIL.17589	False	12.569467732485975
MITHRIL.1759	False	18.15565940427954
MITHRIL.17590	False	13.00148148148148
MITHRIL.17591	False	13.00148148148148
MITHRIL.17592	False	13.00148148148148
MITHRIL.17593	False	13.063804713804712
MITHRIL.17594	False	13.063804713804712
MITHRIL.17595	False	13.063804713804712
MITHRIL.17596	False	12.895791245791244
MITHRIL.17597	False	12.895791245791244
MITHRIL.17598	False	12.895791245791244
MITHRIL.17599	False	12.651474478455444
MITHRIL.1760	False	16.400103848723983
MITHRIL.17600	False	12.651474478455444
MITHRIL.17601	False	12.651474478455444
MITHRIL.17602	True	9.952602614939874
MITHRIL.17603	False	9.952602614939874
MITHRIL.17604	False	9.952602614939874
MITHRIL.17605	False	13.935451704576948
MITHRIL.17606	False	13.935451704576948
MITHRIL.17607	False	13.935451704576948
MITHRIL.17608	False	16.298683091223143
MITHRIL.17609	False	16.298683091223143
MITHRIL.1761	False	14.151555683642854
MITHRIL.17610	False	16.298683091223143
MITHRIL.17611	False	9.199525541944826
MITHRIL.17612	False	9.199525541944826
MITHRIL.17613	True	5.907858875278159
MITHRIL.17614	False	18.025246220655028
MITHRIL.17615	False	16.132537887321693
MITHRIL.17616	False	18.025246220655028
MITHRIL.17617	False	20.44152189018181
MITHRIL.17618	False	17.808188556848478
MITHRIL.17619	False	20.44152189018181
MITHRIL.1762	False	12.3960001280873
MITHRIL.17620	False	10.250196331303917
MITHRIL.17621	False	10.250196331303917
MITHRIL.17622	False	10.250196331303917
MITHRIL.17623	False	16.279761394160655
MITHRIL.17624	False	18.913094727493988
MITHRIL.17625	False	18.913094727493988
MITHRIL.17626	False	16.27650811809149
MITHRIL.17627	False	16.27650811809149
MITHRIL.17628	False	16.27650811809149
MITHRIL.17629	False	14.194703719342428
MITHRIL.1763	False	14.151555683642854
MITHRIL.17630	False	14.194703719342428
MITHRIL.17631	False	14.194703719342428
MITHRIL.17632	False	11.425462374266012
MITHRIL.17633	False	11.425462374266012
MITHRIL.17634	True	11.425462374266012
MITHRIL.17635	True	2.8518436583596545
MITHRIL.17636	False	2.8518436583596545
MITHRIL.17637	True	2.8518436583596545
MITHRIL.17638	False	3.562936377370268
MITHRIL.17639	True	3.562936377370268
MITHRIL.1764	True	16.419374728129448
MITHRIL.17640	True	3.562936377370268
MITHRIL.17641	False	8.413033715863657
MITHRIL.17642	False	8.413033715863657
MITHRIL.17643	False	8.413033715863657
MITHRIL.17644	False	12.026086159897126
MITHRIL.17645	False	12.026086159897126
MITHRIL.17646	False	12.026086159897126
MITHRIL.17647	False	12.313334436363595
MITHRIL.17648	False	12.313334436363595
MITHRIL.17649	False	12.313334436363595
MITHRIL.1765	False	13.786041394796117
MITHRIL.17650	False	17.778477995938914
MITHRIL.17651	False	15.14514466260558
MITHRIL.17652	False	17.778477995938914
MITHRIL.17653	False	16.180659404279538
MITHRIL.17654	False	17.826492737612874
MITHRIL.17655	False	17.826492737612874
MITHRIL.17656	False	18.23873219998787
MITHRIL.17657	False	18.23873219998787
MITHRIL.17658	False	18.23873219998787
MITHRIL.17659	False	12.866831638909067
MITHRIL.1766	False	16.419374728129448
MITHRIL.17660	False	12.866831638909067
MITHRIL.17661	False	12.866831638909067
MITHRIL.17662	False	12.628910722353718
MITHRIL.17663	False	12.628910722353718
MITHRIL.17664	False	12.628910722353718
MITHRIL.17665	False	14.385963290438552
MITHRIL.17666	False	14.385963290438552
MITHRIL.17667	False	14.385963290438552
MITHRIL.17668	False	13.503152652719148
MITHRIL.17669	False	13.503152652719148
MITHRIL.1767	True	5.900309745005571
MITHRIL.17670	False	13.503152652719148
MITHRIL.17671	False	13.836006105066955
MITHRIL.17672	False	13.836006105066955
MITHRIL.17673	False	13.836006105066955
MITHRIL.17674	False	11.245978296427964
MITHRIL.17675	False	11.245978296427964
MITHRIL.17676	False	11.245978296427964
MITHRIL.17677	False	16.650396694127306
MITHRIL.17678	False	14.89484113857175
MITHRIL.17679	False	16.650396694127306
MITHRIL.1768	False	5.900309745005571
MITHRIL.17680	False	14.992235528259934
MITHRIL.17681	False	14.992235528259934
MITHRIL.17682	False	14.992235528259934
MITHRIL.17683	False	17.749984348641316
MITHRIL.17684	False	17.749984348641316
MITHRIL.17685	False	17.749984348641316
MITHRIL.1769	False	5.900309745005571
MITHRIL.1770	True	3.168627459573353
MITHRIL.1771	False	3.168627459573353
MITHRIL.1772	False	3.168627459573353
MITHRIL.1773	True	2.4921310986173264
MITHRIL.1774	False	2.4921310986173264
MITHRIL.1775	True	2.4921310986173264
MITHRIL.1776	True	1.3323443722326005
MITHRIL.1777	True	1.3323443722326005
MITHRIL.1778	True	1.3323443722326005
MITHRIL.1779	True	3.9864472738858665
MITHRIL.1780	False	3.9864472738858665
MITHRIL.1781	True	3.9864472738858665
MITHRIL.1782	True	1.8325935238675937
MITHRIL.1783	False	1.8325935238675937
MITHRIL.1784	True	1.8325935238675937
MITHRIL.1785	False	3.9634748052615536
MITHRIL.1786	True	3.9634748052615536
MITHRIL.1787	False	3.9634748052615536
MITHRIL.1788	False	1.849730753746036
MITHRIL.1789	False	1.849730753746036
MITHRIL.1790	True	1.849730753746036
MITHRIL.1791	False	4.786855977064709
MITHRIL.1792	False	4.786855977064709
MITHRIL.1793	False	4.786855977064709
MITHRIL.1794	False	18.12062343679509
MITHRIL.1795	False	18.12062343679509
MITHRIL.1796	False	18.12062343679509
MITHRIL.1797	False	12.301432114404156
MITHRIL.1798	False	12.301432114404156
MITHRIL.1799	False	12.301432114404156
MITHRIL.1800	False	16.495952562535933
MITHRIL.1801	False	16.495952562535933
MITHRIL.1802	False	16.495952562535933
MITHRIL.1803	False	20.33525931557261
MITHRIL.1804	False	20.33525931557261
MITHRIL.1805	True	17.701925982239278
MITHRIL.1806	False	6.216028908794602
MITHRIL.1807	True	6.216028908794602
MITHRIL.1808	False	6.216028908794602
MITHRIL.1809	False	17.808188556848478
MITHRIL.1810	False	17.808188556848478
MITHRIL.1811	False	17.808188556848478
MITHRIL.1812	False	3.1744448596065182
MITHRIL.1813	False	6.959861526273185
MITHRIL.1814	False	6.959861526273185
MITHRIL.1815	False	14.689643311384003
MITHRIL.1816	True	14.689643311384003
MITHRIL.1817	False	14.689643311384003
MITHRIL.1818	False	17.189162888677235
MITHRIL.1819	False	17.189162888677235
MITHRIL.1820	False	15.2964545553439
MITHRIL.1821	False	14.690539447075428
MITHRIL.1822	True	14.690539447075428
MITHRIL.1823	True	14.690539447075428
MITHRIL.1824	False	12.702664343334936
MITHRIL.1825	False	12.702664343334936
MITHRIL.1826	False	12.702664343334936
MITHRIL.1827	False	12.651474478455444
MITHRIL.1828	False	12.651474478455444
MITHRIL.1829	False	12.651474478455444
MITHRIL.1830	True	12.709803591470257
MITHRIL.1831	False	12.709803591470257
MITHRIL.1832	False	12.709803591470257
MITHRIL.1833	False	13.063804713804712
MITHRIL.1834	False	13.063804713804712
MITHRIL.1835	False	13.063804713804712
MITHRIL.1836	False	13.00148148148148
MITHRIL.1837	False	13.00148148148148
MITHRIL.1838	False	13.00148148148148
MITHRIL.1839	False	4.935455386806963
MITHRIL.1840	True	4.935455386806963
MITHRIL.1841	True	4.935455386806963
MITHRIL.1842	False	12.631864818603464
MITHRIL.1843	False	12.631864818603464
MITHRIL.1844	False	12.631864818603464
MITHRIL.1845	False	20.1075193787019
MITHRIL.1846	True	17.47418604536857
MITHRIL.1847	True	20.1075193787019
MITHRIL.1848	True	17.199755242785123
MITHRIL.1849	False	17.199755242785123
MITHRIL.1850	False	17.199755242785123
MITHRIL.1851	False	16.49355113160927
MITHRIL.1852	True	14.847717798275935
MITHRIL.1853	True	16.49355113160927
MITHRIL.1854	False	1.853334989376744
MITHRIL.1855	True	5.638751656043411
MITHRIL.1856	False	5.638751656043411
MITHRIL.1857	False	15.680217760522622
MITHRIL.1858	False	13.046884427189289
MITHRIL.1859	False	15.680217760522622
MITHRIL.1860	False	8.527443250728599
MITHRIL.1861	True	8.527443250728599
MITHRIL.1862	False	8.527443250728599
MITHRIL.1863	True	11.817196031543975
MITHRIL.1864	True	11.817196031543975
MITHRIL.1865	False	11.817196031543975
MITHRIL.1866	False	12.451043298888152
MITHRIL.1867	False	12.451043298888152
MITHRIL.1868	False	12.451043298888152
MITHRIL.1869	False	8.008773281251834
MITHRIL.1870	False	8.008773281251834
MITHRIL.1871	False	8.008773281251834
MITHRIL.1872	True	17.141495519322046
MITHRIL.1873	False	17.141495519322046
MITHRIL.1874	False	17.141495519322046
MITHRIL.1875	False	11.889676858213512
MITHRIL.1876	False	11.889676858213512
MITHRIL.1877	False	11.889676858213512
MITHRIL.1878	False	14.081351893248012
MITHRIL.1879	False	14.081351893248012
MITHRIL.1880	False	14.081351893248012
MITHRIL.1881	False	10.62176295412203
MITHRIL.1882	False	10.62176295412203
MITHRIL.1883	True	10.62176295412203
MITHRIL.1884	True	1.4581163281755976
MITHRIL.1885	True	1.4581163281755976
MITHRIL.1886	False	1.4581163281755976
MITHRIL.1887	False	3.817608772395456
MITHRIL.1888	False	3.817608772395456
MITHRIL.1889	True	3.817608772395456
MITHRIL.1890	False	5.76058679399897
MITHRIL.1891	False	5.76058679399897
MITHRIL.1892	False	5.76058679399897
MITHRIL.1893	False	7.693599058285925
MITHRIL.1894	False	7.693599058285925
MITHRIL.1895	True	7.693599058285925
MITHRIL.1896	False	2.949798715706867
MITHRIL.1897	True	2.949798715706867
MITHRIL.1898	True	2.949798715706867
MITHRIL.1899	True	1.3702913116325357
MITHRIL.1900	True	1.3702913116325357
MITHRIL.1901	True	1.3702913116325357
MITHRIL.1902	False	3.368609301545317
MITHRIL.1903	False	3.368609301545317
MITHRIL.1904	True	3.368609301545317
MITHRIL.1905	False	1.4729629629629628
MITHRIL.1906	True	1.4729629629629628
MITHRIL.1907	True	1.4729629629629628
MITHRIL.1908	False	17.382659836169186
MITHRIL.1909	False	17.382659836169186
MITHRIL.1910	False	14.749326502835851
MITHRIL.1911	False	13.490608187450732
MITHRIL.1912	False	13.490608187450732
MITHRIL.1913	False	11.8447748541174
MITHRIL.1914	False	20.56323713085664
MITHRIL.1915	False	20.56323713085664
MITHRIL.1916	False	17.92990379752331
MITHRIL.1917	False	20.432279841624904
MITHRIL.1918	False	20.432279841624904
MITHRIL.1919	False	17.798946508291568
MITHRIL.1920	False	15.300121372592075
MITHRIL.1921	False	15.300121372592075
MITHRIL.1922	False	15.300121372592075
MITHRIL.1923	False	16.84404970144509
MITHRIL.1924	True	15.088494145889534
MITHRIL.1925	False	16.84404970144509
MITHRIL.1926	False	11.268080675512664
MITHRIL.1927	False	11.268080675512664
MITHRIL.1928	True	11.268080675512664
MITHRIL.1929	False	8.38771732064513
MITHRIL.1930	True	8.38771732064513
MITHRIL.1931	False	8.38771732064513
MITHRIL.1932	False	12.991307224392262
MITHRIL.1933	False	12.991307224392262
MITHRIL.1934	False	12.991307224392262
MITHRIL.1935	False	20.788111680048168
MITHRIL.1936	False	20.788111680048168
MITHRIL.1937	False	18.154778346714835
MITHRIL.1938	False	5.917450406384615
MITHRIL.1939	True	5.917450406384615
MITHRIL.1940	False	5.917450406384615
MITHRIL.22348	False	8.894886034551531
MITHRIL.22349	False	8.894886034551531
MITHRIL.22350	False	8.894886034551531
MITHRIL.22351	False	12.809289806430382
MITHRIL.22352	False	4.909289806430382
MITHRIL.22353	False	12.809289806430382
MITHRIL.22354	False	19.04707882933053
MITHRIL.22355	False	16.962356607108312
MITHRIL.22356	False	19.04707882933053
MITHRIL.22357	False	13.407833955291265
MITHRIL.22358	False	11.652278399735708
MITHRIL.22359	False	13.407833955291265
MITHRIL.22360	False	17.33524601943394
MITHRIL.22361	False	15.689412686100605
MITHRIL.22362	False	17.33524601943394
MITHRIL.22363	False	17.013708339270792
MITHRIL.22364	False	15.258152783715238
MITHRIL.22365	True	17.013708339270792
MITHRIL.22366	False	15.63701040229848
MITHRIL.22367	True	13.55228818007626
MITHRIL.22368	False	15.63701040229848
MITHRIL.22369	True	15.170983545328603
MITHRIL.22370	False	17.804316878661936
MITHRIL.22371	False	17.804316878661936
MITHRIL.22372	False	17.92990379752331
MITHRIL.22373	False	20.56323713085664
MITHRIL.22374	False	20.56323713085664
MITHRIL.22375	False	13.276921318238156
MITHRIL.22376	False	7.598796318238156
MITHRIL.22377	False	13.276921318238156
MITHRIL.22378	False	10.637910313849908
MITHRIL.22379	True	5.700410313849907
MITHRIL.22380	False	10.637910313849908
MITHRIL.22381	False	11.915186871921248
MITHRIL.22382	True	13.807895205254582
MITHRIL.22383	False	13.807895205254582
MITHRIL.22384	True	17.736654865617442
MITHRIL.22385	False	20.36998819895078
MITHRIL.22386	False	20.36998819895078
MITHRIL.22387	False	11.609446814548066
MITHRIL.22388	False	11.609446814548066
MITHRIL.22389	False	11.609446814548066
MITHRIL.22390	False	8.027797211219534
MITHRIL.22391	True	8.027797211219534
MITHRIL.22392	False	8.027797211219534
MITHRIL.22393	False	10.85826120911846
MITHRIL.22394	False	10.85826120911846
MITHRIL.22395	False	10.85826120911846
MITHRIL.22396	False	4.079254989895219
MITHRIL.22397	False	4.079254989895219
MITHRIL.22398	True	4.079254989895219
MITHRIL.22399	False	10.736837642301154
MITHRIL.22400	False	10.736837642301154
MITHRIL.22401	False	10.736837642301154
MITHRIL.22402	False	10.629085263227513
MITHRIL.22403	False	10.629085263227513
MITHRIL.22404	False	10.629085263227513
MITHRIL.22405	False	11.932777037690894
MITHRIL.22406	False	11.932777037690894
MITHRIL.22407	False	11.932777037690894
MITHRIL.22408	False	10.131349247771965
MITHRIL.22409	False	10.131349247771965
MITHRIL.22410	False	10.131349247771965
MITHRIL.22411	False	15.242612402408549
MITHRIL.22412	False	15.242612402408549
MITHRIL.22413	False	15.242612402408549
MITHRIL.22414	False	3.715696688349661
MITHRIL.22415	False	3.715696688349661
MITHRIL.22416	True	0.4240300216829942
MITHRIL.22417	False	6.564562686467161
MITHRIL.22418	False	6.564562686467161
MITHRIL.22419	True	2.779146019800494
MITHRIL.22420	False	17.608107163689223
MITHRIL.22421	False	17.608107163689223
MITHRIL.22422	False	17.608107163689223
MITHRIL.22423	True	2.634078361194641
MITHRIL.22424	False	2.634078361194641
MITHRIL.22425	True	2.634078361194641
MITHRIL.22426	True	2.388780227918654
MITHRIL.22427	True	2.388780227918654
MITHRIL.22428	True	2.388780227918654
MITHRIL.22429	False	4.864480287765636
MITHRIL.22430	True	4.864480287765636
MITHRIL.22431	False	4.864480287765636
MITHRIL.22432	False	5.35207558269877
MITHRIL.22433	True	-2.547924417301229
MITHRIL.22434	False	5.35207558269877
MITHRIL.22435	False	12.370883104443894
MITHRIL.22436	False	14.372216437777228
MITHRIL.22437	False	14.372216437777228
MITHRIL.22438	False	3.387011590897192
MITHRIL.22439	False	3.387011590897192
MITHRIL.22440	True	0.0163449242305246
MITHRIL.22441	False	15.011042172461464
MITHRIL.22442	False	15.011042172461464
MITHRIL.22443	False	15.011042172461464
MITHRIL.22444	False	14.609861019828568
MITHRIL.22445	False	16.611194353161903
MITHRIL.22446	False	16.611194353161903
MITHRIL.22447	False	17.660173699689558
MITHRIL.22448	False	20.29350703302289
MITHRIL.22449	False	20.29350703302289
MITHRIL.22450	False	12.445877164282477
MITHRIL.22451	False	12.445877164282477
MITHRIL.22452	True	12.445877164282477
MITHRIL.22453	False	12.569467732485975
MITHRIL.22454	False	12.569467732485975
MITHRIL.22455	False	12.569467732485975
MITHRIL.22456	False	13.00148148148148
MITHRIL.22457	False	13.00148148148148
MITHRIL.22458	False	13.00148148148148
MITHRIL.22459	False	13.063804713804712
MITHRIL.22460	False	13.063804713804712
MITHRIL.22461	False	13.063804713804712
MITHRIL.22462	False	12.895791245791244
MITHRIL.22463	False	12.895791245791244
MITHRIL.22464	False	12.895791245791244
MITHRIL.22465	True	8.680425095739395
MITHRIL.22466	False	8.680425095739395
MITHRIL.22467	False	8.680425095739395
MITHRIL.22468	False	12.702664343334936
MITHRIL.22469	False	12.702664343334936
MITHRIL.22470	False	12.702664343334936
MITHRIL.22471	False	15.018723309515224
MITHRIL.22472	False	15.018723309515224
MITHRIL.22473	True	15.018723309515224
MITHRIL.22474	False	16.515933091223143
MITHRIL.22475	False	16.515933091223143
MITHRIL.22476	False	16.515933091223143
MITHRIL.22477	False	17.7649907282862
MITHRIL.22478	False	16.079657394952868
MITHRIL.22479	False	17.7649907282862
MITHRIL.22480	False	6.546096529297002
MITHRIL.22481	True	1.4900965292970016
MITHRIL.22482	False	6.546096529297002
MITHRIL.22483	False	13.108599493657373
MITHRIL.22484	False	13.108599493657373
MITHRIL.22485	False	13.108599493657373
MITHRIL.22486	False	4.0578393683539264
MITHRIL.22487	False	4.0578393683539264
MITHRIL.22488	True	-1.2088272983127402
MITHRIL.22489	False	3.0008898733797555
MITHRIL.22490	False	3.0008898733797555
MITHRIL.22491	True	3.0008898733797555
MITHRIL.22492	False	14.910453232806944
MITHRIL.22493	False	14.910453232806944
MITHRIL.22494	False	14.910453232806944
MITHRIL.22495	False	16.643355875691874
MITHRIL.22496	False	14.88780032013632
MITHRIL.22497	False	16.643355875691874
MITHRIL.22498	False	13.241795778678958
MITHRIL.22499	True	13.241795778678958
MITHRIL.22500	False	13.241795778678958
MITHRIL.22501	True	18.4808796354191
MITHRIL.22502	False	21.114212968752437
MITHRIL.22503	False	21.114212968752437
MITHRIL.22504	True	2.832363551189764
MITHRIL.22505	False	2.832363551189764
MITHRIL.22506	False	2.832363551189764
MITHRIL.22507	False	10.30776635532123
MITHRIL.22508	False	10.30776635532123
MITHRIL.22509	False	10.30776635532123
MITHRIL.22510	False	12.18622512822777
MITHRIL.22511	False	12.18622512822777
MITHRIL.22512	False	12.18622512822777
MITHRIL.22513	True	1.852888688965968
MITHRIL.22514	True	1.852888688965968
MITHRIL.22515	False	1.852888688965968
MITHRIL.22516	False	3.5044214717781657
MITHRIL.22517	False	3.5044214717781657
MITHRIL.22518	True	3.5044214717781657
MITHRIL.22519	False	10.443500830410358
MITHRIL.22520	False	10.443500830410358
MITHRIL.22521	False	10.443500830410358
MITHRIL.22522	False	18.122605066358904
MITHRIL.22523	False	16.367049510803348
MITHRIL.22524	False	18.122605066358904
MITHRIL.22525	False	13.321858257889128
MITHRIL.22526	True	13.321858257889128
MITHRIL.22527	False	13.321858257889128
MITHRIL.22528	True	17.152179289923097
MITHRIL.22529	False	19.78551262325643
MITHRIL.22530	False	19.78551262325643
MITHRIL.22531	False	9.193321659162608
MITHRIL.22532	False	9.193321659162608
MITHRIL.22533	False	9.193321659162608
MITHRIL.22534	False	17.588701353042286
MITHRIL.22535	False	17.588701353042286
MITHRIL.22536	False	17.588701353042286
MITHRIL.22537	False	14.87246081407286
MITHRIL.22538	False	14.87246081407286
MITHRIL.22539	False	14.87246081407286
MITHRIL.22540	False	15.25250403587682
MITHRIL.22541	True	15.25250403587682
MITHRIL.22542	False	15.25250403587682
MITHRIL.22543	False	16.5326516691902
MITHRIL.22544	True	16.5326516691902
MITHRIL.22545	False	16.5326516691902
MITHRIL.22546	False	14.487635665485245
MITHRIL.22547	True	14.487635665485245
MITHRIL.22548	False	14.487635665485245
MITHRIL.22549	False	12.34871439789731
MITHRIL.22550	False	12.34871439789731
MITHRIL.22551	False	12.34871439789731
MITHRIL.22552	False	8.28724404302316
MITHRIL.22553	False	8.28724404302316
MITHRIL.22554	False	3.020577376356493
MITHRIL.22564	False	13.82502200133984
MITHRIL.22565	True	13.82502200133984
MITHRIL.22566	False	13.82502200133984
MITHRIL.22567	False	8.966375424980535
MITHRIL.22568	False	8.966375424980535
MITHRIL.22569	False	8.966375424980535
MITHRIL.22570	True	12.98848272144184
MITHRIL.22571	False	12.98848272144184
MITHRIL.22572	False	12.98848272144184
MITHRIL.22573	True	0.7055308905370872
MITHRIL.22574	False	3.997197557203754
MITHRIL.22575	False	3.997197557203754
MITHRIL.22576	False	17.644329873625257
MITHRIL.22577	False	15.8887743180697
MITHRIL.22578	False	17.644329873625257
MITHRIL.22579	False	14.87246081407286
MITHRIL.22580	False	14.87246081407286
MITHRIL.22581	False	14.87246081407286
MITHRIL.22582	False	17.812235395747102
MITHRIL.22583	False	15.17890206241377
MITHRIL.22584	False	17.812235395747102
MITHRIL.22585	False	12.628910722353718
MITHRIL.22586	False	12.628910722353718
MITHRIL.22587	False	12.628910722353718
MITHRIL.22588	False	12.680843984588078
MITHRIL.22589	True	12.680843984588078
MITHRIL.22590	True	12.680843984588078
MITHRIL.22591	False	18.23873219998787
MITHRIL.22592	False	18.23873219998787
MITHRIL.22593	False	18.23873219998787
MITHRIL.22594	False	12.475141501422504
MITHRIL.22595	True	12.475141501422504
MITHRIL.22596	False	12.475141501422504
MITHRIL.22597	False	16.367049510803348
MITHRIL.22598	False	16.367049510803348
MITHRIL.22599	False	16.367049510803348
MITHRIL.22600	False	17.757090777512165
MITHRIL.22601	False	17.757090777512165
MITHRIL.22602	False	17.757090777512165
MITHRIL.22603	False	12.313334436363595
MITHRIL.22604	False	12.313334436363595
MITHRIL.22605	False	12.313334436363595
MITHRIL.22606	False	10.417933917497512
MITHRIL.22607	False	10.417933917497512
MITHRIL.22608	False	10.417933917497512
MITHRIL.22609	False	2.397379982330929
MITHRIL.22610	False	2.397379982330929
MITHRIL.22611	True	2.397379982330929
MITHRIL.22612	False	5.09005845148196
MITHRIL.22613	False	5.09005845148196
MITHRIL.22614	True	5.09005845148196
MITHRIL.22615	False	10.910215690120843
MITHRIL.22616	False	10.910215690120843
MITHRIL.22617	False	10.910215690120843
MITHRIL.22618	False	19.75172823424917
MITHRIL.22619	False	17.118394900915842
MITHRIL.22620	False	19.75172823424917
MITHRIL.22621	False	18.028037052675764
MITHRIL.22622	False	16.272481497120207
MITHRIL.22623	False	18.028037052675764
MITHRIL.22624	False	13.10555811646902
MITHRIL.22625	False	11.350002560913468
MITHRIL.22626	True	13.10555811646902
MITHRIL.22627	False	21.5562469698936
MITHRIL.22628	False	21.5562469698936
MITHRIL.22629	True	18.922913636560267
MITHRIL.22630	False	10.250196331303917
MITHRIL.22631	False	10.250196331303917
MITHRIL.22632	False	10.250196331303917
MITHRIL.22633	False	20.44152189018181
MITHRIL.22634	False	17.808188556848478
MITHRIL.22635	False	20.44152189018181
MITHRIL.22636	False	10.365725750643888
MITHRIL.22637	True	10.365725750643888
MITHRIL.22638	False	10.365725750643888
MITHRIL.22639	False	15.055266282685569
MITHRIL.22640	True	15.055266282685569
MITHRIL.22641	False	15.055266282685569
MITHRIL.22642	False	16.138623211553732
MITHRIL.22643	False	16.138623211553732
MITHRIL.22644	False	14.2459148782204
MITHRIL.22645	False	18.349350158240878
MITHRIL.22646	False	15.716016824907538
MITHRIL.22647	False	18.349350158240878
MITHRIL.22648	False	7.510627306297899
MITHRIL.22649	True	7.510627306297899
MITHRIL.22650	False	7.510627306297899
MITHRIL.22651	False	4.442687033135663
MITHRIL.22652	True	4.442687033135663
MITHRIL.22653	False	4.442687033135663
MITHRIL.22654	False	12.895791245791244
MITHRIL.22655	False	12.895791245791244
MITHRIL.22656	False	12.895791245791244
MITHRIL.22657	False	13.063804713804712
MITHRIL.22658	False	13.063804713804712
MITHRIL.22659	False	13.063804713804712
MITHRIL.22660	False	13.00148148148148
MITHRIL.22661	False	13.00148148148148
MITHRIL.22662	False	13.00148148148148
MITHRIL.22663	False	9.366729669882243
MITHRIL.22664	True	9.366729669882243
MITHRIL.22665	False	9.366729669882243
MITHRIL.22666	False	9.601179100162216
MITHRIL.22667	True	9.601179100162216
MITHRIL.22668	False	9.601179100162216
MITHRIL.22669	False	15.250374409061038
MITHRIL.22670	False	15.250374409061038
MITHRIL.22671	False	15.250374409061038
MITHRIL.22672	True	15.809108950638432
MITHRIL.22673	False	15.809108950638432
MITHRIL.22674	False	15.809108950638432
MITHRIL.22675	False	14.867948834722922
MITHRIL.22676	False	13.222115501389588
MITHRIL.22677	False	14.867948834722922
MITHRIL.22678	False	16.26589731308301
MITHRIL.22679	False	14.373188979749674
MITHRIL.22680	False	16.26589731308301
MITHRIL.22681	False	14.718154709382166
MITHRIL.22682	True	14.718154709382166
MITHRIL.22683	False	14.718154709382166
MITHRIL.22684	False	12.036908437069972
MITHRIL.22685	False	12.036908437069972
MITHRIL.22686	False	12.036908437069972
MITHRIL.22687	False	3.349943092933144
MITHRIL.22688	True	3.349943092933144
MITHRIL.22689	False	3.349943092933144
MITHRIL.22690	False	12.451043298888152
MITHRIL.22691	False	12.451043298888152
MITHRIL.22692	False	12.451043298888152
MITHRIL.22693	False	4.754338121851161
MITHRIL.22694	True	4.754338121851161
MITHRIL.22695	False	4.754338121851161
MITHRIL.22696	False	11.195082472331196
MITHRIL.22697	True	11.195082472331196
MITHRIL.22698	False	11.195082472331196
MITHRIL.22699	False	14.091516991852052
MITHRIL.22700	False	12.198808658518718
MITHRIL.22701	False	14.091516991852052
MITHRIL.22702	False	13.132141665810604
MITHRIL.22703	False	13.132141665810604
MITHRIL.22704	False	13.132141665810604
MITHRIL.22705	False	14.192072725285046
MITHRIL.22706	False	14.192072725285046
MITHRIL.22707	False	14.192072725285046
MITHRIL.22708	False	14.787901189697653
MITHRIL.22709	False	14.787901189697653
MITHRIL.22710	False	14.787901189697653
MITHRIL.22711	False	4.296305991688107
MITHRIL.22712	False	4.296305991688107
MITHRIL.22713	True	4.296305991688107
MITHRIL.22714	False	5.074140899667546
MITHRIL.22715	True	5.074140899667546
MITHRIL.22716	False	5.074140899667546
MITHRIL.22717	False	1.983500922436615
MITHRIL.22718	True	1.983500922436615
MITHRIL.22719	False	1.983500922436615
MITHRIL.22720	False	3.0172124472491757
MITHRIL.22721	True	3.0172124472491757
MITHRIL.22722	False	3.0172124472491757
MITHRIL.22723	True	2.1049244892539205
MITHRIL.22724	True	2.1049244892539205
MITHRIL.22725	False	2.1049244892539205
MITHRIL.22726	False	4.0546089290754335
MITHRIL.22727	True	4.0546089290754335
MITHRIL.22728	False	4.0546089290754335
MITHRIL.22729	False	18.146176562643248
MITHRIL.22730	False	18.146176562643248
MITHRIL.22731	False	15.512843229309915
MITHRIL.22732	False	17.226998679963277
MITHRIL.22733	False	17.226998679963277
MITHRIL.22734	False	15.334290346629944
MITHRIL.22735	False	14.15485463936698
MITHRIL.22736	False	12.509021306033643
MITHRIL.22737	False	14.15485463936698
MITHRIL.22738	False	9.756374795768934
MITHRIL.22739	True	9.756374795768934
MITHRIL.22740	False	9.756374795768934
MITHRIL.22741	False	20.56323713085664
MITHRIL.22742	False	17.92990379752331
MITHRIL.22743	False	20.56323713085664
MITHRIL.22744	False	15.086791301340448
MITHRIL.22745	False	15.086791301340448
MITHRIL.22746	False	15.086791301340448
MITHRIL.22747	False	15.63701040229848
MITHRIL.22748	True	13.55228818007626
MITHRIL.22749	False	15.63701040229848
MITHRIL.22750	False	14.72253589220317
MITHRIL.22751	False	14.72253589220317
MITHRIL.22752	False	14.72253589220317
MITHRIL.22753	False	6.409567007088258
MITHRIL.22754	True	1.472067007088257
MITHRIL.22755	False	6.409567007088258
MITHRIL.22756	False	16.775056686000454
MITHRIL.22757	False	16.775056686000454
MITHRIL.22758	False	15.0195011304449
MITHRIL.22759	False	19.04707882933053
MITHRIL.22760	False	16.962356607108312
MITHRIL.22761	False	19.04707882933053
MITHRIL.22762	False	18.735343467045425
MITHRIL.22763	False	16.10201013371209
MITHRIL.22764	False	18.735343467045425
MITHRIL.22765	False	3.425376984295695
MITHRIL.22766	True	3.425376984295695
MITHRIL.22767	False	3.425376984295695
MITHRIL.24895	False	16.4122682992586
MITHRIL.24896	False	16.4122682992586
MITHRIL.24897	False	13.778934965925266
MITHRIL.24898	False	15.964117488466668
MITHRIL.24899	True	15.964117488466668
MITHRIL.24900	False	15.964117488466668
MITHRIL.24901	False	8.843712265421118
MITHRIL.24902	False	8.843712265421118
MITHRIL.24903	True	7.088156709865563
MITHRIL.24904	False	14.112799284082286
MITHRIL.24905	True	12.466965950748952
MITHRIL.24906	False	14.112799284082286
MITHRIL.24907	True	14.384589192817554
MITHRIL.24908	False	14.384589192817554
MITHRIL.24909	False	14.384589192817554
MITHRIL.24910	False	11.31862167428574
MITHRIL.24911	True	9.233899452063518
MITHRIL.24912	False	11.31862167428574
MITHRIL.24913	False	11.17321796136049
MITHRIL.24914	True	11.17321796136049
MITHRIL.24915	False	11.17321796136049
MITHRIL.24916	False	5.382197117944763
MITHRIL.24917	True	5.382197117944763
MITHRIL.24918	True	5.382197117944763
MITHRIL.24919	False	12.866831638909067
MITHRIL.24920	False	12.866831638909067
MITHRIL.24921	False	12.866831638909067
MITHRIL.24922	True	18.05274454566688
MITHRIL.24923	False	18.05274454566688
MITHRIL.24924	False	18.05274454566688
MITHRIL.24925	False	17.826492737612874
MITHRIL.24926	False	17.826492737612874
MITHRIL.24927	False	16.180659404279538
MITHRIL.24928	False	20.56995074537125
MITHRIL.24929	True	17.936617412037915
MITHRIL.24930	False	20.56995074537125
MITHRIL.24931	False	5.1409062870592575
MITHRIL.24932	True	5.1409062870592575
MITHRIL.24933	False	5.1409062870592575
MITHRIL.24934	False	2.097752826563793
MITHRIL.24935	True	2.097752826563793
MITHRIL.24936	True	2.097752826563793
MITHRIL.24937	False	4.871191564200034
MITHRIL.24938	False	4.871191564200034
MITHRIL.24939	True	4.871191564200034
MITHRIL.24940	False	3.769259175228806
MITHRIL.24941	True	3.769259175228806
MITHRIL.24942	False	3.769259175228806
MITHRIL.24943	False	3.0526807558824043
MITHRIL.24944	True	3.0526807558824043
MITHRIL.24945	False	3.0526807558824043
MITHRIL.24946	False	15.2779753242807
MITHRIL.24947	True	15.2779753242807
MITHRIL.24948	False	15.2779753242807
MITHRIL.24949	True	16.0905204637705
MITHRIL.24950	False	16.0905204637705
MITHRIL.24951	False	16.0905204637705
MITHRIL.24952	False	20.521246969893603
MITHRIL.24953	False	20.521246969893603
MITHRIL.24954	False	17.887913636560267
MITHRIL.24955	False	7.933386226402051
MITHRIL.24956	True	7.933386226402051
MITHRIL.24957	False	7.933386226402051
MITHRIL.24958	False	19.58079043448484
MITHRIL.24959	True	16.947457101151503
MITHRIL.24960	False	19.58079043448484
MITHRIL.24961	False	18.025246220655028
MITHRIL.24962	False	16.132537887321693
MITHRIL.24963	False	18.025246220655028
MITHRIL.24964	False	16.000657394952867
MITHRIL.24965	False	16.000657394952867
MITHRIL.24966	False	16.000657394952867
MITHRIL.24967	False	15.437951635526169
MITHRIL.24968	True	15.437951635526169
MITHRIL.24969	False	15.437951635526169
MITHRIL.24970	False	20.402118371243617
MITHRIL.24971	False	20.402118371243617
MITHRIL.24972	False	17.768785037910284
MITHRIL.24973	False	12.702664343334936
MITHRIL.24974	False	12.702664343334936
MITHRIL.24975	False	12.702664343334936
MITHRIL.24976	False	7.459437441418407
MITHRIL.24977	True	7.459437441418407
MITHRIL.24978	False	7.459437441418407
MITHRIL.24979	False	10.145729517396184
MITHRIL.24980	True	10.145729517396184
MITHRIL.24981	False	10.145729517396184
MITHRIL.24982	False	10.31374298540965
MITHRIL.24983	True	10.31374298540965
MITHRIL.24984	False	10.31374298540965
MITHRIL.24985	False	13.00148148148148
MITHRIL.24986	False	13.00148148148148
MITHRIL.24987	False	13.00148148148148
MITHRIL.24988	False	12.383480078164986
MITHRIL.24989	True	12.383480078164986
MITHRIL.24990	False	12.383480078164986
MITHRIL.24991	False	12.631864818603464
MITHRIL.24992	False	12.631864818603464
MITHRIL.24993	False	12.631864818603464
MITHRIL.24994	True	17.47418604536857
MITHRIL.24995	False	17.47418604536857
MITHRIL.24996	False	17.47418604536857
MITHRIL.24997	False	11.250319073430637
MITHRIL.24998	False	9.357610740097304
MITHRIL.24999	True	11.250319073430637
MITHRIL.25000	False	17.58010404167404
MITHRIL.25001	False	15.934270708340708
MITHRIL.25002	False	17.58010404167404
MITHRIL.25003	False	9.568316530791265
MITHRIL.25004	True	9.568316530791265
MITHRIL.25005	False	9.568316530791265
MITHRIL.25006	False	14.16550967343828
MITHRIL.25007	True	14.16550967343828
MITHRIL.25008	False	14.16550967343828
MITHRIL.25009	False	12.036908437069972
MITHRIL.25010	False	12.036908437069972
MITHRIL.25011	False	12.036908437069972
MITHRIL.25012	True	4.088547350139765
MITHRIL.25013	False	4.088547350139765
MITHRIL.25014	False	4.088547350139765
MITHRIL.25015	False	10.041244008259634
MITHRIL.25016	False	10.041244008259634
MITHRIL.25017	False	10.041244008259634
MITHRIL.25018	False	8.039525539258676
MITHRIL.25019	True	8.039525539258676
MITHRIL.25020	False	8.039525539258676
MITHRIL.25021	False	3.057076659958837
MITHRIL.25022	True	3.057076659958837
MITHRIL.25023	False	3.057076659958837
MITHRIL.25024	False	10.175854225078387
MITHRIL.25025	True	10.175854225078387
MITHRIL.25026	False	10.175854225078387
MITHRIL.25027	False	12.504733525458276
MITHRIL.25028	True	12.504733525458276
MITHRIL.25029	False	12.504733525458276
MITHRIL.25030	True	14.596549844171822
MITHRIL.25031	False	14.596549844171822
MITHRIL.25032	False	14.596549844171822
MITHRIL.25033	False	13.028536453488568
MITHRIL.25034	False	13.028536453488568
MITHRIL.25035	False	13.028536453488568
MITHRIL.25036	True	16.454347509882112
MITHRIL.25037	False	16.454347509882112
MITHRIL.25038	False	16.454347509882112
MITHRIL.25039	False	2.688764692011881
MITHRIL.25040	True	2.688764692011881
MITHRIL.25041	False	2.688764692011881
MITHRIL.25042	False	11.254066233541351
MITHRIL.25043	True	11.254066233541351
MITHRIL.25044	False	11.254066233541351
MITHRIL.25045	False	2.645166853812813
MITHRIL.25046	False	2.645166853812813
MITHRIL.25047	True	2.645166853812813
MITHRIL.25048	True	2.252999943990264
MITHRIL.25049	False	2.252999943990264
MITHRIL.25050	True	2.252999943990264
MITHRIL.25051	True	2.0726455365396683
MITHRIL.25052	True	2.0726455365396683
MITHRIL.25053	False	2.0726455365396683
MITHRIL.25054	False	10.330099518693023
MITHRIL.25055	True	10.330099518693023
MITHRIL.25056	False	10.330099518693023
MITHRIL.25057	False	3.898650659069287
MITHRIL.25058	False	3.898650659069287
MITHRIL.25059	True	3.898650659069287
MITHRIL.25060	True	3.767198833502665
MITHRIL.25061	True	3.767198833502665
MITHRIL.25062	False	3.767198833502665
MITHRIL.25063	False	7.577901234567903
MITHRIL.25064	False	7.577901234567903
MITHRIL.25065	True	7.577901234567903
MITHRIL.25066	False	16.538024320243636
MITHRIL.25067	False	16.538024320243636
MITHRIL.25068	False	13.904690986910303
MITHRIL.25069	False	15.517072008891404
MITHRIL.25070	False	13.624363675558069
MITHRIL.25071	False	15.517072008891404
MITHRIL.25072	False	13.62284985677893
MITHRIL.25073	False	13.62284985677893
MITHRIL.25074	True	11.977016523445595
MITHRIL.25075	False	16.916613928769568
MITHRIL.25076	True	15.023905595436236
MITHRIL.25077	False	16.916613928769568
MITHRIL.25078	False	20.579008883603837
MITHRIL.25079	True	17.945675550270497
MITHRIL.25080	False	20.579008883603837
MITHRIL.25081	False	16.062828575036466
MITHRIL.25082	False	13.429495241703131
MITHRIL.25083	False	16.062828575036466
MITHRIL.25084	False	12.866760845280211
MITHRIL.25085	False	12.866760845280211
MITHRIL.25086	False	12.866760845280211
MITHRIL.25087	False	11.017197178833
MITHRIL.25088	False	11.017197178833
MITHRIL.25089	True	9.261641623277448
MITHRIL.25090	False	9.27638799474258
MITHRIL.25091	True	9.27638799474258
MITHRIL.25092	False	9.27638799474258
MITHRIL.25093	True	14.660841393096735
MITHRIL.25094	False	14.660841393096735
MITHRIL.25095	False	14.660841393096735
MITHRIL.25096	False	18.58046718496336
MITHRIL.25097	False	16.495744962741135
MITHRIL.25098	True	18.58046718496336
MITHRIL.25099	True	19.189778346714835
MITHRIL.25100	False	19.189778346714835
MITHRIL.25101	False	19.189778346714835
MITHRIL.25102	False	10.277706884739894
MITHRIL.25103	False	10.277706884739894
MITHRIL.25104	False	10.277706884739894
MITHRIL.30124	False	10.886677029411402
MITHRIL.30125	True	10.886677029411402
MITHRIL.30126	False	10.886677029411402
MITHRIL.30127	False	11.252857054270937
MITHRIL.30128	False	11.252857054270937
MITHRIL.30129	True	9.168134832048713
MITHRIL.30130	False	14.902563501611484
MITHRIL.30131	True	13.14700794605593
MITHRIL.30132	False	14.902563501611484
MITHRIL.30133	False	13.559734361077544
MITHRIL.30134	False	13.559734361077544
MITHRIL.30135	True	11.91390102774421
MITHRIL.30136	False	11.327266407340344
MITHRIL.30137	True	9.571710851784788
MITHRIL.30138	False	11.327266407340344
MITHRIL.30139	False	14.690247121051758
MITHRIL.30140	True	12.605524898829536
MITHRIL.30141	False	14.690247121051758
MITHRIL.30142	False	19.58576440418274
MITHRIL.30143	True	16.952431070849407
MITHRIL.30144	False	19.58576440418274
MITHRIL.30145	False	11.626682186474474
MITHRIL.30146	False	11.626682186474474
MITHRIL.30147	False	11.626682186474474
MITHRIL.30148	False	12.866831638909067
MITHRIL.30149	False	12.866831638909067
MITHRIL.30150	False	12.866831638909067
MITHRIL.30151	False	18.23873219998787
MITHRIL.30152	False	18.23873219998787
MITHRIL.30153	False	18.23873219998787
MITHRIL.30154	False	15.405597675884476
MITHRIL.30155	True	13.65004212032892
MITHRIL.30156	False	15.405597675884476
MITHRIL.30157	False	16.367049510803348
MITHRIL.30158	False	16.367049510803348
MITHRIL.30159	False	16.367049510803348
MITHRIL.30160	False	8.430108762774617
MITHRIL.30161	True	0.530108762774617
MITHRIL.30162	False	8.430108762774617
MITHRIL.30163	False	4.999744489261789
MITHRIL.30164	False	4.999744489261789
MITHRIL.30165	False	4.999744489261789
MITHRIL.30166	False	3.7173300128421287
MITHRIL.30167	True	3.7173300128421287
MITHRIL.30168	False	3.7173300128421287
MITHRIL.30169	False	7.305009439650092
MITHRIL.30170	True	7.305009439650092
MITHRIL.30171	False	7.305009439650092
MITHRIL.30172	False	2.553332026553588
MITHRIL.30173	True	2.553332026553588
MITHRIL.30174	False	2.553332026553588
MITHRIL.30175	False	8.256219746256367
MITHRIL.30176	False	8.256219746256367
MITHRIL.30177	False	8.256219746256367
MITHRIL.30178	False	4.609829699708427
MITHRIL.30179	False	9.876496366375092
MITHRIL.30180	False	9.876496366375092
MITHRIL.30181	False	19.063037052675764
MITHRIL.30182	True	17.307481497120207
MITHRIL.30183	False	19.063037052675764
MITHRIL.30184	False	16.495952562535933
MITHRIL.30185	False	16.495952562535933
MITHRIL.30186	False	16.495952562535933
MITHRIL.30187	False	17.809091762942483
MITHRIL.30188	False	17.809091762942483
MITHRIL.30189	False	15.17575842960915
MITHRIL.30190	False	7.983260416060593
MITHRIL.30191	False	7.983260416060593
MITHRIL.30192	True	7.983260416060593
MITHRIL.30193	True	13.767978028320115
MITHRIL.30194	False	13.767978028320115
MITHRIL.30195	False	13.767978028320115
MITHRIL.30196	False	12.735999367007818
MITHRIL.30197	False	10.843291033674484
MITHRIL.30198	True	12.735999367007818
MITHRIL.30199	False	13.67544134557015
MITHRIL.30200	False	12.029608012236816
MITHRIL.30201	False	13.67544134557015
MITHRIL.30202	False	10.206080798442326
MITHRIL.30203	True	10.206080798442326
MITHRIL.30204	False	10.206080798442326
MITHRIL.30205	False	11.35576034655226
MITHRIL.30206	True	11.35576034655226
MITHRIL.30207	False	11.35576034655226
MITHRIL.30208	False	12.702664343334936
MITHRIL.30209	False	12.702664343334936
MITHRIL.30210	False	12.702664343334936
MITHRIL.30211	False	7.459437441418407
MITHRIL.30212	True	7.459437441418407
MITHRIL.30213	False	7.459437441418407
MITHRIL.30214	False	12.895791245791244
MITHRIL.30215	False	12.895791245791244
MITHRIL.30216	False	12.895791245791244
MITHRIL.30217	False	13.063804713804712
MITHRIL.30218	False	13.063804713804712
MITHRIL.30219	False	13.063804713804712
MITHRIL.30220	False	13.00148148148148
MITHRIL.30221	False	13.00148148148148
MITHRIL.30222	False	13.00148148148148
MITHRIL.30223	False	12.569467732485975
MITHRIL.30224	False	12.569467732485975
MITHRIL.30225	False	12.569467732485975
MITHRIL.30226	False	8.660815435887415
MITHRIL.30227	False	8.660815435887415
MITHRIL.30228	True	8.660815435887415
MITHRIL.30229	False	20.29350703302289
MITHRIL.30230	False	17.660173699689558
MITHRIL.30231	False	20.29350703302289
MITHRIL.30232	True	13.143591828803835
MITHRIL.30233	False	11.250883495470502
MITHRIL.30234	False	13.143591828803835
MITHRIL.30235	False	15.934270708340708
MITHRIL.30236	False	15.934270708340708
MITHRIL.30237	False	15.934270708340708
MITHRIL.30238	False	8.297230763023332
MITHRIL.30239	True	8.297230763023332
MITHRIL.30240	False	8.297230763023332
MITHRIL.30241	False	13.54437687167135
MITHRIL.30242	False	13.54437687167135
MITHRIL.30243	True	10.911043538338015
MITHRIL.30244	False	2.894463376964045
MITHRIL.30245	True	2.894463376964045
MITHRIL.30246	False	2.894463376964045
MITHRIL.30247	False	4.628194056813432
MITHRIL.30248	True	4.628194056813432
MITHRIL.30249	False	4.628194056813432
MITHRIL.30250	False	9.473582895134829
MITHRIL.30251	False	9.473582895134829
MITHRIL.30252	False	9.473582895134829
MITHRIL.30253	False	3.03319364999974
MITHRIL.30254	True	3.03319364999974
MITHRIL.30255	False	3.03319364999974
MITHRIL.30256	False	17.52928529007144
MITHRIL.30257	False	14.895951956738106
MITHRIL.30258	False	17.52928529007144
MITHRIL.30259	False	12.40876333789964
MITHRIL.30260	False	10.653207782344085
MITHRIL.30261	True	12.40876333789964
MITHRIL.30262	False	13.876840073393373
MITHRIL.30263	False	12.121284517837816
MITHRIL.30264	False	13.876840073393373
MITHRIL.30265	False	15.013935731336671
MITHRIL.30266	False	15.013935731336671
MITHRIL.30267	False	15.013935731336671
MITHRIL.30268	False	4.20155487540171
MITHRIL.30269	True	4.20155487540171
MITHRIL.30270	False	4.20155487540171
MITHRIL.30271	False	7.421365092023123
MITHRIL.30272	False	7.421365092023123
MITHRIL.30273	True	7.421365092023123
MITHRIL.30274	False	7.765558095140575
MITHRIL.30275	True	7.765558095140575
MITHRIL.30276	False	7.765558095140575
MITHRIL.30277	True	1.3976352609708396
MITHRIL.30278	True	1.3976352609708396
MITHRIL.30279	True	1.3976352609708396
MITHRIL.30280	False	4.035217488074277
MITHRIL.30281	False	4.035217488074277
MITHRIL.30282	True	4.035217488074277
MITHRIL.30283	False	10.591871285293609
MITHRIL.30284	True	10.591871285293609
MITHRIL.30285	False	10.591871285293609
MITHRIL.30286	False	3.630317325735953
MITHRIL.30287	True	3.630317325735953
MITHRIL.30288	False	3.630317325735953
MITHRIL.30289	False	4.924457505307
MITHRIL.30290	True	4.924457505307
MITHRIL.30291	False	4.924457505307
MITHRIL.30292	False	17.4736418120892
MITHRIL.30293	False	17.4736418120892
MITHRIL.30294	False	14.840308478755862
MITHRIL.30295	False	11.936636178583544
MITHRIL.30296	True	11.936636178583544
MITHRIL.30297	False	11.936636178583544
MITHRIL.30298	False	9.340379732455968
MITHRIL.30299	True	9.340379732455968
MITHRIL.30300	False	9.340379732455968
MITHRIL.30301	False	15.217748590572189
MITHRIL.30302	False	15.217748590572189
MITHRIL.30303	False	15.217748590572189
MITHRIL.30304	False	16.190794265891952
MITHRIL.30305	False	16.190794265891952
MITHRIL.30306	False	16.190794265891952
MITHRIL.30307	False	12.284398375443187
MITHRIL.30308	False	12.284398375443187
MITHRIL.30309	False	12.284398375443187
MITHRIL.30310	False	8.411174480980609
MITHRIL.30311	True	8.411174480980609
MITHRIL.30312	True	8.411174480980609
MITHRIL.30313	False	12.977257479149486
MITHRIL.30314	False	12.977257479149486
MITHRIL.30315	False	12.977257479149486
MITHRIL.30316	False	9.60870497496612
MITHRIL.30317	True	9.60870497496612
MITHRIL.30318	False	9.60870497496612
MITHRIL.30319	False	13.32225572406256
MITHRIL.30320	False	13.32225572406256
MITHRIL.30321	False	13.32225572406256
MITHRIL.30322	False	13.924804360818252
MITHRIL.30323	True	11.29147102748492
MITHRIL.30324	False	13.924804360818252
MITHRIL.30325	False	12.33047509774264
MITHRIL.30326	False	12.33047509774264
MITHRIL.30327	False	12.33047509774264
MITHRIL.31366	False	16.4122682992586
MITHRIL.31367	False	13.778934965925266
MITHRIL.31368	True	16.4122682992586
MITHRIL.31369	True	15.964117488466668
MITHRIL.31370	False	15.964117488466668
MITHRIL.31371	False	15.964117488466668
MITHRIL.31372	False	11.092331378684014
MITHRIL.31373	False	11.092331378684014
MITHRIL.31374	True	11.092331378684014
MITHRIL.31375	False	16.141256466644293
MITHRIL.31376	False	14.495423133310958
MITHRIL.31377	False	16.141256466644293
MITHRIL.31378	False	12.85808859962845
MITHRIL.31379	True	12.85808859962845
MITHRIL.31380	False	12.85808859962845
MITHRIL.31381	True	-1.546964745467346
MITHRIL.31382	True	2.622479698977098
MITHRIL.31383	False	2.622479698977098
MITHRIL.31384	False	8.731242652718512
MITHRIL.31385	True	8.731242652718512
MITHRIL.31386	False	8.731242652718512
MITHRIL.31387	False	12.628910722353718
MITHRIL.31388	False	12.628910722353718
MITHRIL.31389	False	12.628910722353718
MITHRIL.31390	False	12.866831638909067
MITHRIL.31391	False	12.866831638909067
MITHRIL.31392	False	12.866831638909067
MITHRIL.31393	False	18.23873219998787
MITHRIL.31394	False	18.23873219998787
MITHRIL.31395	False	18.23873219998787
MITHRIL.31396	False	18.15565940427954
MITHRIL.31397	False	16.400103848723983
MITHRIL.31398	False	18.15565940427954
MITHRIL.31399	True	11.709580375000884
MITHRIL.31400	True	9.954024819445326
MITHRIL.31401	False	11.709580375000884
MITHRIL.31402	False	20.390424110845498
MITHRIL.31403	False	17.757090777512165
MITHRIL.31404	False	20.390424110845498
MITHRIL.31405	False	12.313334436363595
MITHRIL.31406	False	12.313334436363595
MITHRIL.31407	False	12.313334436363595
MITHRIL.31408	False	9.616286869268608
MITHRIL.31409	False	9.616286869268608
MITHRIL.31410	False	9.616286869268608
MITHRIL.31411	False	4.059026368087677
MITHRIL.31412	True	4.059026368087677
MITHRIL.31413	False	4.059026368087677
MITHRIL.31414	False	7.484922056960709
MITHRIL.31415	False	7.484922056960709
MITHRIL.31416	True	7.484922056960709
MITHRIL.31417	False	8.245752203240777
MITHRIL.31418	True	8.245752203240777
MITHRIL.31419	False	8.245752203240777
MITHRIL.31420	False	15.370561708400022
MITHRIL.31421	True	15.370561708400022
MITHRIL.31422	False	15.370561708400022
MITHRIL.31423	False	12.301432114404156
MITHRIL.31424	False	12.301432114404156
MITHRIL.31425	True	12.301432114404156
MITHRIL.31426	False	16.495952562535933
MITHRIL.31427	False	16.495952562535933
MITHRIL.31428	False	16.495952562535933
MITHRIL.31429	False	16.325173330942107
MITHRIL.31430	False	16.325173330942107
MITHRIL.31431	False	13.691839997608774
MITHRIL.31432	True	3.262371290331007
MITHRIL.31433	False	3.262371290331007
MITHRIL.31434	False	3.262371290331007
MITHRIL.31435	False	15.058126828453418
MITHRIL.31436	True	15.058126828453418
MITHRIL.31437	False	15.058126828453418
MITHRIL.31438	False	13.722738596693176
MITHRIL.31439	False	13.722738596693176
MITHRIL.31440	False	13.722738596693176
MITHRIL.31441	False	17.6464907282862
MITHRIL.31442	False	16.000657394952867
MITHRIL.31443	False	17.6464907282862
MITHRIL.31444	False	16.298683091223143
MITHRIL.31445	False	16.298683091223143
MITHRIL.31446	False	16.298683091223143
MITHRIL.31447	False	16.76655650203104
MITHRIL.31448	False	16.76655650203104
MITHRIL.31449	False	16.76655650203104
MITHRIL.31450	False	12.702664343334936
MITHRIL.31451	False	12.702664343334936
MITHRIL.31452	False	12.702664343334936
MITHRIL.31453	False	12.651474478455444
MITHRIL.31454	False	12.651474478455444
MITHRIL.31455	False	12.651474478455444
MITHRIL.31456	False	12.895791245791244
MITHRIL.31457	False	12.895791245791244
MITHRIL.31458	False	12.895791245791244
MITHRIL.31459	False	13.063804713804712
MITHRIL.31460	False	13.063804713804712
MITHRIL.31461	False	13.063804713804712
MITHRIL.31462	True	12.815493827160491
MITHRIL.31463	False	12.815493827160491
MITHRIL.31464	False	12.815493827160491
MITHRIL.31465	False	12.383480078164986
MITHRIL.31466	True	12.383480078164986
MITHRIL.31467	False	12.383480078164986
MITHRIL.31468	False	12.631864818603464
MITHRIL.31469	False	12.631864818603464
MITHRIL.31470	False	12.631864818603464
MITHRIL.31471	False	17.262821314581643
MITHRIL.31472	True	14.629487981248309
MITHRIL.31473	False	17.262821314581643
MITHRIL.31474	False	18.33808756616465
MITHRIL.31475	False	18.33808756616465
MITHRIL.31476	False	16.445379232831314
MITHRIL.31477	False	15.934270708340708
MITHRIL.31478	False	15.934270708340708
MITHRIL.31479	False	15.934270708340708
MITHRIL.31480	False	16.871821019603377
MITHRIL.31481	False	14.979112686270044
MITHRIL.31482	False	16.871821019603377
MITHRIL.31483	False	20.10154977111056
MITHRIL.31484	False	17.46821643777723
MITHRIL.31485	False	20.10154977111056
MITHRIL.31486	False	11.03467990119073
MITHRIL.31487	False	11.03467990119073
MITHRIL.31488	False	11.03467990119073
MITHRIL.31489	False	4.31907322673901
MITHRIL.31490	True	4.31907322673901
MITHRIL.31491	False	4.31907322673901
MITHRIL.31492	False	11.448814763008908
MITHRIL.31493	False	11.448814763008908
MITHRIL.31494	False	11.448814763008908
MITHRIL.31495	False	4.595393010176215
MITHRIL.31496	True	4.595393010176215
MITHRIL.31497	False	4.595393010176215
MITHRIL.31498	False	19.23921196114331
MITHRIL.31499	False	16.60587862780998
MITHRIL.31500	False	19.23921196114331
MITHRIL.31501	False	15.475842991624116
MITHRIL.31502	True	15.475842991624116
MITHRIL.31503	False	15.475842991624116
MITHRIL.31504	False	14.316596600172169
MITHRIL.31505	True	12.561041044616614
MITHRIL.31506	False	14.316596600172169
MITHRIL.31507	False	16.723862402408546
MITHRIL.31508	False	16.723862402408546
MITHRIL.31509	False	16.723862402408546
MITHRIL.31510	False	7.736703398739401
MITHRIL.31511	False	7.736703398739401
MITHRIL.31512	False	7.736703398739401
MITHRIL.31513	False	2.7262156856598123
MITHRIL.31514	True	2.7262156856598123
MITHRIL.31515	False	2.7262156856598123
MITHRIL.31516	False	4.007844015891213
MITHRIL.31517	True	4.007844015891213
MITHRIL.31518	False	4.007844015891213
MITHRIL.31519	False	5.060598223933802
MITHRIL.31520	True	5.060598223933802
MITHRIL.31521	False	5.060598223933802
MITHRIL.31522	False	7.745292154200468
MITHRIL.31523	True	7.745292154200468
MITHRIL.31524	False	7.745292154200468
MITHRIL.31525	False	19.44887367996328
MITHRIL.31526	False	19.44887367996328
MITHRIL.31527	False	16.815540346629945
MITHRIL.31528	False	13.65315794122867
MITHRIL.31529	False	13.65315794122867
MITHRIL.31530	False	13.65315794122867
MITHRIL.31531	False	17.653108187450734
MITHRIL.31532	False	15.897552631895175
MITHRIL.31533	False	17.653108187450734
MITHRIL.31534	False	16.927675261644065
MITHRIL.31535	False	16.927675261644065
MITHRIL.31536	False	16.927675261644065
MITHRIL.31537	False	16.062828575036466
MITHRIL.31538	False	13.429495241703131
MITHRIL.31539	False	16.062828575036466
MITHRIL.31540	True	-1.4663140800583374
MITHRIL.31541	True	2.703130364386107
MITHRIL.31542	False	2.703130364386107
MITHRIL.31543	False	14.502859579884646
MITHRIL.31544	False	12.74730402432909
MITHRIL.31545	False	14.502859579884646
MITHRIL.31546	False	11.437739313338366
MITHRIL.31547	False	11.437739313338366
MITHRIL.31548	True	11.437739313338366
MITHRIL.31549	False	14.560980737080476
MITHRIL.31550	False	14.560980737080476
MITHRIL.31551	False	12.805425181524924
MITHRIL.31552	False	16.994310616327787
MITHRIL.31553	False	16.994310616327787
MITHRIL.31554	False	14.909588394105567
MITHRIL.31555	False	18.154778346714835
MITHRIL.31556	False	18.154778346714835
MITHRIL.31557	False	18.154778346714835
MITHRIL.31558	False	10.277706884739894
MITHRIL.31559	False	10.277706884739894
MITHRIL.31560	False	10.277706884739894
MITHRIL.36586	False	17.749984348641316
MITHRIL.36587	False	17.749984348641316
MITHRIL.36588	False	17.749984348641316
MITHRIL.36589	False	18.68510999288177
MITHRIL.36590	False	16.600387770659548
MITHRIL.36591	False	18.68510999288177
MITHRIL.36592	False	10.130257537773188
MITHRIL.36593	True	10.130257537773188
MITHRIL.36594	False	10.130257537773188
MITHRIL.36595	False	8.065398730579366
MITHRIL.36596	True	8.065398730579366
MITHRIL.36597	False	8.065398730579366
MITHRIL.36598	False	7.67998687274992
MITHRIL.36599	True	7.67998687274992
MITHRIL.36600	False	7.67998687274992
MITHRIL.36601	False	15.853180071743576
MITHRIL.36602	False	13.768457849521354
MITHRIL.36603	False	15.853180071743576
MITHRIL.36604	False	14.838639624647223
MITHRIL.36605	True	14.838639624647223
MITHRIL.36606	False	14.838639624647223
MITHRIL.36607	False	12.628910722353718
MITHRIL.36608	False	12.628910722353718
MITHRIL.36609	False	12.628910722353718
MITHRIL.36610	False	13.901831638909067
MITHRIL.36611	True	13.901831638909067
MITHRIL.36612	False	13.901831638909067
MITHRIL.36613	True	18.82344957211598
MITHRIL.36614	False	18.82344957211598
MITHRIL.36615	False	18.82344957211598
MITHRIL.36616	False	17.96967174995855
MITHRIL.36617	True	16.214116194402994
MITHRIL.36618	False	17.96967174995855
MITHRIL.36619	False	18.122605066358904
MITHRIL.36620	False	16.367049510803348
MITHRIL.36621	False	18.122605066358904
MITHRIL.36622	False	20.390424110845498
MITHRIL.36623	False	17.757090777512165
MITHRIL.36624	False	20.390424110845498
MITHRIL.36625	False	5.900309745005571
MITHRIL.36626	True	5.900309745005571
MITHRIL.36627	False	5.900309745005571
MITHRIL.36628	False	8.809781675097904
MITHRIL.36629	False	8.809781675097904
MITHRIL.36630	False	8.809781675097904
MITHRIL.36631	False	2.397379982330929
MITHRIL.36632	False	2.397379982330929
MITHRIL.36633	True	2.397379982330929
MITHRIL.36634	False	6.4333492841762725
MITHRIL.36635	False	6.4333492841762725
MITHRIL.36636	False	6.4333492841762725
MITHRIL.36637	False	11.913883666783438
MITHRIL.36638	False	11.913883666783438
MITHRIL.36639	False	11.913883666783438
MITHRIL.36640	False	18.12062343679509
MITHRIL.36641	False	18.12062343679509
MITHRIL.36642	False	18.12062343679509
MITHRIL.36643	False	16.272481497120207
MITHRIL.36644	False	16.272481497120207
MITHRIL.36645	False	16.272481497120207
MITHRIL.36646	False	16.495952562535933
MITHRIL.36647	False	16.495952562535933
MITHRIL.36648	False	16.495952562535933
MITHRIL.36649	False	18.913094727493988
MITHRIL.36650	False	18.913094727493988
MITHRIL.36651	False	16.279761394160655
MITHRIL.36652	False	8.658004217436577
MITHRIL.36653	True	8.658004217436577
MITHRIL.36654	False	8.658004217436577
MITHRIL.36655	False	12.048106086556489
MITHRIL.36656	True	9.414772753223154
MITHRIL.36657	False	12.048106086556489
MITHRIL.36658	True	13.153631582195196
MITHRIL.36659	False	13.153631582195196
MITHRIL.36660	False	11.26092324886186
MITHRIL.36661	False	13.250595666557809
MITHRIL.36662	True	13.250595666557809
MITHRIL.36663	False	13.250595666557809
MITHRIL.36664	True	8.384046755497943
MITHRIL.36665	False	8.384046755497943
MITHRIL.36666	True	8.384046755497943
MITHRIL.36667	False	16.76655650203104
MITHRIL.36668	False	16.76655650203104
MITHRIL.36669	False	16.76655650203104
MITHRIL.36670	False	3.9953186643225904
MITHRIL.36671	True	3.9953186643225904
MITHRIL.36672	False	3.9953186643225904
MITHRIL.36673	True	8.399801105693207
MITHRIL.36674	False	8.399801105693207
MITHRIL.36675	False	8.399801105693207
MITHRIL.36676	False	12.895791245791244
MITHRIL.36677	False	12.895791245791244
MITHRIL.36678	False	12.895791245791244
MITHRIL.36679	False	13.063804713804712
MITHRIL.36680	False	13.063804713804712
MITHRIL.36681	False	13.063804713804712
MITHRIL.36682	True	6.588456790123456
MITHRIL.36683	False	6.588456790123456
MITHRIL.36684	True	6.588456790123456
MITHRIL.36685	False	4.935455386806963
MITHRIL.36686	True	4.935455386806963
MITHRIL.36687	False	4.935455386806963
MITHRIL.36688	False	3.326582190731574
MITHRIL.36689	True	3.326582190731574
MITHRIL.36690	False	3.326582190731574
MITHRIL.36691	True	10.988224405151
MITHRIL.36692	True	8.354891071817667
MITHRIL.36693	False	10.988224405151
MITHRIL.36694	False	11.92506287480662
MITHRIL.36695	False	11.92506287480662
MITHRIL.36696	True	10.032354541473287
MITHRIL.36697	False	8.444480051627853
MITHRIL.36698	True	6.79864671829452
MITHRIL.36699	True	8.444480051627853
MITHRIL.36700	True	12.212051246501415
MITHRIL.36701	False	12.212051246501415
MITHRIL.36702	False	12.212051246501415
MITHRIL.36703	False	14.75606123082611
MITHRIL.36704	False	14.75606123082611
MITHRIL.36705	False	14.75606123082611
MITHRIL.36706	False	4.211636180146547
MITHRIL.36707	False	4.211636180146547
MITHRIL.36708	True	4.211636180146547
MITHRIL.36709	False	8.493718499523592
MITHRIL.36710	True	8.493718499523592
MITHRIL.36711	False	8.493718499523592
MITHRIL.36712	False	8.199369926125915
MITHRIL.36713	False	8.199369926125915
MITHRIL.36714	True	8.199369926125915
MITHRIL.36715	False	5.576736244214799
MITHRIL.36716	False	5.576736244214799
MITHRIL.36717	True	5.576736244214799
MITHRIL.36718	False	12.416070126652189
MITHRIL.36719	True	12.416070126652189
MITHRIL.36720	False	12.416070126652189
MITHRIL.36721	True	15.580489909353968
MITHRIL.36722	False	15.580489909353968
MITHRIL.36723	False	15.580489909353968
MITHRIL.36724	False	6.096272315041908
MITHRIL.36725	True	2.804605648375241
MITHRIL.36726	False	6.096272315041908
MITHRIL.36727	False	12.22688940525966
MITHRIL.36728	False	12.22688940525966
MITHRIL.36729	False	12.22688940525966
MITHRIL.36730	True	13.8403992461495
MITHRIL.36731	False	13.8403992461495
MITHRIL.36732	False	13.8403992461495
MITHRIL.36733	True	5.422542529722698
MITHRIL.36734	False	5.422542529722698
MITHRIL.36735	True	5.422542529722698
MITHRIL.36736	False	2.9239681200944108
MITHRIL.36737	True	2.9239681200944108
MITHRIL.36738	False	2.9239681200944108
MITHRIL.36739	False	2.546746928415928
MITHRIL.36740	True	2.546746928415928
MITHRIL.36741	False	2.546746928415928
MITHRIL.36742	False	3.9509789652526384
MITHRIL.36743	True	3.9509789652526384
MITHRIL.36744	False	3.9509789652526384
MITHRIL.36745	False	3.9875780749511054
MITHRIL.36746	False	3.9875780749511054
MITHRIL.36747	True	3.9875780749511054
MITHRIL.36748	True	2.6593380360553542
MITHRIL.36749	False	2.6593380360553542
MITHRIL.36750	False	2.6593380360553542
MITHRIL.36751	False	4.018718817889898
MITHRIL.36752	True	4.018718817889898
MITHRIL.36753	False	4.018718817889898
MITHRIL.36754	False	17.046510666930395
MITHRIL.36755	False	17.046510666930395
MITHRIL.36756	True	14.41317733359706
MITHRIL.36757	False	14.2557191328027
MITHRIL.36758	False	14.2557191328027
MITHRIL.36759	False	12.363010799469365
MITHRIL.36760	False	7.42516498477184
MITHRIL.36761	False	7.42516498477184
MITHRIL.36762	True	2.487664984771839
MITHRIL.36763	False	16.456414278384454
MITHRIL.36764	False	16.456414278384454
MITHRIL.36765	False	14.56370594505112
MITHRIL.36766	False	20.56323713085664
MITHRIL.36767	False	17.92990379752331
MITHRIL.36768	False	20.56323713085664
MITHRIL.36769	False	20.432279841624904
MITHRIL.36770	False	17.798946508291568
MITHRIL.36771	False	20.432279841624904
MITHRIL.36772	False	12.792884722129944
MITHRIL.36773	True	12.792884722129944
MITHRIL.36774	False	12.792884722129944
MITHRIL.36775	False	16.719557229676212
MITHRIL.36776	True	14.964001674120658
MITHRIL.36777	False	16.719557229676212
MITHRIL.36778	False	14.357785615680612
MITHRIL.36779	False	12.71195228234728
MITHRIL.36780	False	14.357785615680612
MITHRIL.36781	False	15.36748593125118
MITHRIL.36782	False	13.611930375695628
MITHRIL.36783	False	15.36748593125118
MITHRIL.36784	False	16.962356607108312
MITHRIL.36785	False	16.962356607108312
MITHRIL.36786	False	16.962356607108312
MITHRIL.36787	False	20.788111680048168
MITHRIL.36788	False	20.788111680048168
MITHRIL.36789	False	18.154778346714835
MITHRIL.36790	False	12.14448744342165
MITHRIL.36791	False	12.14448744342165
MITHRIL.36792	True	12.14448744342165
MITHRIL.36793	True	16.38909607541391
MITHRIL.36794	False	16.38909607541391
MITHRIL.36795	False	16.38909607541391
MITHRIL.36796	False	14.992235528259934
MITHRIL.36797	False	14.992235528259934
MITHRIL.36798	False	14.992235528259934
MITHRIL.36799	False	15.897069674450991
MITHRIL.36800	False	15.897069674450991
MITHRIL.36801	False	15.897069674450991
MITHRIL.36802	False	12.072846139419156
MITHRIL.36803	True	12.072846139419156
MITHRIL.36804	False	12.072846139419156
MITHRIL.36805	False	15.8887743180697
MITHRIL.36806	False	15.8887743180697
MITHRIL.36807	False	15.8887743180697
MITHRIL.36808	False	11.934788574115656
MITHRIL.36809	False	11.934788574115656
MITHRIL.36810	True	11.934788574115656
MITHRIL.36811	False	15.17890206241377
MITHRIL.36812	False	15.17890206241377
MITHRIL.36813	False	15.17890206241377
MITHRIL.36814	False	7.099452369618696
MITHRIL.36815	False	7.099452369618696
MITHRIL.36816	False	7.099452369618696
MITHRIL.36817	True	3.02693795181594
MITHRIL.36818	True	3.02693795181594
MITHRIL.36819	False	3.02693795181594
MITHRIL.36820	False	3.807168847572557
MITHRIL.36821	False	3.807168847572557
MITHRIL.36822	True	3.807168847572557
MITHRIL.36823	True	2.883132070348513
MITHRIL.36824	True	2.883132070348513
MITHRIL.36825	False	2.883132070348513
MITHRIL.36826	False	8.274597932257539
MITHRIL.36827	False	8.274597932257539
MITHRIL.36828	True	8.274597932257539
MITHRIL.36829	False	16.200036314448866
MITHRIL.36830	False	16.200036314448866
MITHRIL.36831	False	16.200036314448866
MITHRIL.36832	False	8.044613596693175
MITHRIL.36833	False	9.937321930026508
MITHRIL.36834	False	4.259196930026508
MITHRIL.36835	False	16.000657394952867
MITHRIL.36836	False	16.000657394952867
MITHRIL.36837	False	16.000657394952867
MITHRIL.36838	False	13.586527884272025
MITHRIL.36839	False	13.586527884272025
MITHRIL.36840	False	13.586527884272025
MITHRIL.36841	False	5.808469689839404
MITHRIL.36842	True	0.5418030231727373
MITHRIL.36843	False	5.808469689839404
MITHRIL.36844	False	9.794077390325784
MITHRIL.36845	False	9.794077390325784
MITHRIL.36846	True	9.794077390325784
MITHRIL.36847	False	11.6492459425762
MITHRIL.36848	False	11.6492459425762
MITHRIL.36849	False	11.6492459425762
MITHRIL.36850	False	12.895791245791244
MITHRIL.36851	False	12.895791245791244
MITHRIL.36852	False	12.895791245791244
MITHRIL.36853	False	13.063804713804712
MITHRIL.36854	False	13.063804713804712
MITHRIL.36855	False	13.063804713804712
MITHRIL.36856	False	13.00148148148148
MITHRIL.36857	False	13.00148148148148
MITHRIL.36858	False	13.00148148148148
MITHRIL.36859	False	12.569467732485975
MITHRIL.36860	False	12.569467732485975
MITHRIL.36861	False	12.569467732485975
MITHRIL.36862	False	12.631864818603464
MITHRIL.36863	False	12.631864818603464
MITHRIL.36864	False	12.631864818603464
MITHRIL.36865	False	10.958581167030005
MITHRIL.36866	False	10.958581167030005
MITHRIL.36867	True	3.0585811670300034
MITHRIL.36868	False	15.625932359213529
MITHRIL.36869	False	13.733224025880194
MITHRIL.36870	False	15.625932359213529
MITHRIL.36871	False	17.58010404167404
MITHRIL.36872	False	17.58010404167404
MITHRIL.36873	False	15.934270708340708
MITHRIL.36874	False	1.5441774472223997
MITHRIL.36875	True	3.436885780555733
MITHRIL.36876	False	-2.2412392194442674
MITHRIL.36877	False	11.633848512380618
MITHRIL.36878	True	9.000515179047285
MITHRIL.36879	False	11.633848512380618
MITHRIL.36880	True	1.9584620824252117
MITHRIL.36881	True	1.9584620824252117
MITHRIL.36882	False	1.9584620824252117
MITHRIL.36883	False	2.247618430121185
MITHRIL.36884	False	2.247618430121185
MITHRIL.36885	True	2.247618430121185
MITHRIL.36886	False	8.288734004927688
MITHRIL.36887	False	8.288734004927688
MITHRIL.36888	True	8.288734004927688
MITHRIL.36889	False	2.7912653105894405
MITHRIL.36890	False	2.7912653105894405
MITHRIL.36891	True	2.7912653105894405
MITHRIL.36892	False	17.210754778581308
MITHRIL.36893	False	17.210754778581308
MITHRIL.36894	True	14.577421445247976
MITHRIL.36895	False	10.19483218915498
MITHRIL.36896	False	10.19483218915498
MITHRIL.36897	False	8.302123855821646
MITHRIL.36898	True	8.003889835833222
MITHRIL.36899	True	8.003889835833222
MITHRIL.36900	False	8.003889835833222
MITHRIL.36901	False	16.08478105861838
MITHRIL.36902	False	14.192072725285046
MITHRIL.36903	False	16.08478105861838
MITHRIL.36904	False	12.88987637058607
MITHRIL.36905	False	12.88987637058607
MITHRIL.36906	False	12.88987637058607
MITHRIL.36907	False	2.933628829609707
MITHRIL.36908	True	2.933628829609707
MITHRIL.36909	False	2.933628829609707
MITHRIL.36910	True	2.387301453427744
MITHRIL.36911	False	2.387301453427744
MITHRIL.36912	True	2.387301453427744
MITHRIL.36913	False	11.739066178180398
MITHRIL.36914	False	11.739066178180398
MITHRIL.36915	False	11.739066178180398
MITHRIL.36916	False	3.69195624862516
MITHRIL.36917	True	3.69195624862516
MITHRIL.36918	False	3.69195624862516
MITHRIL.36919	False	7.608816372235466
MITHRIL.36920	False	7.608816372235466
MITHRIL.36921	True	7.608816372235466
MITHRIL.36922	False	5.007263250063088
MITHRIL.36923	False	5.007263250063088
MITHRIL.36924	True	5.007263250063088
MITHRIL.36925	False	8.94118681014286
MITHRIL.36926	False	8.94118681014286
MITHRIL.36927	False	8.94118681014286
MITHRIL.36928	False	6.970489630400363
MITHRIL.36929	False	6.970489630400363
MITHRIL.36930	False	6.970489630400363
MITHRIL.36931	False	15.848127742803342
MITHRIL.36932	False	15.848127742803342
MITHRIL.36933	False	13.21479440947001
MITHRIL.36934	False	13.011682054473358
MITHRIL.36935	True	13.011682054473358
MITHRIL.36936	False	13.011682054473358
MITHRIL.36937	False	13.492214160074552
MITHRIL.36938	False	11.846380826741218
MITHRIL.36939	False	13.492214160074552
MITHRIL.36940	False	15.169629651571489
MITHRIL.36941	False	15.169629651571489
MITHRIL.36942	False	15.169629651571489
MITHRIL.36943	False	16.927675261644065
MITHRIL.36944	False	16.927675261644065
MITHRIL.36945	False	16.927675261644065
MITHRIL.36946	True	19.796009559432022
MITHRIL.36947	False	19.796009559432022
MITHRIL.36948	False	17.162676226098686
MITHRIL.36949	False	16.778919888293927
MITHRIL.36950	False	14.694197666071704
MITHRIL.36951	False	16.778919888293927
MITHRIL.36952	False	15.070520693009453
MITHRIL.36953	False	13.314965137453896
MITHRIL.36954	False	15.070520693009453
MITHRIL.36955	False	16.389854907166637
MITHRIL.36956	True	14.744021573833304
MITHRIL.36957	False	16.389854907166637
MITHRIL.36958	True	17.59129756755871
MITHRIL.36959	False	17.59129756755871
MITHRIL.36960	False	15.835742012003154
MITHRIL.36961	False	16.994310616327787
MITHRIL.36962	False	14.909588394105567
MITHRIL.36963	False	16.994310616327787
MITHRIL.36964	False	19.37867767108242
MITHRIL.36965	False	19.37867767108242
MITHRIL.36966	True	16.745344337749085
MITHRIL.36967	False	6.688155432833712
MITHRIL.36968	True	6.688155432833712
MITHRIL.36969	False	6.688155432833712
MITHRIL.36970	False	11.983172211963511
MITHRIL.36971	True	11.983172211963511
MITHRIL.36972	False	11.983172211963511
MITHRIL.36973	False	14.71406061016572
MITHRIL.36974	True	14.71406061016572
MITHRIL.36975	False	12.629338387943498
MITHRIL.36976	False	14.902563501611484
MITHRIL.36977	True	13.14700794605593
MITHRIL.36978	False	14.902563501611484
MITHRIL.36979	False	17.143485002523533
MITHRIL.36980	False	15.4976516691902
MITHRIL.36981	False	17.143485002523533
MITHRIL.36982	False	17.644329873625257
MITHRIL.36983	False	15.8887743180697
MITHRIL.36984	False	17.644329873625257
MITHRIL.36985	False	17.56310674281545
MITHRIL.36986	False	15.47838452059323
MITHRIL.36987	False	17.56310674281545
MITHRIL.36988	False	17.588701353042286
MITHRIL.36989	False	17.588701353042286
MITHRIL.36990	False	17.588701353042286
MITHRIL.36991	True	5.142552697662358
MITHRIL.36992	True	5.142552697662358
MITHRIL.36993	False	5.142552697662358
MITHRIL.36994	False	12.866831638909067
MITHRIL.36995	False	12.866831638909067
MITHRIL.36996	False	12.866831638909067
MITHRIL.36997	False	18.23873219998787
MITHRIL.36998	False	18.23873219998787
MITHRIL.36999	False	18.23873219998787
MITHRIL.37000	True	16.214116194402994
MITHRIL.37001	False	16.214116194402994
MITHRIL.37002	False	16.214116194402994
MITHRIL.37003	False	16.367049510803348
MITHRIL.37004	False	16.367049510803348
MITHRIL.37005	False	16.367049510803348
MITHRIL.37006	False	20.390424110845498
MITHRIL.37007	False	17.757090777512165
MITHRIL.37008	False	20.390424110845498
MITHRIL.37009	False	2.8835593367228274
MITHRIL.37010	True	2.8835593367228274
MITHRIL.37011	True	2.8835593367228274
MITHRIL.37012	False	3.02693795181594
MITHRIL.37013	True	3.02693795181594
MITHRIL.37014	False	3.02693795181594
MITHRIL.37015	False	3.618367636651916
MITHRIL.37016	True	3.618367636651916
MITHRIL.37017	True	3.618367636651916
MITHRIL.37018	False	11.647231350921173
MITHRIL.37019	False	11.647231350921173
MITHRIL.37020	False	11.647231350921173
MITHRIL.37021	True	12.00023747390678
MITHRIL.37022	False	12.00023747390678
MITHRIL.37023	False	12.00023747390678
MITHRIL.37024	True	4.279447551718057
MITHRIL.37025	False	4.279447551718057
MITHRIL.37026	True	4.279447551718057
MITHRIL.37027	False	1.3938857728972065
MITHRIL.37028	True	1.3938857728972065
MITHRIL.37029	True	1.3938857728972065
MITHRIL.37030	False	15.089937718353834
MITHRIL.37031	True	15.089937718353834
MITHRIL.37032	False	15.089937718353834
MITHRIL.37033	False	18.028037052675764
MITHRIL.37034	False	16.272481497120207
MITHRIL.37035	False	18.028037052675764
MITHRIL.37036	False	18.25150811809149
MITHRIL.37037	False	18.25150811809149
MITHRIL.37038	False	16.495952562535933
MITHRIL.37039	False	20.521246969893603
MITHRIL.37040	False	20.521246969893603
MITHRIL.37041	False	17.887913636560267
MITHRIL.37042	False	5.491410917760076
MITHRIL.37043	True	5.491410917760076
MITHRIL.37044	False	5.491410917760076
MITHRIL.37045	False	20.44152189018181
MITHRIL.37046	False	17.808188556848478
MITHRIL.37047	False	20.44152189018181
MITHRIL.37048	False	13.77357284789279
MITHRIL.37049	False	11.880864514559455
MITHRIL.37050	True	13.77357284789279
MITHRIL.37051	False	14.998428859073623
MITHRIL.37052	False	14.998428859073623
MITHRIL.37053	False	14.998428859073623
MITHRIL.37054	True	15.832071446855966
MITHRIL.37055	False	15.832071446855966
MITHRIL.37056	False	15.832071446855966
MITHRIL.37057	False	5.329690221939279
MITHRIL.37058	True	5.329690221939279
MITHRIL.37059	False	0.0630235552726121
MITHRIL.37060	False	12.702664343334936
MITHRIL.37061	False	12.702664343334936
MITHRIL.37062	False	12.702664343334936
MITHRIL.37063	False	12.465486824134455
MITHRIL.37064	True	12.465486824134455
MITHRIL.37065	False	12.465486824134455
MITHRIL.37066	False	10.145729517396184
MITHRIL.37067	True	10.145729517396184
MITHRIL.37068	False	10.145729517396184
MITHRIL.37069	True	12.877817059483723
MITHRIL.37070	False	12.877817059483723
MITHRIL.37071	False	12.877817059483723
MITHRIL.37072	True	12.815493827160491
MITHRIL.37073	False	12.815493827160491
MITHRIL.37074	True	12.815493827160491
MITHRIL.37075	False	9.941504769523013
MITHRIL.37076	False	9.941504769523013
MITHRIL.37077	False	9.941504769523013
MITHRIL.37078	False	4.423077373283684
MITHRIL.37079	True	4.423077373283684
MITHRIL.37080	True	4.423077373283684
MITHRIL.37081	False	-1.872307841724962
MITHRIL.37082	False	3.3943588249417047
MITHRIL.37083	True	3.3943588249417047
MITHRIL.37084	False	16.285319353161903
MITHRIL.37085	False	16.285319353161903
MITHRIL.37086	False	14.392611019828568
MITHRIL.37087	False	16.577875505794797
MITHRIL.37088	False	16.577875505794797
MITHRIL.37089	False	14.932042172461465
MITHRIL.37090	False	14.979112686270044
MITHRIL.37091	False	14.979112686270044
MITHRIL.37092	False	14.979112686270044
MITHRIL.37093	False	12.27617940074019
MITHRIL.37094	True	12.27617940074019
MITHRIL.37095	False	12.27617940074019
MITHRIL.37096	False	11.850920782748984
MITHRIL.37097	True	11.850920782748984
MITHRIL.37098	False	11.850920782748984
MITHRIL.37099	False	6.81114664882793
MITHRIL.37100	True	6.81114664882793
MITHRIL.37101	False	6.81114664882793
MITHRIL.37102	False	4.817030953209138
MITHRIL.37103	True	4.817030953209138
MITHRIL.37104	False	4.817030953209138
MITHRIL.37105	False	10.437733111265189
MITHRIL.37106	True	10.437733111265189
MITHRIL.37107	False	10.437733111265189
MITHRIL.37108	False	13.874502841079105
MITHRIL.37109	True	11.24116950774577
MITHRIL.37110	False	13.874502841079105
MITHRIL.37111	False	17.923480870559192
MITHRIL.37112	True	16.03077253722586
MITHRIL.37113	False	17.923480870559192
MITHRIL.37114	False	17.187774289772456
MITHRIL.37115	False	15.541940956439124
MITHRIL.37116	False	17.187774289772456
MITHRIL.37117	True	17.27984093828779
MITHRIL.37118	False	17.27984093828779
MITHRIL.37119	False	17.27984093828779
MITHRIL.37120	True	17.579373939129987
MITHRIL.37121	False	17.579373939129987
MITHRIL.37122	False	17.579373939129987
MITHRIL.37123	False	11.746789383369904
MITHRIL.37124	True	11.746789383369904
MITHRIL.37125	True	11.746789383369904
MITHRIL.37126	False	11.631313799106756
MITHRIL.37127	False	11.631313799106756
MITHRIL.37128	False	11.631313799106756
MITHRIL.37129	False	10.736837642301154
MITHRIL.37130	False	10.736837642301154
MITHRIL.37131	False	10.736837642301154
MITHRIL.37132	False	11.139980939983184
MITHRIL.37133	True	11.139980939983184
MITHRIL.37134	False	11.139980939983184
MITHRIL.37135	False	9.110428016602642
MITHRIL.37136	True	9.110428016602642
MITHRIL.37137	False	9.110428016602642
MITHRIL.37138	False	9.55877963966278
MITHRIL.37139	False	9.55877963966278
MITHRIL.37140	False	9.55877963966278
MITHRIL.37141	False	11.653342017093978
MITHRIL.37142	False	11.653342017093978
MITHRIL.37143	False	11.653342017093978
MITHRIL.37144	False	20.555975853271768
MITHRIL.37145	False	20.555975853271768
MITHRIL.37146	False	17.92264251993843
MITHRIL.37147	False	18.22922721584252
MITHRIL.37148	False	18.22922721584252
MITHRIL.37149	False	16.33651888250919
MITHRIL.37150	False	12.736419981391911
MITHRIL.37151	True	12.736419981391911
MITHRIL.37152	False	12.736419981391911
MITHRIL.37153	False	16.171858187450734
MITHRIL.37154	False	16.171858187450734
MITHRIL.37155	False	16.171858187450734
MITHRIL.37156	False	17.92990379752331
MITHRIL.37157	False	17.92990379752331
MITHRIL.37158	False	17.92990379752331
MITHRIL.37159	False	20.432279841624904
MITHRIL.37160	False	17.798946508291568
MITHRIL.37161	False	20.432279841624904
MITHRIL.37162	False	15.300121372592075
MITHRIL.37163	False	15.300121372592075
MITHRIL.37164	False	15.300121372592075
MITHRIL.37165	False	9.311739736724393
MITHRIL.37166	True	9.311739736724393
MITHRIL.37167	False	9.311739736724393
MITHRIL.37168	False	12.939350957705544
MITHRIL.37169	True	12.939350957705544
MITHRIL.37170	False	12.939350957705544
MITHRIL.37171	False	16.02172966632414
MITHRIL.37172	False	16.02172966632414
MITHRIL.37173	False	16.02172966632414
MITHRIL.37174	False	14.334393644145347
MITHRIL.37175	False	14.334393644145347
MITHRIL.37176	False	14.334393644145347
MITHRIL.37177	False	16.242287197691354
MITHRIL.37178	False	13.608953864358018
MITHRIL.37179	True	16.242287197691354
MITHRIL.37180	False	12.33047509774264
MITHRIL.37181	False	12.33047509774264
MITHRIL.37182	False	12.33047509774264
MITHRIL.44194	False	9.55836392669849
MITHRIL.44195	True	9.55836392669849
MITHRIL.44196	True	9.55836392669849
MITHRIL.44197	False	11.646356855738563
MITHRIL.44198	True	3.746356855738564
MITHRIL.44199	False	11.646356855738563
MITHRIL.44200	False	14.909588394105567
MITHRIL.44201	False	14.909588394105567
MITHRIL.44202	False	14.909588394105567
MITHRIL.44203	False	16.02172966632414
MITHRIL.44204	False	16.02172966632414
MITHRIL.44205	False	16.02172966632414
MITHRIL.44206	False	11.671461153072476
MITHRIL.44207	False	11.671461153072476
MITHRIL.44208	False	11.671461153072476
MITHRIL.44209	False	11.706812895054284
MITHRIL.44210	False	11.706812895054284
MITHRIL.44211	False	11.706812895054284
MITHRIL.44212	True	10.723471455061125
MITHRIL.44213	False	10.723471455061125
MITHRIL.44214	True	6.5540270106166805
MITHRIL.44215	False	13.780994975263436
MITHRIL.44216	False	16.414328308596772
MITHRIL.44217	False	16.414328308596772
MITHRIL.44218	False	13.508571786935368
MITHRIL.44219	True	13.508571786935368
MITHRIL.44220	False	13.508571786935368
MITHRIL.44221	False	6.645137508438387
MITHRIL.44222	True	0.9670125084383864
MITHRIL.44223	False	6.645137508438387
MITHRIL.44224	False	3.5988377597477816
MITHRIL.44225	False	3.5988377597477816
MITHRIL.44226	True	0.3071710930811147
MITHRIL.44227	True	16.470953626765407
MITHRIL.44228	False	18.36366196009874
MITHRIL.44229	False	18.36366196009874
MITHRIL.44230	True	15.172580791543371
MITHRIL.44231	False	17.805914124876708
MITHRIL.44232	False	17.805914124876708
MITHRIL.44233	False	3.154654371689685
MITHRIL.44234	True	3.154654371689685
MITHRIL.44235	False	3.154654371689685
MITHRIL.44236	False	7.167344178742537
MITHRIL.44237	False	7.167344178742537
MITHRIL.44238	False	7.167344178742537
MITHRIL.44239	False	10.252337502598088
MITHRIL.44240	False	10.252337502598088
MITHRIL.44241	False	10.252337502598088
MITHRIL.44242	False	3.354636998860691
MITHRIL.44243	True	3.354636998860691
MITHRIL.44244	False	3.354636998860691
MITHRIL.44245	False	5.275943373375429
MITHRIL.44246	False	5.275943373375429
MITHRIL.44247	True	5.275943373375429
MITHRIL.44248	False	2.016910341160443
MITHRIL.44249	True	2.016910341160443
MITHRIL.44250	False	2.016910341160443
MITHRIL.44251	False	11.466165393323717
MITHRIL.44252	True	11.466165393323717
MITHRIL.44253	False	11.466165393323717
MITHRIL.44254	False	17.765361593450976
MITHRIL.44255	False	17.765361593450976
MITHRIL.44256	False	17.765361593450976
MITHRIL.44257	False	13.028536453488568
MITHRIL.44258	False	13.028536453488568
MITHRIL.44259	False	13.028536453488568
MITHRIL.44260	True	12.876431055733873
MITHRIL.44261	True	7.93893105573387
MITHRIL.44262	False	12.876431055733873
MITHRIL.44263	False	8.556255367237245
MITHRIL.44264	False	8.556255367237245
MITHRIL.44265	True	4.770838700570579
MITHRIL.44266	False	15.99995492128961
MITHRIL.44267	False	18.633288254622943
MITHRIL.44268	False	18.633288254622943
MITHRIL.44269	False	11.84210661458517
MITHRIL.44270	False	11.84210661458517
MITHRIL.44271	False	11.84210661458517
MITHRIL.44272	False	11.448814763008908
MITHRIL.44273	False	11.448814763008908
MITHRIL.44274	False	11.448814763008908
MITHRIL.44275	False	7.633732419276531
MITHRIL.44276	False	7.633732419276531
MITHRIL.44277	False	7.633732419276531
MITHRIL.44278	False	10.42875619467036
MITHRIL.44279	False	10.42875619467036
MITHRIL.44280	False	10.42875619467036
MITHRIL.44281	False	18.04878155810782
MITHRIL.44282	False	15.415448224774485
MITHRIL.44283	False	18.04878155810782
MITHRIL.44284	False	15.981341222149288
MITHRIL.44285	False	15.981341222149288
MITHRIL.44286	False	15.981341222149288
MITHRIL.44287	False	15.934270708340708
MITHRIL.44288	False	17.58010404167404
MITHRIL.44289	False	17.58010404167404
MITHRIL.44290	False	7.564871108499187
MITHRIL.44291	True	1.8867461084991863
MITHRIL.44292	False	7.564871108499187
MITHRIL.44293	False	12.952325589221132
MITHRIL.44294	False	12.952325589221132
MITHRIL.44295	False	12.952325589221132
MITHRIL.44296	False	11.62963628272422
MITHRIL.44297	False	11.62963628272422
MITHRIL.44298	False	11.62963628272422
MITHRIL.44299	False	13.029692632845206
MITHRIL.44300	True	13.029692632845206
MITHRIL.44301	False	13.029692632845206
MITHRIL.44302	True	12.815493827160491
MITHRIL.44303	False	12.815493827160491
MITHRIL.44304	False	12.815493827160491
MITHRIL.44305	False	13.063804713804712
MITHRIL.44306	False	13.063804713804712
MITHRIL.44307	False	13.063804713804712
MITHRIL.44308	False	12.895791245791244
MITHRIL.44309	False	12.895791245791244
MITHRIL.44310	False	12.895791245791244
MITHRIL.44311	False	12.651474478455444
MITHRIL.44312	False	12.651474478455444
MITHRIL.44313	False	12.651474478455444
MITHRIL.44314	False	12.702664343334936
MITHRIL.44315	False	12.702664343334936
MITHRIL.44316	False	12.702664343334936
MITHRIL.44317	False	15.8562938888868
MITHRIL.44318	False	13.222960555553469
MITHRIL.44319	False	15.8562938888868
MITHRIL.44320	False	7.637781201691568
MITHRIL.44321	False	7.637781201691568
MITHRIL.44322	False	3.852364535024901
MITHRIL.44323	False	16.000657394952867
MITHRIL.44324	False	16.000657394952867
MITHRIL.44325	False	16.000657394952867
MITHRIL.44326	False	18.025246220655028
MITHRIL.44327	False	16.132537887321693
MITHRIL.44328	False	18.025246220655028
MITHRIL.44329	False	14.591884072049258
MITHRIL.44330	False	14.591884072049258
MITHRIL.44331	False	14.591884072049258
MITHRIL.44332	False	10.250196331303917
MITHRIL.44333	False	10.250196331303917
MITHRIL.44334	False	10.250196331303917
MITHRIL.44335	True	17.42130199219309
MITHRIL.44336	False	20.054635325526423
MITHRIL.44337	False	20.054635325526423
MITHRIL.44338	False	15.493724026656688
MITHRIL.44339	False	15.493724026656688
MITHRIL.44340	False	15.493724026656688
MITHRIL.44341	False	16.086493842799218
MITHRIL.44342	True	16.086493842799218
MITHRIL.44343	False	16.086493842799218
MITHRIL.44344	True	17.934635782474096
MITHRIL.44345	False	20.56796911580743
MITHRIL.44346	False	20.56796911580743
MITHRIL.44347	False	10.863343989659938
MITHRIL.44348	False	10.863343989659938
MITHRIL.44349	False	10.863343989659938
MITHRIL.44350	False	8.137766164579798
MITHRIL.44351	True	8.137766164579798
MITHRIL.44352	False	8.137766164579798
MITHRIL.44353	False	2.445019395454099
MITHRIL.44354	True	2.445019395454099
MITHRIL.44355	False	2.445019395454099
MITHRIL.44356	False	12.610803532025235
MITHRIL.44357	True	12.610803532025235
MITHRIL.44358	False	12.610803532025235
MITHRIL.44359	False	12.313334436363595
MITHRIL.44360	False	12.313334436363595
MITHRIL.44361	False	12.313334436363595
MITHRIL.44362	False	12.565053740475124
MITHRIL.44363	False	12.565053740475124
MITHRIL.44364	True	12.565053740475124
MITHRIL.44365	False	18.122605066358904
MITHRIL.44366	False	16.367049510803348
MITHRIL.44367	False	18.122605066358904
MITHRIL.44368	False	15.405597675884476
MITHRIL.44369	True	13.65004212032892
MITHRIL.44370	False	15.405597675884476
MITHRIL.44371	True	14.26768281727182
MITHRIL.44372	False	14.26768281727182
MITHRIL.44373	False	14.26768281727182
MITHRIL.44374	False	12.866831638909067
MITHRIL.44375	False	12.866831638909067
MITHRIL.44376	False	12.866831638909067
MITHRIL.44377	False	12.628910722353718
MITHRIL.44378	False	12.628910722353718
MITHRIL.44379	False	12.628910722353718
MITHRIL.44380	False	13.75536801970895
MITHRIL.44381	False	13.75536801970895
MITHRIL.44382	False	13.75536801970895
MITHRIL.44383	True	7.702242152846038
MITHRIL.44384	True	1.4480754861793717
MITHRIL.44385	False	7.702242152846038
MITHRIL.44386	False	14.66686946987193
MITHRIL.44387	False	12.911313914316375
MITHRIL.44388	False	14.66686946987193
MITHRIL.44389	True	13.993466543938055
MITHRIL.44390	False	15.63929987727139
MITHRIL.44391	False	15.63929987727139
MITHRIL.44392	False	17.65262523000655
MITHRIL.44393	False	15.897069674450991
MITHRIL.44394	False	17.65262523000655
MITHRIL.44395	False	16.632341779879027
MITHRIL.44396	False	14.547619557656803
MITHRIL.44397	False	16.632341779879027
MITHRIL.44398	False	10.87516543957504
MITHRIL.44399	False	10.87516543957504
MITHRIL.44400	False	5.608498772908372
MITHRIL.47836	False	17.749984348641316
MITHRIL.47837	False	17.749984348641316
MITHRIL.47838	False	17.749984348641316
MITHRIL.47839	False	9.780011879434827
MITHRIL.47840	True	7.695289657212604
MITHRIL.47841	False	9.780011879434827
MITHRIL.47842	False	16.650396694127306
MITHRIL.47843	False	16.650396694127306
MITHRIL.47844	False	14.89484113857175
MITHRIL.47845	False	8.75006919889821
MITHRIL.47846	True	8.75006919889821
MITHRIL.47847	True	7.104235865564877
MITHRIL.47848	False	10.157971848933895
MITHRIL.47849	True	8.40241629337834
MITHRIL.47850	False	10.157971848933895
MITHRIL.47851	False	11.864865527230744
MITHRIL.47852	True	9.78014330500852
MITHRIL.47853	False	11.864865527230744
MITHRIL.47854	True	9.195285549416962
MITHRIL.47855	False	9.195285549416962
MITHRIL.47856	False	9.195285549416962
MITHRIL.47857	False	9.878848993958655
MITHRIL.47858	True	9.878848993958655
MITHRIL.47859	False	9.878848993958655
MITHRIL.47860	False	6.453806947551043
MITHRIL.47861	True	6.453806947551043
MITHRIL.47862	False	6.453806947551043
MITHRIL.47863	False	17.236503664108625
MITHRIL.47864	False	17.236503664108625
MITHRIL.47865	False	17.236503664108625
MITHRIL.47866	False	15.07643100921781
MITHRIL.47867	True	13.430597675884478
MITHRIL.47868	False	15.07643100921781
MITHRIL.47869	True	11.709580375000884
MITHRIL.47870	False	11.709580375000884
MITHRIL.47871	True	11.709580375000884
MITHRIL.47872	False	3.919918632738271
MITHRIL.47873	True	3.919918632738271
MITHRIL.47874	False	3.919918632738271
MITHRIL.47875	False	5.613061468539103
MITHRIL.47876	True	5.613061468539103
MITHRIL.47877	False	5.613061468539103
MITHRIL.47878	True	3.182523159643515
MITHRIL.47879	True	3.182523159643515
MITHRIL.47880	False	3.182523159643515
MITHRIL.47881	True	2.838318386335742
MITHRIL.47882	True	2.838318386335742
MITHRIL.47883	False	2.838318386335742
MITHRIL.47884	True	1.6905313037639471
MITHRIL.47885	False	1.6905313037639471
MITHRIL.47886	True	1.6905313037639471
MITHRIL.47887	False	2.107778773583009
MITHRIL.47888	True	2.107778773583009
MITHRIL.47889	True	2.107778773583009
MITHRIL.47890	True	4.854858844056329
MITHRIL.47891	False	4.854858844056329
MITHRIL.47892	True	4.854858844056329
MITHRIL.47893	False	2.8132906739071446
MITHRIL.47894	True	2.8132906739071446
MITHRIL.47895	False	2.8132906739071446
MITHRIL.47896	False	11.806370386009096
MITHRIL.47897	True	9.173037052675763
MITHRIL.47898	False	11.806370386009096
MITHRIL.47899	True	8.642495772412476
MITHRIL.47900	True	8.642495772412476
MITHRIL.47901	False	8.642495772412476
MITHRIL.47902	False	11.091471870252834
MITHRIL.47903	False	11.091471870252834
MITHRIL.47904	True	8.458138536919499
MITHRIL.47905	True	2.7644492493359456
MITHRIL.47906	True	2.7644492493359456
MITHRIL.47907	True	2.7644492493359456
MITHRIL.47908	False	13.353753397447804
MITHRIL.47909	False	13.353753397447804
MITHRIL.47910	True	10.720420064114473
MITHRIL.47911	False	10.437320910390586
MITHRIL.47912	False	10.437320910390586
MITHRIL.47913	True	8.54461257705725
MITHRIL.47914	True	5.462277123877246
MITHRIL.47915	True	2.1706104572105787
MITHRIL.47916	False	5.462277123877246
MITHRIL.47917	True	16.112695436902154
MITHRIL.47918	False	16.112695436902154
MITHRIL.47919	False	16.112695436902154
MITHRIL.47920	False	13.22969022193928
MITHRIL.47921	True	10.596356888605946
MITHRIL.47922	False	13.22969022193928
MITHRIL.47923	False	5.068651997655923
MITHRIL.47924	False	5.068651997655923
MITHRIL.47925	True	5.068651997655923
MITHRIL.47926	False	9.901412750060382
MITHRIL.47927	True	9.901412750060382
MITHRIL.47928	False	9.901412750060382
MITHRIL.47929	False	8.924741863075194
MITHRIL.47930	False	8.924741863075194
MITHRIL.47931	False	8.924741863075194
MITHRIL.47932	False	13.063804713804712
MITHRIL.47933	False	13.063804713804712
MITHRIL.47934	False	13.063804713804712
MITHRIL.47935	False	6.588456790123456
MITHRIL.47936	True	6.588456790123456
MITHRIL.47937	True	6.588456790123456
MITHRIL.47938	False	12.569467732485975
MITHRIL.47939	False	12.569467732485975
MITHRIL.47940	False	12.569467732485975
MITHRIL.47941	False	12.445877164282477
MITHRIL.47942	True	12.445877164282477
MITHRIL.47943	False	12.445877164282477
MITHRIL.47944	True	8.045770241743245
MITHRIL.47945	True	8.045770241743245
MITHRIL.47946	False	8.045770241743245
MITHRIL.47947	False	15.588025837769584
MITHRIL.47948	False	15.588025837769584
MITHRIL.47949	True	13.69531750443625
MITHRIL.47950	False	6.079649929687594
MITHRIL.47951	False	6.079649929687594
MITHRIL.47952	True	1.1421499296875934
MITHRIL.47953	True	5.80814375121813
MITHRIL.47954	False	5.80814375121813
MITHRIL.47955	True	5.80814375121813
MITHRIL.47956	True	7.539883104443895
MITHRIL.47957	False	7.539883104443895
MITHRIL.47958	True	7.539883104443895
MITHRIL.47959	False	3.952613463519069
MITHRIL.47960	True	3.952613463519069
MITHRIL.47961	False	3.952613463519069
MITHRIL.47962	True	2.388780227918654
MITHRIL.47963	False	2.388780227918654
MITHRIL.47964	True	2.388780227918654
MITHRIL.47965	False	8.199369926125915
MITHRIL.47966	False	8.199369926125915
MITHRIL.47967	True	8.199369926125915
MITHRIL.47968	True	2.02514167689166
MITHRIL.47969	True	2.02514167689166
MITHRIL.47970	False	2.02514167689166
MITHRIL.47971	True	14.980144200726262
MITHRIL.47972	False	14.980144200726262
MITHRIL.47973	False	14.980144200726262
MITHRIL.47974	False	9.479331831186323
MITHRIL.47975	True	9.479331831186323
MITHRIL.47976	False	9.479331831186323
MITHRIL.47977	False	8.89807808165365
MITHRIL.47978	True	8.89807808165365
MITHRIL.47979	False	8.89807808165365
MITHRIL.47980	False	8.917177973702362
MITHRIL.47981	True	8.917177973702362
MITHRIL.47982	True	8.917177973702362
MITHRIL.47983	True	1.854330683046132
MITHRIL.47984	True	1.854330683046132
MITHRIL.47985	True	1.854330683046132
MITHRIL.47986	True	1.2180068950212994
MITHRIL.47987	False	1.2180068950212994
MITHRIL.47988	True	1.2180068950212994
MITHRIL.47989	False	2.6374086148155573
MITHRIL.47990	False	2.6374086148155573
MITHRIL.47991	True	2.6374086148155573
MITHRIL.47992	False	0.8808254169915867
MITHRIL.47993	True	0.8808254169915867
MITHRIL.47994	True	0.8808254169915867
MITHRIL.47995	False	2.8613415369165165
MITHRIL.47996	True	2.8613415369165165
MITHRIL.47997	False	2.8613415369165165
MITHRIL.47998	False	11.916524614419728
MITHRIL.47999	True	9.283191281086392
MITHRIL.48000	False	11.916524614419728
MITHRIL.48001	False	9.068065906161646
MITHRIL.48002	True	7.31251035060609
MITHRIL.48003	True	9.068065906161646
MITHRIL.48004	True	7.479910716519574
MITHRIL.48005	True	5.724355160964018
MITHRIL.48006	False	7.479910716519574
MITHRIL.48007	False	14.15021243949862
MITHRIL.48008	False	14.15021243949862
MITHRIL.48009	True	11.516879106165284
MITHRIL.48010	False	11.964578582894958
MITHRIL.48011	False	11.964578582894958
MITHRIL.48012	True	9.331245249561626
MITHRIL.48013	False	7.208450584103735
MITHRIL.48014	True	7.208450584103735
MITHRIL.48015	False	7.208450584103735
MITHRIL.48016	False	9.632162135301597
MITHRIL.48017	True	9.632162135301597
MITHRIL.48018	False	9.632162135301597
MITHRIL.48019	True	6.000723773049673
MITHRIL.48020	False	6.000723773049673
MITHRIL.48021	True	6.000723773049673
MITHRIL.48022	True	12.94348407548929
MITHRIL.48023	False	12.94348407548929
MITHRIL.48024	False	12.94348407548929
MITHRIL.48025	False	8.255010928095967
MITHRIL.48026	True	8.255010928095967
MITHRIL.48027	False	8.255010928095967
MITHRIL.48028	False	14.094462998643955
MITHRIL.48029	False	14.094462998643955
MITHRIL.4803	False	20.383317681974653
MITHRIL.48030	True	11.461129665310622
MITHRIL.48031	False	8.078801724980401
MITHRIL.48032	False	8.078801724980401
MITHRIL.48033	True	8.078801724980401
MITHRIL.4804	False	20.383317681974653
MITHRIL.48040	True	5.917450406384615
MITHRIL.48041	False	5.917450406384615
MITHRIL.48042	False	5.917450406384615
MITHRIL.48043	False	18.154778346714835
MITHRIL.48044	False	18.154778346714835
MITHRIL.48045	False	18.154778346714835
MITHRIL.48046	False	19.04707882933053
MITHRIL.48047	False	16.962356607108312
MITHRIL.48048	False	19.04707882933053
MITHRIL.48049	False	11.146244443459237
MITHRIL.4805	False	17.749984348641316
MITHRIL.48050	False	12.901799999014791
MITHRIL.48051	False	12.901799999014791
MITHRIL.48052	False	12.459760796569029
MITHRIL.48053	False	10.813927463235697
MITHRIL.48054	False	12.459760796569029
MITHRIL.48055	True	9.407700961797502
MITHRIL.48056	False	11.16325651735306
MITHRIL.48057	False	11.16325651735306
MITHRIL.48058	True	14.416022747977491
MITHRIL.48059	False	12.33130052575527
MITHRIL.4806	False	13.850326042264488
MITHRIL.48060	False	14.416022747977491
MITHRIL.48061	False	16.236206202673408
MITHRIL.48062	False	13.602872869340075
MITHRIL.48063	False	16.236206202673408
MITHRIL.48064	False	11.228311264863756
MITHRIL.48065	True	3.328311264863756
MITHRIL.48066	False	11.228311264863756
MITHRIL.48067	False	7.154197285340829
MITHRIL.48068	True	1.8875306186741625
MITHRIL.48069	False	7.154197285340829
MITHRIL.4807	True	13.850326042264488
MITHRIL.48070	False	9.825010663784184
MITHRIL.48071	False	8.06945510822863
MITHRIL.48072	False	9.825010663784184
MITHRIL.48073	True	16.66981629049469
MITHRIL.48074	True	19.303149623828023
MITHRIL.48075	True	19.303149623828023
MITHRIL.48076	False	2.461022767329508
MITHRIL.48077	True	2.461022767329508
MITHRIL.48078	False	2.461022767329508
MITHRIL.48079	True	2.666855226994196
MITHRIL.4808	False	13.850326042264488
MITHRIL.48080	False	2.666855226994196
MITHRIL.48081	False	2.666855226994196
MITHRIL.48082	False	2.8142298337532896
MITHRIL.48083	True	2.8142298337532896
MITHRIL.48084	False	2.8142298337532896
MITHRIL.48085	False	6.6181204838357495
MITHRIL.48086	False	6.6181204838357495
MITHRIL.48087	False	6.6181204838357495
MITHRIL.48088	False	2.546746928415928
MITHRIL.48089	True	2.546746928415928
MITHRIL.4809	False	11.7009960354995
MITHRIL.48090	False	2.546746928415928
MITHRIL.48091	False	3.9000916368175726
MITHRIL.48092	True	3.9000916368175726
MITHRIL.48093	False	3.9000916368175726
MITHRIL.48094	False	7.911629541527899
MITHRIL.48095	True	7.911629541527899
MITHRIL.48096	False	7.911629541527899
MITHRIL.48097	False	16.578138346273292
MITHRIL.48098	False	16.578138346273292
MITHRIL.48099	True	16.578138346273292
MITHRIL.4810	False	11.7009960354995
MITHRIL.48100	False	11.053537290415145
MITHRIL.48101	False	11.053537290415145
MITHRIL.48102	False	11.053537290415145
MITHRIL.48103	False	5.117753577778375
MITHRIL.48104	False	5.117753577778375
MITHRIL.48105	True	1.6066424666672638
MITHRIL.48106	False	4.132653051702776
MITHRIL.48107	False	4.132653051702776
MITHRIL.48108	True	-1.1340136149638909
MITHRIL.48109	True	4.978799295355254
MITHRIL.4811	False	11.7009960354995
MITHRIL.48110	False	4.978799295355254
MITHRIL.48111	False	4.978799295355254
MITHRIL.48112	False	12.451043298888152
MITHRIL.48113	False	12.451043298888152
MITHRIL.48114	False	12.451043298888152
MITHRIL.48115	False	8.972497967423717
MITHRIL.48116	False	8.972497967423717
MITHRIL.48117	True	8.972497967423717
MITHRIL.48118	False	8.213513375341579
MITHRIL.48119	True	8.213513375341579
MITHRIL.4812	False	12.28134718439098
MITHRIL.48120	False	8.213513375341579
MITHRIL.48121	False	11.202846067406856
MITHRIL.48122	True	11.202846067406856
MITHRIL.48123	False	11.202846067406856
MITHRIL.48124	False	8.066704886424088
MITHRIL.48125	True	8.066704886424088
MITHRIL.48126	False	8.066704886424088
MITHRIL.48127	False	14.37975968540709
MITHRIL.48128	True	12.733926352073755
MITHRIL.48129	False	14.37975968540709
MITHRIL.4813	False	12.28134718439098
MITHRIL.48130	False	11.905787205088698
MITHRIL.48131	False	13.798495538422031
MITHRIL.48132	False	13.798495538422031
MITHRIL.48133	False	10.572405206955548
MITHRIL.48134	True	10.572405206955548
MITHRIL.48135	True	10.572405206955548
MITHRIL.48136	True	11.612188251231547
MITHRIL.48137	False	11.612188251231547
MITHRIL.48138	True	11.612188251231547
MITHRIL.48139	False	9.819406004090917
MITHRIL.4814	False	12.28134718439098
MITHRIL.48140	False	9.819406004090917
MITHRIL.48141	True	9.819406004090917
MITHRIL.48142	False	12.815493827160491
MITHRIL.48143	False	12.815493827160491
MITHRIL.48144	True	12.815493827160491
MITHRIL.48145	False	9.092755331088664
MITHRIL.48146	True	9.092755331088664
MITHRIL.48147	False	9.092755331088664
MITHRIL.48148	False	6.482766554433221
MITHRIL.48149	True	6.482766554433221
MITHRIL.4815	True	16.09008540501877
MITHRIL.48150	True	6.482766554433221
MITHRIL.48151	False	9.901412750060382
MITHRIL.48152	True	9.901412750060382
MITHRIL.48153	False	9.901412750060382
MITHRIL.48154	False	9.952602614939874
MITHRIL.48155	True	9.952602614939874
MITHRIL.48156	False	9.952602614939874
MITHRIL.48157	True	16.90805358221331
MITHRIL.48158	False	19.54138691554664
MITHRIL.48159	False	19.54138691554664
MITHRIL.4816	False	16.09008540501877
MITHRIL.48160	False	9.88565839986512
MITHRIL.48161	True	9.88565839986512
MITHRIL.48162	True	9.88565839986512
MITHRIL.48163	False	13.59085810432435
MITHRIL.48164	False	13.59085810432435
MITHRIL.48165	False	13.59085810432435
MITHRIL.48166	True	13.09223190024547
MITHRIL.48167	False	11.199523566912134
MITHRIL.48168	False	13.09223190024547
MITHRIL.48169	False	16.61812682845342
MITHRIL.4817	False	16.09008540501877
MITHRIL.48170	True	13.984793495120089
MITHRIL.48171	False	16.61812682845342
MITHRIL.48172	True	1.3933485737035296
MITHRIL.48173	True	1.3933485737035296
MITHRIL.48174	True	1.3933485737035296
MITHRIL.48175	False	10.708755820870117
MITHRIL.48176	False	2.8087558208701173
MITHRIL.48177	True	10.708755820870117
MITHRIL.48178	False	16.309964908214944
MITHRIL.48179	True	16.309964908214944
MITHRIL.4818	False	13.035002561022845
MITHRIL.48180	False	16.309964908214944
MITHRIL.48181	False	13.522419768725143
MITHRIL.48182	True	13.522419768725143
MITHRIL.48183	False	13.522419768725143
MITHRIL.48184	False	10.103895041733356
MITHRIL.48185	False	10.103895041733356
MITHRIL.48186	True	4.837228375066689
MITHRIL.48187	False	8.597479279806874
MITHRIL.48188	True	8.597479279806874
MITHRIL.48189	False	8.597479279806874
MITHRIL.4819	True	6.780835894356178
MITHRIL.48190	False	4.321307823326562
MITHRIL.48191	True	4.321307823326562
MITHRIL.48192	True	4.321307823326562
MITHRIL.48193	False	7.772143193278235
MITHRIL.48194	True	7.772143193278235
MITHRIL.48195	False	7.772143193278235
MITHRIL.48196	False	7.131217578303451
MITHRIL.48197	True	7.131217578303451
MITHRIL.48198	False	7.131217578303451
MITHRIL.48199	False	10.417933917497512
MITHRIL.4820	False	13.035002561022845
MITHRIL.48200	False	10.417933917497512
MITHRIL.48201	False	10.417933917497512
MITHRIL.48202	False	5.900309745005571
MITHRIL.48203	True	5.900309745005571
MITHRIL.48204	False	5.900309745005571
MITHRIL.48205	True	7.489745098499817
MITHRIL.48206	True	-0.4102549015001822
MITHRIL.48207	True	7.489745098499817
MITHRIL.48208	False	18.122605066358904
MITHRIL.48209	False	16.367049510803348
MITHRIL.4821	True	14.004950711596294
MITHRIL.48210	False	18.122605066358904
MITHRIL.48211	True	11.742634712921516
MITHRIL.48212	True	9.987079157365958
MITHRIL.48213	False	11.742634712921516
MITHRIL.48214	True	9.001016150605153
MITHRIL.48215	False	9.001016150605153
MITHRIL.48216	False	3.734349483938487
MITHRIL.48217	False	12.680843984588078
MITHRIL.48218	True	12.680843984588078
MITHRIL.48219	False	12.680843984588078
MITHRIL.4822	False	14.004950711596294
MITHRIL.48220	False	6.2158860309956925
MITHRIL.48221	True	6.2158860309956925
MITHRIL.48222	True	6.2158860309956925
MITHRIL.48223	False	7.415503882111127
MITHRIL.48224	True	7.415503882111127
MITHRIL.48225	True	7.415503882111127
MITHRIL.48226	False	16.014001412105294
MITHRIL.48227	True	16.014001412105294
MITHRIL.48228	False	16.014001412105294
MITHRIL.48229	True	8.456521379458865
MITHRIL.4823	False	14.004950711596294
MITHRIL.48230	True	8.456521379458865
MITHRIL.48231	False	8.456521379458865
MITHRIL.48232	True	7.719491115430002
MITHRIL.48233	True	7.719491115430002
MITHRIL.48234	False	7.719491115430002
MITHRIL.48235	True	8.410711649759634
MITHRIL.48236	True	8.410711649759634
MITHRIL.48237	True	8.410711649759634
MITHRIL.48238	True	8.966375424980535
MITHRIL.48239	True	8.966375424980535
MITHRIL.4824	False	12.628910722353718
MITHRIL.48240	True	8.966375424980535
MITHRIL.48241	True	17.563996694320327
MITHRIL.48242	False	20.197330027653663
MITHRIL.48243	True	20.197330027653663
MITHRIL.4825	False	12.628910722353718
MITHRIL.4826	False	12.628910722353718
MITHRIL.4827	False	12.866831638909067
MITHRIL.4828	False	12.866831638909067
MITHRIL.4829	False	12.866831638909067
MITHRIL.4830	False	18.23873219998787
MITHRIL.4831	False	18.23873219998787
MITHRIL.4832	False	18.23873219998787
MITHRIL.4833	False	18.15565940427954
MITHRIL.4834	False	18.15565940427954
MITHRIL.4835	False	16.400103848723983
MITHRIL.4836	False	18.122605066358904
MITHRIL.4837	False	16.367049510803348
MITHRIL.4838	False	18.122605066358904
MITHRIL.4839	False	18.78227186844588
MITHRIL.4840	False	16.14893853511255
MITHRIL.4841	False	18.78227186844588
MITHRIL.4842	False	12.313334436363595
MITHRIL.4843	False	12.313334436363595
MITHRIL.4844	False	12.313334436363595
MITHRIL.4845	False	11.023857624017882
MITHRIL.4846	False	11.023857624017882
MITHRIL.4847	False	11.023857624017882
MITHRIL.4848	False	6.783431196230088
MITHRIL.4849	False	6.783431196230088
MITHRIL.4850	False	6.783431196230088
MITHRIL.4851	False	3.916009188631988
MITHRIL.4852	True	3.916009188631988
MITHRIL.4853	False	3.916009188631988
MITHRIL.4854	False	5.35349426672691
MITHRIL.4855	False	5.35349426672691
MITHRIL.4856	True	5.35349426672691
MITHRIL.4857	False	8.913480858085546
MITHRIL.4858	False	8.913480858085546
MITHRIL.4859	False	8.913480858085546
MITHRIL.4860	False	18.12062343679509
MITHRIL.4861	False	18.12062343679509
MITHRIL.4862	False	18.12062343679509
MITHRIL.4863	False	16.272481497120207
MITHRIL.4864	False	16.272481497120207
MITHRIL.4865	False	16.272481497120207
MITHRIL.4866	False	16.495952562535933
MITHRIL.4867	False	16.495952562535933
MITHRIL.4868	False	16.495952562535933
MITHRIL.4869	False	17.89328400693064
MITHRIL.4870	False	17.89328400693064
MITHRIL.4871	True	15.259950673597306
MITHRIL.4872	False	5.164699892299316
MITHRIL.4873	True	5.164699892299316
MITHRIL.4874	False	5.164699892299316
MITHRIL.4875	False	15.566036667316904
MITHRIL.4876	False	15.566036667316904
MITHRIL.4877	False	12.932703333983572
MITHRIL.4878	True	11.16193890142511
MITHRIL.4879	False	11.16193890142511
MITHRIL.4880	False	9.269230568091777
MITHRIL.4881	False	7.844589553651337
MITHRIL.4882	False	7.844589553651337
MITHRIL.4883	True	2.9070895536513373
MITHRIL.4884	False	12.714932449777152
MITHRIL.4885	True	12.714932449777152
MITHRIL.4886	False	12.714932449777152
MITHRIL.4887	False	16.682232127845513
MITHRIL.4888	True	16.682232127845513
MITHRIL.4889	False	16.682232127845513
MITHRIL.4890	False	12.702664343334936
MITHRIL.4891	False	12.702664343334936
MITHRIL.4892	False	12.702664343334936
MITHRIL.4893	False	8.818141145122109
MITHRIL.4894	False	8.818141145122109
MITHRIL.4895	False	8.818141145122109
MITHRIL.4896	False	7.703754208754209
MITHRIL.4897	True	7.703754208754209
MITHRIL.4898	False	7.703754208754209
MITHRIL.4899	False	13.063804713804712
MITHRIL.4900	False	13.063804713804712
MITHRIL.4901	False	13.063804713804712
MITHRIL.4902	False	13.00148148148148
MITHRIL.4903	False	13.00148148148148
MITHRIL.4904	False	13.00148148148148
MITHRIL.4905	False	9.819406004090917
MITHRIL.4906	True	9.819406004090917
MITHRIL.4907	False	9.819406004090917
MITHRIL.4908	False	12.631864818603464
MITHRIL.4909	False	12.631864818603464
MITHRIL.4910	False	12.631864818603464
MITHRIL.4911	False	17.077202548223667
MITHRIL.4912	False	14.443869214890334
MITHRIL.4913	False	17.077202548223667
MITHRIL.4914	False	15.121783081365423
MITHRIL.4915	False	13.22907474803209
MITHRIL.4916	False	15.121783081365423
MITHRIL.4917	False	6.3255405753891285
MITHRIL.4918	True	3.033873908722461
MITHRIL.4919	False	6.3255405753891285
MITHRIL.4920	False	14.373188979749674
MITHRIL.4921	False	14.373188979749674
MITHRIL.4922	False	14.373188979749674
MITHRIL.4923	True	16.157202354208366
MITHRIL.4924	False	16.157202354208366
MITHRIL.4925	False	16.157202354208366
MITHRIL.4926	False	11.850920782748984
MITHRIL.4927	True	11.850920782748984
MITHRIL.4928	False	11.850920782748984
MITHRIL.4929	True	12.587901057993076
MITHRIL.4930	False	12.587901057993076
MITHRIL.4931	True	12.587901057993076
MITHRIL.4932	False	12.451043298888152
MITHRIL.4933	False	12.451043298888152
MITHRIL.4934	False	12.451043298888152
MITHRIL.4935	False	6.1866628735471885
MITHRIL.4936	True	6.1866628735471885
MITHRIL.4937	False	6.1866628735471885
MITHRIL.4938	False	8.757689855576565
MITHRIL.4939	True	8.757689855576565
MITHRIL.4940	False	3.4910231889098986
MITHRIL.4941	False	16.50131628248057
MITHRIL.4942	False	14.608607949147236
MITHRIL.4943	False	16.50131628248057
MITHRIL.4944	False	15.579622047372842
MITHRIL.4945	False	15.579622047372842
MITHRIL.4946	False	13.933788714039508
MITHRIL.4947	False	14.636688695888177
MITHRIL.4948	False	14.636688695888177
MITHRIL.4949	False	14.636688695888177
MITHRIL.4950	False	12.721620287860258
MITHRIL.4951	False	12.721620287860258
MITHRIL.4952	False	12.721620287860258
MITHRIL.4953	True	3.9097523463328687
MITHRIL.4954	False	3.9097523463328687
MITHRIL.4955	False	3.9097523463328687
MITHRIL.4956	False	6.587572493516037
MITHRIL.4957	False	6.587572493516037
MITHRIL.4958	False	6.587572493516037
MITHRIL.4959	False	3.93592126757515
MITHRIL.4960	True	3.93592126757515
MITHRIL.4961	False	3.93592126757515
MITHRIL.4962	False	2.4616579775983167
MITHRIL.4963	False	2.4616579775983167
MITHRIL.4964	False	2.4616579775983167
MITHRIL.4965	False	3.176613261720865
MITHRIL.4966	True	3.176613261720865
MITHRIL.4967	True	3.176613261720865
MITHRIL.4968	False	5.503142419988666
MITHRIL.4969	False	5.503142419988666
MITHRIL.4970	True	5.503142419988666
MITHRIL.4971	False	13.855506101807814
MITHRIL.4972	True	11.22217276847448
MITHRIL.4973	False	13.855506101807814
MITHRIL.4974	False	17.368495760145546
MITHRIL.4975	True	15.475787426812213
MITHRIL.4976	False	17.368495760145546
MITHRIL.4977	False	14.484253173907728
MITHRIL.4978	False	14.484253173907728
MITHRIL.4979	False	14.484253173907728
MITHRIL.4980	False	9.084089694716724
MITHRIL.4981	True	9.084089694716724
MITHRIL.4982	True	9.084089694716724
MITHRIL.4983	False	3.2813728733927414
MITHRIL.4984	False	8.548039540059408
MITHRIL.4985	True	8.548039540059408
MITHRIL.4986	False	17.454819437871578
MITHRIL.4987	False	17.454819437871578
MITHRIL.4988	False	14.82148610453824
MITHRIL.4989	True	-2.016565409665445
MITHRIL.4990	True	2.152879034778999
MITHRIL.4991	False	2.152879034778999
MITHRIL.4992	False	14.768164776686852
MITHRIL.4993	False	14.768164776686852
MITHRIL.4994	False	13.012609221131296
MITHRIL.4995	False	14.118941534634716
MITHRIL.4996	False	12.473108201301384
MITHRIL.4997	False	14.118941534634716
MITHRIL.4998	False	13.407833955291265
MITHRIL.4999	False	13.407833955291265
MITHRIL.5000	False	11.652278399735708
MITHRIL.5001	False	19.04707882933053
MITHRIL.5002	False	16.962356607108312
MITHRIL.5003	False	19.04707882933053
MITHRIL.5004	False	18.154778346714835
MITHRIL.5005	False	18.154778346714835
MITHRIL.5006	False	18.154778346714835
MITHRIL.5007	False	4.696462752063627
MITHRIL.5008	False	4.696462752063627
MITHRIL.5009	True	4.696462752063627
MITHRIL.9688	False	14.772523944887991
MITHRIL.9689	False	14.772523944887991
MITHRIL.9690	False	14.772523944887991
MITHRIL.9691	False	17.682881457002527
MITHRIL.9692	False	15.598159234780304
MITHRIL.9693	False	17.682881457002527
MITHRIL.9694	False	17.65262523000655
MITHRIL.9695	False	15.897069674450991
MITHRIL.9696	False	17.65262523000655
MITHRIL.9697	False	15.4976516691902
MITHRIL.9698	False	15.4976516691902
MITHRIL.9699	False	15.4976516691902
MITHRIL.9700	False	12.911313914316375
MITHRIL.9701	False	12.911313914316375
MITHRIL.9702	False	12.911313914316375
MITHRIL.9703	False	16.48061305647247
MITHRIL.9704	False	16.48061305647247
MITHRIL.9705	False	16.48061305647247
MITHRIL.9706	False	11.221763697098831
MITHRIL.9707	True	11.221763697098831
MITHRIL.9708	False	11.221763697098831
MITHRIL.9709	False	12.628910722353718
MITHRIL.9710	False	12.628910722353718
MITHRIL.9711	False	12.628910722353718
MITHRIL.9712	False	12.866831638909067
MITHRIL.9713	False	12.866831638909067
MITHRIL.9714	False	12.866831638909067
MITHRIL.9715	False	18.23873219998787
MITHRIL.9716	False	18.23873219998787
MITHRIL.9717	False	18.23873219998787
MITHRIL.9718	False	18.15565940427954
MITHRIL.9719	False	18.15565940427954
MITHRIL.9720	False	16.400103848723983
MITHRIL.9721	False	12.85593839969224
MITHRIL.9722	False	9.344827288581127
MITHRIL.9723	False	12.85593839969224
MITHRIL.9724	True	7.037769789857841
MITHRIL.9725	True	12.304436456524508
MITHRIL.9726	False	12.304436456524508
MITHRIL.9727	False	13.348334436363595
MITHRIL.9728	True	13.348334436363595
MITHRIL.9729	True	13.348334436363595
MITHRIL.9730	True	11.840098505576137
MITHRIL.9731	False	11.840098505576137
MITHRIL.9732	False	11.840098505576137
MITHRIL.9733	False	11.491279306698512
MITHRIL.9734	False	11.491279306698512
MITHRIL.9735	False	11.491279306698512
MITHRIL.9736	False	10.645002815041927
MITHRIL.9737	False	10.645002815041927
MITHRIL.9738	False	10.645002815041927
MITHRIL.9739	False	8.52218980613824
MITHRIL.9740	False	8.52218980613824
MITHRIL.9741	False	8.52218980613824
MITHRIL.9742	True	9.15553940978652
MITHRIL.9743	False	9.15553940978652
MITHRIL.9744	False	9.15553940978652
MITHRIL.9745	True	11.449306953353666
MITHRIL.9746	False	11.449306953353666
MITHRIL.9747	False	11.449306953353666
MITHRIL.9748	False	10.261315365265167
MITHRIL.9749	True	10.261315365265167
MITHRIL.9750	False	10.261315365265167
MITHRIL.9751	False	12.029339148668535
MITHRIL.9752	True	12.029339148668535
MITHRIL.9753	False	12.029339148668535
MITHRIL.9754	False	11.462855027428764
MITHRIL.9755	True	11.462855027428764
MITHRIL.9756	True	11.462855027428764
MITHRIL.9757	False	8.399521610727742
MITHRIL.9758	True	0.4995216107277427
MITHRIL.9759	False	8.399521610727742
MITHRIL.9760	True	13.756163187602894
MITHRIL.9761	True	13.756163187602894
MITHRIL.9762	True	8.489496520936228
MITHRIL.9763	True	16.309964908214944
MITHRIL.9764	False	16.309964908214944
MITHRIL.9765	False	16.309964908214944
MITHRIL.9766	False	21.5562469698936
MITHRIL.9767	False	21.5562469698936
MITHRIL.9768	True	18.922913636560267
MITHRIL.9769	False	8.642044088904306
MITHRIL.9770	False	8.642044088904306
MITHRIL.9771	False	8.642044088904306
MITHRIL.9772	False	19.974910245814637
MITHRIL.9773	True	17.3415769124813
MITHRIL.9774	False	19.974910245814637
MITHRIL.9775	False	16.132537887321693
MITHRIL.9776	False	16.132537887321693
MITHRIL.9777	False	16.132537887321693
MITHRIL.9778	False	17.035657394952867
MITHRIL.9779	True	17.035657394952867
MITHRIL.9780	False	17.035657394952867
MITHRIL.9781	False	8.985093144121338
MITHRIL.9782	True	8.985093144121338
MITHRIL.9783	False	8.985093144121338
MITHRIL.9784	False	11.499889835364373
MITHRIL.9785	False	6.233223168697706
MITHRIL.9786	False	11.499889835364373
MITHRIL.9787	False	9.725203939581611
MITHRIL.9788	False	9.725203939581611
MITHRIL.9789	False	9.725203939581611
MITHRIL.9790	False	12.465486824134455
MITHRIL.9791	True	12.465486824134455
MITHRIL.9792	False	12.465486824134455
MITHRIL.9793	False	12.895791245791244
MITHRIL.9794	False	12.895791245791244
MITHRIL.9795	False	12.895791245791244
MITHRIL.9796	False	13.063804713804712
MITHRIL.9797	False	13.063804713804712
MITHRIL.9798	False	13.063804713804712
MITHRIL.9799	False	13.00148148148148
MITHRIL.9800	False	13.00148148148148
MITHRIL.9801	False	13.00148148148148
MITHRIL.9802	False	9.59200732873265
MITHRIL.9803	False	9.59200732873265
MITHRIL.9804	False	9.59200732873265
MITHRIL.9805	False	10.57909660560072
MITHRIL.9806	False	10.57909660560072
MITHRIL.9807	False	10.57909660560072
MITHRIL.9808	False	14.02461183047698
MITHRIL.9809	False	14.02461183047698
MITHRIL.9810	False	6.12461183047698
MITHRIL.9811	False	18.472522310420864
MITHRIL.9812	True	16.579813977087532
MITHRIL.9813	False	18.472522310420864
MITHRIL.9814	False	17.58010404167404
MITHRIL.9815	False	15.934270708340708
MITHRIL.9816	False	17.58010404167404
MITHRIL.9817	False	17.688061901161632
MITHRIL.9818	True	15.7953535678283
MITHRIL.9819	False	17.688061901161632
MITHRIL.9820	False	16.44853987040531
MITHRIL.9821	True	16.44853987040531
MITHRIL.9822	False	16.44853987040531
MITHRIL.9823	True	1.9584620824252117
MITHRIL.9824	True	1.9584620824252117
MITHRIL.9825	True	1.9584620824252117
MITHRIL.9826	False	8.363082802819214
MITHRIL.9827	False	8.363082802819214
MITHRIL.9828	False	8.363082802819214
MITHRIL.9829	True	2.1361563201995795
MITHRIL.9830	False	2.1361563201995795
MITHRIL.9831	True	2.1361563201995795
MITHRIL.9832	False	4.711423125736409
MITHRIL.9833	True	4.711423125736409
MITHRIL.9834	False	4.711423125736409
MITHRIL.9835	False	11.84210661458517
MITHRIL.9836	False	11.84210661458517
MITHRIL.9837	False	11.84210661458517
MITHRIL.9838	False	17.422119509368233
MITHRIL.9839	True	17.422119509368233
MITHRIL.9840	False	17.422119509368233
MITHRIL.9841	True	11.024723154509813
MITHRIL.9842	False	11.024723154509813
MITHRIL.9843	False	11.024723154509813
MITHRIL.9844	False	15.541940956439124
MITHRIL.9845	False	15.541940956439124
MITHRIL.9846	False	15.541940956439124
MITHRIL.9847	False	13.336253985278638
MITHRIL.9848	False	13.336253985278638
MITHRIL.9849	False	13.336253985278638
MITHRIL.9850	False	16.763133057571732
MITHRIL.9851	False	16.763133057571732
MITHRIL.9852	False	16.763133057571732
MITHRIL.9853	False	9.182715309295832
MITHRIL.9854	True	9.182715309295832
MITHRIL.9855	False	9.182715309295832
MITHRIL.9856	False	10.629085263227513
MITHRIL.9857	False	10.629085263227513
MITHRIL.9858	False	10.629085263227513
MITHRIL.9859	True	11.27245453381322
MITHRIL.9860	False	11.27245453381322
MITHRIL.9861	False	11.27245453381322
MITHRIL.9862	False	10.859356949936997
MITHRIL.9863	True	10.859356949936997
MITHRIL.9864	False	10.859356949936997
MITHRIL.9865	False	10.85826120911846
MITHRIL.9866	False	10.85826120911846
MITHRIL.9867	False	10.85826120911846
MITHRIL.9868	False	1.5331014980207638
MITHRIL.9869	True	1.5331014980207638
MITHRIL.9870	True	1.5331014980207638
MITHRIL.9871	False	12.099982254512769
MITHRIL.9872	True	12.099982254512769
MITHRIL.9873	False	12.099982254512769
MITHRIL.9874	False	19.55374731739252
MITHRIL.9875	False	19.55374731739252
MITHRIL.9876	False	16.920413984059188
MITHRIL.9877	False	18.22922721584252
MITHRIL.9878	False	18.22922721584252
MITHRIL.9879	False	16.33651888250919
MITHRIL.9880	False	17.132315043120304
MITHRIL.9881	False	15.486481709786972
MITHRIL.9882	False	17.132315043120304
MITHRIL.9883	False	18.064566520784066
MITHRIL.9884	False	18.064566520784066
MITHRIL.9885	False	16.171858187450734
MITHRIL.9886	False	20.56323713085664
MITHRIL.9887	False	17.92990379752331
MITHRIL.9888	False	20.56323713085664
MITHRIL.9889	False	16.236206202673408
MITHRIL.9890	False	13.602872869340075
MITHRIL.9891	False	16.236206202673408
MITHRIL.9892	False	18.38707213069354
MITHRIL.9893	False	18.38707213069354
MITHRIL.9894	False	16.30234990847132
MITHRIL.9895	False	14.264015498838749
MITHRIL.9896	False	12.508459943283192
MITHRIL.9897	False	14.264015498838749
MITHRIL.9898	False	17.33524601943394
MITHRIL.9899	False	15.689412686100605
MITHRIL.9900	False	17.33524601943394
MITHRIL.9901	False	15.0195011304449
MITHRIL.9902	False	15.0195011304449
MITHRIL.9903	False	15.0195011304449
MITHRIL.9904	False	17.71673261706212
MITHRIL.9905	True	17.71673261706212
MITHRIL.9906	False	17.71673261706212
MITHRIL.9907	False	20.98942276699724
MITHRIL.9908	False	20.98942276699724
MITHRIL.9909	True	18.356089433663904
MITHRIL.9910	False	12.33047509774264
MITHRIL.9911	False	12.33047509774264
MITHRIL.9912	False	12.33047509774264
