Gene_symbol	gene.position	LISA	pvalue	tAPOGEE_score_posFree
MT-TF	1	0.0017711107912775947	0.014623880597014926	0.814594807623778
MT-TF	2	0.0009534367181926163	0.3491033898305085	0.710450666305495
MT-TF	3	0.00012439901620206242	0.7766892857142857	0.5522962441838041
MT-TF	4	-0.00012169133729636075	0.991	0.42928645410698324
MT-TF	5	-3.2074057387767714e-06	0.7137509433962265	0.5041279519836998
MT-TF	6	0.0004401182987432785	0.6666476821192053	0.658162104843207
MT-TF	7	0.0008232214265841984	0.14484	0.74620051615415
MT-TF	8	6.64112046537071e-05	0.9867634615384615	0.5300789199381786
MT-TF	9	0.000299541886740641	0.5398028571428571	0.5953123335507293
MT-TF	10	0.0015738586515178074	0.0	0.8274097848849328
MT-TF	11	0.0014238447037039793	0.012263636363636364	0.8102772186059964
MT-TF	12	0.0004644231082591968	0.8227885714285714	0.6742209427764084
MT-TF	13	2.4095549099511105e-05	0.9867634615384615	0.5656489215021872
MT-TF	14	-0.0001392410382588477	0.7878523255813953	0.6121084484071776
MT-TF	15	0.0012996909711738655	0.09778636363636363	0.2491764866248645
MT-TF	16	0.002811917602904434	0.0	0.14017588663073688
MT-TF	17	0.003591512842101278	0.0	0.1111891453046852
MT-TF	18	0.0026907252082181282	0.0	0.2051738189975331
MT-TF	19	0.0027180317724216914	0.0	0.18497895964679664
MT-TF	20	0.001958887337290656	0.011315625	0.230912655197231
MT-TF	21	0.0017927882009308351	0.006610344827586207	0.1837997003894878
MT-TF	22	0.0001330736828116093	0.9867594059405941	0.44777791626628455
MT-TF	23	8.085461730506634e-05	0.9867594059405941	0.6545968385060935
MT-TF	24	0.00040891387794524445	0.6226153846153846	0.6571741839024877
MT-TF	25	0.0015261845186187565	0.0008875	0.8354201776908868
MT-TF	26	0.001236026574703713	0.0216	0.7786738304946681
MT-TF	27	5.1830721616144027e-05	0.7766892857142857	0.5276986799928435
MT-TF	28	-5.5270142395661456e-05	0.8436235955056178	0.42969936446720397
MT-TF	29	-0.0001095268393436786	0.42331653543307085	0.2604897526686482
MT-TF	30	-0.00017627110043739406	0.9867634615384615	0.41785823003890715
MT-TF	31	0.0013525879307656208	0.048132467532467534	0.7628108858250999
MT-TF	32	0.0007549516194229919	0.6813269230769231	0.6357991166894039
MT-TF	33	0.0012964303248712897	0.09362093023255814	0.73206133571717
MT-TF	34	0.00030923697565821996	0.6813269230769231	0.5697851201695315
MT-TF	35	0.0006992259106958124	0.6226153846153846	0.6421947511525256
MT-TF	36	0.000827012363025148	0.692996178343949	0.6599873067698724
MT-TF	37	0.0011482406019665701	0.3415473684210526	0.7101983198360694
MT-TF	38	0.0005324694312670076	0.727639751552795	0.6096082863509665
MT-TF	39	0.0007864057099206978	0.42331653543307085	0.65014403461739
MT-TF	40	0.001487996883636826	0.022175342465753426	0.7453258066397878
MT-TF	41	0.0017657312209069544	0.007220338983050848	0.8224751092184065
MT-TF	42	5.4727704097136355e-05	0.8358745762711863	0.529538742403971
MT-TF	43	-4.1724749577481555e-05	0.6684276315789474	0.2557241257579874
MT-TF	44	-8.46212486906227e-06	0.7897005780346821	0.42667372494043043
MT-TF	45	7.98979172494089e-06	0.9085709677419356	0.38738250162708754
MT-TF	46	0.00014048106270694678	0.8941369565217391	0.6452100311719285
MT-TF	47	0.0001114963266657784	0.9867594059405941	0.6369676956532706
MT-TF	48	4.166460085148699e-05	0.9892443396226416	0.3718440804106806
MT-TF	49	0.00010717222780618162	0.9867634615384615	0.6608998193684659
MT-TF	50	-0.0001688126903335997	0.4348476923076923	0.7154684137319928
MT-TF	51	-5.878489634419514e-05	0.9867634615384615	0.5198956568632894
MT-TF	52	0.0017714583724324252	0.008380327868852459	0.23951288590015107
MT-TF	53	0.00307074058733826	0.0	0.14598326480797763
MT-TF	54	0.0032430309828773824	0.0	0.16430906150141425
MT-TF	55	0.0030765188373197655	0.0	0.1987397585176448
MT-TF	56	0.0034037942960792353	0.0	0.1775587103170381
MT-TF	57	0.0029682304886102877	0.0	0.20770299932449401
MT-TF	58	0.003162481538408131	0.0	0.17335982419728288
MT-TF	59	0.0035248375304096566	0.0	0.10794329978521265
MT-TF	60	0.0021055262165272843	0.001670588235294118	0.20688677367521613
MT-TF	61	0.0005450469045916711	0.41019677419354844	0.39070216870388697
MT-TF	62	-1.1222638169098844e-05	0.9257047619047619	0.5135306354794048
MT-TF	63	0.000125436227825066	0.9886834123222751	0.6319585380045211
MT-TF	64	0.0007293599563802912	0.18961176470588237	0.7721519119402687
MT-TF	65	1.4663822851357249e-05	0.9886834123222751	0.5133159566987522
MT-TF	66	0.00016553480066442685	0.9867594059405941	0.598474475603972
MT-TF	67	-6.710047010661045e-05	0.9257047619047619	0.44464672738249095
MT-TF	68	-0.00017533531220770816	0.9688712041884817	0.39543747030734755
MT-TF	69	0.00038249863466649774	0.9867594059405941	0.6078264072599794
MT-TF	70	0.0014709672689157901	0.0639	0.7848581463689838
MT-TF	71	0.0003064170303202144	0.9867594059405941	0.5931051572838836
MT-TV	1	0.002479020949772479	0.0010894736842105264	0.7951410303714691
MT-TV	2	0.0005357458261900531	0.7805473684210527	0.5653291653168274
MT-TV	3	0.001504610875532948	0.04548169014084507	0.7244127738984535
MT-TV	4	-2.6954878714317666e-06	0.690520754716981	0.4842107617597314
MT-TV	5	0.0004770883863434706	0.621	0.639521014545743
MT-TV	6	-0.0001227352150787974	0.49209545454545456	0.1977057604247079
MT-TV	7	0.0003767711510167546	0.6375058823529413	0.6815516045123142
MT-TV	8	0.00025464610899045504	0.7735527272727274	0.5782945107636018
MT-TV	9	0.0003325434103410222	0.6375058823529413	0.5723225765349856
MT-TV	10	0.001986364780812255	0.0	0.820847980812796
MT-TV	11	0.00151914187007332	0.3186	0.7439252209458034
MT-TV	12	0.0011504631686705127	0.075624	0.7412948395906861
MT-TV	13	-3.456631995644689e-05	0.8897782383419689	0.4628797741776118
MT-TV	14	6.037112795116713e-06	0.8842674033149172	0.5563923040158263
MT-TV	15	0.0005852888002108825	0.6438506493506493	0.30538127673363274
MT-TV	16	0.0017663942686844559	0.01242	0.18016386243717708
MT-TV	17	0.0020103952590696974	0.009993103448275862	0.1662158724283497
MT-TV	18	0.0020158776001646416	0.00506938775510204	0.10682510295989445
MT-TV	19	8.721960360116777e-05	0.9841082926829269	0.4243677763659454
MT-TV	20	0.0003444772417595209	0.900502538071066	0.6612044859436611
MT-TV	21	0.0005132613040852111	0.7846855491329481	0.6116438337442468
MT-TV	22	0.0021177699970542367	0.0	0.8404947953744527
MT-TV	23	0.0015148789546028116	0.007305882352941176	0.7611067999974201
MT-TV	24	-0.00029325931010425443	0.32447692307692305	0.36988717789399755
MT-TV	25	-0.00018590005633931428	0.5649	0.3905275200880338
MT-TV	26	0.0005835447983623059	0.4098279069767442	0.6855047082738516
MT-TV	27	-2.7858382593477017e-05	0.9858	0.46443019465881114
MT-TV	28	-1.1560242782035086e-05	0.8883193548387096	0.42785952965231067
MT-TV	29	-3.685550699273923e-05	0.8855505494505493	0.43622999365862697
MT-TV	30	0.0002736996008212308	0.782267441860465	0.6386353685589574
MT-TV	31	-7.893442316469956e-05	0.5918450704225353	0.33568030033447355
MT-TV	32	4.476663469441176e-05	0.9841082926829269	0.5064697005206883
MT-TV	33	0.0007587222730526423	0.590463829787234	0.6781465076647503
MT-TV	34	0.0008917165082319281	0.31050000000000005	0.6981203390806558
MT-TV	35	0.0001686957976488701	0.8897782383419689	0.5398816731608104
MT-TV	36	0.0008071855834627756	0.3410409836065574	0.7389823437190324
MT-TV	37	-3.946566933099961e-05	0.7805473684210527	0.36048745055260145
MT-TV	38	0.0001329698129354245	0.8897782383419689	0.30973116528361344
MT-TV	39	0.00010555119287889145	0.9308789999999999	0.24407269210594693
MT-TV	40	0.0008211099650729372	0.23330625000000002	0.7782908489641563
MT-TV	41	0.0004486295517604776	0.49430977443609025	0.6730791666027304
MT-TV	42	-2.649458814624582e-05	0.8196724137931034	0.4330151854887938
MT-TV	43	3.942595253986133e-05	0.9858	0.6142142467651844
MT-TV	44	-0.00011872101746008175	0.7805473684210527	0.5925707892731283
MT-TV	45	0.001301940557460046	0.018029032258064518	0.1888362257122148
MT-TV	46	0.0016030946251443061	0.0036000000000000003	0.18791137515839287
MT-TV	47	0.0007573879764242456	0.2848166666666667	0.33290122547329576
MT-TV	48	-0.0001049562801395209	0.8879508196721311	0.5097224070939913
MT-TV	49	0.0009147958532142025	0.6442374193548387	0.3466182634073598
MT-TV	50	0.002579348195075363	0.0	0.2107638514908123
MT-TV	51	0.002345316828313552	0.004404255319148936	0.24128372868818126
MT-TV	52	0.003686065085027964	0.0	0.13863031216643956
MT-TV	53	0.004029153290447816	0.0	0.11892842572461164
MT-TV	54	0.0022395270289790577	0.022929230769230768	0.2549961617358125
MT-TV	55	0.0023850006493933216	0.0019714285714285715	0.230623134472264
MT-TV	56	0.0029112946786684006	0.0	0.1685770357698566
MT-TV	57	0.001984020670069206	0.00506938775510204	0.24968206045777552
MT-TV	58	-6.594185825314475e-05	0.9442069306930693	0.49810662038348513
MT-TV	59	-0.0006803164477608453	0.030441176470588235	0.8017946754538506
MT-TV	60	0.0006006392974137812	0.7735527272727274	0.32422065942480677
MT-TV	61	0.0007141066179340199	0.26274653465346537	0.23261090786758665
MT-TV	62	5.7171541539528715e-06	0.8897782383419689	0.5351985208288559
MT-TV	63	-1.2318315513177635e-05	0.8842674033149172	0.4249786005719301
MT-TV	64	0.00014692036795510715	0.8883193548387096	0.5483748425115663
MT-TV	65	1.1827070932542923e-05	0.9841082926829269	0.48835981459560623
MT-TV	66	0.0011875149933253532	0.2417090909090909	0.6811052523955459
MT-TV	67	0.00169157405809932	0.02199375	0.7160937084456532
MT-TV	68	0.002871190076567338	0.0010894736842105264	0.8230553683858802
MT-TV	69	0.0011768531585688664	0.3186	0.6687696609813614
MT-TL1	1	0.0004538113309511743	0.5798936170212766	0.7164437549686719
MT-TL1	2	0.0002369776054722871	0.9575112107623318	0.6360885688487818
MT-TL1	3	0.0010814964438673174	0.16609090909090907	0.8061590633959573
MT-TL1	4	0.00029046408225283105	0.9525681818181818	0.6438352975254226
MT-TL1	5	-7.36875992653843e-05	0.731042944785276	0.5391536859467745
MT-TL1	6	0.0008057094786727525	0.20795454545454545	0.7790307184903832
MT-TL1	7	6.312748962933638e-05	0.7109415584415585	0.5880253233510297
MT-TL1	8	0.00012241202431579714	0.8954545454545456	0.6100578916826446
MT-TL1	9	0.0002621957940713221	0.3951	0.6511745884165343
MT-TL1	10	0.0010123127925012363	0.11793103448275863	0.8268679847412073
MT-TL1	11	0.0009862331487757966	0.16323529411764706	0.8356173473379389
MT-TL1	12	8.876370043495408e-06	0.8218548387096775	0.5726398514671273
MT-TL1	13	-1.0709918639359813e-05	0.820327868852459	0.6378510534037608
MT-TL1	14	-5.6873464296339545e-06	0.8302139037433154	0.637043556565499
MT-TL1	15	-5.970928191323745e-05	0.6768	0.6716525094392268
MT-TL1	16	0.0005577760132552136	0.5452941176470588	0.38906151478873013
MT-TL1	17	0.0009233654257542566	0.2996590909090909	0.3500281644528944
MT-TL1	18	0.0010063929180414764	0.2640789473684211	0.3240809110160552
MT-TL1	19	-0.00018265646083733008	0.4979032258064516	0.6753221360363151
MT-TL1	20	-0.0001497681186886969	0.7004605263157896	0.660882584206261
MT-TL1	21	0.0010713721683853024	0.21652173913043476	0.2799530472936425
MT-TL1	22	6.175836377323095e-05	0.9155172413793103	0.5366500289643529
MT-TL1	23	-9.630298238771202e-05	0.670469798657718	0.6354858155785171
MT-TL1	24	0.00120338557773428	0.1322727272727273	0.16111925383926082
MT-TL1	25	2.741937909100993e-05	0.9207042253521126	0.5108853714877729
MT-TL1	26	0.0006162238617955607	0.2853658536585366	0.8182242039489553
MT-TL1	27	0.0005474619111072189	0.41646226415094345	0.7826941524139395
MT-TL1	28	1.8952190774461713e-05	0.9958	0.4783325929319468
MT-TL1	29	-7.542452176909427e-05	0.5894366197183099	0.6496698220910014
MT-TL1	30	2.5714236316245667e-05	0.9575112107623318	0.681131315770787
MT-TL1	31	-5.09708749797764e-06	0.8218548387096775	0.7352007893911354
MT-TL1	32	0.00023155075800570745	0.9175609756097561	0.486577145532308
MT-TL1	33	0.0009501393412270432	0.22864864864864864	0.32769781178020546
MT-TL1	34	0.00015517597137495247	0.8841450777202071	0.5130059361642205
MT-TL1	35	0.00025576055908580294	0.5766428571428571	0.47348323355825656
MT-TL1	36	-6.716517939352823e-06	0.9513990825688072	0.5687571994511651
MT-TL1	37	-0.00010637076481645528	0.9725223214285714	0.6330182454071764
MT-TL1	38	-0.00027520528399905197	0.4408333333333334	0.6965694806875496
MT-TL1	39	0.0018119371844694538	0.13367647058823529	0.2547280171633957
MT-TL1	40	0.0023365053870792497	0.012	0.2141656773812374
MT-TL1	41	0.000907207897008779	0.29844827586206896	0.38838744657713176
MT-TL1	42	0.0001705892843665252	0.4801339285714286	0.515036190137722
MT-TL1	43	-9.826042629930811e-05	0.5452941176470588	0.7933629663759766
MT-TL1	44	-0.00010715520142167544	0.4979032258064516	0.7904930795247588
MT-TL1	45	0.0005436454295973236	0.7230745341614907	0.402910024141073
MT-TL1	46	0.0024077843560819305	0.0	0.18045657065384665
MT-TL1	47	0.0027573526947359678	0.0	0.18054591942715134
MT-TL1	48	0.0028334804130173905	0.0	0.16472808267891323
MT-TL1	49	0.0024786343859398946	0.0	0.13868125731248765
MT-TL1	50	8.81153277456257e-05	0.9525681818181818	0.5183587897750671
MT-TL1	51	2.9914824008295667e-05	0.9207042253521126	0.5917925613295764
MT-TL1	52	0.0009424513522378631	0.16333333333333333	0.8092462107767368
MT-TL1	53	0.000412882986793593	0.9422790697674419	0.6645351098936486
MT-TL1	54	0.0012392091417315837	0.14840425531914894	0.8077587512671971
MT-TL1	55	0.0010833856507019431	0.17847457627118646	0.8149761233146666
MT-TL1	56	9.052729519054335e-05	0.9575112107623318	0.6045789958057064
MT-TL1	57	-8.04466893274013e-05	0.5982167832167832	0.40001705104812385
MT-TL1	58	0.00027921950490828606	0.731042944785276	0.7323494835743034
MT-TL1	59	-5.192709829548416e-06	0.8218548387096775	0.5346222154128594
MT-TL1	60	5.65321639149902e-06	0.8889230769230768	0.6677660555294533
MT-TL1	61	0.001356834851919173	0.135	0.12599015498183577
MT-TL1	62	0.0002006829487716822	0.7818421052631579	0.33087026598187114
MT-TL1	63	0.000940744002048265	0.266625	0.8093668800878078
MT-TL1	64	0.0013214211111149167	0.14127906976744187	0.8191428881917022
MT-TL1	65	0.0007227819382896707	0.36796875	0.7185195391107161
MT-TL1	66	0.0011993653125263867	0.11793103448275863	0.8266084570419241
MT-TL1	67	8.4121615708852e-05	0.6410204081632653	0.6032511858955237
MT-TL1	68	-0.00021064903289894348	0.8657142857142857	0.44759129505331413
MT-TL1	69	0.0002490576618997466	0.9207042253521126	0.6559188772093141
MT-TL1	70	-9.684807945238874e-05	0.9187864077669902	0.5204491893219177
MT-TL1	71	0.0004211537068287895	0.5452941176470588	0.6972574996876352
MT-TL1	72	0.00018757946656209286	0.9454166666666667	0.6260467644633376
MT-TL1	73	1.4465019158309485e-05	0.8841450777202071	0.5721557712849704
MT-TL1	74	4.5687609977301055e-05	0.9246028037383177	0.5966352245969081
MT-TL1	75	0.000169321280212266	0.9155172413793103	0.36299274252778435
MT-TI	1	-0.00018548109731661953	0.7950489795918367	0.4821268096489853
MT-TI	2	0.0012378918196476532	0.17506285714285716	0.8232412469274575
MT-TI	3	9.196529657854314e-05	0.526608	0.5988298548952535
MT-TI	4	-5.7193185377374054e-05	0.5645222222222223	0.553742217663321
MT-TI	5	0.00010359140885719827	0.6375599999999999	0.6086598749480271
MT-TI	6	0.0005011966888700057	0.4076307692307692	0.7419633385638518
MT-TI	7	5.656086783826804e-05	0.6595372340425532	0.6029688172141642
MT-TI	8	6.719255451335673e-05	0.9305912195121951	0.6013837765800617
MT-TI	9	0.0006304638384577652	0.30873829787234036	0.7459326136536032
MT-TI	10	0.0005771042126338153	0.4076307692307692	0.7170678285669186
MT-TI	11	0.0008013599448356015	0.5335390728476821	0.7609899931819722
MT-TI	12	0.000420360660132082	0.5136455172413793	0.7082316439748574
MT-TI	13	0.0004867786930002614	0.4038142857142857	0.7811764028031863
MT-TI	14	-5.876123834319836e-05	0.6300201117318436	0.6584350774837953
MT-TI	15	0.0026533010942978315	0.019714285714285715	0.1468081799524925
MT-TI	16	0.0022940500369547415	0.05553658536585365	0.22500711689851727
MT-TI	17	0.0009274652179519137	0.4152266666666667	0.35920981562078763
MT-TI	18	-6.817547422881382e-06	0.9223676470588235	0.5820388466513208
MT-TI	19	5.2715474164051684e-05	0.63158	0.60316731875148
MT-TI	20	0.0007143138390867601	0.590959756097561	0.7753863214738295
MT-TI	21	0.00018169419400008988	0.981	0.6357758989720393
MT-TI	22	-0.0002696328543449943	0.33695	0.3314062028726123
MT-TI	23	0.0003209038027330475	0.9223676470588235	0.6808412823149855
MT-TI	24	0.0007902339008455265	0.30873829787234036	0.7387241442704776
MT-TI	25	0.0008245808353437627	0.45037285714285713	0.7097029907407709
MT-TI	26	0.0017996106668382438	0.06774545454545454	0.8315173165735757
MT-TI	27	0.00068750655711365	0.4661118881118881	0.701741427496179
MT-TI	28	-0.0003323541425873553	0.2632222222222222	0.44435143176685576
MT-TI	29	-1.0907781687254296e-05	0.8034121827411166	0.5696510724721119
MT-TI	30	0.0002623482110657782	0.7618453608247422	0.6491491426934668
MT-TI	31	0.0006572644521704151	0.5444235294117648	0.7359158023118848
MT-TI	32	-5.887862991637631e-05	0.9614446601941747	0.5528648158593117
MT-TI	33	2.8330407552066363e-05	0.6737904761904763	0.5820596187093003
MT-TI	34	0.0006459189547844627	0.3818	0.7092846605371544
MT-TI	35	0.0005277826705449698	0.8131545454545455	0.6701285581649211
MT-TI	36	0.001856796238064556	0.05229473684210526	0.8400926927928788
MT-TI	37	0.0014953240132452488	0.0794204081632653	0.8172257386042889
MT-TI	38	0.00014782605489385662	0.544651948051948	0.6122380519296189
MT-TI	39	0.0001452240635699866	0.6032571428571428	0.6422061751917002
MT-TI	40	-1.4086212058209854e-05	0.763883076923077	0.6250953395776847
MT-TI	41	0.0018240595764564052	0.02622	0.16259369921166572
MT-TI	42	0.001556729822495941	0.06505714285714286	0.24528882729764212
MT-TI	43	-6.825631805997615e-05	0.9157432835820897	0.5995730765034675
MT-TI	44	0.00025716790811515977	0.6055052631578947	0.4775218858344111
MT-TI	45	0.0003729093849125441	0.6300201117318436	0.4143493062796579
MT-TI	46	-0.00021345734939448948	0.30873829787234036	0.7737781689202939
MT-TI	47	-0.0002495327523817362	0.4366642335766423	0.6568730317173933
MT-TI	48	0.002029801055286483	0.048299999999999996	0.2694166521861297
MT-TI	49	-0.0007955029664663474	0.048299999999999996	0.6961947035944763
MT-TI	50	0.0018265189401641187	0.0747	0.37944603357619106
MT-TI	51	0.004888003913457018	0.0	0.1832289382243737
MT-TI	52	0.0068680833601132765	0.0	0.09426368704205541
MT-TI	53	0.004716739459898885	0.0	0.21835769399492
MT-TI	54	0.001077619505389302	0.4434863309352518	0.47270743602117404
MT-TI	55	0.003892365926950645	0.0	0.22830625533826443
MT-TI	56	0.004563779857081715	0.0	0.1357598632875514
MT-TI	57	-0.00043223225877750946	0.33695	0.6440659833855377
MT-TI	58	-0.00031843817691968186	0.5470141935483871	0.6694154044101851
MT-TI	59	0.0001065937184349311	0.9081089999999998	0.5332178617508142
MT-TI	60	-6.719372862969838e-05	0.6358674033149172	0.6743531738129261
MT-TI	61	1.614826558366623e-06	0.9081089999999998	0.5714757144492287
MT-TI	62	4.005843349448216e-05	0.9223676470588235	0.6170362297427154
MT-TI	63	-2.3912037935263652e-05	0.689201052631579	0.5601216197212143
MT-TI	64	0.0005017379675880363	0.39049322033898304	0.7322064450797475
MT-TI	65	0.00038425010867365535	0.548747770700637	0.6818356589349247
MT-TI	66	0.0006619593893596106	0.3299326530612245	0.7228290359043165
MT-TI	67	0.0013699361490947571	0.14878125	0.8276998884201712
MT-TI	68	0.00037825321591618337	0.6040970414201184	0.6925592728198264
MT-TI	69	-7.536902058232294e-05	0.6375599999999999	0.4884572436016222
MT-TQ	1	0.00015895611163157717	0.9857637209302326	0.5726749787201934
MT-TQ	2	0.0004884925078543985	0.9184271186440679	0.6399766965658586
MT-TQ	3	0.0013735853003128383	0.061560000000000004	0.8293979955208339
MT-TQ	4	0.00010553425776413745	0.9513094736842105	0.5948225795571164
MT-TQ	5	1.2315508291917596e-05	0.987	0.5143161441141281
MT-TQ	6	0.0012530927975514985	0.05604324324324324	0.22437095524171402
MT-TQ	7	0.0010251293074730482	0.1248	0.2370078269874273
MT-TQ	8	0.00017311882145194967	0.848	0.41512806857082474
MT-TQ	9	-3.981106701932445e-05	0.9114450867052023	0.4563170056164622
MT-TQ	10	0.0012486276762240644	0.04813714285714286	0.8358880973763364
MT-TQ	11	0.0015121713238498181	0.016457142857142858	0.8219890018120782
MT-TQ	12	0.001353690486763268	0.0576	0.8127257704806518
MT-TQ	13	-2.7827795479635792e-05	0.9629217391304347	0.5151894048544677
MT-TQ	14	4.37027655221603e-05	0.9629217391304347	0.6329237901074389
MT-TQ	15	0.0006000698920092132	0.621	0.33303191358900586
MT-TQ	16	0.0021802060780324395	0.012342857142857143	0.13810389480767823
MT-TQ	17	0.0015709112092331435	0.16181694915254238	0.21077197570176653
MT-TQ	18	-0.00012018343054178211	0.6315768595041322	0.6892847162345954
MT-TQ	19	-1.4441918516302352e-05	0.8766754491017963	0.5769979473424552
MT-TQ	20	0.00010032971651532864	0.9857637209302326	0.38322660176288004
MT-TQ	21	-5.1932499480653286e-05	0.8063052631578947	0.4691338559022422
MT-TQ	22	0.0007438111339183939	0.4513021276595745	0.7463486553347337
MT-TQ	23	0.0013789543883947549	0.0864	0.7916110048394933
MT-TQ	24	0.001230792706369427	0.17965714285714285	0.761536440875534
MT-TQ	25	0.0011698564275795355	0.056842105263157895	0.8044032679574175
MT-TQ	26	-0.00019401605058922672	0.4419692307692308	0.3462367458041466
MT-TQ	27	4.8989281564969495e-05	0.9629217391304347	0.5756392472406276
MT-TQ	28	0.00025509913498752095	0.963503317535545	0.6390015640677719
MT-TQ	29	0.0008758603632197295	0.21106285714285716	0.8192647130215905
MT-TQ	30	-3.3534374704211907e-06	0.9324765957446809	0.5126612700216104
MT-TQ	31	0.0005657142093507604	0.569271028037383	0.29509417673728794
MT-TQ	32	0.00045438106075556373	0.7277023255813954	0.3428811120319975
MT-TQ	33	7.473266441007908e-05	0.9629217391304347	0.4652531860243984
MT-TQ	34	7.456702511480847e-06	0.9324765957446809	0.565827558364931
MT-TQ	35	6.0733400204318425e-05	0.9857637209302326	0.5955181705548608
MT-TQ	36	0.0002081434425797832	0.9324765957446809	0.68177583327164
MT-TQ	37	-3.7500221265258424e-06	0.8825505882352941	0.5633600021067847
MT-TQ	38	0.0006844352105194245	0.4419692307692308	0.2542204534812529
MT-TQ	39	4.6085003136245485e-05	0.9629217391304347	0.4993509690549895
MT-TQ	40	1.5499441277414557e-05	0.9629217391304347	0.5657669705077738
MT-TQ	41	0.0005945290451375819	0.7953702127659574	0.7605490508050301
MT-TQ	42	0.00029233104488882584	0.7434268656716417	0.6912471265400962
MT-TQ	43	4.2291545528743176e-05	0.9629217391304347	0.43449261410908085
MT-TQ	44	0.0006155335078223078	0.44454193548387094	0.2890461864398581
MT-TQ	45	0.0006397138427319682	0.5868	0.32387713921672184
MT-TQ	46	-0.00011167341852660549	0.9629217391304347	0.5725578147880124
MT-TQ	47	0.0011731524359791707	0.0864	0.26413833994169017
MT-TQ	48	0.0012666612386240705	0.1219764705882353	0.26482708203619326
MT-TQ	49	8.551494492852325e-05	0.9324765957446809	0.4951637477816675
MT-TQ	50	-1.1255956760268904e-05	0.848	0.6795936533153252
MT-TQ	51	4.400310052227438e-05	0.9629217391304347	0.6082006576719288
MT-TQ	52	0.000738641389370682	0.38829767441860463	0.8391968026315505
MT-TQ	53	9.530478526874294e-05	0.9629217391304347	0.6041101827058829
MT-TQ	54	-1.802828288959171e-05	0.9229752808988765	0.46257963456310286
MT-TQ	55	0.00030683074276619313	0.8063052631578947	0.7759654835650092
MT-TQ	56	0.0005143908408306901	0.789495652173913	0.30483631786434584
MT-TQ	57	-0.00020720045745428422	0.4965773195876289	0.6844173906543096
MT-TQ	58	0.0020365255015322766	0.012342857142857143	0.11826310054187213
MT-TQ	59	0.001164587462999162	0.14657142857142857	0.22100134126316207
MT-TQ	60	0.0002264361966005737	0.848	0.8366707391577107
MT-TQ	61	0.00019255136764844598	0.963503317535545	0.3906335992575531
MT-TQ	62	-6.908977974195482e-05	0.963503317535545	0.5765368578947275
MT-TQ	63	0.0005450253133248971	0.9184271186440679	0.37609393913258704
MT-TQ	64	0.0006795380155252443	0.5595230769230769	0.39063176044273323
MT-TQ	65	0.0016478092799251103	0.010799999999999999	0.2145291242153593
MT-TQ	66	0.0010843821074972236	0.10559999999999999	0.2815955881320776
MT-TQ	67	-3.5029963857417016e-05	0.9184271186440679	0.561910683560791
MT-TQ	68	-4.736505489833293e-05	0.9513094736842105	0.4744436176211102
MT-TQ	69	0.0007669948356928469	0.4419692307692308	0.7181749122610858
MT-TQ	70	0.0011943026436664632	0.11373061224489794	0.7651896648909929
MT-TQ	71	0.0006471919478627063	0.7370584615384616	0.6701680320851113
MT-TQ	72	0.0007353255604276111	0.5227200000000001	0.704122230375063
MT-TM	1	-5.258676406475597e-05	0.734664935064935	0.5433926972734239
MT-TM	2	0.0007356152446141555	0.3034742857142857	0.8271614199853979
MT-TM	3	0.000635963831369018	0.3505090909090909	0.8249389461338028
MT-TM	4	-1.897104207526683e-05	0.976185221674877	0.5874219337693151
MT-TM	5	6.323550351078245e-05	0.9934	0.46487185366499867
MT-TM	6	0.0001044854451006795	0.8915472527472528	0.7874636000103452
MT-TM	7	8.977353484002277e-05	0.8707885714285715	0.7542710849271167
MT-TM	8	1.351341257234075e-05	0.9324188481675393	0.45489786442157576
MT-TM	9	0.0001741733246590333	0.8351857142857142	0.7020323991223929
MT-TM	10	7.366159302601582e-05	0.5724363636363636	0.6372619503823683
MT-TM	11	0.001194288906386649	0.11166315789473684	0.8546664446153196
MT-TM	12	0.0008162750998413742	0.3350091743119266	0.8048761381466588
MT-TM	13	7.228296342893612e-07	0.7661044585987261	0.6150735533674402
MT-TM	14	0.00015775464567886134	0.7284556291390729	0.728654945343616
MT-TM	15	-5.641078902767722e-05	0.8696965517241378	0.6978265929066478
MT-TM	16	0.0015786721853223915	0.18309	0.3069044748774335
MT-TM	17	0.0026267655793763586	0.035904000000000005	0.18687533508830087
MT-TM	18	0.0002699214062472581	0.7414615384615384	0.5036469610521599
MT-TM	19	1.9672391093401205e-05	0.9576723618090452	0.6331688223951146
MT-TM	20	0.0008826658176547889	0.2079325301204819	0.8248960051589428
MT-TM	21	0.0011920162316385256	0.12867692307692308	0.8489176200696323
MT-TM	22	0.0002914191745132767	0.8164975609756098	0.693637796707891
MT-TM	23	-0.000284272385408024	0.5172283464566929	0.5064480276954276
MT-TM	24	0.00012423089399754084	0.9324188481675393	0.6480118119086566
MT-TM	25	0.0004817723978026993	0.5172283464566929	0.7008553451992641
MT-TM	26	0.0015896768783396516	0.09415384615384616	0.833221110202818
MT-TM	27	0.0016384722329569085	0.09101538461538461	0.8229489477832924
MT-TM	28	0.001477405186022502	0.10311272727272726	0.8172326954481047
MT-TM	29	-3.161165707620349e-05	0.3824556521739131	0.6079462222440326
MT-TM	30	1.3072241307252323e-05	0.48892	0.6180332100454996
MT-TM	31	0.0003418049499721443	0.868186046511628	0.6984348158951655
MT-TM	32	0.0004403851885566691	0.8871733333333334	0.725958318754426
MT-TM	33	-0.00015387797979198796	0.785977358490566	0.5591281851582574
MT-TM	34	1.4064245356400535e-05	0.6347652173913043	0.618369984224845
MT-TM	35	0.0008944061417109625	0.26311836734693883	0.769245965038957
MT-TM	36	0.0009960407612808646	0.9552969696969696	0.7572999792208212
MT-TM	37	0.001697442396775077	0.09131428571428571	0.8371895531532384
MT-TM	38	0.00084076129612048	0.3350091743119266	0.7406002349825332
MT-TM	39	0.0011140803139986961	0.15400563380281693	0.8116665451595552
MT-TM	40	-4.6090239852548644e-05	0.9324188481675393	0.6004784064244368
MT-TM	41	4.981260061181404e-05	0.897822950819672	0.6402630908972601
MT-TM	42	1.5092896488726453e-05	0.971689552238806	0.633138798714854
MT-TM	43	-1.4364881728967202e-05	0.7947130434782608	0.6974881458121626
MT-TM	44	0.0006633934320596191	0.2496258064516129	0.3749562482347962
MT-TM	45	-0.00023123678416559312	0.9552969696969696	0.7249680482871858
MT-TM	46	0.0007675947910507674	0.32178113207547165	0.43299529705152845
MT-TM	47	0.0010254329894070072	0.256275	0.40785322652874295
MT-TM	48	-0.0007025158256396185	0.06799999999999999	0.8229050431336651
MT-TM	49	-0.0010940976435950935	0.012750000000000001	0.8275612594160614
MT-TM	50	0.0026272169867963286	0.031930434782608694	0.34783579492376
MT-TM	51	0.006489784219153289	0.0	0.13124235208158005
MT-TM	52	0.0039484618201479395	0.02856	0.32668039069027965
MT-TM	53	0.006789380062035509	0.0	0.15802364657476928
MT-TM	54	0.003516588268003389	0.034	0.3370758896662999
MT-TM	55	0.005852118393848571	0.0	0.11870755347012298
MT-TM	56	-0.0005387413019907734	0.48892	0.6976575195270686
MT-TM	57	-0.0005336551811546752	0.23884044943820223	0.7391885272099374
MT-TM	58	0.0009236956901450973	0.23784545454545455	0.4336898900420436
MT-TM	59	0.0008165528156677302	0.2496258064516129	0.42560121693783626
MT-TM	60	-0.0001451727351696446	0.8164975609756098	0.6845760107304115
MT-TM	61	-7.373899348302242e-05	0.9324188481675393	0.6937466451453981
MT-TM	62	0.00012792315434129493	0.7414615384615384	0.5389818233174344
MT-TM	63	0.0008295500872058589	0.2555368421052632	0.3045474137733413
MT-TM	64	2.673666550327903e-05	0.971689552238806	0.734525441908581
MT-TM	65	3.853142266945729e-05	0.9324188481675393	0.6403942481462938
MT-TM	66	0.00047047488631672533	0.5291250000000001	0.7933895261781135
MT-TM	67	1.2307762400019456e-05	0.9552969696969696	0.6339582730439456
MT-TM	68	4.539190141505498e-05	0.9552969696969696	0.5386233044761527
MT-TW	1	0.0004572894898967474	0.8469777777777778	0.6193542070555059
MT-TW	2	0.0016142820835755483	0.03725217391304348	0.8390116808986446
MT-TW	3	-0.00014970275952525986	0.9544449438202246	0.43545947620418807
MT-TW	4	-6.532250301095252e-05	0.9908571428571429	0.4274996517207787
MT-TW	5	-5.692761268181906e-05	0.8469777777777778	0.4015960821091955
MT-TW	6	0.00011431556603426788	0.9956	0.5905182089408698
MT-TW	7	0.0004983969913201013	0.37779230769230765	0.7229321207269482
MT-TW	8	9.509111925235014e-05	0.9956	0.567749119619798
MT-TW	9	8.972164332897224e-05	0.8852142857142856	0.5621482584852997
MT-TW	10	0.000959033376599765	0.08419047619047619	0.8209982444637031
MT-TW	11	0.0006812925455707011	0.5493073170731707	0.7729582133819551
MT-TW	12	4.775034307800456e-05	0.9748061538461539	0.610319661965334
MT-TW	13	0.0002152980102580644	0.9956	0.41820621149559883
MT-TW	14	0.0003212630031503197	0.7803337748344371	0.4334762489322439
MT-TW	15	0.0018401346432199758	0.049111111111111105	0.23245498102851522
MT-TW	16	0.002940752209722218	0.0018545454545454549	0.1668805106517297
MT-TW	17	0.004075889800377259	0.0	0.08697855346126894
MT-TW	18	0.0033287052549969298	0.0	0.1372556869018324
MT-TW	19	0.002587449957613218	0.0	0.1538421710408703
MT-TW	20	0.00046164124192378536	0.6104999999999999	0.4021260808344473
MT-TW	21	-0.00020538179704068958	0.5863454545454545	0.6842707636702715
MT-TW	22	7.62473673989213e-05	0.9956	0.6242234129004002
MT-TW	23	0.0006481616089957996	0.6647124087591241	0.7739920600043124
MT-TW	24	0.0006403070016267531	0.32682947368421056	0.7674760967009758
MT-TW	25	2.0890324154569853e-05	0.9689465968586388	0.32588178717395744
MT-TW	26	0.0001092653545455244	0.9689465968586388	0.36874242693366516
MT-TW	27	0.000191164962158279	0.8852142857142856	0.7029270124385872
MT-TW	28	-0.0002913575798514023	0.38413584905660375	0.2376251704073562
MT-TW	29	0.0013617544219871414	0.049111111111111105	0.8026804737004222
MT-TW	30	0.001789707412666303	0.0374	0.7997568084049274
MT-TW	31	0.001246708963951284	0.36799223300970874	0.7416654688774623
MT-TW	32	0.00026934437096663244	0.9748061538461539	0.5791617168677584
MT-TW	33	0.0002744639140540907	0.9748061538461539	0.5823837748232045
MT-TW	34	0.0008381784384985068	0.331704	0.6900410090155057
MT-TW	35	0.0006743604694348604	0.9956	0.6566163372024899
MT-TW	36	0.0008420353903887706	0.8704829268292683	0.6832530007627172
MT-TW	37	0.0006964832245780782	0.9544449438202246	0.6512796056193307
MT-TW	38	0.0019654145235332363	0.008654545454545455	0.833567676424687
MT-TW	39	0.0011433285820491692	0.14279999999999998	0.7777763309333046
MT-TW	40	-0.00013130256262955476	0.4978285714285714	0.246256811829309
MT-TW	41	2.580919190909809e-05	0.9956	0.44677020850910254
MT-TW	42	0.00028375944570614107	0.7479062068965516	0.3547523042468881
MT-TW	43	0.0007720895815172508	0.2035142857142857	0.21295322422992613
MT-TW	44	0.00011419668258070154	0.9689465968586388	0.43619998067147076
MT-TW	45	-1.5186224325516586e-05	0.7851315789473683	0.7550280913758997
MT-TW	46	0.000883973815869194	0.11116521739130435	0.10472919766411666
MT-TW	47	9.580335410600735e-06	0.9689465968586388	0.5907890156088352
MT-TW	48	-9.335481302546195e-06	0.8786746987951807	0.5737197312055495
MT-TW	49	-0.00014479672502462602	0.4975525423728814	0.7874965536838938
MT-TW	50	-0.00017552022095487503	0.9689465968586388	0.5629703968537202
MT-TW	51	0.0023634817049488677	0.003022222222222222	0.15236887670220037
MT-TW	52	0.0017001585757936523	0.035359999999999996	0.2753419369220091
MT-TW	53	0.002363855937789974	0.009600000000000001	0.22207643755907588
MT-TW	54	0.002422616236432388	0.026228571428571427	0.2227740138652724
MT-TW	55	0.002649827546022701	0.0	0.18326327315035673
MT-TW	56	0.002923639224107181	0.0	0.11774200833147996
MT-TW	57	0.0014032314266675724	0.14803076923076922	0.2513758453908716
MT-TW	58	-0.00012463886370678423	0.8379493670886076	0.6139187720287367
MT-TW	59	2.6372823756569604e-05	0.9956	0.6240781213478352
MT-TW	60	0.0003491343054814766	0.6008177777777778	0.7503349043769082
MT-TW	61	0.0004159303806360846	0.88728	0.708095814229584
MT-TW	62	2.876686163840612e-05	0.8034666666666667	0.5390677766197974
MT-TW	63	-2.4803126880654532e-05	0.9956	0.484189421470244
MT-TW	64	-4.0908205693134985e-05	0.9748061538461539	0.47794371539344715
MT-TW	65	-0.00011998215217823642	0.7803337748344371	0.4611117433989144
MT-TW	66	0.0015513633431990632	0.05697931034482758	0.8083243178479851
MT-TW	67	0.0013549867317208695	0.10500000000000001	0.7582038503554487
MT-TW	68	0.0014146349772494972	0.08225806451612905	0.7880873859778069
MT-TA	1	-0.00014395631112016616	0.549980487804878	0.3210173683826809
MT-TA	2	3.5976494009982324e-05	0.7051184713375797	0.5458493015185463
MT-TA	3	0.0012675129075307148	0.04911864406779661	0.75191751105729
MT-TA	4	0.0013246437261570706	0.04509642857142858	0.7732558131203925
MT-TA	5	-0.0004254290754469974	0.3966514285714286	0.34889681861882865
MT-TA	6	-0.0001639327286530269	0.7228075471698113	0.48592736208354387
MT-TA	7	0.0009526029774764569	0.07245	0.7226031830367466
MT-TA	8	0.0009161024246943098	0.189	0.7238467328334313
MT-TA	9	0.0005045575174401325	0.7353675	0.6564931365948891
MT-TA	10	0.0005243895842781914	0.7362000000000001	0.6787660320297603
MT-TA	11	0.0006272842394534243	0.6848013698630137	0.654635405082163
MT-TA	12	0.0011660161665230835	0.7051184713375797	0.7191374174161198
MT-TA	13	0.0008619969419212479	0.8174705202312139	0.6745380897212919
MT-TA	14	0.0013547094936303082	0.055200000000000006	0.7691600481459298
MT-TA	15	0.0004971086122319254	0.6093466666666667	0.671333450673275
MT-TA	16	-2.7857376924001072e-05	0.7129708860759495	0.38863794244507316
MT-TA	17	9.661781289078143e-05	0.9899648780487805	0.3303875166517592
MT-TA	18	0.00010202744138116082	0.9552895522388061	0.5772687575711087
MT-TA	19	0.001177029142237748	0.12912857142857145	0.7531885605855168
MT-TA	20	0.001251821102385988	0.5674046511627907	0.7603254232014455
MT-TA	21	0.0009376558886783508	0.47966896551724136	0.7609189361297197
MT-TA	22	-4.376804019738661e-05	0.6848013698630137	0.29320622953516723
MT-TA	23	0.0009328761382893068	0.06272727272727273	0.205839641966152
MT-TA	24	0.0005316781705822313	0.6093466666666667	0.33246648461956474
MT-TA	25	8.088954953034402e-06	0.9204893617021276	0.5056397096402595
MT-TA	26	0.0005131745724752892	0.4659315789473684	0.7911754234222187
MT-TA	27	0.0003106349773158387	0.7051184713375797	0.763323152156233
MT-TA	28	0.00030734510072650964	0.9204893617021276	0.3899026571423481
MT-TA	29	0.00025481769914500926	0.908311475409836	0.4181972547319887
MT-TA	30	9.524568852598175e-05	0.9572985221674877	0.4659950139853557
MT-TA	31	-2.5131529927475397e-06	0.8174705202312139	0.566008055095179
MT-TA	32	4.612590340649031e-05	0.9584911764705882	0.6197490353851515
MT-TA	33	5.962545185235913e-05	0.9912	0.6913835732245716
MT-TA	34	0.0005007456019978182	0.6664531468531468	0.3640069567241371
MT-TA	35	0.0010608386501933145	0.16219058823529411	0.27812558605045506
MT-TA	36	0.0001812725008445262	0.908311475409836	0.4693292314990157
MT-TA	37	-3.422071608798432e-06	0.908311475409836	0.5425699912208107
MT-TA	38	1.5632746329565266e-05	0.9552895522388061	0.586287897457949
MT-TA	39	-5.081204666291348e-05	0.7051184713375797	0.6237688560224278
MT-TA	40	0.0007975402545572821	0.18095056179775282	0.2893846465965046
MT-TA	41	0.000879187150082119	0.09604799999999998	0.25094813586378434
MT-TA	42	-2.4295223739605116e-06	0.8141188235294117	0.6186314186195377
MT-TA	43	0.00028739160846253384	0.6664531468531468	0.7226791328338962
MT-TA	44	-3.1979700891886325e-05	0.9172548387096774	0.5080604528959975
MT-TA	45	0.0006395602538100511	0.29195625	0.7559569675865271
MT-TA	46	9.413849672333087e-06	0.9556841584158415	0.5572766547822999
MT-TA	47	0.0001008994673983294	0.908311475409836	0.49561029224899755
MT-TA	48	0.0009834824530349237	0.549980487804878	0.3727898918997447
MT-TA	49	0.0004293386802731157	0.40432710280373835	0.48009380973060006
MT-TA	50	0.0031750581496023176	0.0	0.22540973250468524
MT-TA	51	0.0030824575726989575	0.0	0.26394840743778003
MT-TA	52	0.003923355852145993	0.0	0.22442101082776647
MT-TA	53	0.004527366045380701	0.0	0.19045899944507383
MT-TA	54	0.003364625538634182	0.0	0.25707102303904766
MT-TA	55	0.003715798598015898	0.0	0.20664129141526275
MT-TA	56	0.0025171462618976954	0.0	0.26833788860371016
MT-TA	57	-7.642082160665062e-05	0.9912	0.5468758015101258
MT-TA	58	0.0009618166044338942	0.4434648648648649	0.3488307571864766
MT-TA	59	-7.949438694473454e-05	0.6984851351351352	0.635868366087648
MT-TA	60	0.0005976138443018674	0.3210612244897959	0.768234082139292
MT-TA	61	0.0008800725736820039	0.092	0.7335387379841309
MT-TA	62	0.0010817169196394429	0.04296226415094339	0.7343231471192482
MT-TA	63	0.0007160268727225684	0.5318847457627119	0.6952057420552116
MT-TA	64	-0.0003141662226507076	0.9552895522388061	0.43344466732388726
MT-TA	65	0.0010413966051490168	0.1878923076923077	0.7145099699343002
MT-TA	66	0.0015519508545895372	0.03886530612244898	0.7694627043887804
MT-TA	67	0.0010080155148197321	0.3588	0.7223748362704497
MT-TA	68	0.00036730256669551984	0.9241619047619049	0.644569085830844
MT-TA	69	1.5122967629531111e-05	0.9552895522388061	0.5425435229484609
MT-TN	1	0.0010248411004618052	0.1647920792079208	0.7440964674660174
MT-TN	2	0.0003004174734785667	0.9988	0.6055821462737937
MT-TN	3	0.0014528725236307239	0.01510344827586207	0.8365385178186552
MT-TN	4	0.0004915311773213471	0.7201065789473685	0.7145868373257632
MT-TN	5	7.408029434257795e-05	0.9988	0.36966955584810446
MT-TN	6	0.00034303448762714904	0.7201065789473685	0.33635089377111466
MT-TN	7	-3.5002573406444066e-05	0.9765314285714286	0.5743782232477239
MT-TN	8	0.00012210782560416708	0.9511860962566846	0.7630988581278727
MT-TN	9	2.3916562784482844e-05	0.9765314285714286	0.6019558143354823
MT-TN	10	5.4281232578396555e-05	0.9843795348837209	0.6638345935690856
MT-TN	11	0.00025612620358298307	0.8184111111111112	0.7707919365142369
MT-TN	12	4.185927887259657e-06	0.948921081081081	0.7257536800691112
MT-TN	13	7.673660211718519e-06	0.9843795348837209	0.5372284915817657
MT-TN	14	0.0003897210105521702	0.9765314285714286	0.4345132099548054
MT-TN	15	0.0021755866202495216	0.0	0.18294695766244404
MT-TN	16	0.002238875505223663	0.001825	0.20952789585593776
MT-TN	17	0.0006652194994158974	0.783166037735849	0.43167626774617224
MT-TN	18	0.0013228929487286867	0.14006875000000002	0.34173011273600123
MT-TN	19	0.002677211030969172	0.0	0.17024975640263515
MT-TN	20	0.0017226214181222607	0.007963636363636364	0.25734478166671254
MT-TN	21	0.0006436233482564334	0.5019890625	0.3896247274457807
MT-TN	22	0.0002984190605751613	0.774539240506329	0.42960022480020116
MT-TN	23	-7.903327866988717e-05	0.948921081081081	0.6701746154698539
MT-TN	24	0.00012553590249333185	0.948921081081081	0.7923032033663753
MT-TN	25	0.00014042779106566113	0.9765314285714286	0.40349019408091036
MT-TN	26	0.0006206060455725934	0.30311150442477874	0.24789262916756385
MT-TN	27	5.1888061016263394e-05	0.9765314285714286	0.6000933985397033
MT-TN	28	0.0008343174459497091	0.07884	0.7707412115191837
MT-TN	29	0.0011754972649210312	0.03763098591549296	0.7596239338280822
MT-TN	30	0.0017197777749726761	0.01510344827586207	0.8072452411447532
MT-TN	31	0.0017815285131852316	0.011620408163265305	0.8051023577051901
MT-TN	32	0.0007982431494613974	0.9534031746031747	0.6952367119847124
MT-TN	33	0.00010386838479049689	0.948921081081081	0.5688447435614085
MT-TN	34	0.0002893406864731024	0.9534031746031747	0.6222224443026884
MT-TN	35	6.548788763197235e-05	0.9765314285714286	0.5618192909454208
MT-TN	36	0.00017322203922874826	0.9765314285714286	0.5870440587235429
MT-TN	37	0.0012156344214968773	0.20964466019417474	0.7680405734670345
MT-TN	38	0.0012608411869517618	0.04495263157894737	0.7523327061990716
MT-TN	39	0.0016422063250448003	0.012023529411764705	0.7857385152471843
MT-TN	40	0.001463343688927016	0.012396226415094339	0.7755468018031461
MT-TN	41	0.0014134199255797606	0.028565217391304343	0.8137152760124735
MT-TN	42	0.0002519765106800827	0.9544272251308901	0.6323585155165806
MT-TN	43	7.684141554721634e-06	0.948921081081081	0.4871846406088007
MT-TN	44	0.0010430200685293378	0.020215384615384614	0.22198839152383854
MT-TN	45	0.0016598666418063367	0.0	0.1687511775648135
MT-TN	46	0.0012696451808066	0.00591891891891892	0.26022075932129496
MT-TN	47	0.000948127828835812	0.04495263157894737	0.3178891251237635
MT-TN	48	0.0013153521154690045	0.005005714285714286	0.22006838099447312
MT-TN	49	0.0002901654517998092	0.76636050955414	0.4316408464735511
MT-TN	50	4.0374336399753976e-05	0.9785459715639809	0.7535835622166792
MT-TN	51	0.00034947282892363	0.7201065789473685	0.7712785335628393
MT-TN	52	0.0004511807720483446	0.5550179104477612	0.8069515130157994
MT-TN	53	7.181130062522157e-05	0.9988	0.8176013019861217
MT-TN	54	0.0011863902072760913	0.08182417582417582	0.22174739404588562
MT-TN	55	0.0008339386783992107	0.23684444444444444	0.3663882814281619
MT-TN	56	0.0024712636916306607	0.0	0.1614999890029698
MT-TN	57	0.0015498391114078366	0.052771084337349394	0.28406632018311545
MT-TN	58	0.0003052861440205681	0.9765314285714286	0.4739544111883555
MT-TN	59	0.001059792770589113	0.24528000000000003	0.3026658810171327
MT-TN	60	0.000996302094405847	0.16162200000000002	0.24891712727849521
MT-TN	61	1.2699978392760923e-05	0.948921081081081	0.7696161532036582
MT-TN	62	0.00029392881853913946	0.7297192307692307	0.7577243834172892
MT-TN	63	0.0001887896899082526	0.948921081081081	0.7203214702824585
MT-TN	64	1.6508750904047388e-07	0.9765314285714286	0.5415065459069544
MT-TN	65	0.0009283723355218294	0.051812195121951225	0.2532925854313587
MT-TN	66	0.0011026172867617272	0.01510344827586207	0.19789147861078127
MT-TN	67	0.0006526545865757693	0.5019890625	0.29659004716755194
MT-TN	68	0.00016699847076995776	0.9984777777777777	0.3660570522815749
MT-TN	69	0.00030852509899529203	0.7201065789473685	0.6661741758482617
MT-TN	70	0.0013955186578630862	0.016514754098360656	0.8225938705471464
MT-TN	71	0.0015714361101139332	0.011620408163265305	0.820801369184084
MT-TN	72	0.001467017966973845	0.07217045454545455	0.7976275111063282
MT-TN	73	0.0007507515741677161	0.5713466666666667	0.7107883293310971
MT-TC	1	-6.21688953981498e-05	0.7747441340782123	0.5042013030258359
MT-TC	2	0.0014813303390233572	0.06554482758620689	0.8160954139834958
MT-TC	3	0.0002697517179692057	0.7316682352941177	0.5974489085672118
MT-TC	4	-0.0004553832947191436	0.28762105263157894	0.19140618045735483
MT-TC	5	0.00021050889766688701	0.7139715976331361	0.6043353611743068
MT-TC	6	-0.00021003895918838362	0.9208538860103628	0.4177844756195963
MT-TC	7	0.0004183881996069301	0.6421215189873417	0.6962898033425861
MT-TC	8	-7.43201558269937e-05	0.6261428571428572	0.4224160499255283
MT-TC	9	-3.096218257250447e-05	0.8714152173913042	0.47019428085980847
MT-TC	10	0.000259706637515963	0.9208538860103628	0.7188801432594741
MT-TC	11	0.0004499764714340005	0.7535445086705203	0.7285297859397479
MT-TC	12	0.0006023383932692573	0.4024	0.8384532299928006
MT-TC	13	0.0002734200980074205	0.8860761904761905	0.41050477381599065
MT-TC	14	0.002116382803043399	0.0040965517241379305	0.13349583704291765
MT-TC	15	0.002044184932506425	0.017470588235294116	0.18667085380329276
MT-TC	16	0.0017857093879796316	0.025686486486486484	0.18053941331334247
MT-TC	17	0.0001462444871459691	0.9421163265306122	0.46226875779058174
MT-TC	18	0.000516236484028149	0.49246153846153845	0.8435768968750578
MT-TC	19	0.0002719505784202995	0.8832705882352941	0.7155810598931955
MT-TC	20	0.00013419527608877425	0.8799290322580645	0.33809741814128436
MT-TC	21	0.0007749424506746141	0.20890434782608697	0.18451083050160197
MT-TC	22	-5.6560265089594585e-06	0.917677894736842	0.529169839253063
MT-TC	23	0.00023549686141190976	0.7734305084745762	0.2925484319214868
MT-TC	24	0.00047678836603167975	0.562487323943662	0.7412715364029069
MT-TC	25	0.000229893648674423	0.9421163265306122	0.6074307558538115
MT-TC	26	0.00030493787427732314	0.5487428571428572	0.6237442319693836
MT-TC	27	-0.0002323687802274751	0.5629846153846154	0.3904488680197953
MT-TC	28	0.00023365640922434254	0.6427006211180124	0.6013698345936412
MT-TC	29	0.0005907650358322319	0.6472888888888889	0.6648265835257242
MT-TC	30	0.0012338471774944956	0.2696054794520548	0.7605207032391155
MT-TC	31	0.0010280643006748366	0.4024	0.7261104167423208
MT-TC	32	0.0005975649983912495	0.8703344262295083	0.6632742612863662
MT-TC	33	5.22875733091979e-05	0.923659793814433	0.5406266847128771
MT-TC	34	0.0008060735540670726	0.3308048780487805	0.7274832697884501
MT-TC	35	0.0005667158698565801	0.4997454545454546	0.6910689359958874
MT-TC	36	0.00033461250115156906	0.7073132530120482	0.6716910634346789
MT-TC	37	6.098409441402403e-05	0.8292065934065933	0.41932150632907517
MT-TC	38	0.0001754328202350464	0.9538172588832486	0.4109422827781411
MT-TC	39	0.0002661464689155623	0.7380421052631578	0.3699105378780471
MT-TC	40	-9.059854555829716e-05	0.5487428571428572	0.6377269255570449
MT-TC	41	0.0005830210582725047	0.37170000000000003	0.2665723063993208
MT-TC	42	0.00041572291015384025	0.5411014925373134	0.27516412058778184
MT-TC	43	0.0002816965205370465	0.64152	0.7575900155460906
MT-TC	44	1.9175546229765997e-05	0.9696	0.4864571533500972
MT-TC	45	0.00016280200876319197	0.6421215189873417	0.4512606940368881
MT-TC	46	-0.0006423125048785681	0.14394285714285715	0.6938272207583377
MT-TC	47	0.0025031506402926093	0.0028285714285714286	0.18647385565174868
MT-TC	48	0.0033771621331465597	0.0	0.1607236591274567
MT-TC	49	0.004019142322848439	0.0	0.14219532378715877
MT-TC	50	0.004500493875690746	0.0	0.12194704298278813
MT-TC	51	0.003041501150683289	0.0015840000000000001	0.22420664246329433
MT-TC	52	0.002222866845987053	0.03791489361702127	0.27466592439287446
MT-TC	53	0.0027540480682174246	0.0015840000000000001	0.18999662831035416
MT-TC	54	0.0024525901228485045	0.0	0.16439105272907958
MT-TC	55	2.391273930291564e-05	0.7734305084745762	0.5182723364405174
MT-TC	56	-5.9113127910934545e-05	0.5974320000000001	0.7259736816290888
MT-TC	57	0.0004987555138946084	0.42525405405405403	0.7918949694860801
MT-TC	58	0.0009383416673684615	0.11087999999999999	0.8097608032588153
MT-TC	59	0.001057090299262566	0.09866440677966101	0.7848498213685674
MT-TC	60	0.0011445132735911944	0.06554482758620689	0.7826758135084355
MT-TC	61	0.0014585552744977553	0.02574	0.8118620716036501
MT-TC	62	0.0010301676322194229	0.3554682352941177	0.7424109352807898
MT-TC	63	0.001648138466092187	0.028800000000000003	0.8056936178994839
MT-TC	64	0.0016800799111168808	0.039599999999999996	0.7991783998560686
MT-TC	65	0.0006686329757375387	0.4997454545454546	0.6809056290845747
MT-TC	66	-0.0001098963493138262	0.593468456375839	0.47297184557613353
MT-TY	1	0.0009612169091393373	0.492375	0.7321971443248457
MT-TY	2	0.0015919065644726018	0.1776666666666667	0.8068979728285947
MT-TY	3	0.0011647920571384986	0.30073333333333335	0.7774175257653605
MT-TY	4	0.00010365958080074092	0.738	0.6045411150631098
MT-TY	5	-0.0001225737040558499	0.9810621761658032	0.5120639148755726
MT-TY	6	-7.468653811135564e-05	0.9351475409836066	0.48784686782184217
MT-TY	7	-4.246793827235351e-05	0.8143509933774835	0.44768944460582233
MT-TY	8	0.00015497235694402975	0.8854772727272727	0.65216919975
MT-TY	9	0.00028312004462112145	0.9117333333333333	0.6684558282705714
MT-TY	10	0.0010944642611188707	0.19807894736842108	0.819696888336197
MT-TY	11	0.0010889506423206248	0.30073333333333335	0.8187581545190122
MT-TY	12	5.628101805863509e-05	0.9926	0.607515438467833
MT-TY	13	0.0007854910257710828	0.45976056338028165	0.805517850873204
MT-TY	14	0.0005496108010398119	0.6277304347826086	0.7959106404134958
MT-TY	15	-1.8869160927768346e-05	0.9351475409836066	0.5933994086290787
MT-TY	16	0.0022798831706365894	0.05633333333333333	0.2124777538516294
MT-TY	17	0.0025339620652885786	0.023739130434782606	0.20345419328011669
MT-TY	18	0.00040631588528437546	0.7073467741935483	0.4716628179242219
MT-TY	19	0.000558757216723577	0.6945867768595041	0.302642652090403
MT-TY	20	0.0005819254422020221	0.46905405405405404	0.8157683242312469
MT-TY	21	0.00043656667032759155	0.56325	0.7460773424119452
MT-TY	22	1.7843325191093913e-05	0.9480962566844919	0.4227985179405936
MT-TY	23	-3.034755553980133e-06	0.8584727272727274	0.6070098509328754
MT-TY	24	0.00018909135137921938	0.7832275862068966	0.7047364361359594
MT-TY	25	8.892693223487207e-05	0.8143509933774835	0.6227094502905227
MT-TY	26	0.0008713282015210074	0.39817741935483864	0.8125485128512234
MT-TY	27	-0.00017240861468673267	0.7500223880597015	0.4389424022351223
MT-TY	28	0.00013560487715932553	0.8671077844311378	0.6386668102380252
MT-TY	29	5.462796017105049e-05	0.9810621761658032	0.5995156594067246
MT-TY	30	0.00043311722993246636	0.8143509933774835	0.7013005371702034
MT-TY	31	7.955473310809865e-05	0.7832275862068966	0.6035738587249156
MT-TY	32	0.0007288437763590394	0.56325	0.762828061799958
MT-TY	33	4.9217323875475856e-05	0.8854772727272727	0.5978466793041082
MT-TY	34	8.533954858619061e-05	0.9374677419354839	0.6215169557250695
MT-TY	35	-6.588978171264152e-05	0.9581968085106382	0.5241822158114141
MT-TY	36	0.0006722094635470494	0.5088139534883721	0.8011371798099618
MT-TY	37	-3.019820713842445e-05	0.8854772727272727	0.4996464120917175
MT-TY	38	1.7096483772119095e-05	0.9714920634920636	0.5467113334928682
MT-TY	39	0.00012177296909897475	0.8463	0.5233758138516759
MT-TY	40	0.001974340934836729	0.051	0.2091460103505941
MT-TY	41	0.0020349993380021085	0.0195	0.21278279315581827
MT-TY	42	-9.294894419853692e-05	0.7832275862068966	0.612589360820829
MT-TY	43	-3.3430790173221434e-05	0.9799263157894738	0.5954569571373179
MT-TY	44	0.00033879967080800515	0.8143509933774835	0.4092835416537551
MT-TY	45	-2.854698229629641e-05	0.7682158273381294	0.7843779408844537
MT-TY	46	0.00032583214594390965	0.8241835443037974	0.45251156814100496
MT-TY	47	-0.0002487812862200835	0.4847848101265822	0.7550828391964061
MT-TY	48	-0.00041370790510012785	0.5413369565217391	0.6724732460436794
MT-TY	49	0.004259504233870643	0.0	0.158794766110512
MT-TY	50	0.005101384082401738	0.0	0.16972162423026504
MT-TY	51	0.004713816948049119	0.0	0.20764639033434196
MT-TY	52	0.003990374459177139	0.0026000000000000003	0.2244511406976589
MT-TY	53	0.002820693294952593	0.018571428571428572	0.24698103115162962
MT-TY	54	-0.0005784121399554309	0.312	0.7593392488013025
MT-TY	55	-0.00011669417182426085	0.5985803571428572	0.813955770572205
MT-TY	56	0.00038392737875526635	0.8854772727272727	0.4022298650770227
MT-TY	57	8.075927276176343e-05	0.9810621761658032	0.7579504142313921
MT-TY	58	4.709095853298556e-05	0.9278121546961325	0.5133778223848873
MT-TY	59	2.9953126975183737e-05	0.9926	0.6205869007153408
MT-TY	60	0.0001247918074555911	0.9117333333333333	0.6533473488097034
MT-TY	61	0.00017949166251684016	0.8334716981132075	0.6458348370119479
MT-TY	62	0.0006624738123525931	0.505164705882353	0.7358036507635193
MT-TY	63	-3.487685191482402e-05	0.7421818181818182	0.5695012848904075
MT-TY	64	0.000652193806069907	0.56325	0.6910195767272803
MT-TY	65	0.0009662518196099727	0.47424000000000005	0.7442575664098516
MT-TS1	1	0.00018540257683695904	0.6992593548387096	0.4803961671468345
MT-TS1	2	1.5806729883181347e-05	0.9404314720812182	0.6409192490333994
MT-TS1	3	3.2404143888840055e-05	0.9093214285714285	0.5935158965505166
MT-TS1	4	0.00016978417959281143	0.9633617647058823	0.648296101560498
MT-TS1	5	9.896602726577881e-05	0.84732	0.6146763516834827
MT-TS1	6	1.3958199498495807e-05	0.6992593548387096	0.5697014336063998
MT-TS1	7	0.00037530148000701805	0.5008164179104477	0.8006908771421712
MT-TS1	8	0.00048420314364236894	0.42408	0.27355300019730233
MT-TS1	9	-0.00010836087733652828	0.8581922651933702	0.6247579394819506
MT-TS1	10	2.234672982059008e-05	0.9662679611650485	0.5500467690618894
MT-TS1	11	-2.6173004970186963e-05	0.8712197802197802	0.5688401514256234
MT-TS1	12	0.00015221236700811738	0.9008215384615385	0.5248686620739104
MT-TS1	13	0.0007196720626351403	0.44091	0.40521980010120623
MT-TS1	14	0.001103363235550092	0.24000810810810813	0.3336119561582623
MT-TS1	15	0.0001340032185642516	0.840065142857143	0.5249609601644681
MT-TS1	16	-6.827691449840899e-05	0.9550979999999999	0.5779368273387657
MT-TS1	17	0.0019421248777704118	0.0396	0.2373072399708446
MT-TS1	18	0.001570494789950424	0.08916923076923076	0.29798951075055446
MT-TS1	19	0.0005562478769599256	0.6992593548387096	0.4346777079316832
MT-TS1	20	-0.0001188875727497544	0.47815419847328244	0.6000894896917665
MT-TS1	21	-0.00022717456489693808	0.3703252747252747	0.6433418731560572
MT-TS1	22	0.001254469112036906	0.108	0.3070220688153228
MT-TS1	23	0.0015978848262141446	0.0396	0.29490778689785313
MT-TS1	24	-1.3919600291089365e-05	0.9603980198019803	0.564201146646087
MT-TS1	25	0.0010041369187204646	0.20082089552238805	0.21678758222374764
MT-TS1	26	0.0003871268587048705	0.5841999999999999	0.7491597437679282
MT-TS1	27	0.0010683070602643214	0.5501136690647482	0.7850224561309075
MT-TS1	28	0.00168451278325227	0.042878571428571426	0.8227579321643127
MT-TS1	29	0.0011513219713098902	0.4162178571428572	0.769082231771207
MT-TS1	30	-2.1431443091488744e-05	0.8776799999999999	0.5549052769763119
MT-TS1	31	0.00032364134915240154	0.9550979999999999	0.6322282582934643
MT-TS1	32	0.0006281808414533083	0.7135566878980891	0.6766009230906497
MT-TS1	33	0.001630394937126358	0.13876666666666668	0.8035582895974777
MT-TS1	34	0.001709119832688906	0.09265714285714287	0.8038919073619487
MT-TS1	35	0.0019326445568900706	0.05475483870967743	0.8361496010948334
MT-TS1	36	0.0011174724528292448	0.37393548387096776	0.7389336553148205
MT-TS1	37	0.0006257820584664671	0.84732	0.7046288850806973
MT-TS1	38	0.00016053026585747298	0.9008215384615385	0.6607705283630996
MT-TS1	39	0.0006141782822735622	0.5501136690647482	0.3459407690692616
MT-TS1	40	0.0005894416758825241	0.4112660377358491	0.4267102683460801
MT-TS1	41	0.0030019810638719693	0.0	0.14688123037414702
MT-TS1	42	0.0030436963872454647	0.0	0.14008821171162025
MT-TS1	43	0.0027353856037911923	0.0	0.1342859236613663
MT-TS1	44	0.001688767160996402	0.005520000000000001	0.1703065192129479
MT-TS1	45	8.570122497449506e-05	0.9008215384615385	0.8007876150278873
MT-TS1	46	-2.58563834105835e-06	0.9008215384615385	0.5786477574741757
MT-TS1	47	-4.100239832420331e-05	0.8858709677419354	0.47640953953590176
MT-TS1	48	0.000872046572670683	0.24624935064935063	0.810907273762074
MT-TS1	49	0.0011289718582076014	0.14061724137931034	0.8355234575628039
MT-TS1	50	2.7746338882555892e-05	0.8893251336898396	0.5720633712747979
MT-TS1	51	-8.511302621210708e-05	0.7939058823529411	0.5123803401346315
MT-TS1	52	0.0007109143807180739	0.4162178571428572	0.8014939078714223
MT-TS1	53	-0.00010779146190379135	0.6992593548387096	0.42029119536725884
MT-TS1	54	0.0006230850064359086	0.4732390243902439	0.8204685061573397
MT-TS1	55	8.275992103893681e-05	0.9662679611650485	0.3106168338850636
MT-TS1	56	-8.198001221687123e-05	0.6992593548387096	0.46516629163707335
MT-TS1	57	0.000999697459780766	0.22533428571428574	0.8284332832181599
MT-TS1	58	0.0006767019575132771	0.4117	0.773229845450864
MT-TS1	59	-3.2213766150258055e-05	0.7358264150943397	0.4230856085447014
MT-TS1	60	0.00017321139846747117	0.84732	0.282853862049611
MT-TS1	61	0.0004691713894481087	0.4076914285714286	0.8358260466108103
MT-TS1	62	0.0007425557894526396	0.21247941176470586	0.8351738777256865
MT-TS1	63	0.0005295802366017077	0.4076914285714286	0.7481269400341107
MT-TS1	64	0.0004921942760947202	0.44053846153846155	0.7288692115531449
MT-TS1	65	0.0006853817906562258	0.3057614457831325	0.7967420192066097
MT-TS1	66	7.582228595879311e-05	0.9986	0.6209716218414213
MT-TS1	67	-9.515299374069139e-06	0.800560465116279	0.6844065322764812
MT-TS1	68	0.001576751996129131	0.12095294117647058	0.19255338309744885
MT-TS1	69	0.0012865976352097507	0.15959032258064518	0.27272927915210016
MT-TD	1	0.0004643358795356732	0.7892351999999999	0.2320876636180771
MT-TD	2	-4.874332130158456e-05	0.8969347826086957	0.3695825037896074
MT-TD	3	0.0009335979150307787	0.3678688524590164	0.7122032978970062
MT-TD	4	-6.933068234291142e-05	0.9123392670157068	0.3712620582572417
MT-TD	5	0.0001776016221804696	0.9384	0.5375012702843803
MT-TD	6	-0.00019066935191362205	0.7861714285714285	0.3057525521293711
MT-TD	7	0.00021548259725032845	0.8969347826086957	0.5242484742545194
MT-TD	8	0.0008465620575275742	0.23715	0.6485616190915952
MT-TD	9	0.00043366541782095754	0.950086432160804	0.5461085525648075
MT-TD	10	0.001560657608667364	0.14335135135135132	0.7335935996057534
MT-TD	11	-0.0002178181647093713	0.936734693877551	0.3817031470011367
MT-TD	12	0.0004693371105345032	0.7892351999999999	0.5737809743734471
MT-TD	13	-6.995258219759315e-05	0.8481802816901409	0.3763371376314031
MT-TD	14	0.00012875679124907703	0.9123392670157068	0.6361544002103016
MT-TD	15	0.0010063840543231102	0.38505	0.2194199828224662
MT-TD	16	0.00198910840632097	0.017739130434782608	0.14970840866462246
MT-TD	17	0.002398943902378854	0.00765	0.07850234293862576
MT-TD	18	0.00012735319749878398	0.8969347826086957	0.3811291901993023
MT-TD	19	0.0003386096417805429	0.8166181818181818	0.599373369611318
MT-TD	20	0.0014887136378025506	0.06255999999999999	0.7384914970317403
MT-TD	21	0.0011551998497951433	0.33004285714285714	0.6722984332480705
MT-TD	22	0.0008425187191632215	0.5264876712328768	0.6167254373074612
MT-TD	23	-0.00017254433938920406	0.6490909090909092	0.3587684820112796
MT-TD	24	0.0002626817443961887	0.8773316129032258	0.5859637735622196
MT-TD	25	7.2782521993809575e-06	0.9123392670157068	0.3124391571311515
MT-TD	26	3.51963535151762e-05	0.9619152709359607	0.32860028471110825
MT-TD	27	4.8189114856574056e-05	0.9511880597014926	0.49754071844168957
MT-TD	28	0.00011028320494067968	0.936734693877551	0.3183609721601377
MT-TD	29	7.645682960127186e-07	0.8969347826086957	0.36579938397820927
MT-TD	30	4.733177196736813e-06	0.8969347826086957	0.4467264960540615
MT-TD	31	0.0011532459052897993	0.5502486486486486	0.6782659787651234
MT-TD	32	0.0004203826480315136	0.8969347826086957	0.536946190336864
MT-TD	33	0.0012573376561193512	0.23715	0.6902150809821075
MT-TD	34	2.0085072008768385e-05	0.8969347826086957	0.45350336301053057
MT-TD	35	-1.6787121319168362e-05	0.8515621621621621	0.3852047061627511
MT-TD	36	0.00013299133662674457	0.962	0.27399380960262065
MT-TD	37	0.00046063137099523364	0.7674810810810812	0.6692515640379382
MT-TD	38	-2.3280025094108195e-07	0.9123392670157068	0.44396619948857935
MT-TD	39	3.0308700465469738e-05	0.9511880597014926	0.4892363284906794
MT-TD	40	-6.413883032926424e-06	0.8969347826086957	0.43699082407486767
MT-TD	41	-7.078833128954333e-07	0.8969347826086957	0.45748802424211304
MT-TD	42	0.00028002576116754906	0.8515621621621621	0.27783016203550087
MT-TD	43	6.876817087226455e-06	0.9123392670157068	0.4380973756237199
MT-TD	44	0.0002688140333447567	0.7861714285714285	0.2743045914871081
MT-TD	45	3.2724618549320705e-05	0.8969347826086957	0.5159044666016623
MT-TD	46	5.4765987783614955e-05	0.9250125	0.3993913932599698
MT-TD	47	0.00010813635481911889	0.9123392670157068	0.36404225522400263
MT-TD	48	0.00015259034532804361	0.8969347826086957	0.7223408102087262
MT-TD	49	-0.0004160112504643914	0.2788	0.7020468857682922
MT-TD	50	0.0015843346270925992	0.09081290322580646	0.19910918346394124
MT-TD	51	0.0023578858115603832	0.01632	0.1726854097357232
MT-TD	52	0.0020312355538815207	0.13522285714285712	0.23119599942828348
MT-TD	53	0.0021029308268451165	0.14335135135135132	0.23153750987636015
MT-TD	54	0.0031005262812712274	0.0	0.13138289468929304
MT-TD	55	0.00308001811514629	0.0	0.0825115059456717
MT-TD	56	1.639918268075362e-05	0.8291909774436089	0.44008370875461206
MT-TD	57	-9.062403621105421e-05	0.8969347826086957	0.533592675746343
MT-TD	58	-6.958829152042364e-06	0.9381928934010153	0.44979035477350443
MT-TD	59	0.00020234864193537384	0.9594059405940594	0.2793992584634631
MT-TD	60	0.0006175159725988522	0.47677714285714284	0.7280404343590713
MT-TD	61	-2.375495217465195e-05	0.8022937499999999	0.43332990653742165
MT-TD	62	0.0005932761362993878	0.6432	0.6631199043081918
MT-TD	63	2.781412362190381e-05	0.7892351999999999	0.4608784883959289
MT-TD	64	-8.705564692519756e-05	0.8441784172661871	0.2829585168709633
MT-TD	65	0.0007335048732379196	0.7184	0.645856672564549
MT-TD	66	0.0008042280621826797	0.5117	0.7057288878765982
MT-TD	67	-7.847958164463065e-06	0.9123392670157068	0.47148690015689604
MT-TD	68	0.0005310774921968015	0.8441784172661871	0.24389749506601555
MT-TK	1	0.0004765550183738641	0.6015808383233533	0.6169558936548286
MT-TK	2	-9.285874328187036e-05	0.7249060773480662	0.44904347375890125
MT-TK	3	-0.00022153206072072053	0.6560113636363636	0.39957164179210664
MT-TK	4	0.0008016805121306082	0.24609917355371902	0.6790683613979525
MT-TK	5	0.0010994311527496292	0.07267415730337079	0.7383394511381939
MT-TK	6	0.0003747273770098248	0.6307411764705884	0.6217569798286567
MT-TK	7	-8.555188574543196e-06	0.9442758620689655	0.47386820819755004
MT-TK	8	-8.65499296950057e-05	0.5187272727272727	0.4023836448933558
MT-TK	9	1.1790950152615678e-05	0.8928181818181817	0.4861847444957563
MT-TK	10	0.001180219974781365	0.29366929133858266	0.7308511276029085
MT-TK	11	0.0011558857119469599	0.20219469026548673	0.7288937603793245
MT-TK	12	0.00031037531771141875	0.7929424083769633	0.6147197780903454
MT-TK	13	3.0347989175916778e-05	0.966602870813397	0.4600276937553273
MT-TK	14	0.0010207673207834154	0.1796	0.23672402732370712
MT-TK	15	0.0017525175644211247	0.01209090909090909	0.17046963787822186
MT-TK	16	0.0017353953822419723	0.0118125	0.14099345319370482
MT-TK	17	0.0004363954143655276	0.6842011173184358	0.2928938088710015
MT-TK	18	0.00037443552168961214	0.6560113636363636	0.64131066907502
MT-TK	19	0.0015616925667618232	0.00711864406779661	0.7939355504332385
MT-TK	20	0.001195908227542966	0.05081481481481481	0.7311450173089238
MT-TK	21	-0.000559513860241377	0.03813157894736842	0.19416645662628115
MT-TK	22	-7.555788845841358e-05	0.5412151898734178	0.4593104422669602
MT-TK	23	0.0014368668295816945	0.019200000000000002	0.7084085934117245
MT-TK	24	0.0016430309903723744	0.09599999999999999	0.6954520874255771
MT-TK	25	0.0003607416307779301	0.9664038461538462	0.5290939451132025
MT-TK	26	0.0027434765675155744	0.0009545454545454546	0.778550818338038
MT-TK	27	0.0020075824286624753	0.0084	0.7331994728433416
MT-TK	28	-6.472039044234263e-05	0.6421387283236994	0.46954371616149465
MT-TK	29	0.0007429075095674195	0.5008993288590604	0.6134246460512678
MT-TK	30	0.0002960251515066234	0.7929424083769633	0.5420302142537025
MT-TK	31	0.00018594427898710076	0.9664038461538462	0.5198503000081098
MT-TK	32	0.0008127621361774293	0.7553152173913044	0.6172967594173933
MT-TK	33	0.000513807999033233	0.605	0.5588356512252953
MT-TK	34	0.00238194411092988	0.0048461538461538455	0.7516913529654548
MT-TK	35	0.001284433569869109	0.1965	0.6466417139173152
MT-TK	36	0.0020365724898134528	0.0026249999999999997	0.7482707622839347
MT-TK	37	0.0007707297375708315	0.7424590163934426	0.6159874134895861
MT-TK	38	0.00031816455264075945	0.6421387283236994	0.575385686268057
MT-TK	39	4.039378409339673e-05	0.9664038461538462	0.5188670525988502
MT-TK	40	0.00027183183010607214	0.6572881355932204	0.31791297610044733
MT-TK	41	0.00025781197169243104	0.7958238341968913	0.39512732008547147
MT-TK	42	0.001910430148385011	0.0	0.12330278669147877
MT-TK	43	0.0012991762720655328	0.01358823529411765	0.23042540848949541
MT-TK	44	0.0008684149926195458	0.2161025641025641	0.2838895514072488
MT-TK	45	0.0007078038094003049	0.7671702127659573	0.32427685731355976
MT-TK	46	-0.00034772773438417455	0.3236842105263158	0.5765093604804319
MT-TK	47	0.0005631041874324668	0.343970802919708	0.3827823953049763
MT-TK	48	-7.952640005799895e-05	0.9386268656716417	0.49185476362177205
MT-TK	49	0.0025460013583043025	0.0	0.22060285342501015
MT-TK	50	0.0029169440776118383	0.0	0.22059784151343365
MT-TK	51	0.004965995233832186	0.0	0.09753228897072057
MT-TK	52	0.004358831961010595	0.0	0.15052419203171016
MT-TK	53	0.0034943052194673033	0.0	0.20662151267487103
MT-TK	54	0.003655077088821008	0.0	0.1834921501935642
MT-TK	55	0.003269068200600312	0.0	0.19232182403443931
MT-TK	56	0.0019818560418371684	0.006	0.2783128091828926
MT-TK	57	0.002007998703378664	0.0018260869565217392	0.2528332520196559
MT-TK	58	0.0008903582211817383	0.2561311475409836	0.35977119744093145
MT-TK	59	-0.00028324137264318887	0.9846	0.5463638462092476
MT-TK	60	-0.0003597219915898136	0.38669999999999993	0.6422786967576307
MT-TK	61	4.4307214734591214e-05	0.7671702127659573	0.4636524046410228
MT-TK	62	-0.00011477171785358795	0.7958238341968913	0.5532814087763785
MT-TK	63	5.8248151011619085e-05	0.9664038461538462	0.619144745440997
MT-TK	64	-6.85992660173014e-05	0.7424590163934426	0.40480696737248545
MT-TK	65	0.00032715392231857373	0.7584972972972973	0.5994255581957524
MT-TK	66	6.0314669639704295e-05	0.6421387283236994	0.501491567231906
MT-TK	67	0.0007248792866305828	0.2743333333333333	0.6722128665564481
MT-TK	68	0.0009400962912707989	0.20782758620689654	0.7011686369585534
MT-TK	69	0.001112948115068523	0.16467326732673268	0.7526679323959641
MT-TK	70	4.295368908797521e-05	0.9410495049504951	0.25867285720064875
MT-TG	1	2.24457414016817e-05	0.8921454545454545	0.46209129754786255
MT-TG	2	-1.4210682733285728e-05	0.7045463414634147	0.44773554832899
MT-TG	3	0.00011626894896802091	0.7559860465116279	0.49083767426957653
MT-TG	4	9.731432001606144e-05	0.7936182857142856	0.4831223657127007
MT-TG	5	0.00022602476516842538	0.8912387096774192	0.5402708500747341
MT-TG	6	6.308352107886176e-05	0.963208040201005	0.4874984298540361
MT-TG	7	0.00020545862627685313	0.894625	0.5707442972779887
MT-TG	8	6.368376551167166e-05	0.9866	0.4818913649009437
MT-TG	9	0.0005969011577869637	0.46472195121951215	0.615392454094427
MT-TG	10	0.0012407806102307307	0.29437009345794396	0.7131705784000308
MT-TG	11	0.001588008117882331	0.0272	0.7495053667155044
MT-TG	12	0.0008327095971770617	0.29437009345794396	0.687645598038952
MT-TG	13	0.00012911099376303358	0.7559860465116279	0.37262714001184616
MT-TG	14	0.001192372902987419	0.2289795918367347	0.2224764626462481
MT-TG	15	0.0017092637206629	0.07595076923076922	0.22374413064208276
MT-TG	16	0.003517943350642406	0.0	0.08153749930010858
MT-TG	17	0.0028793467212567332	0.0	0.10901860874745724
MT-TG	18	0.0008691001129577094	0.32639999999999997	0.273640565703362
MT-TG	19	-5.805709785832535e-05	0.9136285714285715	0.524398043974341
MT-TG	20	0.0010107734244896418	0.40491428571428567	0.7317543020899682
MT-TG	21	0.0009474660529582694	0.2289795918367347	0.6693636609404862
MT-TG	22	-6.173946249621608e-06	0.9767881773399015	0.45046066894345843
MT-TG	23	1.7752628036105396e-05	0.9034886597938144	0.19151675638516782
MT-TG	24	0.00011676603350589271	0.894625	0.5557579604097362
MT-TG	25	5.016922886579315e-05	0.9164467005076142	0.4732015986873929
MT-TG	26	0.0006150410851211335	0.6427360000000001	0.5777405757171054
MT-TG	27	0.00031585796309148537	0.814404469273743	0.5071500149602505
MT-TG	28	0.0006105698392384107	0.8496655737704917	0.5372967713034382
MT-TG	29	0.00122534828287252	0.48606614173228346	0.6290592811309058
MT-TG	30	-6.722596825119436e-05	0.7159428571428571	0.4407362517464684
MT-TG	31	0.0006613927150128516	0.6609076923076923	0.5514896313503258
MT-TG	32	0.0016637013994213416	0.08829850746268657	0.6550043127002708
MT-TG	33	0.00224425055341765	0.06190344827586207	0.7055222546972318
MT-TG	34	0.0010271912318872629	0.6943555555555556	0.582825371961805
MT-TG	35	0.0011641092909351147	0.3806847457627119	0.599975461281056
MT-TG	36	0.002625690492444504	0.0	0.7544068849015352
MT-TG	37	0.0008270681152495644	0.7159428571428571	0.5808870633251557
MT-TG	38	0.000897093252800906	0.28441165048543693	0.6357735265094057
MT-TG	39	-0.00010111985461944936	0.894625	0.36774342389279696
MT-TG	40	8.288268315397734e-05	0.8496655737704917	0.3674324820615676
MT-TG	41	0.0012697216135801328	0.0615578947368421	0.13420210527486864
MT-TG	42	0.000890401386816525	0.19356279069767446	0.23947357001160322
MT-TG	43	-4.336414158005161e-05	0.9767881773399015	0.4664720369522278
MT-TG	44	0.0012361887749492975	0.05850566037735849	0.18434640629060825
MT-TG	45	0.00024399366828655974	0.4853568	0.38030339788617806
MT-TG	46	7.650602089469871e-05	0.7936182857142856	0.43025739912954286
MT-TG	47	3.142671006643772e-05	0.6703594936708861	0.4437762844257036
MT-TG	48	-0.0007129797849658933	0.06889180327868853	0.69749300573943
MT-TG	49	0.0004916174250441566	0.49529302325581387	0.38528218466867975
MT-TG	50	0.002350020938848918	0.015866666666666668	0.2078297387676342
MT-TG	51	0.002902962752695495	0.0068	0.1909180668172005
MT-TG	52	0.004219810277618891	0.0	0.11658467903413698
MT-TG	53	0.003196998160043566	0.0	0.18793794736675218
MT-TG	54	0.0028667626531725127	0.0	0.19821132909425787
MT-TG	55	0.0035743575453218977	0.0	0.11760744765981034
MT-TG	56	0.00131717391993428	0.20446363636363638	0.2929732113315677
MT-TG	57	-0.0002987938373927486	0.5294727272727273	0.5254272796317612
MT-TG	58	0.00025502735703824474	0.8093152542372882	0.3880665049122518
MT-TG	59	0.00026222524321154286	0.5407522388059701	0.3743060281165145
MT-TG	60	0.00010942998175475999	0.6427360000000001	0.405929928721071
MT-TG	61	-8.767172037313118e-08	0.8175779005524862	0.4838920494857211
MT-TG	62	-7.87523319673831e-06	0.9118276923076925	0.44132477179093943
MT-TG	63	-5.1735486042627666e-05	0.7045463414634147	0.4244949618324705
MT-TG	64	0.0012140639502057973	0.13525479452054795	0.7307495690367211
MT-TG	65	0.00034164204758773396	0.9767881773399015	0.5400613230581683
MT-TG	66	0.0007588864712828257	0.47051612903225803	0.6290647476919117
MT-TG	67	0.00025982943215053313	0.6800849999999999	0.5275796891812085
MT-TG	68	0.0002800880050443739	0.963208040201005	0.5449565896898286
MT-TR	1	-7.91192602847318e-08	0.83971875	0.45757027606141737
MT-TR	2	0.0007369287870952397	0.49106451612903224	0.7764506878110474
MT-TR	3	0.000342044618688834	0.7666363636363637	0.7261946113551944
MT-TR	4	-6.79749266253865e-06	0.9005454545454544	0.5076153251323566
MT-TR	5	0.0007188552928003509	0.83971875	0.30514993267200213
MT-TR	6	0.001278118889783406	0.06782608695652173	0.19583493409909156
MT-TR	7	0.0006295823843889564	0.38855555555555554	0.2991946074795015
MT-TR	8	0.00014565471566160176	0.8494909090909091	0.7131223861323407
MT-TR	9	0.00012274608387211573	0.7666363636363637	0.5705549888655786
MT-TR	10	0.001181159343775691	0.06559090909090909	0.8174713767948703
MT-TR	11	0.0012811514815800013	0.06559090909090909	0.7808907432819373
MT-TR	12	0.0010384075467163303	0.22842857142857145	0.7604763321531663
MT-TR	13	0.0005588188758709843	0.592264705882353	0.712701563768175
MT-TR	14	0.00017154595965421444	0.991046875	0.6539844224131363
MT-TR	15	0.0001557505204246706	0.83971875	0.43744750523866616
MT-TR	16	0.0024587532601955983	0.0078	0.11844701066643283
MT-TR	17	0.00258226089538363	0.0	0.11250615365744766
MT-TR	18	0.0004908432048267532	0.7302	0.35912213285562467
MT-TR	19	-2.899448665028921e-07	0.9031694915254237	0.5034714231647305
MT-TR	20	2.1415114081136524e-06	0.8976685714285715	0.503481116841597
MT-TR	21	0.00040296576633420386	0.7433283582089553	0.6691701402163747
MT-TR	22	-3.6511826582962934e-05	0.9779673913043477	0.46340113115598486
MT-TR	23	0.00023678959608635305	0.7837916666666667	0.2744045007557511
MT-TR	24	0.00016181589661178487	0.9893684210526317	0.3343727094149898
MT-TR	25	-0.00016638799949566865	0.6908114754098361	0.3228534159779045
MT-TR	26	0.0013968939479820544	0.0819795918367347	0.7680963604407584
MT-TR	27	0.002405913681735769	0.0022941176470588237	0.8283347786711653
MT-TR	28	0.0007991681580597206	0.8537964071856287	0.6243320896804602
MT-TR	29	0.00014968913796501357	0.7579565217391304	0.5323603501383275
MT-TR	30	-2.2213239968465006e-06	0.9951030927835052	0.5012970236828033
MT-TR	31	0.0007749836714153344	0.640566371681416	0.6414767985073492
MT-TR	32	0.0010730053785586128	0.6054466019417475	0.6747070008999277
MT-TR	33	0.0012480305429452955	0.6211636363636364	0.6994837392310723
MT-TR	34	-0.00021561072874877658	0.8812631578947369	0.4590737314657063
MT-TR	35	0.0020544962870620623	0.02523529411764706	0.7892090352081388
MT-TR	36	0.001031066870878154	0.22842857142857145	0.6501648130523804
MT-TR	37	0.0019202848926542625	0.03078947368421053	0.7711411462266772
MT-TR	38	0.0004040112231130394	0.9893684210526317	0.5890123339262402
MT-TR	39	9.634267303016623e-05	0.9262499999999999	0.5564776914955217
MT-TR	40	-1.4015533138076128e-05	0.8822616279069767	0.5417342939232132
MT-TR	41	0.0005567131073064839	0.703872	0.31279897837092774
MT-TR	42	0.0015512406144121032	0.024818181818181816	0.1789408917525539
MT-TR	43	0.0007953938469488055	0.44074698795180717	0.32885078753677627
MT-TR	44	0.0014150296713353629	0.033	0.19997493040210698
MT-TR	45	-8.267042861661845e-05	0.991046875	0.5368668666661423
MT-TR	46	-1.2083042649505468e-05	0.9893684210526317	0.5180058590665516
MT-TR	47	9.085724212873441e-05	0.9893684210526317	0.7064989173197818
MT-TR	48	0.00014770688123134202	0.8976685714285715	0.7929814141079289
MT-TR	49	0.00012748232175790878	0.8240408163265305	0.47032871102338003
MT-TR	50	0.0022640258608488733	0.03078947368421053	0.18590463596202914
MT-TR	51	0.002874002936142691	0.0	0.16328924169327697
MT-TR	52	0.0030110512860897776	0.0	0.1318843174025704
MT-TR	53	0.001355607601741601	0.20345000000000002	0.2601871985221758
MT-TR	54	-0.00011521899237905754	0.6366486486486487	0.7555190710732033
MT-TR	55	2.8952869411485472e-05	0.9893684210526317	0.465993653049946
MT-TR	56	-6.42772740189011e-05	0.703872	0.7209452281902529
MT-TR	57	2.6587570896173624e-06	0.8470609756097561	0.500634570813754
MT-TR	58	0.00037239928653456884	0.7404090909090909	0.3963186856320813
MT-TR	59	0.0010802870861182355	0.19432758620689655	0.25048836086458565
MT-TR	60	0.0003729101058079387	0.9976	0.4062702366159799
MT-TR	61	0.00019079821174222155	0.83971875	0.4223767686799586
MT-TR	62	4.478392638368169e-05	0.9951030927835052	0.43723678134812977
MT-TR	63	0.00023429209393818428	0.83971875	0.6908871235408931
MT-TR	64	-1.679847012053728e-05	0.927596685082873	0.5232747045535894
MT-TR	65	0.0007691997821255348	0.6211636363636364	0.25772491103028666
MT-TH	1	0.0023362580699441238	0.0	0.74677235425541
MT-TH	2	0.0018151834145439469	0.021122448979591837	0.7229154528524578
MT-TH	3	3.638231044003522e-05	0.7749485029940119	0.47039031557421307
MT-TH	4	3.3366110024528996e-05	0.9803359223300971	0.2643220915002316
MT-TH	5	9.018784869130694e-05	0.9203016393442622	0.33832482279751935
MT-TH	6	6.163227512492104e-06	0.969769756097561	0.4427902603296529
MT-TH	7	-1.0989084710661028e-06	0.8344759776536314	0.39905380427597414
MT-TH	8	8.543082628745869e-05	0.8173011235955057	0.5069621290784067
MT-TH	9	0.000358789693582123	0.7743054545454545	0.5621229308030726
MT-TH	10	0.0013945621838278154	0.24028235294117647	0.71262440370336
MT-TH	11	0.002033146624780248	0.0	0.7901126201058876
MT-TH	12	0.0006805008387187466	0.6065383561643836	0.6142823069842164
MT-TH	13	0.00011404533930274898	0.8648254143646409	0.511959259807919
MT-TH	14	7.488004426842259e-05	0.9641462686567165	0.5721623113882549
MT-TH	15	0.0005815720011580179	0.4704266666666667	0.28601436923524115
MT-TH	16	0.0019507933545040365	0.013126829268292683	0.13218479505299224
MT-TH	17	0.0016817280137556869	0.02866153846153846	0.14504744987696025
MT-TH	18	7.10995666805301e-05	0.9588572864321607	0.4139184999436794
MT-TH	19	8.976910917262778e-05	0.9225663157894737	0.5223041551449411
MT-TH	20	0.0004012413587400837	0.9664058823529411	0.5744506443064231
MT-TH	21	0.0006276219189374574	0.7043273885350319	0.5947564543115603
MT-TH	22	0.0006349494058413208	0.9588572864321607	0.6082655478349969
MT-TH	23	-0.00029381914338023603	0.21206	0.2874290318028724
MT-TH	24	0.00017026957334232576	0.9225663157894737	0.5288167681174508
MT-TH	25	0.000767581894566207	0.2337375	0.6139686259394882
MT-TH	26	0.000670392895175333	0.9225663157894737	0.5727014957889772
MT-TH	27	0.0025168164278414544	0.0	0.8114218060046076
MT-TH	28	3.623708285063592e-05	0.9588572864321607	0.46870660029824435
MT-TH	29	-0.00022265590337073072	0.4059767441860465	0.3514329741459827
MT-TH	30	7.727796912336343e-05	0.4010625	0.483722197396426
MT-TH	31	0.0006216669380410107	0.5241063829787234	0.604424700285052
MT-TH	32	0.00029367554660363423	0.9588572864321607	0.5350522079159179
MT-TH	33	0.0008463116264875254	0.2916990825688073	0.6610448367038555
MT-TH	34	-9.367214965577473e-05	0.7961538461538462	0.40375818677055286
MT-TH	35	-0.00011162837354253133	0.509011510791367	0.2661026543838409
MT-TH	36	-8.254380713759008e-05	0.9852	0.4280689583529853
MT-TH	37	0.001996233859150488	0.00743076923076923	0.77020650956777
MT-TH	38	0.0011474838187959125	0.13190232558139534	0.6622174170521424
MT-TH	39	0.0010626654303574126	0.113712	0.7014020778119411
MT-TH	40	-3.8554023519889084e-05	0.8163050847457627	0.3650099653614152
MT-TH	41	0.0009094731372052016	0.112125	0.16516695922135763
MT-TH	42	0.0010081752727862606	0.13190232558139534	0.21611696355272714
MT-TH	43	0.0005276068450488285	0.5222314285714286	0.32729757447070923
MT-TH	44	0.0008562067645000965	0.11633924050632913	0.25373852335825614
MT-TH	45	0.0003246494706008476	0.9641462686567165	0.3480709363509962
MT-TH	46	-0.0004538249580252035	0.23627272727272727	0.665354552884773
MT-TH	47	0.0017977882771038278	0.0034499999999999995	0.1305045797226809
MT-TH	48	-0.0006035505086367742	0.23627272727272727	0.5977205370213409
MT-TH	49	-0.0006338679566906795	0.12672439024390245	0.5741038197517241
MT-TH	50	0.001151439827098217	0.34155	0.3121541033524639
MT-TH	51	0.003002676780621417	0.0	0.1677336715021983
MT-TH	52	0.004227208690698365	0.0	0.09761196722013643
MT-TH	53	0.0019384889879654245	0.1038	0.27620463714324395
MT-TH	54	0.0026323710112804224	0.001335483870967742	0.21069211245004613
MT-TH	55	0.002513286859899693	0.0034499999999999995	0.2068225655403133
MT-TH	56	0.0023614230052979297	0.0	0.19481835267698241
MT-TH	57	0.00039901277251381834	0.8075352272727272	0.3997666769877024
MT-TH	58	0.0004720332408161012	0.9225663157894737	0.3732893782755135
MT-TH	59	0.0009279331953882175	0.2337375	0.25720975163599646
MT-TH	60	-0.00015747318420360497	0.9664058823529411	0.5383232642449308
MT-TH	61	-0.00015098727111284736	0.3539360655737705	0.6267836300364135
MT-TH	62	-2.093762701570877e-05	0.7760035714285715	0.5431943272798821
MT-TH	63	0.00012419090290852642	0.8075352272727272	0.3469054624157745
MT-TH	64	2.6796424880899e-05	0.9588572864321607	0.4144235974085079
MT-TH	65	-1.7211808258770204e-05	0.9588572864321607	0.425369803469166
MT-TH	66	0.00020518815368105806	0.8075352272727272	0.5210734032299585
MT-TH	67	0.0009918347774256835	0.4010625	0.6147685467861675
MT-TH	68	0.0025457537936233858	0.0034499999999999995	0.7655218382860283
MT-TH	69	0.0010190513695565752	0.31209230769230767	0.6223783529152991
MT-TS2	1	0.0023081029201448373	0.027167441860465116	0.7267514453725856
MT-TS2	2	0.00013145316363991045	0.8182585987261146	0.4288449725174123
MT-TS2	3	0.0033238402553566956	0.0	0.7978435681714098
MT-TS2	4	0.00013265157433867494	0.9594620689655172	0.43705409672132584
MT-TS2	5	-0.000260898598870456	0.4667136	0.28225702394374813
MT-TS2	6	-0.00011895319484932268	0.9594620689655172	0.3374755870945155
MT-TS2	7	0.0004878394870225407	0.5553206106870229	0.6439188804104238
MT-TS2	8	0.0007008133780040879	0.2997702127659575	0.16585477505259105
MT-TS2	9	0.001187789359140011	0.06299117647058823	0.1751404292373393
MT-TS2	10	0.001410949880920453	0.033276	0.18967937290731474
MT-TS2	11	0.0023685571114048453	0.00295	0.1052277188924753
MT-TS2	12	0.0019723447101390747	0.007452631578947369	0.15928793440704545
MT-TS2	13	0.0004850927713383124	0.4667136	0.3197614924905732
MT-TS2	14	0.00017936186655045385	0.9184453987730061	0.32951396788604126
MT-TS2	15	0.0005436151473034533	0.5546907692307692	0.7161069536358179
MT-TS2	16	6.523421237928597e-05	0.8182585987261146	0.4580178202080156
MT-TS2	17	-6.960858381280001e-05	0.6136861313868613	0.19831154185162958
MT-TS2	18	0.0009946892204987748	0.35978653846153846	0.6372650612152463
MT-TS2	19	-9.617443104452812e-05	0.9594620689655172	0.38809112133137497
MT-TS2	20	0.0025281434032919515	0.10523013698630138	0.7070149300399741
MT-TS2	21	0.002358797212015021	0.025902439024390246	0.6705986673849987
MT-TS2	22	0.0009997964260612144	0.3834448598130841	0.5362838937543497
MT-TS2	23	0.002498704388852657	0.027167441860465116	0.7106653062859077
MT-TS2	24	0.0017741110057037867	0.05731428571428571	0.6906651876447576
MT-TS2	25	-0.00019353509081864928	0.40171304347826087	0.2538474098495411
MT-TS2	26	-1.542818177111417e-05	0.872754716981132	0.37279051708017885
MT-TS2	27	-5.47062103004956e-06	0.7993921568627451	0.49249965487374414
MT-TS2	28	0.0010295830154349627	0.13452	0.17217734365728257
MT-TS2	29	0.0013099724416086838	0.11327999999999999	0.2060289383970698
MT-TS2	30	0.0012189160644535514	0.08874929577464788	0.25177298596866354
MT-TS2	31	0.002068452272960764	0.006247058823529411	0.13249426516309606
MT-TS2	32	0.0016719267417227074	0.015391304347826089	0.14396180753440954
MT-TS2	33	0.001337786617040727	0.025415384615384614	0.10583625408153989
MT-TS2	34	4.403823674813549e-05	0.9594620689655172	0.5098882283238769
MT-TS2	35	0.00015017594439489042	0.9594620689655172	0.5400612638335663
MT-TS2	36	8.160387307971444e-05	0.9871772727272727	0.33551032272198883
MT-TS2	37	-0.00010420454977796939	0.8157987096774193	0.4671370856883342
MT-TS2	38	-0.0005188336960729444	0.2540241758241758	0.6169293293876764
MT-TS2	39	0.0019321213029670596	0.02735454545454545	0.11316160403248778
MT-TS2	40	0.0019838014615505485	0.025415384615384614	0.13935347400897488
MT-TS2	41	0.0007801879534847397	0.4333448275862069	0.28405874144037296
MT-TS2	42	6.766932971007461e-05	0.9906	0.3961420634421435
MT-TS2	43	0.0004352972630298044	0.7993921568627451	0.3349404825339077
MT-TS2	44	0.0017200592329115344	0.05133	0.1694864801275221
MT-TS2	45	0.0012224229529381756	0.18605581395348836	0.22426321106127015
MT-TS2	46	0.0014879975405786292	0.05652580645161291	0.1623685295634196
MT-TS2	47	-8.377149477946945e-05	0.9594620689655172	0.4347819742755285
MT-TS2	48	0.0002441614880287687	0.9523879518072289	0.29460366653552156
MT-TS2	49	2.4427414617876916e-05	0.9871772727272727	0.46362284177504653
MT-TS2	50	0.001365033667080074	0.033232653061224485	0.7631414153307848
MT-TS2	51	0.0010515804287304015	0.0841391304347826	0.6860156831602809
MT-TS2	52	0.0010486080550026714	0.16267142857142858	0.657131278594289
MT-TS2	53	0.0008453556248975112	0.32004489795918367	0.6050923040876865
MT-TS2	54	0.0003198855154878941	0.7993921568627451	0.48537314546595955
MT-TS2	55	0.0005338428173230292	0.9523879518072289	0.5023801875562146
MT-TS2	56	0.002489514793951875	0.022838709677419355	0.7042705766227471
MT-TS2	57	0.0012938297890195641	0.43799999999999994	0.5937498927012326
MT-TS2	58	0.000437129868036138	0.9346463414634146	0.4912759283082507
MT-TS2	59	-0.00018521989789209618	0.43972066115702474	0.20484035310774337
MT-TL2	1	-3.69987976988147e-05	0.7493366459627329	0.3649973920131124
MT-TL2	2	0.0009935695389435152	0.35580681818181814	0.7618307903377569
MT-TL2	3	0.00103695550479092	0.19204918032786886	0.7549790043985082
MT-TL2	4	0.0011160859238745534	0.1432241379310345	0.7744685365699855
MT-TL2	5	0.0009166323538132129	0.20063225806451612	0.7539898074416532
MT-TL2	6	0.0004944424628868511	0.4414171428571428	0.6936478911080018
MT-TL2	7	5.452036755371449e-06	0.806161403508772	0.5439041764511047
MT-TL2	8	9.686857130855814e-05	0.914595918367347	0.3416667417526292
MT-TL2	9	3.3505313248382344e-05	0.9523093596059112	0.45344529700275
MT-TL2	10	0.00020410995514719358	0.7343175	0.74891498818035
MT-TL2	11	0.00037018972610534896	0.5699467741935483	0.8007034967678771
MT-TL2	12	-1.284603302758317e-05	0.907181347150259	0.550545459420495
MT-TL2	13	-0.0002833769841203798	0.4155588235294118	0.6246722777832613
MT-TL2	14	0.00036066891357977175	0.9440502512562815	0.47283428451100873
MT-TL2	15	0.002892731934400955	0.00448421052631579	0.19747716230710918
MT-TL2	16	0.003663605276004868	0.0	0.15580470675469882
MT-TL2	17	0.0009327974731109446	0.5487457627118644	0.41894129250662226
MT-TL2	18	-0.00012292180321910292	0.8210406976744187	0.5594598580789012
MT-TL2	19	0.0033896121742627975	0.0	0.16199485346658918
MT-TL2	20	0.003114666716326143	0.0	0.16207768710089346
MT-TL2	21	0.00033766729443621027	0.9783867298578199	0.473447540800072
MT-TL2	22	-7.481037799777129e-05	0.9728028985507245	0.5752916250877554
MT-TL2	23	0.00010869474155653634	0.8895340540540541	0.785440572219921
MT-TL2	24	-6.664519111122419e-05	0.5963999999999999	0.7168945433116575
MT-TL2	25	0.0017662797672887568	0.0	0.14954762925934742
MT-TL2	26	0.0009982799359037763	0.1432241379310345	0.3157290387485543
MT-TL2	27	-9.459988663138265e-05	0.6166116788321168	0.6012078377945037
MT-TL2	28	0.00020092951239863698	0.7958926829268294	0.8010764835481945
MT-TL2	29	-6.047818446848792e-05	0.8344731428571428	0.7012376169511034
MT-TL2	30	0.0005428681734826577	0.5487457627118644	0.327440222132033
MT-TL2	31	-3.12340134781744e-05	0.9783867298578199	0.5663679602775419
MT-TL2	32	6.844981499401903e-05	0.9728028985507245	0.4846957587960083
MT-TL2	33	1.0238287903570061e-05	0.9129507692307691	0.521504965689402
MT-TL2	34	6.222311165742184e-05	0.9783867298578199	0.637672488758182
MT-TL2	35	6.141113527326996e-05	0.995	0.6366397686622173
MT-TL2	36	-2.1024320729335645e-05	0.8344731428571428	0.6108062848485639
MT-TL2	37	0.0002751553698590481	0.878625	0.4319273992050537
MT-TL2	38	0.0012874513984416002	0.13253333333333334	0.22533111865960787
MT-TL2	39	2.0194169591356004e-05	0.878625	0.5298900895096704
MT-TL2	40	-6.593943758617217e-05	0.6700625	0.7009905691269723
MT-TL2	41	0.0002075892828282643	0.9201167512690356	0.46293853602802953
MT-TL2	42	0.0009061569824010533	0.46659056603773585	0.3511643113187231
MT-TL2	43	0.0008959513482998919	0.26195820895522387	0.34518672966281266
MT-TL2	44	0.0007731955221050684	0.3192082191780822	0.34277327497411897
MT-TL2	45	9.48648726283729e-05	0.907181347150259	0.4999519269835937
MT-TL2	46	0.0005214588854052095	0.3874787234042554	0.29213850839779987
MT-TL2	47	-3.836891321976124e-05	0.7916282208588957	0.44790928005181313
MT-TL2	48	0.0006023533465394484	0.3874787234042554	0.713863328744988
MT-TL2	49	0.0011165423647694391	0.1288390243902439	0.7453498108653998
MT-TL2	50	0.0021008211622863446	0.01278	0.8221676887713721
MT-TL2	51	0.002117509927733754	0.023856	0.823667249399959
MT-TL2	52	0.00026808452694590464	0.9079948453608248	0.5888359270609197
MT-TL2	53	0.0005961155400633475	0.5963999999999999	0.6492436252087758
MT-TL2	54	0.0011928181384638261	0.30470833333333336	0.7543207408152218
MT-TL2	55	0.00013067114532205271	0.8529627118644066	0.5764374318557738
MT-TL2	56	0.0004088690248544261	0.7131350649350648	0.669828365203693
MT-TL2	57	-9.408758662993748e-05	0.5963999999999999	0.2560875516319136
MT-TL2	58	-0.0001661601738086256	0.5512941176470588	0.4759151610563137
MT-TL2	59	0.0015728307806461685	0.1288390243902439	0.7879007180003651
MT-TL2	60	0.001709891336931811	0.03628888888888889	0.8027267639209669
MT-TL2	61	-0.00016348744857237673	0.6684923076923077	0.4985154348219854
MT-TL2	62	-5.5084076732390654e-05	0.7131350649350648	0.5186770519702514
MT-TL2	63	-6.317595462254862e-05	0.9783867298578199	0.48005965135741446
MT-TL2	64	0.0005359617225790793	0.36186067415730333	0.7614006660701046
MT-TL2	65	-6.690970096074037e-05	0.8344731428571428	0.5078630216551133
MT-TL2	66	-7.982114383530698e-05	0.7131350649350648	0.5045024511072737
MT-TL2	67	-0.00019060857600198245	0.907181347150259	0.45390568385711855
MT-TL2	68	-9.983410461280261e-05	0.7231215189873418	0.5051698686559873
MT-TL2	69	0.0012544688117092162	0.1432241379310345	0.8361128787210509
MT-TL2	70	1.735937890478215e-05	0.9728028985507245	0.5674059866904814
MT-TL2	71	0.0006448266955364816	0.4795431192660551	0.26539664599596285
MT-TE	1	0.00016537213944452822	0.9800732673267327	0.6403947047730306
MT-TE	2	0.0004174902937152368	0.6545590909090909	0.6572278612975992
MT-TE	3	0.0008888621619787927	0.21183896103896102	0.7428886542810939
MT-TE	4	-5.705821405342594e-05	0.9193360824742268	0.47778185214868585
MT-TE	5	3.501120724100016e-05	0.8623155080213903	0.5382033486607233
MT-TE	6	-1.1017998196871168e-05	0.8245500000000001	0.3310050205036628
MT-TE	7	0.00012063758324629114	0.9199292307692308	0.5928943845582411
MT-TE	8	0.0004486094992802537	0.8069094339622641	0.6529152317486172
MT-TE	9	0.0004918704790974868	0.8069094339622641	0.6229163330878393
MT-TE	10	0.001938092998757333	0.0	0.8229123403566748
MT-TE	11	0.0009747188136700044	0.15880298507462687	0.6603810277172025
MT-TE	12	0.0018797575852463808	0.006624	0.767176867553626
MT-TE	13	0.0020838974796050136	0.005175	0.7954696758807511
MT-TE	14	0.0015215653370858338	0.07874117647058823	0.7778539474834912
MT-TE	15	6.852754266240366e-05	0.9673869346733669	0.5391684099179974
MT-TE	16	0.00036672875812915996	0.8069094339622641	0.2541208685946436
MT-TE	17	0.0005491047021239545	0.577421052631579	0.1905867313007037
MT-TE	18	2.0240303397665104e-05	0.9800732673267327	0.5157695777397823
MT-TE	19	0.0017671552436311546	0.015524999999999999	0.7979824444883471
MT-TE	20	0.0011533325723635185	0.32705999999999996	0.6948181929821438
MT-TE	21	0.0007850684894144102	0.8627936170212764	0.6506313772902087
MT-TE	22	0.0011649799505868443	0.3321	0.7434135046237863
MT-TE	23	-1.569999891541852e-05	0.8245500000000001	0.4958754418836431
MT-TE	24	-0.0001654864027506555	0.6223354838709678	0.365454945549057
MT-TE	25	0.0008865798676457228	0.14076000000000002	0.7478267072526142
MT-TE	26	0.0010163173499505155	0.5527666666666666	0.7598863010463939
MT-TE	27	0.00011790249338447475	0.763941891891892	0.5705290832807933
MT-TE	28	0.00018264989647718245	0.8623155080213903	0.628002631423672
MT-TE	29	-2.2525828883988402e-05	0.9479969543147208	0.4737552483572478
MT-TE	30	-1.2348612770584917e-05	0.8623155080213903	0.48940649569091504
MT-TE	31	-2.342557518316866e-05	0.9800732673267327	0.48154159750735887
MT-TE	32	0.0001410692445190832	0.9479969543147208	0.5852642624001269
MT-TE	33	0.0004788279678586557	0.6545590909090909	0.7175035041077692
MT-TE	34	-2.8919741159044646e-06	0.852228409090909	0.47034953079066205
MT-TE	35	0.0002679166995866036	0.8069094339622641	0.3202280290647644
MT-TE	36	9.484493308154476e-05	0.8683105263157895	0.4114366392293092
MT-TE	37	0.0003602133317750081	0.751766896551724	0.211911365032405
MT-TE	38	0.0004373025567119959	0.891178125	0.7210694705085078
MT-TE	39	0.00015238203865440946	0.9996	0.6076671240939463
MT-TE	40	0.0001017385471901412	0.9996	0.38768641835136286
MT-TE	41	0.0006973649696688564	0.2396025	0.15999783167232778
MT-TE	42	0.0005433655399938634	0.577421052631579	0.2863425690025884
MT-TE	43	-0.00012141545128099857	0.6463	0.5814198166260262
MT-TE	44	0.0004967307316423591	0.577421052631579	0.3366345250310822
MT-TE	45	6.260446712234371e-05	0.8069094339622641	0.4828266220213588
MT-TE	46	0.0006501422064564354	0.8362315789473683	0.3584423227314622
MT-TE	47	0.0015467490105660585	0.023	0.18944766532344648
MT-TE	48	-0.00033369822299750767	0.33921290322580644	0.7186137225386321
MT-TE	49	-0.0005291581304696757	0.145546875	0.8090880510048016
MT-TE	50	0.001720180334312151	0.03029268292682927	0.2335917129047611
MT-TE	51	0.002830480451314644	0.0	0.17306122357989753
MT-TE	52	0.0017816375152143557	0.1182857142857143	0.30606267451931224
MT-TE	53	0.003933691371541742	0.0	0.12311476490365052
MT-TE	54	0.0020695056660060295	0.07874117647058823	0.2705128705030269
MT-TE	55	0.0017997445813046954	0.03055714285714286	0.2657419311720442
MT-TE	56	0.001486496971974869	0.037720000000000004	0.24775400613164308
MT-TE	57	-0.0004278770122491205	0.23320253164556962	0.7742830683265197
MT-TE	58	-0.0002259694917322588	0.5057830188679245	0.6793647402371761
MT-TE	59	0.0005619884213620827	0.9850344827586206	0.3614160720945634
MT-TE	60	0.0011613407664002953	0.08983018867924528	0.22552275155701373
MT-TE	61	-0.00015605981636408802	0.6223354838709678	0.6042999297068716
MT-TE	62	1.854896411217546e-05	0.9996	0.46468500013085007
MT-TE	63	1.0255241730086493e-05	0.8623155080213903	0.487776542514613
MT-TE	64	1.4680035172114905e-06	0.8623155080213903	0.4195495893725381
MT-TE	65	0.0003716272730436581	0.751766896551724	0.6969032275830563
MT-TE	66	0.0005303493396063354	0.577421052631579	0.7099744192024092
MT-TE	67	7.278759090755439e-06	0.9996	0.5183167554654239
MT-TE	68	0.0005384765539069551	0.6474047244094489	0.2679874769076985
MT-TE	69	0.0009280109964749302	0.5057830188679245	0.23835497339565112
MT-TT	1	0.0013969666136574117	0.15903870967741934	0.7783300796311545
MT-TT	2	-0.00010958364290149059	0.82962	0.38440668240361714
MT-TT	3	0.00011335460010520643	0.8923655172413794	0.48724088342133376
MT-TT	4	7.593077034046698e-05	0.7618816901408451	0.47738822652189533
MT-TT	5	-3.106415506976489e-05	0.9567098901098899	0.41003653177638405
MT-TT	6	-2.9309424723176276e-05	0.9179593220338982	0.4175600549867691
MT-TT	7	0.0010910930139678907	0.10509230769230768	0.7643689383975735
MT-TT	8	0.0005948279585162828	0.41434105263157894	0.6135812799149903
MT-TT	9	0.00028617628966410365	0.9265524861878454	0.5268160779310244
MT-TT	10	0.0010866753689279518	0.4335375	0.6852497199294877
MT-TT	11	0.0011515566544207918	0.41434105263157894	0.6997049011945711
MT-TT	12	0.00011760368826417365	0.9179593220338982	0.4914077329081401
MT-TT	13	1.539253439479591e-06	0.9205887640449438	0.45102155975514097
MT-TT	14	-6.823396525093441e-05	0.7618816901408451	0.6335175507524159
MT-TT	15	0.0013767117882217148	0.17400000000000002	0.18452017977489563
MT-TT	16	0.0027472593494464836	0.0	0.09536179786839016
MT-TT	17	0.002353935287475233	0.0029333333333333334	0.14373254652584053
MT-TT	18	0.001988242205901948	0.021497142857142857	0.13238468872031675
MT-TT	19	-6.27273852370476e-05	0.9895979695431472	0.4743350744356775
MT-TT	20	2.92375736579367e-05	0.9807668393782384	0.371177042306112
MT-TT	21	0.000766394501911149	0.41434105263157894	0.7029299324537828
MT-TT	22	0.0006583019057841391	0.5843582608695652	0.618155058283195
MT-TT	23	0.0004540999824738643	0.41434105263157894	0.586321453251598
MT-TT	24	4.2461333442874324e-05	0.9918	0.1275456238037124
MT-TT	25	-5.5120995407970725e-05	0.7320260869565217	0.3650867211707179
MT-TT	26	0.0003309017531893097	0.7859280000000001	0.5568167275302343
MT-TT	27	-0.0004017834661779523	0.2481971830985915	0.2465741131938425
MT-TT	28	0.0019236959412584126	0.018000000000000002	0.7810490907537052
MT-TT	29	0.0001457985802971605	0.7896397350993377	0.47970335717492124
MT-TT	30	0.000512628247740484	0.7855783783783785	0.55874539065566
MT-TT	31	0.0002686467450473444	0.9895979695431472	0.505729815491575
MT-TT	32	0.0006377927772209603	0.6673674418604651	0.5691829101496726
MT-TT	33	0.0008404109210324714	0.5408117647058823	0.5980921455748387
MT-TT	34	0.0005326276141540262	0.6450048	0.5499958282532381
MT-TT	35	0.0007343733205434763	0.7736816326530612	0.5903925845089212
MT-TT	36	0.000507713194172898	0.852	0.5608962456246087
MT-TT	37	-0.0005279761086509896	0.6746887218045112	0.26516270513031054
MT-TT	38	0.0009958521082505229	0.276144	0.6394338177997617
MT-TT	39	0.0006817987317810711	0.5784560747663551	0.5939394042692453
MT-TT	40	0.0010996363923186302	0.14996065573770492	0.7192114310820314
MT-TT	41	9.918836947933047e-05	0.9265524861878454	0.5227630823715198
MT-TT	42	0.00028986542582465244	0.7904470588235295	0.2666038762200791
MT-TT	43	0.0003478992523783376	0.8285732484076433	0.31330857713686816
MT-TT	44	0.0005857893995919904	0.6450048	0.27480614171348616
MT-TT	45	0.0012968002794703608	0.02354594594594595	0.10435171902412514
MT-TT	46	-4.816812807251701e-06	0.8399111111111112	0.7666686607212491
MT-TT	47	-5.4069044238558956e-05	0.7618816901408451	0.4678452470427297
MT-TT	48	0.00011079549265697259	0.8746941176470588	0.42123696777089065
MT-TT	49	0.0022734737494534223	0.001885714285714286	0.1740040755721586
MT-TT	50	0.003310122594574681	0.0	0.13052136462002575
MT-TT	51	0.002533122604141604	0.0029333333333333334	0.19115780738841293
MT-TT	52	0.002802027350523413	0.0029333333333333334	0.1663022681747954
MT-TT	53	0.0032970808798586594	0.0	0.1208699028233265
MT-TT	54	0.0023431984102194802	0.011879999999999998	0.20423269862161042
MT-TT	55	0.000865109100589416	0.66268125	0.3242997759323438
MT-TT	56	-2.4986651175287328e-05	0.9265524861878454	0.45112485343642134
MT-TT	57	2.5800277458168535e-05	0.973991489361702	0.43161768867629924
MT-TT	58	4.537181550570114e-05	0.9807668393782384	0.5809625542978183
MT-TT	59	6.498261898979346e-05	0.973991489361702	0.507355197454824
MT-TT	60	0.0001225936535498609	0.9782666666666667	0.2758952643566563
MT-TT	61	3.761320168847916e-05	0.973991489361702	0.29081350698858055
MT-TT	62	0.0007736943198344889	0.41434105263157894	0.7085733749141324
MT-TT	63	0.0008628845147548754	0.34577560975609756	0.7037717397651678
MT-TT	64	-8.529470986656279e-05	0.973991489361702	0.36122867916103835
MT-TT	65	0.00014254862788593695	0.8923655172413794	0.5240549053485122
MT-TT	66	0.0002604143486849253	0.8688428571428571	0.23810448296732076
MT-TP	1	0.0024955187695230433	0.0017000000000000001	0.8086534104922017
MT-TP	2	0.0008817307900607002	0.40800000000000003	0.6229740980951236
MT-TP	3	0.0011164830919631183	0.18916363636363637	0.7029355622133971
MT-TP	4	-0.000230644482299039	0.9203817258883249	0.39489814265877016
MT-TP	5	0.0003498556766301144	0.7420937142857144	0.657703394898943
MT-TP	6	4.46368138991577e-05	0.9846266009852218	0.37859291432320824
MT-TP	7	0.0004155112443224431	0.4449405405405405	0.2675612576048714
MT-TP	8	0.00027071051456591555	0.612	0.675406465880409
MT-TP	9	0.0007482109115356161	0.3550534351145038	0.7364358967606308
MT-TP	10	0.0005906479774846357	0.6528	0.6687230795018744
MT-TP	11	0.0009644520114084971	0.2837946902654867	0.6964964833689256
MT-TP	12	0.0013055756137270128	0.0408	0.7554931573352334
MT-TP	13	4.32414602950468e-05	0.9203817258883249	0.5049420087738224
MT-TP	14	0.0007838681187268157	0.3228661417322835	0.7823793941948193
MT-TP	15	0.0002616666314765137	0.8181935483870967	0.34707727380177994
MT-TP	16	0.0012163854563356023	0.18318367346938774	0.23322896133992502
MT-TP	17	0.0020765521470231594	0.009756521739130436	0.13722645259615648
MT-TP	18	0.0014265729735838822	0.05262608695652173	0.1647737825743024
MT-TP	19	1.8464715722379714e-05	0.9146350515463918	0.5614903376501864
MT-TP	20	0.000757133724774507	0.36659104477611937	0.7181811365254492
MT-TP	21	0.0010077470883695181	0.261196261682243	0.7151303158593941
MT-TP	22	0.0010859530106638335	0.11405454545454546	0.7541388934342637
MT-TP	23	-0.00014625833999414796	0.40179130434782606	0.3732311778073207
MT-TP	24	0.00046383188811200874	0.3392676923076923	0.11892399675201624
MT-TP	25	4.666238902268667e-05	0.9846266009852218	0.3903045555542087
MT-TP	26	0.0003849945320142923	0.5508000000000001	0.6375480458270676
MT-TP	27	0.0005089525248095487	0.6973953488372093	0.6077558663685189
MT-TP	28	0.0016787951638613178	0.009756521739130436	0.7795059771832843
MT-TP	29	0.0014678204964309485	0.05344225352112676	0.7361723587129542
MT-TP	30	0.00013925237743718556	0.7219724137931034	0.5251993936139175
MT-TP	31	-0.00015692534314272464	0.8399619047619047	0.44339232996207434
MT-TP	32	0.00048051810638556294	0.718598843930636	0.5985323599048287
MT-TP	33	0.0008178355739487884	0.41523404255319146	0.6521548210458614
MT-TP	34	0.0007499459773548394	0.46787532467532467	0.6377023814585966
MT-TP	35	0.0014653857750196243	0.06305454545454546	0.7652818274109529
MT-TP	36	-0.0005747288960765872	0.08688	0.24761573014248742
MT-TP	37	0.0011265771341447805	0.1354021978021978	0.7194504609125209
MT-TP	38	-4.8204448122456285e-06	0.4674437086092715	0.48969811980415584
MT-TP	39	0.000720973034570124	0.28765714285714283	0.6912083866934232
MT-TP	40	5.679668458023716e-05	0.973459296482412	0.5328630511669891
MT-TP	41	0.0002577688922450131	0.906478756476684	0.34051454975684387
MT-TP	42	0.001237622299651165	0.03948387096774194	0.15745160642142195
MT-TP	43	0.00020278577051971512	0.42825931034482756	0.42535974550448347
MT-TP	44	-0.00010471974819711616	0.8602357894736843	0.5241357802823039
MT-TP	45	0.001495656810560266	0.0024727272727272727	0.20055763334578983
MT-TP	46	0.00037518831702442016	0.5220372670807453	0.4147907519173995
MT-TP	47	0.0005278563433816977	0.6747692307692308	0.390825650598001
MT-TP	48	-0.0001544618843434848	0.43603265306122446	0.5232240485013806
MT-TP	49	-0.0006380921263989944	0.2852542372881356	0.6111319499557636
MT-TP	50	0.002371613410919619	0.008742857142857142	0.23094951674426753
MT-TP	51	0.003384477356046906	0.0	0.14510415781543268
MT-TP	52	0.0021383722942933613	0.058994594594594586	0.259838107244851
MT-TP	53	0.001561772867598386	0.08729302325581396	0.3171625477339526
MT-TP	54	0.0031160878726038763	0.0	0.17607807796096786
MT-TP	55	0.003240392477448777	0.0	0.1633671249892269
MT-TP	56	0.0021789889020150267	0.0024727272727272727	0.25544147935925304
MT-TP	57	5.003755728488629e-05	0.4831031847133758	0.48270141970971786
MT-TP	58	0.0004316143533070524	0.7495280898876404	0.41335078624674315
MT-TP	59	0.0013589409128272846	0.06455696202531645	0.26400963629996266
MT-TP	60	0.0013327782270419173	0.01445	0.24503538985753756
MT-TP	61	0.0005823931384536146	0.36627272727272725	0.3193258354523705
MT-TP	62	-6.002218919095001e-06	0.8259829787234042	0.4965213960656698
MT-TP	63	3.6995525665444334e-05	0.8249454545454544	0.5268503953021937
MT-TP	64	6.779520644183945e-05	0.9908	0.5212403866705732
MT-TP	65	0.00023746012073596495	0.9846266009852218	0.543995486114695
MT-TP	66	0.002197808899601676	0.0024727272727272727	0.7971801417160801
MT-TP	67	0.0024667542983959696	0.0036	0.8013481321202715
MT-TP	68	0.0006174629466237629	0.9816480000000001	0.6047848865354715
