Mithril_id	PhastCons_100V	PhyloP_100V	MLC_score	ss_distorsion	ddG	ref_frequency	alt_frequency	coverage	entropy	conservation_blocks	PWM_score	Human_MSA_position	bulge	stem	hairpin	loop	unpaired_frequency	closest_modification	closest_modification_2D	OEUF_score
MITHRIL.1728	1.0	3.724	0.11787072	0.028169014084507005	3.8	0.8322246858832225	0.1433850702143385	1.0	0.7696277047973873	14.0	-0.8020332817894096	0	0	1	0	0	0.011602610587382161	8	8.0	0.47
MITHRIL.1729	1.0	3.724	0.11787072	0.028169014084507005	3.6999999999999997	0.8322246858832225	0.004434589800443459	1.0	0.7696277047973873	14.0	-5.816983623255381	0	0	1	0	0	0.011602610587382161	8	8.0	0.47
MITHRIL.1730	1.0	3.724	0.11787072	0.028169014084507005	3.6999999999999997	0.8322246858832225	0.019955654101995565	1.0	0.7696277047973873	14.0	-3.6470586218130685	0	0	1	0	0	0.011602610587382161	8	8.0	0.47
MITHRIL.1731	0.989	1.697	0.1289758	0.028169014084507005	4.3	0.5099778270509978	0.005173688100517369	1.0	1.0962955732117354	10.0	-5.594591201918933	1	0	1	0	0	0.014503263234227702	7	7.0	0.358
MITHRIL.1732	0.989	1.697	0.1289758	0.028169014084507005	4.3	0.5099778270509978	0.47745750184774577	1.0	1.0962955732117354	10.0	0.9334442307173878	1	0	1	0	0	0.014503263234227702	7	7.0	0.358
MITHRIL.1733	0.989	1.697	0.1289758	0.028169014084507005	4.3	0.5099778270509978	0.007390983000739098	1.0	1.0962955732117354	10.0	-5.0800180290891745	1	0	1	0	0	0.014503263234227702	7	7.0	0.358
MITHRIL.1734	0.799	1.044	0.13968858	0.028169014084507005	3.6999999999999997	0.8144863266814486	0.03695491500369549	1.0	0.8740914646117209	5.0	-2.7580899342018124	2	0	1	0	0	0.13415518491660625	6	6.0	0.293
MITHRIL.1735	0.799	1.044	0.13968858	0.028169014084507005	3.6999999999999997	0.8144863266814486	0.13968957871396895	1.0	0.8740914646117209	5.0	-0.8397036997554645	2	0	1	0	0	0.13415518491660625	6	6.0	0.293
MITHRIL.1736	0.799	1.044	0.13968858	0.028169014084507005	3.6999999999999997	0.8144863266814486	0.008869179600886918	1.0	0.8740914646117209	5.0	-4.816983623255381	2	0	1	0	0	0.13415518491660625	6	6.0	0.293
MITHRIL.1737	0.01	-1.274	0.15166878	0.028169014084507005	4.1	0.20355292376017764	0.5625462620281273	0.9985218033998522	1.6288191845766389	5.0	1.1700436490052633	3	0	1	0	0	0.5566860465116279	5	5.0	0.437
MITHRIL.1738	0.01	-1.274	0.15166878	0.028169014084507005	4.1	0.20355292376017764	0.16506291635825315	0.9985218033998522	1.6288191845766389	5.0	-0.5989120594053797	3	0	1	0	0	0.5566860465116279	5	5.0	0.437
MITHRIL.1739	0.01	-1.274	0.15166878	0.028169014084507005	4.1	0.20355292376017764	0.0688378978534419	0.9985218033998522	1.6288191845766389	5.0	-1.8606531482176532	3	0	1	0	0	0.5566860465116279	5	5.0	0.437
MITHRIL.1740	0.914	2.947	0.16413181	0.028169014084507005	4.3	0.4844213649851632	0.06528189910979229	0.9963045084996305	1.7068848670506116	5.0	-1.9371731625445612	4	0	1	0	0	0.14493809176984704	4	4.0	0.468
MITHRIL.1741	0.914	2.947	0.16413181	0.0	0.0	0.4844213649851632	0.28635014836795253	0.9963045084996305	1.7068848670506116	5.0	0.19585225608622198	4	0	1	0	0	0.14493809176984704	4	4.0	0.468
MITHRIL.1742	0.914	2.947	0.16413181	0.028169014084507005	3.9	0.4844213649851632	0.163946587537092	0.9963045084996305	1.7068848670506116	5.0	-0.6087022217904269	4	0	1	0	0	0.14493809176984704	4	4.0	0.468
MITHRIL.1743	0.917	0.251	0.17336592	0.028169014084507005	4.4	0.4132047477744807	0.1327893175074184	0.9963045084996305	1.630586156513059	5.0	-0.912789003917602	5	0	1	0	0	0.032046613255644577	3	3.0	0.506
MITHRIL.1744	0.917	0.251	0.17336592	0.028169014084507005	4.4	0.4132047477744807	0.4124629080118694	0.9963045084996305	1.630586156513059	5.0	0.7223362915416489	5	0	1	0	0	0.032046613255644577	3	3.0	0.506
MITHRIL.1745	0.917	0.251	0.17336592	0.028169014084507005	4.4	0.4132047477744807	0.04154302670623145	0.9963045084996305	1.630586156513059	5.0	-2.5892498591242545	5	0	1	0	0	0.032046613255644577	3	3.0	0.506
MITHRIL.1746	1.0	8.61	0.1829018	0.028169014084507005	2.8	0.7843866171003717	0.1895910780669145	0.9940872135994088	0.8871192921612355	5.0	-0.3990370205851286	6	0	1	0	0	0.015328467153284672	2	2.0	0.501
MITHRIL.1747	1.0	8.61	0.1829018	0.028169014084507005	3.0	0.7843866171003717	0.0044609665427509295	0.9940872135994088	0.8871192921612355	5.0	-5.80842795672283	6	0	1	0	0	0.015328467153284672	2	2.0	0.501
MITHRIL.1748	1.0	8.61	0.1829018	0.028169014084507005	3.0	0.7843866171003717	0.021561338289962824	0.9940872135994088	0.8871192921612355	5.0	-3.5354094623164145	6	0	1	0	0	0.015328467153284672	2	2.0	0.501
MITHRIL.1749	1.0	7.078	0.19237733	0.0	-0.5	0.9881744271988174	0.004434589800443459	1.0	0.10741916618486809	5.0	-5.816983623255381	7	1	0	0	0	1.0	1	1.0	0.287
MITHRIL.1750	1.0	7.078	0.19237733	0.0	0.2999999999999998	0.9881744271988174	0.0007390983000739098	1.0	0.10741916618486809	5.0	-8.401946123976536	7	1	0	0	0	1.0	1	1.0	0.287
MITHRIL.1751	1.0	7.078	0.19237733	0.0	-0.5	0.9881744271988174	0.0066518847006651885	1.0	0.10741916618486809	5.0	-5.232021122534225	7	1	0	0	0	1.0	1	1.0	0.287
MITHRIL.1752	1.0	8.207	0.20191321	0.0	0.0	0.9859467455621301	0.0029585798816568047	0.9992609016999261	0.12728958761837317	5.0	-6.400879436282184	8	1	0	0	0	0.9992743105950653	0	0.0	0.26
MITHRIL.1753	1.0	8.207	0.20191321	0.0	0.09999999999999964	0.9859467455621301	0.0029585798816568047	0.9992609016999261	0.12728958761837317	5.0	-6.400879436282184	8	1	0	0	0	0.9992743105950653	0	0.0	0.26
MITHRIL.1754	1.0	8.207	0.20191321	0.0	0.0	0.9859467455621301	0.008136094674556213	0.9992609016999261	0.12728958761837317	5.0	-4.941447817644887	8	1	0	0	0	0.9992743105950653	0	0.0	0.26
MITHRIL.1755	1.0	8.794	0.21099644	0.028169014084507005	3.8	0.975609756097561	0.019955654101995565	1.0	0.18618316361962783	15.0	-3.6470586218130685	9	0	0	1	0	0.0029006526468455403	0	0.0	0.231
MITHRIL.1756	1.0	8.794	0.21099644	0.028169014084507005	4.199999999999999	0.975609756097561	0.0014781966001478197	1.0	0.18618316361962783	15.0	-7.401946123976537	9	0	0	1	0	0.0029006526468455403	0	0.0	0.231
MITHRIL.1757	1.0	8.794	0.21099644	0.028169014084507005	4.4	0.975609756097561	0.0029563932002956393	1.0	0.18618316361962783	15.0	-6.401946123976537	9	0	0	1	0	0.0029006526468455403	0	0.0	0.231
MITHRIL.1758	1.0	6.979	0.21956666	0.028169014084507005	6.7	0.9460458240946046	0.004434589800443459	1.0	0.34123188033969065	10.0	-5.816983623255381	10	0	0	1	0	0.0036258158085569255	1	1.0	0.048
MITHRIL.1759	1.0	6.979	0.21956666	0.028169014084507005	4.1	0.9460458240946046	0.0029563932002956393	1.0	0.34123188033969065	10.0	-6.401946123976537	10	0	0	1	0	0.0036258158085569255	1	1.0	0.048
MITHRIL.1760	1.0	6.979	0.21956666	0.0	2.3999999999999995	0.9460458240946046	0.04656319290465632	1.0	0.34123188033969065	10.0	-2.424666200476621	10	0	0	1	0	0.0036258158085569255	1	1.0	0.048
MITHRIL.1761	1.0	7.078	0.22843865	0.028169014084507005	4.199999999999999	0.9889135254988913	0.0007390983000739098	1.0	0.09183018830241521	18.0	-8.401946123976536	11	0	0	1	0	0.0036258158085569255	2	2.0	0.179
MITHRIL.1762	1.0	7.078	0.22843865	0.028169014084507005	4.199999999999999	0.9889135254988913	0.010347376201034738	1.0	0.09183018830241521	18.0	-4.594591201918933	11	0	0	1	0	0.0036258158085569255	2	2.0	0.179
MITHRIL.1763	1.0	7.078	0.22843865	0.028169014084507005	4.199999999999999	0.9889135254988913	0.0	1.0	0.09183018830241521	18.0	-44.50699332842307	11	0	0	1	0	0.0036258158085569255	2	2.0	0.179
MITHRIL.1764	1.0	7.078	0.24002656	0.028169014084507005	1.0999999999999996	0.9711751662971175	0.005912786400591279	1.0	0.2095654825238098	10.0	-5.401946123976537	12	0	0	1	0	0.005801305293691081	3	3.0	0.391
MITHRIL.1765	1.0	7.078	0.24002656	0.028169014084507005	1.3999999999999995	0.9711751662971175	0.022912047302291204	1.0	0.2095654825238098	10.0	-3.447749813589662	12	0	0	1	0	0.005801305293691081	3	3.0	0.391
MITHRIL.1766	1.0	7.078	0.24002656	0.028169014084507005	0.09999999999999964	0.9711751662971175	0.0	1.0	0.2095654825238098	10.0	-44.50699332842307	12	0	0	1	0	0.005801305293691081	3	3.0	0.391
MITHRIL.1767	1.0	8.183	0.25031686	0.0	0.2999999999999998	0.9977827050997783	0.0	1.0	0.024781316795039154	14.0	-44.50699332842307	13	0	0	0	1	0.9992748368382887	4	4.0	0.585
MITHRIL.1768	1.0	8.183	0.25031686	0.0	-1.0000000000000009	0.9977827050997783	0.0014781966001478197	1.0	0.024781316795039154	14.0	-7.401946123976537	13	0	0	0	1	0.9992748368382887	4	4.0	0.585
MITHRIL.1769	1.0	8.183	0.25031686	0.0	0.2999999999999998	0.9977827050997783	0.0007390983000739098	1.0	0.024781316795039154	14.0	-8.401946123976536	13	0	0	0	1	0.9992748368382887	4	4.0	0.585
MITHRIL.1770	0.07	0.341	0.2579516	0.0	0.0	0.0672579453067258	0.7531411677753141	1.0	1.10299451501632	3.0	1.5909922121892768	14	0	0	0	1	0.9992748368382887	5	5.0	0.615
MITHRIL.1771	0.07	0.341	0.2579516	0.0	0.0	0.0672579453067258	0.019216555801921657	1.0	1.10299451501632	3.0	-3.701506405835445	14	0	0	0	1	0.9992748368382887	5	5.0	0.615
MITHRIL.1772	0.07	0.341	0.2579516	0.0	0.0	0.0672579453067258	0.16038433111603842	1.0	1.10299451501632	3.0	-0.640394891532058	14	0	0	0	1	0.9992748368382887	5	5.0	0.615
MITHRIL.1773	0.0	-6.741	0.26501298	0.0	0.0	0.20768662232076865	0.37102734663710274	1.0	1.7974356199018504	3.0	0.5695974299742349	15	0	0	0	1	0.9992748368382887	6	6.0	1.028
MITHRIL.1774	0.0	-6.741	0.26501298	0.0	0.0	0.20768662232076865	0.06873614190687362	1.0	1.7974356199018504	3.0	-1.8627873128685057	15	0	0	0	1	0.9992748368382887	6	6.0	1.028
MITHRIL.1775	0.0	-6.741	0.26501298	0.0	0.0	0.20768662232076865	0.352549889135255	1.0	1.7974356199018504	3.0	0.49589933202897435	15	0	0	0	1	0.9992748368382887	6	6.0	1.028
MITHRIL.1776	0.0	-3.612	0.27373408	0.0	0.0	0.4430473372781065	0.28920118343195267	0.9992609016999261	1.7409378014395236	2.0	0.21014536102516798	16	0	0	0	1	0.9992743105950653	7	7.0	1.069
MITHRIL.1777	0.0	-3.612	0.27373408	0.0	0.0	0.4430473372781065	0.21375739644970415	0.9992609016999261	1.7409378014395236	2.0	-0.22595375378150545	16	0	0	0	1	0.9992743105950653	7	7.0	1.069
MITHRIL.1778	0.0	-3.612	0.27373408	0.0	0.0	0.4430473372781065	0.053994082840236685	0.9992609016999261	1.7409378014395236	2.0	-2.211054877402167	16	0	0	0	1	0.9992743105950653	7	7.0	1.069
MITHRIL.1779	0.0	-1.612	0.29150824	0.0	0.0	0.16728624535315986	0.521189591078067	0.9940872135994088	1.6152609973239802	3.0	1.0598801765666368	17	0	0	0	1	1.0	8	8.0	0.47
MITHRIL.1780	0.0	-1.612	0.29150824	0.0	0.0	0.16728624535315986	0.03940520446096654	0.9940872135994088	1.6152609973239802	3.0	-2.665470002880787	17	0	0	0	1	1.0	8	8.0	0.47
MITHRIL.1781	0.0	-1.612	0.29150824	0.0	0.0	0.16728624535315986	0.2721189591078067	0.9940872135994088	1.6152609973239802	3.0	0.12230938084005602	17	0	0	0	1	1.0	8	8.0	0.47
MITHRIL.1782	0.001	-0.875	0.31377874	0.0	0.0	0.12053571428571429	0.5558035714285714	0.6622320768662232	1.433371141415701	3.0	1.1526470100104766	18	0	0	0	1	1.0	9	8.0	0.654
MITHRIL.1783	0.001	-0.875	0.31377874	0.0	0.0	0.12053571428571429	0.05133928571428571	0.6622320768662232	1.433371141415701	3.0	-2.283792966000591	18	0	0	0	1	1.0	9	8.0	0.654
MITHRIL.1784	0.001	-0.875	0.31377874	0.0	0.0	0.12053571428571429	0.27232142857142855	0.6622320768662232	1.433371141415701	3.0	0.12338241550528205	18	0	0	0	1	1.0	9	8.0	0.654
MITHRIL.1785	0.0	-3.065	0.34335204	0.0	0.0	0.2907801418439716	0.5230496453900709	0.41685144124168516	1.1782692656651816	2.0	1.06501979185041	19	0	0	0	1	1.0	9	7.0	1.567
MITHRIL.1786	0.0	-3.065	0.34335204	0.0	0.0	0.2907801418439716	0.16134751773049646	0.41685144124168516	1.1782692656651816	2.0	-0.6317567122000972	19	0	0	0	1	1.0	9	7.0	1.567
MITHRIL.1787	0.0	-3.065	0.34335204	0.0	0.0	0.2907801418439716	0.024822695035460994	0.41685144124168516	1.1782692656651816	2.0	-3.3321964303411895	19	0	0	0	1	1.0	9	7.0	1.567
MITHRIL.1788	0.0	-3.78	0.37606373	0.0	0.0	0.22712933753943218	0.5173501577287066	0.2342941611234294	0.8510920412904089	2.0	1.0492129744786765	20	0	0	0	1	1.0	8	6.0	1.966
MITHRIL.1789	0.0	-3.78	0.37606373	0.0	0.0	0.22712933753943218	0.00946372239747634	0.2342941611234294	0.8510920412904089	2.0	-4.7233765294182515	20	0	0	0	1	1.0	8	6.0	1.966
MITHRIL.1790	0.0	-3.78	0.37606373	0.0	0.0	0.22712933753943218	0.24605678233438485	0.2342941611234294	0.8510920412904089	2.0	-0.022936811277158933	20	0	0	0	1	1.0	8	6.0	1.966
MITHRIL.1791	1.0	6.743	0.41194399	0.0	0.20000000000000018	0.7116564417177914	0.15950920245398773	0.1204730229120473	0.5189729117718139	3.0	-0.6482884360899854	21	0	0	0	1	1.0	7	5.0	1.998
MITHRIL.1792	1.0	6.743	0.41194399	0.0	0.0	0.7116564417177914	0.03067484662576687	0.1204730229120473	0.5189729117718139	3.0	-3.0268000593437154	21	0	0	0	1	1.0	7	5.0	1.998
MITHRIL.1793	1.0	6.743	0.41194399	0.0	0.20000000000000018	0.7116564417177914	0.09815950920245399	0.1204730229120473	0.5189729117718139	3.0	-1.3487281542310776	21	0	0	0	1	1.0	7	5.0	1.998
MITHRIL.1794	1.0	8.533	0.44390126	0.028169014084507005	1.5	0.8558758314855875	0.0	1.0	0.6235090078097585	15.0	-44.50699332842307	23	0	0	1	0	0.006526468455402465	6	4.0	0.269
MITHRIL.1795	1.0	8.533	0.44390126	0.0	-0.40000000000000036	0.8558758314855875	0.13968957871396895	1.0	0.6235090078097585	15.0	-0.8397036997554645	23	0	0	1	0	0.006526468455402465	6	4.0	0.269
MITHRIL.1796	1.0	8.533	0.44390126	0.028169014084507005	0.7000000000000002	0.8558758314855875	0.004434589800443459	1.0	0.6235090078097585	15.0	-5.816983623255381	23	0	0	1	0	0.006526468455402465	6	4.0	0.269
MITHRIL.1797	1.0	8.533	0.47163377	0.028169014084507005	4.199999999999999	0.9903917220990391	0.0	1.0	0.08194411926763819	18.0	-44.50699332842307	24	0	0	1	0	0.00435097897026831	5	3.0	0.343
MITHRIL.1798	1.0	8.533	0.47163377	0.0	0.2999999999999998	0.9903917220990391	0.008869179600886918	1.0	0.08194411926763819	18.0	-4.816983623255381	24	0	0	1	0	0.00435097897026831	5	3.0	0.343
MITHRIL.1799	1.0	8.533	0.47163377	0.028169014084507005	3.8	0.9903917220990391	0.0007390983000739098	1.0	0.08194411926763819	18.0	-8.401946123976536	24	0	0	1	0	0.00435097897026831	5	3.0	0.343
MITHRIL.1800	1.0	9.146	0.49390428	0.028169014084507005	6.7	0.9482631189948263	0.04212860310421286	1.0	0.3391206331072164	13.0	-2.5690561098117954	25	0	0	1	0	0.0036258158085569255	4	2.0	0.16
MITHRIL.1801	1.0	9.146	0.49390428	0.028169014084507005	6.7	0.9482631189948263	0.005173688100517369	1.0	0.3391206331072164	13.0	-5.594591201918933	25	0	0	1	0	0.0036258158085569255	4	2.0	0.16
MITHRIL.1802	1.0	9.146	0.49390428	0.028169014084507005	6.7	0.9482631189948263	0.004434589800443459	1.0	0.3391206331072164	13.0	-5.816983623255381	25	0	0	1	0	0.0036258158085569255	4	2.0	0.16
MITHRIL.1803	1.0	4.453	0.51204056	0.028169014084507005	3.5999999999999996	0.8876570583887657	0.0014781966001478197	1.0	0.5296226639650375	11.0	-7.401946123976537	26	0	0	1	0	0.0036258158085569255	3	1.0	0.449
MITHRIL.1804	1.0	4.453	0.51204056	0.028169014084507005	3.5	0.8876570583887657	0.0014781966001478197	1.0	0.5296226639650375	11.0	-7.401946123976537	26	0	0	1	0	0.0036258158085569255	3	1.0	0.449
MITHRIL.1805	1.0	4.453	0.51204056	0.0	1.8999999999999995	0.8876570583887657	0.10938654841093866	1.0	0.5296226639650375	11.0	-1.1924927583475873	26	0	0	1	0	0.0036258158085569255	3	1.0	0.449
MITHRIL.1806	1.0	4.549	0.52350776	0.0	0.7000000000000002	0.8433111603843311	0.003695491500369549	1.0	0.7614312619567579	8.0	-6.0800180290891745	27	1	0	0	0	0.962291515591008	2	2.0	1.354
MITHRIL.1807	1.0	4.549	0.52350776	0.0	0.0	0.8433111603843311	0.12269031781226904	1.0	0.7614312619567579	8.0	-1.0269066926296122	27	1	0	0	0	0.962291515591008	2	2.0	1.354
MITHRIL.1808	1.0	4.549	0.52350776	0.0	0.7000000000000002	0.8433111603843311	0.030303030303030304	1.0	0.7614312619567579	8.0	-3.0443941193584534	27	1	0	0	0	0.962291515591008	2	2.0	1.354
MITHRIL.1809	1.0	0.83	0.5366045	0.028169014084507005	-1.0000000000000009	0.2106430155210643	0.0598669623059867	1.0	1.1804768367214715	10.0	-2.0620961210919124	29	0	0	1	0	0.05438723712835388	1	1.0	0.455
MITHRIL.1810	1.0	0.83	0.5366045	0.0	0.09999999999999964	0.2106430155210643	0.019955654101995565	1.0	1.1804768367214715	10.0	-3.6470586218130685	29	0	0	1	0	0.05438723712835388	1	1.0	0.455
MITHRIL.1811	1.0	0.83	0.5366045	0.028169014084507005	-1.0000000000000009	0.2106430155210643	0.7095343680709535	1.0	1.1804768367214715	10.0	1.5049444716319815	29	0	0	1	0	0.05438723712835388	1	1.0	0.455
MITHRIL.1812	1.0	1.173	0.54070855	0.028169014084507005	-3.3	0.04582409460458241	0.5203252032520326	1.0	1.3026787506852895	4.0	1.0574854946607604	30	0	0	1	0	0.011602610587382161	0	0.0	0.376
MITHRIL.1813	1.0	1.173	0.54070855	0.0	0.39999999999999947	0.04582409460458241	0.013303769401330377	1.0	1.3026787506852895	4.0	-4.232021122534225	30	0	0	1	0	0.011602610587382161	0	0.0	0.376
MITHRIL.1814	1.0	1.173	0.54070855	0.028169014084507005	-3.3999999999999995	0.04582409460458241	0.4205469327420547	1.0	1.3026787506852895	4.0	0.7503387183300447	30	0	0	1	0	0.011602610587382161	0	0.0	0.376
MITHRIL.1815	1.0	1.377	0.54119138	0.028169014084507005	1.5	0.5417590539541759	0.0014781966001478197	1.0	1.0638745270625198	3.0	-7.401946123976537	31	0	0	1	0	0.025380710659898477	1	1.0	0.517
MITHRIL.1816	1.0	1.377	0.54119138	0.0	-0.20000000000000018	0.5417590539541759	0.4493717664449372	1.0	1.0638745270625198	3.0	0.8459813894670485	31	0	0	1	0	0.025380710659898477	1	1.0	0.517
MITHRIL.1817	1.0	1.377	0.54119138	0.028169014084507005	0.7000000000000002	0.5417590539541759	0.007390983000739098	1.0	1.0638745270625198	3.0	-5.0800180290891745	31	0	0	1	0	0.025380710659898477	1	1.0	0.517
MITHRIL.1818	1.0	1.356	0.53763051	0.028169014084507005	6.199999999999999	0.8913525498891353	0.011825572801182557	1.0	0.5874340411305581	9.0	-4.401946123976537	32	0	0	1	0	0.0029006526468455403	2	2.0	0.432
MITHRIL.1819	1.0	1.356	0.53763051	0.028169014084507005	3.5999999999999996	0.8913525498891353	0.007390983000739098	1.0	0.5874340411305581	9.0	-5.0800180290891745	32	0	0	1	0	0.0029006526468455403	2	2.0	0.432
MITHRIL.1820	1.0	1.356	0.53763051	0.0	1.8999999999999995	0.8913525498891353	0.08943089430894309	1.0	0.5874340411305581	9.0	-1.4830828867019425	32	0	0	1	0	0.0029006526468455403	2	2.0	0.432
MITHRIL.1821	1.0	3.235	0.53422053	0.028169014084507005	1.7999999999999998	0.9009608277900961	0.011825572801182557	1.0	0.6039436544718766	9.0	-4.401946123976537	33	0	0	1	0	0.024655547498187092	3	1.0	0.376
MITHRIL.1822	1.0	3.235	0.53422053	0.0	0.7000000000000002	0.9009608277900961	0.05025868440502587	1.0	0.6039436544718766	9.0	-2.3144832827261976	33	0	0	1	0	0.024655547498187092	3	1.0	0.376
MITHRIL.1823	1.0	3.235	0.53422053	0.028169014084507005	0.5	0.9009608277900961	0.03695491500369549	1.0	0.6039436544718766	9.0	-2.7580899342018124	33	0	0	1	0	0.024655547498187092	3	1.0	0.376
MITHRIL.1824	1.0	5.552	0.53162532	0.0	-0.20000000000000018	0.8307464892830746	0.0007390983000739098	1.0	0.6843240349379326	8.0	-8.401946123976536	34	0	0	0	1	0.9985496736765772	4	2.0	0.546
MITHRIL.1825	1.0	5.552	0.53162532	0.0	-1.1000000000000005	0.8307464892830746	0.0029563932002956393	1.0	0.6843240349379326	8.0	-6.401946123976537	34	0	0	0	1	0.9985496736765772	4	2.0	0.546
MITHRIL.1826	1.0	5.552	0.53162532	0.0	0.0	0.8307464892830746	0.1655580192165558	1.0	0.6843240349379326	8.0	-0.594591201918933	34	0	0	0	1	0.9985496736765772	4	2.0	0.546
MITHRIL.1827	1.0	7.356	0.52966383	0.0	0.0	0.9985218033998522	0.0007390983000739098	1.0	0.01750713133130012	14.0	-8.401946123976536	35	0	0	0	1	0.9985496736765772	4	3.0	0.615
MITHRIL.1828	1.0	7.356	0.52966383	0.0	0.0	0.9985218033998522	0.0007390983000739098	1.0	0.01750713133130012	14.0	-8.401946123976536	35	0	0	0	1	0.9985496736765772	4	3.0	0.615
MITHRIL.1829	1.0	7.356	0.52966383	0.0	0.0	0.9985218033998522	0.0	1.0	0.01750713133130012	14.0	-44.50699332842307	35	0	0	0	1	0.9985496736765772	4	3.0	0.615
MITHRIL.1830	1.0	9.146	0.52731004	0.0	0.0	0.9985218033998522	0.0014781966001478197	1.0	0.016028934731153743	10.0	-7.401946123976537	36	0	0	0	1	0.9992748368382887	3	3.0	0.319
MITHRIL.1831	1.0	9.146	0.52731004	0.0	0.0	0.9985218033998522	0.0	1.0	0.016028934731153743	10.0	-44.50699332842307	36	0	0	0	1	0.9992748368382887	3	3.0	0.319
MITHRIL.1832	1.0	9.146	0.52731004	0.0	0.0	0.9985218033998522	0.0	1.0	0.016028934731153743	10.0	-44.50699332842307	36	0	0	0	1	0.9992748368382887	3	3.0	0.319
MITHRIL.1833	1.0	8.533	0.52396041	0.0	0.0	1.0	0.0	1.0	-1.601713251907458e-15	27.0	-44.50699332842307	37	0	0	0	1	0.9992748368382887	2	2.0	0.044
MITHRIL.1834	1.0	8.533	0.52396041	0.0	0.0	1.0	0.0	1.0	-1.601713251907458e-15	27.0	-44.50699332842307	37	0	0	0	1	0.9992748368382887	2	2.0	0.044
MITHRIL.1835	1.0	8.533	0.52396041	0.0	0.0	1.0	0.0	1.0	-1.601713251907458e-15	27.0	-44.50699332842307	37	0	0	0	1	0.9992748368382887	2	2.0	0.044
MITHRIL.1836	1.0	8.533	0.5209729	0.0	0.0	1.0	0.0	1.0	-1.601713251907458e-15	27.0	-44.50699332842307	38	0	0	0	1	1.0	1	1.0	0.047
MITHRIL.1837	1.0	8.533	0.5209729	0.0	0.0	1.0	0.0	1.0	-1.601713251907458e-15	27.0	-44.50699332842307	38	0	0	0	1	1.0	1	1.0	0.047
MITHRIL.1838	1.0	8.533	0.5209729	0.0	0.0	1.0	0.0	1.0	-1.601713251907458e-15	27.0	-44.50699332842307	38	0	0	0	1	1.0	1	1.0	0.047
MITHRIL.1839	1.0	5.704	0.51807592	0.0	0.0	0.31855136733185513	0.0007390983000739098	1.0	0.9111439767352014	10.0	-8.401946123976536	39	0	0	0	1	1.0	0	0.0	0.44
MITHRIL.1840	1.0	5.704	0.51807592	0.0	0.0	0.31855136733185513	0.6807095343680709	1.0	0.9111439767352014	10.0	1.4451112221147984	39	0	0	0	1	1.0	0	0.0	0.44
MITHRIL.1841	1.0	5.704	0.51807592	0.0	0.0	0.31855136733185513	0.0	1.0	0.9111439767352014	10.0	-44.50699332842307	39	0	0	0	1	1.0	0	0.0	0.44
MITHRIL.1842	1.0	3.534	0.51415294	0.0	-0.10000000000000053	0.8824833702882483	0.08573540280857354	1.0	0.6482872519472465	14.0	-1.5439651288489649	40	0	0	0	1	1.0	1	1.0	0.403
MITHRIL.1843	1.0	3.534	0.51415294	0.0	0.0	0.8824833702882483	0.008869179600886918	1.0	0.6482872519472465	14.0	-4.816983623255381	40	0	0	0	1	1.0	1	1.0	0.403
MITHRIL.1844	1.0	3.534	0.51415294	0.0	-0.10000000000000053	0.8824833702882483	0.022912047302291204	1.0	0.6482872519472465	14.0	-3.447749813589662	40	0	0	0	1	1.0	1	1.0	0.403
MITHRIL.1845	1.0	3.707	0.51035065	0.028169014084507005	1.0999999999999996	0.9423503325942351	0.015521064301552107	1.0	0.40853422502497627	14.0	-4.0096287011977765	41	0	0	1	0	0.02610587382160986	0	0.0	0.394
MITHRIL.1846	1.0	3.707	0.51035065	0.028169014084507005	1.0999999999999996	0.9423503325942351	0.022172949002217297	1.0	0.40853422502497627	14.0	-3.4950555283680185	41	0	0	1	0	0.02610587382160986	0	0.0	0.394
MITHRIL.1847	1.0	3.707	0.51035065	0.028169014084507005	1.2000000000000002	0.9423503325942351	0.019955654101995565	1.0	0.40853422502497627	14.0	-3.6470586218130685	41	0	0	1	0	0.02610587382160986	0	0.0	0.394
MITHRIL.1848	1.0	5.146	0.50582413	0.028169014084507005	6.199999999999999	0.9083518107908352	0.07243163340724317	1.0	0.5283181173762614	9.0	-1.7872362798613288	42	0	0	1	0	0.0036258158085569255	1	1.0	0.291
MITHRIL.1849	1.0	5.146	0.50582413	0.028169014084507005	6.199999999999999	0.9083518107908352	0.007390983000739098	1.0	0.5283181173762614	9.0	-5.0800180290891745	42	0	0	1	0	0.0036258158085569255	1	1.0	0.291
MITHRIL.1850	1.0	5.146	0.50582413	0.028169014084507005	6.199999999999999	0.9083518107908352	0.011825572801182557	1.0	0.5283181173762614	9.0	-4.401946123976537	42	0	0	1	0	0.0036258158085569255	1	1.0	0.291
MITHRIL.1851	0.998	0.56	0.49876275	0.028169014084507005	2.3	0.524759793052476	0.004434589800443459	1.0	1.0548352519637996	5.0	-5.816983623255381	43	0	0	1	0	0.02610587382160986	2	2.0	0.389
MITHRIL.1852	0.998	0.56	0.49876275	0.028169014084507005	1.5	0.524759793052476	0.4685883222468588	1.0	1.0548352519637996	5.0	0.90639290616287	43	0	0	1	0	0.02610587382160986	2	2.0	0.389
MITHRIL.1853	0.998	0.56	0.49876275	0.028169014084507005	-0.2999999999999998	0.524759793052476	0.0022172949002217295	1.0	1.0548352519637996	5.0	-6.816983623255381	43	0	0	1	0	0.02610587382160986	2	2.0	0.389
MITHRIL.1854	1.0	1.236	0.49007182	0.028169014084507005	-3.8999999999999995	0.6104951958610495	0.03621581670362158	1.0	1.2268884716481834	3.0	-2.787236279861329	44	0	0	1	0	0.012327773749093546	3	3.0	0.697
MITHRIL.1855	1.0	1.236	0.49007182	0.0	0.39999999999999947	0.6104951958610495	0.3385070214338507	1.0	1.2268884716481834	3.0	0.4372576641204068	44	0	0	1	0	0.012327773749093546	3	3.0	0.697
MITHRIL.1856	1.0	1.236	0.49007182	0.028169014084507005	-3.8999999999999995	0.6104951958610495	0.014781966001478197	1.0	1.2268884716481834	3.0	-4.0800180290891745	44	0	0	1	0	0.012327773749093546	3	3.0	0.697
MITHRIL.1857	1.0	2.668	0.48494176	0.028169014084507005	-1.0000000000000009	0.20768662232076865	0.729490022172949	1.0	1.0843244647708863	4.0	1.5449601504798605	45	0	0	1	0	0.05438723712835388	4	2.0	0.593
MITHRIL.1858	1.0	2.668	0.48494176	0.028169014084507005	-1.0000000000000009	0.20768662232076865	0.0066518847006651885	1.0	1.0843244647708863	4.0	-5.232021122534225	45	0	0	1	0	0.05438723712835388	4	2.0	0.593
MITHRIL.1859	1.0	2.668	0.48494176	0.028169014084507005	-1.0000000000000009	0.20768662232076865	0.05617147080561715	1.0	1.0843244647708863	4.0	-2.1540186105329515	45	0	0	1	0	0.05438723712835388	4	2.0	0.593
MITHRIL.1860	1.0	3.099	0.47999276	0.0	0.2999999999999998	0.8837555886736215	0.02459016393442623	0.991869918699187	0.6821174829985681	2.0	-3.34577483684173	46	1	0	0	0	0.9612573099415205	3	3.0	1.085
MITHRIL.1861	1.0	3.099	0.47999276	0.0	-0.10000000000000053	0.8837555886736215	0.07078986587183309	0.991869918699187	0.6821174829985681	2.0	-1.8203133478692357	46	1	0	0	0	0.9612573099415205	3	3.0	1.085
MITHRIL.1862	1.0	3.099	0.47999276	0.0	0.2999999999999998	0.8837555886736215	0.020864381520119227	0.991869918699187	0.6821174829985681	2.0	-3.5828140341425794	46	1	0	0	0	0.9612573099415205	3	3.0	1.085
MITHRIL.1863	1.0	5.207	0.47712596	0.0	0.0	0.8904619970193741	0.08494783904619971	0.991869918699187	0.6045873980356853	8.0	-1.5572789420354418	47	1	0	0	0	0.9985380116959064	2	2.0	0.964
MITHRIL.1864	1.0	5.207	0.47712596	0.0	0.0	0.8904619970193741	0.0037257824143070045	0.991869918699187	0.6045873980356853	8.0	-6.068240861312821	47	1	0	0	0	0.9985380116959064	2	2.0	0.964
MITHRIL.1865	1.0	5.207	0.47712596	0.0	0.0	0.8904619970193741	0.020864381520119227	0.991869918699187	0.6045873980356853	8.0	-3.5828140341425794	47	1	0	0	0	0.9985380116959064	2	2.0	0.964
MITHRIL.1866	1.0	8.533	0.47465146	0.0	0.0	0.854586129753915	0.0014914243102162564	0.991130820399113	0.6625550016082354	14.0	-7.389093521904474	48	1	0	0	0	0.9985369422092173	1	1.0	0.311
MITHRIL.1867	1.0	8.533	0.47465146	0.0	0.0	0.854586129753915	0.13571961222967935	0.991130820399113	0.6625550016082354	14.0	-0.8812988817057776	48	1	0	0	0	0.9985369422092173	1	1.0	0.311
MITHRIL.1868	1.0	8.533	0.47465146	0.0	0.0	0.854586129753915	0.00820283370618941	0.991130820399113	0.6625550016082354	14.0	-4.929661903267177	48	1	0	0	0	0.9985369422092173	1	1.0	0.311
MITHRIL.1869	0.959	-0.003	0.46502505	0.0	0.09999999999999964	0.14850746268656717	0.10746268656716418	0.9903917220990391	1.0753030015651688	3.0	-1.2180922839028225	49	1	0	0	0	0.9992679355783309	0	0.0	0.914
MITHRIL.1870	0.959	-0.003	0.46502505	0.0	0.09999999999999964	0.14850746268656717	0.0	0.9903917220990391	1.0753030015651688	3.0	-44.50699332842307	49	1	0	0	0	0.9992679355783309	0	0.0	0.914
MITHRIL.1871	0.959	-0.003	0.46502505	0.0	0.2999999999999998	0.14850746268656717	0.7440298507462687	0.9903917220990391	1.0753030015651688	3.0	1.5734324090530611	49	1	0	0	0	0.9992679355783309	0	0.0	0.914
MITHRIL.1872	1.0	6.114	0.45313537	0.028169014084507005	3.4	0.8237490664675131	0.17625093353248694	0.9896526237989652	0.6797055920013968	10.0	-0.5042971959624691	51	0	0	1	0	0.002197802197802198	1	1.0	0.409
MITHRIL.1873	1.0	6.114	0.45313537	0.05633802816901412	4.5	0.8237490664675131	0.0	0.9896526237989652	0.6797055920013968	10.0	-44.50699332842307	51	0	0	1	0	0.002197802197802198	1	1.0	0.409
MITHRIL.1874	1.0	6.114	0.45313537	0.028169014084507005	3.5999999999999996	0.8237490664675131	0.0	0.9896526237989652	0.6797055920013968	10.0	-44.50699332842307	51	0	0	1	0	0.002197802197802198	1	1.0	0.409
MITHRIL.1875	0.075	0.366	0.44073269	0.028169014084507005	6.8999999999999995	0.5601194921583271	0.41374159820761763	0.9896526237989652	1.1528022077700415	8.0	0.7268019207248778	52	0	0	1	0	0.020512820512820513	2	2.0	0.383
MITHRIL.1876	0.075	0.366	0.44073269	0.028169014084507005	7.1	0.5601194921583271	0.004480955937266617	0.9896526237989652	1.1528022077700415	8.0	-5.801977744603154	52	0	0	1	0	0.020512820512820513	2	2.0	0.383
MITHRIL.1877	0.075	0.366	0.44073269	0.028169014084507005	7.2	0.5601194921583271	0.021657953696788648	0.9896526237989652	1.1528022077700415	8.0	-3.5289592501967384	52	0	0	1	0	0.020512820512820513	2	2.0	0.383
MITHRIL.1878	0.0	-1.688	0.42636852	0.028169014084507005	3.0999999999999996	0.4962518740629685	0.2661169415292354	0.9859571322985957	1.6826647966072894	4.0	0.09013226320745937	53	0	0	1	0	0.054411764705882354	3	3.0	0.521
MITHRIL.1879	0.0	-1.688	0.42636852	0.028169014084507005	3.9	0.4962518740629685	0.053973013493253376	0.9859571322985957	1.6826647966072894	4.0	-2.2116179497422728	53	0	0	1	0	0.054411764705882354	3	3.0	0.521
MITHRIL.1880	0.0	-1.688	0.42636852	0.028169014084507005	3.5999999999999996	0.4962518740629685	0.18365817091454273	0.9859571322985957	1.6826647966072894	4.0	-0.44490501218201445	53	0	0	1	0	0.054411764705882354	3	3.0	0.521
MITHRIL.1881	0.0	-1.334	0.4104955	0.0	0.0	0.48365019011406846	0.13307984790874525	0.9719142645971914	1.6183062305841531	2.0	-0.909635972347336	54	0	0	0	1	0.1058911260253542	4	4.0	0.572
MITHRIL.1882	0.0	-1.334	0.4104955	0.028169014084507005	-1.0000000000000009	0.48365019011406846	0.044866920152091254	0.9719142645971914	1.6183062305841531	2.0	-2.4782040348178236	54	0	0	0	1	0.1058911260253542	4	4.0	0.572
MITHRIL.1883	0.0	-1.334	0.4104955	0.028169014084507005	-1.6000000000000005	0.48365019011406846	0.33840304182509506	0.9719142645971914	1.6183062305841531	2.0	0.43681444167409544	54	0	0	0	1	0.1058911260253542	4	4.0	0.572
MITHRIL.1884	0.0	-2.974	0.39598045	0.0	0.0	0.1855273287143957	0.1724403387220939	0.9600886917960089	1.6807628844445222	3.0	-0.5358307933902771	55	0	0	0	1	0.6324528301886793	5	5.0	0.637
MITHRIL.1885	0.0	-2.974	0.39598045	0.0	0.0	0.1855273287143957	0.5450346420323325	0.9600886917960089	1.6807628844445222	3.0	1.1244198346351162	55	0	0	0	1	0.6324528301886793	5	5.0	0.637
MITHRIL.1886	0.0	-2.974	0.39598045	0.028169014084507005	-0.5	0.1855273287143957	0.09699769053117784	0.9600886917960089	1.6807628844445222	3.0	-1.3659057919479645	55	0	0	0	1	0.6324528301886793	5	5.0	0.637
MITHRIL.1887	0.0	-8.71	0.38668598	0.0	0.0	0.47058823529411764	0.189873417721519	0.9926090169992609	1.7443637381787398	2.0	-0.3968901525685843	56	0	0	0	1	0.9985390796201608	6	6.0	1.064
MITHRIL.1888	0.0	-8.71	0.38668598	0.0	0.0	0.47058823529411764	0.07073715562174236	0.9926090169992609	1.7443637381787398	2.0	-1.8213879810964946	56	0	0	0	1	0.9985390796201608	6	6.0	1.064
MITHRIL.1889	0.0	-8.71	0.38668598	0.0	0.0	0.47058823529411764	0.268801191362621	0.9926090169992609	1.7443637381787398	2.0	0.10461143745972858	56	0	0	0	1	0.9985390796201608	6	6.0	1.064
MITHRIL.1890	0.0	-4.065	0.38547891	0.0	0.0	0.1453846153846154	0.13384615384615384	0.9608277900960828	1.3138398607137358	4.0	-0.9013524120670886	57	0	0	0	1	0.9984917043740573	7	7.0	1.115
MITHRIL.1891	0.0	-4.065	0.38547891	0.0	0.0	0.1453846153846154	0.02923076923076923	0.9608277900960828	1.3138398607137358	4.0	-3.0963683944722313	57	0	0	0	1	0.9984917043740573	7	7.0	1.115
MITHRIL.1892	0.0	-4.065	0.38547891	0.0	0.0	0.1453846153846154	0.6915384615384615	0.9608277900960828	1.3138398607137358	4.0	1.4678813975986305	57	0	0	0	1	0.9984917043740573	7	7.0	1.115
MITHRIL.1893	0.0	-4.469	0.38409077	0.0	0.0	0.14237573715248525	0.628475147430497	0.877309682187731	1.499304086638181	2.0	1.3299276006133312	58	0	0	0	1	0.9991749174917491	8	8.0	0.905
MITHRIL.1894	0.0	-4.469	0.38409077	0.0	0.0	0.14237573715248525	0.07750631844987363	0.877309682187731	1.499304086638181	2.0	-1.6895422635848938	58	0	0	0	1	0.9991749174917491	8	8.0	0.905
MITHRIL.1895	0.0	-4.469	0.38409077	0.0	0.0	0.14237573715248525	0.15164279696714406	0.877309682187731	1.499304086638181	2.0	-0.7212511233122321	58	0	0	0	1	0.9991749174917491	8	8.0	0.905
MITHRIL.1896	0.0	-10.706	0.38267246	0.0	0.0	0.47947761194029853	0.10074626865671642	0.7923133776792314	1.6276120156893117	4.0	-1.3098552625867872	59	0	0	0	1	1.0	9	8.0	0.694
MITHRIL.1897	0.0	-10.706	0.38267246	0.0	0.0	0.47947761194029853	0.3069029850746269	0.7923133776792314	1.6276120156893117	4.0	0.2972010089849857	59	0	0	0	1	1.0	9	8.0	0.694
MITHRIL.1898	0.0	-10.706	0.38267246	0.0	0.0	0.47947761194029853	0.11194029850746269	0.7923133776792314	1.6276120156893117	4.0	-1.1578521691417374	59	0	0	0	1	1.0	9	8.0	0.694
MITHRIL.1899	0.0	-1.452	0.3820991	0.0	0.0	0.12031782065834279	0.7253121452894438	0.6511456023651145	1.2325192375630531	3.0	1.5366739120265807	60	0	0	0	1	1.0	10	7.0	1.193
MITHRIL.1900	0.0	-1.452	0.3820991	0.0	0.0	0.12031782065834279	0.08059023836549375	0.6511456023651145	1.2325192375630531	3.0	-1.6332510894157315	60	0	0	0	1	1.0	10	7.0	1.193
MITHRIL.1901	0.0	-1.452	0.3820991	0.028169014084507005	2.2	0.12031782065834279	0.07377979568671963	0.6511456023651145	1.2325192375630531	3.0	-1.7606303958919591	60	0	0	0	1	1.0	10	7.0	1.193
MITHRIL.1902	0.0	-9.779	0.38719899	0.0	0.0	0.10455563853622106	0.5728155339805825	0.9896526237989652	1.6435621934796625	5.0	1.1961425221786228	65	0	0	0	1	0.6153846153846154	11	6.0	1.067
MITHRIL.1903	0.0	-9.779	0.38719899	0.028169014084507005	-1.6000000000000005	0.10455563853622106	0.13890963405526513	0.9896526237989652	1.6435621934796625	5.0	-0.847781434216279	65	0	0	0	1	0.6153846153846154	11	6.0	1.067
MITHRIL.1904	0.0	-9.779	0.38719899	0.0	0.0	0.10455563853622106	0.1837191934279313	0.9896526237989652	1.6435621934796625	5.0	-0.44442573998507057	65	0	0	0	1	0.6153846153846154	11	6.0	1.067
MITHRIL.1905	0.0	-0.089	0.39588991	0.0	0.39999999999999947	0.3278566094100075	0.07542942494398805	0.9896526237989652	1.7236672624183993	3.0	-1.7287287625725158	66	0	0	0	1	0.1076923076923077	12	5.0	0.438
MITHRIL.1906	0.0	-0.089	0.39588991	0.028169014084507005	-4.1000000000000005	0.3278566094100075	0.4540702016430172	0.9896526237989652	1.7236672624183993	3.0	0.8609872681192751	66	0	0	0	1	0.1076923076923077	12	5.0	0.438
MITHRIL.1907	0.0	-0.089	0.39588991	0.0	0.5999999999999996	0.3278566094100075	0.1426437640029873	0.9896526237989652	1.7236672624183993	3.0	-0.8095114172885618	66	0	0	0	1	0.1076923076923077	12	5.0	0.438
MITHRIL.1908	0.0	-1.464	0.40608969	0.028169014084507005	6.3	0.5014992503748126	0.16941529235382308	0.9859571322985957	1.6392328450386093	5.0	-0.5613639887693974	67	0	0	1	0	0.05514705882352941	13	4.0	0.509
MITHRIL.1909	0.0	-1.464	0.40608969	0.028169014084507005	-0.7999999999999998	0.5014992503748126	0.041979010494752625	0.9859571322985957	1.6392328450386093	5.0	-2.5741880291269807	67	0	0	1	0	0.05514705882352941	13	4.0	0.509
MITHRIL.1910	0.0	-1.464	0.40608969	0.0	2.8	0.5014992503748126	0.2871064467766117	0.9859571322985957	1.6392328450386093	5.0	0.19965763074037202	67	0	0	1	0	0.05514705882352941	13	4.0	0.509
MITHRIL.1911	0.004	0.023	0.41565574	0.028169014084507005	7.1	0.49277566539923956	0.01064638783269962	0.9719142645971914	1.1101455452473425	8.0	-4.553492162122061	68	0	0	1	0	0.018642803877703208	14	3.0	0.654
MITHRIL.1912	0.004	0.023	0.41565574	0.028169014084507005	4.4	0.49277566539923956	0.003041825095057034	0.9719142645971914	1.1101455452473425	8.0	-6.360847084179665	68	0	0	1	0	0.018642803877703208	14	3.0	0.654
MITHRIL.1913	0.004	0.023	0.41565574	0.0	3.0	0.49277566539923956	0.4935361216730038	0.9719142645971914	1.1101455452473425	8.0	0.9812275838194738	68	0	0	1	0	0.018642803877703208	14	3.0	0.654
MITHRIL.1914	0.987	4.442	0.42504074	0.028169014084507005	2.8999999999999995	0.8190916089299461	0.0	0.9600886917960089	0.7112535264075959	10.0	-44.50699332842307	69	0	0	1	0	0.0007547169811320754	15	2.0	0.26
MITHRIL.1915	0.987	4.442	0.42504074	0.028169014084507005	2.7	0.8190916089299461	0.0	0.9600886917960089	0.7112535264075959	10.0	-44.50699332842307	69	0	0	1	0	0.0007547169811320754	15	2.0	0.26
MITHRIL.1916	0.987	4.442	0.42504074	0.0	2.5	0.8190916089299461	0.18090839107005388	0.9600886917960089	0.7112535264075959	10.0	-0.46666876888288145	69	0	0	1	0	0.0007547169811320754	15	2.0	0.26
MITHRIL.1917	0.985	3.557	0.43294707	0.028169014084507005	2.0999999999999996	0.7804878048780488	0.014781966001478197	1.0	0.8682499546110471	14.0	-4.0800180290891745	70	0	1	0	0	0.01595358955765047	16	3.0	0.358
MITHRIL.1918	0.985	3.557	0.43294707	0.028169014084507005	2.0	0.7804878048780488	0.004434589800443459	1.0	0.8682499546110471	14.0	-5.816983623255381	70	0	1	0	0	0.01595358955765047	16	3.0	0.358
MITHRIL.1919	0.985	3.557	0.43294707	0.0	1.5	0.7804878048780488	0.20029563932002956	1.0	0.8682499546110471	14.0	-0.31979708262266565	70	0	1	0	0	0.01595358955765047	16	3.0	0.358
MITHRIL.1920	0.08	0.528	0.44136641	0.028169014084507005	4.4	0.37989652623798964	0.025868440502586843	1.0	1.5867761838008612	5.0	-3.272663107031571	71	0	1	0	0	0.0340826686004351	17	4.0	0.677
MITHRIL.1921	0.08	0.528	0.44136641	0.0	0.39999999999999947	0.37989652623798964	0.450849963045085	1.0	1.5867761838008612	5.0	0.8507193084737116	71	0	1	0	0	0.0340826686004351	17	4.0	0.677
MITHRIL.1922	0.08	0.528	0.44136641	0.028169014084507005	4.0	0.37989652623798964	0.1433850702143385	1.0	1.5867761838008612	5.0	-0.8020332817894096	71	0	1	0	0	0.0340826686004351	17	4.0	0.677
MITHRIL.1923	0.0	-0.221	0.45078158	0.028169014084507005	4.3	0.43532889874353287	0.22172949002217296	1.0	1.7453651282208993	9.0	-0.17312743348065618	72	0	1	0	0	0.14430746918056564	18	5.0	0.369
MITHRIL.1924	0.0	-0.221	0.45078158	0.028169014084507005	4.3	0.43532889874353287	0.29046563192904656	1.0	1.7453651282208993	9.0	0.21643937828206933	72	0	1	0	0	0.14430746918056564	18	5.0	0.369
MITHRIL.1925	0.0	-0.221	0.45078158	0.028169014084507005	4.3	0.43532889874353287	0.0524759793052476	1.0	1.7453651282208993	9.0	-2.252199004471855	72	0	1	0	0	0.14430746918056564	18	5.0	0.369
MITHRIL.1926	0.0	0.077	0.46046834	0.028169014084507005	4.1	0.6134515890613451	0.05321507760532151	1.0	1.4812817060934065	8.0	-2.2320211225342246	73	0	1	0	0	0.5583756345177665	19	6.0	0.288
MITHRIL.1927	0.0	0.077	0.46046834	0.0	-0.10000000000000053	0.6134515890613451	0.2320768662232077	1.0	1.4812817060934065	8.0	-0.10732537508491007	73	0	1	0	0	0.5583756345177665	19	6.0	0.288
MITHRIL.1928	0.0	0.077	0.46046834	0.028169014084507005	3.9	0.6134515890613451	0.10125646711012565	1.0	1.4812817060934065	8.0	-1.3039140410160104	73	0	1	0	0	0.5583756345177665	19	6.0	0.288
MITHRIL.1929	0.012	0.295	0.47039652	0.028169014084507005	3.6999999999999997	0.6100815418828762	0.014084507042253521	0.9970436067997044	1.3347064992644917	5.0	-4.149747119504682	74	0	1	0	0	0.1331877729257642	20	7.0	0.358
MITHRIL.1930	0.012	0.295	0.47039652	0.0	-0.10000000000000053	0.6100815418828762	0.2950333580429948	0.9970436067997044	1.3347064992644917	5.0	0.23894998759538122	74	0	1	0	0	0.1331877729257642	20	7.0	0.358
MITHRIL.1931	0.012	0.295	0.47039652	0.028169014084507005	3.3	0.6100815418828762	0.08080059303187546	0.9970436067997044	1.3347064992644917	5.0	-1.6294903081713412	74	0	1	0	0	0.1331877729257642	20	7.0	0.358
MITHRIL.1932	0.996	2.954	0.48252761	0.028169014084507005	4.3	0.4892512972572276	0.00815418828762046	0.9970436067997044	1.1166778741430536	10.0	-4.93824301431097	75	0	1	0	0	0.01455604075691412	21	8.0	0.168
MITHRIL.1933	0.996	2.954	0.48252761	0.0	0.0	0.4892512972572276	0.4951816160118606	0.9970436067997044	1.1166778741430536	10.0	0.9860296595257846	75	0	1	0	0	0.01455604075691412	21	8.0	0.168
MITHRIL.1934	0.996	2.954	0.48252761	0.028169014084507005	3.9	0.4892512972572276	0.007412898443291327	0.9970436067997044	1.1166778741430536	10.0	-5.075746538060906	75	0	1	0	0	0.01455604075691412	21	8.0	0.168
MITHRIL.1935	1.0	7.253	0.49327057	0.028169014084507005	3.5999999999999996	0.821349147516679	0.023721275018532245	0.9970436067997044	0.8051844723024524	10.0	-3.3976746329482674	76	0	1	0	0	0.01455604075691412	22	9.0	0.267
MITHRIL.1936	1.0	7.253	0.49327057	0.028169014084507005	3.5999999999999996	0.821349147516679	0.0037064492216456633	0.9970436067997044	0.8051844723024524	10.0	-6.075746538060906	76	0	1	0	0	0.01455604075691412	22	9.0	0.267
MITHRIL.1937	1.0	7.253	0.49327057	0.0	2.3	0.821349147516679	0.15122312824314307	0.9970436067997044	0.8051844723024524	10.0	-0.7252492909767719	76	0	1	0	0	0.01455604075691412	22	9.0	0.267
MITHRIL.1938	1.0	8.533	0.50337981	0.0	0.8999999999999995	0.9606824925816023	0.016320474777448073	0.9963045084996305	0.28985278286653554	10.0	-3.937173162544561	77	1	0	0	0	0.9985433357611071	23	10.0	0.779
MITHRIL.1939	1.0	8.533	0.50337981	0.0	0.0	0.9606824925816023	0.021513353115727003	0.9963045084996305	0.28985278286653554	10.0	-3.5386237860542864	77	1	0	0	0	0.9985433357611071	23	10.0	0.779
MITHRIL.1940	1.0	8.533	0.50337981	0.0	0.5	0.9606824925816023	0.001483679525222552	0.9963045084996305	0.28985278286653554	10.0	-7.396604781181859	77	1	0	0	0	0.9985433357611071	23	10.0	0.779
MITHRIL.4803	1.0	4.677	0.79712113	0.02898550724637683	2.5999999999999996	0.88	0.03037037037037037	1.0	0.6778055237488585	15.0	-3.0411916873201097	0	0	1	0	0	0.018168604651162792	8	8.0	0.47
MITHRIL.4804	1.0	4.677	0.79712113	0.02898550724637683	2.5	0.88	0.011851851851851851	1.0	0.6778055237488585	15.0	-4.3987436919381935	0	0	1	0	0	0.018168604651162792	8	8.0	0.47
MITHRIL.4805	1.0	4.677	0.79712113	0.0	1.8999999999999986	0.88	0.07777777777777778	1.0	0.6778055237488585	15.0	-1.6844981742720706	0	0	1	0	0	0.018168604651162792	8	8.0	0.47
MITHRIL.4806	1.0	4.872	0.78544269	0.02898550724637683	4.699999999999999	0.9022222222222223	0.005925925925925926	1.0	0.5362942295018776	9.0	-5.3987436919381935	1	0	1	0	0	0.007267441860465116	7	7.0	0.358
MITHRIL.4807	1.0	4.872	0.78544269	0.0	0.6999999999999993	0.9022222222222223	0.08296296296296296	1.0	0.5362942295018776	9.0	-1.591388769880589	1	0	1	0	0	0.007267441860465116	7	7.0	0.358
MITHRIL.4808	1.0	4.872	0.78544269	0.02898550724637683	4.6	0.9022222222222223	0.008888888888888889	1.0	0.5362942295018776	9.0	-4.813781191217037	1	0	1	0	0	0.007267441860465116	7	7.0	0.358
MITHRIL.4809	0.963	0.906	0.77144064	0.02898550724637683	6.3999999999999995	0.44962962962962966	0.5111111111111111	1.0	1.22833954862134	4.0	1.031708859727338	2	0	1	0	0	0.02180232558139535	6	6.0	0.293
MITHRIL.4810	0.963	0.906	0.77144064	0.02898550724637683	6.3999999999999995	0.44962962962962966	0.00962962962962963	1.0	1.22833954862134	4.0	-4.698303973797101	2	0	1	0	0	0.02180232558139535	6	6.0	0.293
MITHRIL.4811	0.963	0.906	0.77144064	0.02898550724637683	6.3999999999999995	0.44962962962962966	0.02962962962962963	1.0	1.22833954862134	4.0	-3.076815597050831	2	0	1	0	0	0.02180232558139535	6	6.0	0.293
MITHRIL.4812	0.861	2.856	0.7567747	0.02898550724637683	4.499999999999999	0.5881481481481482	0.011851851851851851	1.0	1.25628509330107	4.0	-4.3987436919381935	3	0	1	0	0	0.17950581395348839	5	5.0	0.437
MITHRIL.4813	0.861	2.856	0.7567747	0.0	0.8999999999999986	0.5881481481481482	0.35555555555555557	1.0	1.25628509330107	4.0	0.5081469036703253	3	0	1	0	0	0.17950581395348839	5	5.0	0.437
MITHRIL.4814	0.861	2.856	0.7567747	0.02898550724637683	4.3999999999999995	0.5881481481481482	0.044444444444444446	1.0	1.25628509330107	4.0	-2.4918530963296748	3	0	1	0	0	0.17950581395348839	5	5.0	0.437
MITHRIL.4815	0.0	-0.099	0.74156557	0.02898550724637683	6.499999999999999	0.5059259259259259	0.3814814814814815	1.0	1.4584493465680723	5.0	0.6096849301323874	4	0	1	0	0	0.040697674418604654	4	4.0	0.468
MITHRIL.4816	0.0	-0.099	0.74156557	0.02898550724637683	6.499999999999999	0.5059259259259259	0.02	1.0	1.4584493465680723	5.0	-3.643856189774725	4	0	1	0	0	0.040697674418604654	4	4.0	0.468
MITHRIL.4817	0.0	-0.099	0.74156557	0.02898550724637683	6.499999999999999	0.5059259259259259	0.09259259259259259	1.0	1.4584493465680723	5.0	-1.4329594072761063	4	0	1	0	0	0.040697674418604654	4	4.0	0.468
MITHRIL.4818	0.0	-1.705	0.72490796	0.02898550724637683	3.799999999999999	0.6313056379821959	0.04896142433234421	0.9985185185185185	1.2447083701580341	3.0	-2.35114001610385	5	0	1	0	0	0.07132459970887918	3	3.0	0.506
MITHRIL.4819	0.0	-1.705	0.72490796	0.0	-1.9000000000000004	0.6313056379821959	0.30415430267062316	0.9985185185185185	1.2447083701580341	3.0	0.2839459640431429	5	0	1	0	0	0.07132459970887918	3	3.0	0.506
MITHRIL.4820	0.0	-1.705	0.72490796	0.02898550724637683	1.6999999999999993	0.6313056379821959	0.01483679525222552	0.9985185185185185	1.2447083701580341	3.0	-4.073606040574941	5	0	1	0	0	0.07132459970887918	3	3.0	0.506
MITHRIL.4821	0.781	1.114	0.70978937	0.02898550724637683	2.0999999999999996	0.5660237388724035	0.3916913946587537	0.9985185185185185	1.2003045509316117	5.0	0.6477893381765949	6	0	1	0	0	0.006550218340611353	2	2.0	0.501
MITHRIL.4822	0.781	1.114	0.70978937	0.02898550724637683	2.299999999999999	0.5660237388724035	0.002225519287833828	0.9985185185185185	1.2003045509316117	5.0	-6.811642280460703	6	0	1	0	0	0.006550218340611353	2	2.0	0.501
MITHRIL.4823	0.781	1.114	0.70978937	0.02898550724637683	2.299999999999999	0.5660237388724035	0.040059347181008904	0.9985185185185185	1.2003045509316117	5.0	-2.64171727901839	6	0	1	0	0	0.006550218340611353	2	2.0	0.501
MITHRIL.4824	1.0	4.785	0.69669262	0.0	-0.5	0.8910303928836175	0.04966641957005189	0.9992592592592593	0.622745862538805	14.0	-2.331585442490495	7	1	0	0	0	1.0	1	1.0	0.287
MITHRIL.4825	1.0	4.785	0.69669262	0.0	0.29999999999999893	0.8910303928836175	0.0029651593773165306	0.9992592592592593	0.622745862538805	14.0	-6.397674632948267	7	1	0	0	0	1.0	1	1.0	0.287
MITHRIL.4826	1.0	4.785	0.69669262	0.0	-0.5	0.8910303928836175	0.056338028169014086	0.9992592592592593	0.622745862538805	14.0	-2.1497471195046822	7	1	0	0	0	1.0	1	1.0	0.287
MITHRIL.4827	1.0	3.839	0.68241898	0.0	0.0	0.8617339312406577	0.0007473841554559044	0.9911111111111112	0.6103149770789468	14.0	-8.38586240064146	8	1	0	0	0	1.0	0	0.0	0.26
MITHRIL.4828	1.0	3.839	0.68241898	0.0	0.09999999999999964	0.8617339312406577	0.1352765321375187	0.9911111111111112	0.6103149770789468	14.0	-0.8860165135582554	8	1	0	0	0	1.0	0	0.0	0.26
MITHRIL.4829	1.0	3.839	0.68241898	0.0	0.0	0.8617339312406577	0.002242152466367713	0.9911111111111112	0.6103149770789468	14.0	-6.800899899920305	8	1	0	0	0	1.0	0	0.0	0.26
MITHRIL.4830	1.0	7.644	0.66437323	0.02898550724637683	3.799999999999999	0.9399109792284867	0.04302670623145401	0.9985185185185185	0.3906123884696009	14.0	-2.5386237860542864	9	0	0	1	0	0.008733624454148471	0	0.0	0.231
MITHRIL.4831	1.0	7.644	0.66437323	0.02898550724637683	4.199999999999999	0.9399109792284867	0.002225519287833828	0.9985185185185185	0.3906123884696009	14.0	-6.811642280460703	9	0	0	1	0	0.008733624454148471	0	0.0	0.231
MITHRIL.4832	1.0	7.644	0.66437323	0.02898550724637683	4.3999999999999995	0.9399109792284867	0.01483679525222552	0.9985185185185185	0.3906123884696009	14.0	-4.074676686294496	9	0	0	1	0	0.008733624454148471	0	0.0	0.231
MITHRIL.4833	1.0	4.676	0.64620677	0.02898550724637683	6.699999999999999	0.9154302670623146	0.000741839762611276	0.9985185185185185	0.42572144585880056	14.0	-8.396604781181859	10	0	0	1	0	0.004366812227074236	1	1.0	0.048
MITHRIL.4834	1.0	4.676	0.64620677	0.02898550724637683	4.1	0.9154302670623146	0.0	0.9985185185185185	0.42572144585880056	14.0	-44.50699332842307	10	0	0	1	0	0.004366812227074236	1	1.0	0.048
MITHRIL.4835	1.0	4.676	0.64620677	0.0	2.3999999999999986	0.9154302670623146	0.08382789317507418	0.9985185185185185	0.42572144585880056	14.0	-1.5764258187666709	10	0	0	1	0	0.004366812227074236	1	1.0	0.048
MITHRIL.4836	1.0	5.872	0.62797996	0.02898550724637683	4.199999999999999	0.9376854599406528	0.03560830860534125	0.9985185185185185	0.40775977362940113	15.0	-2.811642280460702	11	0	0	1	0	0.009461426491994178	2	2.0	0.179
MITHRIL.4837	1.0	5.872	0.62797996	0.02898550724637683	4.199999999999999	0.9376854599406528	0.025222551928783383	0.9985185185185185	0.40775977362940113	15.0	-3.309141939931519	11	0	0	1	0	0.009461426491994178	2	2.0	0.179
MITHRIL.4838	1.0	5.872	0.62797996	0.02898550724637683	4.199999999999999	0.9376854599406528	0.001483679525222552	0.9985185185185185	0.40775977362940113	15.0	-7.396604781181859	11	0	0	1	0	0.009461426491994178	2	2.0	0.179
MITHRIL.4839	1.0	1.246	0.60549822	0.02898550724637683	1.0	0.4903560830860534	0.3590504451038576	0.9985185185185185	1.5551693230952135	5.0	0.5222584560927361	12	0	0	1	0	0.44541484716157204	3	3.0	0.391
MITHRIL.4840	1.0	1.246	0.60549822	0.02898550724637683	1.299999999999999	0.4903560830860534	0.030415430267062313	0.9985185185185185	1.5551693230952135	5.0	-3.039052776563775	12	0	0	1	0	0.44541484716157204	3	3.0	0.391
MITHRIL.4841	1.0	1.246	0.60549822	0.02898550724637683	0.0	0.4903560830860534	0.1201780415430267	0.9985185185185185	1.5551693230952135	5.0	-1.0567547782972337	12	0	0	1	0	0.44541484716157204	3	3.0	0.391
MITHRIL.4842	1.0	3.298	0.58123604	0.0	0.29999999999999893	0.8444444444444444	0.011851851851851851	1.0	0.8232860029425102	14.0	-4.3987436919381935	13	0	0	0	1	1.0	4	4.0	0.585
MITHRIL.4843	1.0	3.298	0.58123604	0.0	-1.0	0.8444444444444444	0.05703703703703704	1.0	0.8232860029425102	14.0	-2.131957151243292	13	0	0	0	1	1.0	4	4.0	0.585
MITHRIL.4844	1.0	3.298	0.58123604	0.0	0.29999999999999893	0.8444444444444444	0.08666666666666667	1.0	0.8232860029425102	14.0	-1.5283789723547887	13	0	0	0	1	1.0	4	4.0	0.585
MITHRIL.4845	0.938	2.259	0.558362	0.0	0.0	0.6085989621942179	0.020756115641215715	0.9992592592592593	1.3835181381007018	5.0	-3.5903197108906637	14	0	0	0	1	1.0	5	5.0	0.615
MITHRIL.4846	0.938	2.259	0.558362	0.0	0.0	0.6085989621942179	0.27798369162342473	0.9992592592592593	1.3835181381007018	5.0	0.15307215243497554	14	0	0	0	1	1.0	5	5.0	0.615
MITHRIL.4847	0.938	2.259	0.558362	0.0	0.0	0.6085989621942179	0.09266123054114159	0.9992592592592593	1.3835181381007018	5.0	-1.4318903482861804	14	0	0	0	1	1.0	5	5.0	0.615
MITHRIL.4848	0.0	-1.838	0.539079	0.0	0.0	0.16567607726597325	0.5393759286775631	0.997037037037037	1.6187880346871326	3.0	1.1093630433854336	15	0	0	0	1	1.0	6	6.0	1.028
MITHRIL.4849	0.0	-1.838	0.539079	0.0	0.0	0.16567607726597325	0.048291233283803865	0.997037037037037	1.6187880346871326	3.0	-2.3720948815818623	15	0	0	0	1	1.0	6	6.0	1.028
MITHRIL.4850	0.0	-1.838	0.539079	0.0	0.0	0.16567607726597325	0.24665676077265974	0.997037037037037	1.6187880346871326	3.0	-0.019423263263392256	15	0	0	0	1	1.0	6	6.0	1.028
MITHRIL.4851	0.0	-5.663	0.52076166	0.0	0.0	0.28721804511278193	0.2819548872180451	0.9851851851851852	1.7541611965671622	5.0	0.17353625499469133	16	0	0	0	1	1.0	7	7.0	0.654
MITHRIL.4852	0.0	-5.663	0.52076166	0.0	0.0	0.28721804511278193	0.04360902255639098	0.9851851851851852	1.7541611965671622	5.0	-2.5192295352609797	16	0	0	0	1	1.0	7	7.0	0.654
MITHRIL.4853	0.0	-5.663	0.52076166	0.0	0.0	0.28721804511278193	0.38721804511278196	0.9851851851851852	1.7541611965671622	5.0	0.6312180916820288	16	0	0	0	1	1.0	7	7.0	0.654
MITHRIL.4854	0.0	-12.016	0.50371175	0.0	0.0	0.08133230054221534	0.6638264910921766	0.9562962962962963	1.4416458635798064	2.0	1.4088781088053093	17	0	0	0	1	1.0	8	6.0	1.567
MITHRIL.4855	0.0	-12.016	0.50371175	0.0	0.0	0.08133230054221534	0.13787761425251743	0.9562962962962963	1.4416458635798064	2.0	-0.8585398543407928	17	0	0	0	1	1.0	8	6.0	1.567
MITHRIL.4856	0.0	-12.016	0.50371175	0.0	0.0	0.08133230054221534	0.11696359411309062	0.9562962962962963	1.4416458635798064	2.0	-1.0958685459821118	17	0	0	0	1	1.0	8	6.0	1.567
MITHRIL.4857	1.0	5.296	0.49182208	0.0	0.1999999999999993	0.2878787878787879	0.10303030303030303	0.7333333333333333	1.5991386522828142	5.0	-1.2788593729954765	18	0	0	0	1	1.0	9	5.0	1.998
MITHRIL.4858	1.0	5.296	0.49182208	0.0	0.0	0.2878787878787879	0.4858585858585859	0.7333333333333333	1.5991386522828142	5.0	0.95860836880307	18	0	0	0	1	1.0	9	5.0	1.998
MITHRIL.4859	1.0	5.296	0.49182208	0.0	0.1999999999999993	0.2878787878787879	0.12323232323232323	0.7333333333333333	1.5991386522828142	5.0	-1.0205473774040856	18	0	0	0	1	1.0	9	5.0	1.998
MITHRIL.4860	1.0	6.951	0.47957028	0.02898550724637683	1.3999999999999986	0.8471810089020771	0.02596439169139466	0.9985185185185185	0.841641347078852	14.0	-3.267321764236892	23	0	0	1	0	0.44541484716157204	10	4.0	0.269
MITHRIL.4861	1.0	6.951	0.47957028	0.0	-0.40000000000000036	0.8471810089020771	0.05118694362017804	0.9985185185185185	0.841641347078852	14.0	-2.2880803244036896	23	0	0	1	0	0.44541484716157204	10	4.0	0.269
MITHRIL.4862	1.0	6.951	0.47957028	0.02898550724637683	0.5999999999999996	0.8471810089020771	0.07566765578635015	0.9985185185185185	0.841641347078852	14.0	-1.7241794392103629	23	0	0	1	0	0.44541484716157204	10	4.0	0.269
MITHRIL.4863	1.0	8.755	0.46870662	0.02898550724637683	4.199999999999999	0.9428783382789317	0.0	0.9985185185185185	0.3720849921985636	14.0	-44.50699332842307	24	0	0	1	0	0.009461426491994178	11	3.0	0.343
MITHRIL.4864	1.0	8.755	0.46870662	0.0	0.29999999999999893	0.9428783382789317	0.021513353115727003	0.9985185185185185	0.3720849921985636	14.0	-3.5386237860542864	24	0	0	1	0	0.009461426491994178	11	3.0	0.343
MITHRIL.4865	1.0	8.755	0.46870662	0.02898550724637683	3.799999999999999	0.9428783382789317	0.03560830860534125	0.9985185185185185	0.3720849921985636	14.0	-2.811642280460702	24	0	0	1	0	0.009461426491994178	11	3.0	0.343
MITHRIL.4866	1.0	7.486	0.45642465	0.02898550724637683	6.699999999999999	0.9176557863501483	0.07789317507418397	0.9985185185185185	0.4409390173051589	14.0	-1.6823592635157358	25	0	0	1	0	0.004366812227074236	12	2.0	0.16
MITHRIL.4867	1.0	7.486	0.45642465	0.02898550724637683	6.699999999999999	0.9176557863501483	0.001483679525222552	0.9985185185185185	0.4409390173051589	14.0	-7.396604781181859	25	0	0	1	0	0.004366812227074236	12	2.0	0.16
MITHRIL.4868	1.0	7.486	0.45642465	0.02898550724637683	6.699999999999999	0.9176557863501483	0.002967359050445104	0.9985185185185185	0.4409390173051589	14.0	-6.396604781181859	25	0	0	1	0	0.004366812227074236	12	2.0	0.16
MITHRIL.4869	1.0	5.783	0.44181906	0.02898550724637683	3.5999999999999996	0.8620178041543026	0.0051928783382789315	0.9985185185185185	0.6436620380437384	10.0	-5.589249859124254	26	0	0	1	0	0.008733624454148471	13	1.0	0.449
MITHRIL.4870	1.0	5.783	0.44181906	0.02898550724637683	3.499999999999999	0.8620178041543026	0.0051928783382789315	0.9985185185185185	0.6436620380437384	10.0	-5.589249859124254	26	0	0	1	0	0.008733624454148471	13	1.0	0.449
MITHRIL.4871	1.0	5.783	0.44181906	0.0	1.8999999999999986	0.8620178041543026	0.12759643916913946	0.9985185185185185	0.6436620380437384	10.0	-0.9703400264797606	26	0	0	1	0	0.008733624454148471	13	1.0	0.449
MITHRIL.4872	0.89	2.241	0.42715312	0.0	0.09999999999999964	0.8543833580980683	0.021545319465081723	0.997037037037037	0.7885183631357567	9.0	-3.536481699482745	27	1	0	0	0	0.9402332361516035	13	2.0	1.354
MITHRIL.4873	0.89	2.241	0.42715312	0.0	-0.10000000000000142	0.8543833580980683	0.09361069836552749	0.997037037037037	0.7885183631357567	9.0	-1.4171827711104006	27	1	0	0	0	0.9402332361516035	13	2.0	1.354
MITHRIL.4874	0.89	2.241	0.42715312	0.0	0.09999999999999964	0.8543833580980683	0.030460624071322436	0.997037037037037	0.7885183631357567	9.0	-3.0369106899922333	27	1	0	0	0	0.9402332361516035	13	2.0	1.354
MITHRIL.4875	0.001	-1.681	0.4153238	0.02898550724637683	2.799999999999999	0.21851851851851853	0.035555555555555556	1.0	1.0356279960488242	5.0	-2.813781191217037	29	0	0	1	0	0.14171511627906977	12	3.0	0.455
MITHRIL.4876	0.001	-1.681	0.4153238	0.02898550724637683	2.999999999999999	0.21851851851851853	0.008888888888888889	1.0	1.0356279960488242	5.0	-4.813781191217037	29	0	0	1	0	0.14171511627906977	12	3.0	0.455
MITHRIL.4877	0.001	-1.681	0.4153238	0.0	3.0999999999999996	0.21851851851851853	0.737037037037037	1.0	1.0356279960488242	5.0	1.559809023492818	29	0	0	1	0	0.14171511627906977	12	3.0	0.455
MITHRIL.4878	0.886	2.263	0.40355483	0.02898550724637683	3.0999999999999996	0.6614814814814814	0.024444444444444446	1.0	1.0881574737360327	9.0	-3.3543495725797396	30	0	0	1	0	0.00436046511627907	11	4.0	0.376
MITHRIL.4879	0.886	2.263	0.40355483	0.02898550724637683	2.5999999999999996	0.6614814814814814	0.005185185185185185	1.0	1.0881574737360327	9.0	-5.591388769880589	30	0	0	1	0	0.00436046511627907	11	4.0	0.376
MITHRIL.4880	0.886	2.263	0.40355483	0.0	1.8999999999999986	0.6614814814814814	0.3088888888888889	1.0	1.0881574737360327	9.0	0.30515988150647033	30	0	0	1	0	0.00436046511627907	11	4.0	0.376
MITHRIL.4881	0.909	0.563	0.38590138	0.0	0.0	0.18666666666666668	0.005185185185185185	1.0	0.8505974489504533	5.0	-5.591388769880589	31	0	0	1	0	0.030523255813953487	10	3.0	0.517
MITHRIL.4882	0.909	0.563	0.38590138	0.0	0.0	0.18666666666666668	0.015555555555555555	1.0	0.8505974489504533	5.0	-4.006426269159433	31	0	0	1	0	0.030523255813953487	10	3.0	0.517
MITHRIL.4883	0.909	0.563	0.38590138	0.02898550724637683	-4.600000000000001	0.18666666666666668	0.7925925925925926	1.0	0.8505974489504533	5.0	1.664651389350316	31	0	0	1	0	0.030523255813953487	10	3.0	0.517
MITHRIL.4884	0.992	1.893	0.37211057	0.02898550724637683	1.5999999999999996	0.1874074074074074	0.5725925925925925	1.0	1.6402340472253423	3.0	1.195580911986654	32	0	0	1	0	0.016715116279069766	9	2.0	0.432
MITHRIL.4885	0.992	1.893	0.37211057	0.0	-0.40000000000000036	0.1874074074074074	0.14444444444444443	1.0	1.6402340472253423	3.0	-0.7914133781885827	32	0	0	1	0	0.016715116279069766	9	2.0	0.432
MITHRIL.4886	0.992	1.893	0.37211057	0.02898550724637683	0.7999999999999989	0.1874074074074074	0.09555555555555556	1.0	1.6402340472253423	3.0	-1.387516436514939	32	0	0	1	0	0.016715116279069766	9	2.0	0.432
MITHRIL.4887	1.0	1.938	0.36833846	0.02898550724637683	1.299999999999999	0.26612305411415865	0.32616753150481836	0.9992592592592593	1.7541567971694683	3.0	0.38368508057639195	33	0	0	1	0	0.40654545454545454	8	1.0	0.376
MITHRIL.4888	1.0	1.938	0.36833846	0.0	0.29999999999999893	0.26612305411415865	0.3669384729429207	0.9992592592592593	1.7541567971694683	3.0	0.5536100820187045	33	0	0	1	0	0.40654545454545454	8	1.0	0.376
MITHRIL.4889	1.0	1.938	0.36833846	0.02898550724637683	0.29999999999999893	0.26612305411415865	0.040770941438102296	0.9992592592592593	1.7541567971694683	3.0	-2.616314919423608	33	0	0	1	0	0.40654545454545454	8	1.0	0.376
MITHRIL.4890	0.999	1.885	0.36441547	0.0	-0.3000000000000007	0.7466666666666667	0.0014814814814814814	1.0	0.8953379942384214	5.0	-7.3987436919381935	34	0	0	0	1	1.0	7	2.0	0.546
MITHRIL.4891	0.999	1.885	0.36441547	0.0	-0.3000000000000007	0.7466666666666667	0.011111111111111112	1.0	0.8953379942384214	5.0	-4.491853096329675	34	0	0	0	1	1.0	7	2.0	0.546
MITHRIL.4892	0.999	1.885	0.36441547	0.0	-0.10000000000000142	0.7466666666666667	0.24074074074074073	1.0	0.8953379942384214	5.0	-0.05444778402237646	34	0	0	0	1	1.0	7	2.0	0.546
MITHRIL.4893	0.993	0.246	0.35919488	0.0	0.0	0.9377777777777778	0.0	1.0	0.33620386799026736	5.0	-44.50699332842307	35	0	0	0	1	1.0	6	3.0	0.615
MITHRIL.4894	0.993	0.246	0.35919488	0.0	0.0	0.9377777777777778	0.06222222222222222	1.0	0.33620386799026736	5.0	-2.006426269159433	35	0	0	0	1	1.0	6	3.0	0.615
MITHRIL.4895	0.993	0.246	0.35919488	0.0	0.0	0.9377777777777778	0.0	1.0	0.33620386799026736	5.0	-44.50699332842307	35	0	0	0	1	1.0	6	3.0	0.615
MITHRIL.4896	1.0	4.79	0.35451747	0.0	0.0	0.9985185185185185	0.0007407407407407407	1.0	0.01754128820993327	10.0	-8.398743691938193	36	0	0	0	1	1.0	5	4.0	0.319
MITHRIL.4897	1.0	4.79	0.35451747	0.0	0.0	0.9985185185185185	0.0007407407407407407	1.0	0.01754128820993327	10.0	-8.398743691938193	36	0	0	0	1	1.0	5	4.0	0.319
MITHRIL.4898	1.0	4.79	0.35451747	0.0	0.0	0.9985185185185185	0.0	1.0	0.01754128820993327	10.0	-44.50699332842307	36	0	0	0	1	1.0	5	4.0	0.319
MITHRIL.4899	1.0	8.813	0.35246545	0.0	0.0	1.0	0.0	1.0	-1.601713251907458e-15	27.0	-44.50699332842307	37	0	0	0	1	1.0	4	4.0	0.044
MITHRIL.4900	1.0	8.813	0.35246545	0.0	0.0	1.0	0.0	1.0	-1.601713251907458e-15	27.0	-44.50699332842307	37	0	0	0	1	1.0	4	4.0	0.044
MITHRIL.4901	1.0	8.813	0.35246545	0.0	0.0	1.0	0.0	1.0	-1.601713251907458e-15	27.0	-44.50699332842307	37	0	0	0	1	1.0	4	4.0	0.044
MITHRIL.4902	1.0	5.728	0.34908564	0.0	0.0	1.0	0.0	1.0	-1.601713251907458e-15	27.0	-44.50699332842307	38	0	0	0	1	1.0	3	3.0	0.047
MITHRIL.4903	1.0	5.728	0.34908564	0.0	0.0	1.0	0.0	1.0	-1.601713251907458e-15	27.0	-44.50699332842307	38	0	0	0	1	1.0	3	3.0	0.047
MITHRIL.4904	1.0	5.728	0.34908564	0.0	0.0	1.0	0.0	1.0	-1.601713251907458e-15	27.0	-44.50699332842307	38	0	0	0	1	1.0	3	3.0	0.047
MITHRIL.4905	1.0	5.796	0.3458869	0.0	0.0	0.9466666666666667	0.0	1.0	0.32493157129262473	8.0	-44.50699332842307	39	0	0	0	1	1.0	2	2.0	0.44
MITHRIL.4906	1.0	5.796	0.3458869	0.0	0.0	0.9466666666666667	0.04814814814814815	1.0	0.32493157129262473	8.0	-2.3763758789097387	39	0	0	0	1	1.0	2	2.0	0.44
MITHRIL.4907	1.0	5.796	0.3458869	0.0	0.0	0.9466666666666667	0.005185185185185185	1.0	0.32493157129262473	8.0	-5.591388769880589	39	0	0	0	1	1.0	2	2.0	0.44
MITHRIL.4908	1.0	4.604	0.34190355	0.0	0.09999999999999964	0.8429629629629629	0.06	1.0	0.7889093832506731	10.0	-2.0588936890535687	40	0	0	0	1	1.0	1	1.0	0.403
MITHRIL.4909	1.0	4.604	0.34190355	0.0	0.09999999999999964	0.8429629629629629	0.0014814814814814814	1.0	0.7889093832506731	10.0	-7.3987436919381935	40	0	0	0	1	1.0	1	1.0	0.403
MITHRIL.4910	1.0	4.604	0.34190355	0.0	0.0	0.8429629629629629	0.09555555555555556	1.0	0.7889093832506731	10.0	-1.387516436514939	40	0	0	0	1	1.0	1	1.0	0.403
MITHRIL.4911	0.338	0.027	0.33792021	0.02898550724637683	1.1999999999999993	0.3548148148148148	0.015555555555555555	1.0	1.1570311842863803	3.0	-4.006426269159433	41	0	0	1	0	0.40625	0	0.0	0.394
MITHRIL.4912	0.338	0.027	0.33792021	0.02898550724637683	1.0	0.3548148148148148	0.6125925925925926	1.0	1.1570311842863803	3.0	1.2929998272330814	41	0	0	1	0	0.40625	0	0.0	0.394
MITHRIL.4913	0.338	0.027	0.33792021	0.02898550724637683	1.1999999999999993	0.3548148148148148	0.017037037037037038	1.0	1.1570311842863803	3.0	-3.8751817358811804	41	0	0	1	0	0.40625	0	0.0	0.394
MITHRIL.4914	0.383	0.249	0.33435935	0.02898550724637683	1.5999999999999996	0.18592592592592594	0.08962962962962963	1.0	1.6338594233710022	4.0	-1.4798804546635989	42	0	0	1	0	0.016715116279069766	1	1.0	0.291
MITHRIL.4915	0.383	0.249	0.33435935	0.02898550724637683	1.1999999999999993	0.18592592592592594	0.15037037037037038	1.0	1.6338594233710022	4.0	-0.733407774753017	42	0	0	1	0	0.016715116279069766	1	1.0	0.291
MITHRIL.4916	0.383	0.249	0.33435935	0.02898550724637683	0.5999999999999996	0.18592592592592594	0.5740740740740741	1.0	1.6338594233710022	4.0	1.1993088082234067	42	0	0	1	0	0.016715116279069766	1	1.0	0.291
MITHRIL.4917	0.964	2.086	0.33170378	0.0	0.0	0.8140740740740741	0.015555555555555555	1.0	0.81062093720482	3.0	-4.006426269159433	43	0	0	1	0	0.030523255813953487	2	2.0	0.389
MITHRIL.4918	0.964	2.086	0.33170378	0.02898550724637683	-6.600000000000001	0.8140740740740741	0.1637037037037037	1.0	0.81062093720482	3.0	-0.6108411325467616	43	0	0	1	0	0.030523255813953487	2	2.0	0.389
MITHRIL.4919	0.964	2.086	0.33170378	0.0	0.0	0.8140740740740741	0.006666666666666667	1.0	0.81062093720482	3.0	-5.22881869049588	43	0	0	1	0	0.030523255813953487	2	2.0	0.389
MITHRIL.4920	0.998	3.395	0.3299837	0.02898550724637683	3.999999999999999	0.6792592592592592	0.2896296296296296	1.0	1.0666508792013758	9.0	0.21228110536915903	44	0	0	1	0	0.00436046511627907	3	3.0	0.697
MITHRIL.4921	0.998	3.395	0.3299837	0.02898550724637683	4.299999999999999	0.6792592592592592	0.002962962962962963	1.0	1.0666508792013758	9.0	-6.3987436919381935	44	0	0	1	0	0.00436046511627907	3	3.0	0.697
MITHRIL.4922	0.998	3.395	0.3299837	0.02898550724637683	4.199999999999999	0.6792592592592592	0.028148148148148148	1.0	1.0666508792013758	9.0	-3.150816178494608	44	0	0	1	0	0.00436046511627907	3	3.0	0.697
MITHRIL.4923	0.979	0.422	0.32922928	0.02898550724637683	2.8999999999999995	0.11860637509266123	0.832468495181616	0.9992592592592593	0.8284791734316017	5.0	1.7354675794523335	45	0	0	1	0	0.14181818181818182	4	4.0	0.593
MITHRIL.4924	0.979	0.422	0.32922928	0.02898550724637683	3.6999999999999993	0.11860637509266123	0.007412898443291327	0.9992592592592593	0.8284791734316017	5.0	-5.075746538060906	45	0	0	1	0	0.14181818181818182	4	4.0	0.593
MITHRIL.4925	0.979	0.422	0.32922928	0.02898550724637683	3.3999999999999995	0.11860637509266123	0.04151223128243143	0.9992592592592593	0.8284791734316017	5.0	-2.5903197108906637	45	0	0	1	0	0.14181818181818182	4	4.0	0.593
MITHRIL.4926	0.996	2.426	0.32784115	0.0	0.0	0.8863976083707026	0.026905829596412557	0.9911111111111112	0.6925773489358645	9.0	-3.2159373991991487	46	1	0	0	0	0.9318181818181818	5	5.0	1.085
MITHRIL.4927	0.996	2.426	0.32784115	0.0	-0.5	0.8863976083707026	0.03736920777279522	0.9911111111111112	0.6925773489358645	9.0	-2.742006210866736	46	1	0	0	0	0.9318181818181818	5	5.0	1.085
MITHRIL.4928	0.996	2.426	0.32784115	0.0	0.0	0.8863976083707026	0.04932735426008968	0.9911111111111112	0.6925773489358645	9.0	-2.3414682812830074	46	1	0	0	0	0.9318181818181818	5	5.0	1.085
MITHRIL.4929	0.996	0.98	0.32714708	0.0	0.0	0.8176382660687593	0.11584454409566518	0.9911111111111112	0.9222033471494681	5.0	-1.1097379953672233	47	1	0	0	0	1.0	6	6.0	0.964
MITHRIL.4930	0.996	0.98	0.32714708	0.0	0.0	0.8176382660687593	0.02092675635276532	0.9911111111111112	0.9222033471494681	5.0	-3.5785074785838566	47	1	0	0	0	1.0	6	6.0	0.964
MITHRIL.4931	0.996	0.98	0.32714708	0.0	0.0	0.8176382660687593	0.045590433482810166	0.9911111111111112	0.9222033471494681	5.0	-2.4551250630785746	47	1	0	0	0	1.0	6	6.0	0.964
MITHRIL.4932	0.994	3.666	0.32400869	0.0	0.0	0.7660687593423019	0.01195814648729447	0.9911111111111112	1.0163208096155756	14.0	-4.385862400641461	48	1	0	0	0	1.0	7	7.0	0.311
MITHRIL.4933	0.994	3.666	0.32400869	0.0	0.0	0.7660687593423019	0.044095665171898356	0.9911111111111112	1.0163208096155756	14.0	-2.5032193512796197	48	1	0	0	0	1.0	7	7.0	0.311
MITHRIL.4934	0.994	3.666	0.32400869	0.0	0.0	0.7660687593423019	0.17787742899850523	0.9911111111111112	1.0163208096155756	14.0	-0.49104463733351744	48	1	0	0	0	1.0	7	7.0	0.311
MITHRIL.4935	0.044	0.309	0.31963305	0.0	0.0	0.5265917602996255	0.060674157303370786	0.9888888888888889	1.3311254195028597	5.0	-2.0427740236902916	49	1	0	0	0	1.0	8	8.0	0.914
MITHRIL.4936	0.044	0.309	0.31963305	0.0	0.0	0.5265917602996255	0.40224719101123596	0.9888888888888889	1.3311254195028597	5.0	0.6861542514104964	49	1	0	0	0	1.0	8	8.0	0.914
MITHRIL.4937	0.044	0.309	0.31963305	0.0	0.0	0.5265917602996255	0.010486891385767791	0.9888888888888889	1.3311254195028597	5.0	-4.575269104517312	49	1	0	0	0	1.0	8	8.0	0.914
MITHRIL.4938	0.0	-1.831	0.31812421	0.0	0.09999999999999964	0.22587883320867613	0.5287958115183246	0.9903703703703703	1.6626457067244473	5.0	1.080782654716046	51	0	0	1	0	0.13866471019809246	9	7.0	0.409
MITHRIL.4939	0.0	-1.831	0.31812421	0.0	0.0	0.22587883320867613	0.05983545250560957	0.9903703703703703	1.6626457067244473	5.0	-2.0628556552059907	51	0	0	1	0	0.13866471019809246	9	7.0	0.409
MITHRIL.4940	0.0	-1.831	0.31812421	0.02898550724637683	-2.8000000000000007	0.22587883320867613	0.1854899027673897	0.9903703703703703	1.6626457067244473	5.0	-0.4305874397064775	51	0	0	1	0	0.13866471019809246	9	7.0	0.409
MITHRIL.4941	0.0	-0.096	0.31595148	0.02898550724637683	1.5	0.6477187733732236	0.05160807778608826	0.9903703703703703	1.3033821283315992	5.0	-2.2762592933151837	52	0	0	1	0	0.09391049156272928	10	6.0	0.383
MITHRIL.4942	0.0	-0.096	0.31595148	0.02898550724637683	1.0999999999999996	0.6477187733732236	0.26626776364996263	0.9903703703703703	1.3033821283315992	5.0	0.0909496808730451	52	0	0	1	0	0.09391049156272928	10	6.0	0.383
MITHRIL.4943	0.0	-0.096	0.31595148	0.02898550724637683	1.299999999999999	0.6477187733732236	0.0344053851907255	0.9903703703703703	1.3033821283315992	5.0	-2.8612217940363402	52	0	0	1	0	0.09391049156272928	10	6.0	0.383
MITHRIL.4944	0.003	2.021	0.31311485	0.02898550724637683	2.5	0.7183520599250937	0.0299625468164794	0.9888888888888889	1.0590687157241678	5.0	-3.0606959316875537	53	0	0	1	0	0.06171932402645114	11	7.0	0.521
MITHRIL.4945	0.003	2.021	0.31311485	0.02898550724637683	3.799999999999999	0.7183520599250937	0.009737827715355805	0.9888888888888889	1.0590687157241678	5.0	-4.682184308433824	53	0	0	1	0	0.06171932402645114	11	7.0	0.521
MITHRIL.4946	0.003	2.021	0.31311485	0.0	2.1999999999999993	0.7183520599250937	0.24194756554307117	0.9888888888888889	1.0590687157241678	5.0	-0.0472336718809913	53	0	0	1	0	0.06171932402645114	11	7.0	0.521
MITHRIL.4947	0.0	0.116	0.30928239	0.02898550724637683	5.299999999999999	0.24962406015037594	0.4398496240601504	0.9851851851851852	1.7675921744583523	5.0	0.815082284082215	54	0	0	1	0	0.09513274336283185	12	8.0	0.572
MITHRIL.4948	0.0	0.116	0.30928239	0.02898550724637683	1.3999999999999986	0.24962406015037594	0.06390977443609022	0.9851851851851852	1.7675921744583523	5.0	-1.9678195942508503	54	0	0	1	0	0.09513274336283185	12	8.0	0.572
MITHRIL.4949	0.0	0.116	0.30928239	0.02898550724637683	5.299999999999999	0.24962406015037594	0.24661654135338346	0.9851851851851852	1.7675921744583523	5.0	-0.019658525770468272	54	0	0	1	0	0.09513274336283185	12	8.0	0.572
MITHRIL.4950	0.0	-3.621	0.30864868	0.02898550724637683	1.0	0.23849056603773586	0.10943396226415095	0.9814814814814815	1.7650278385976608	5.0	-1.1918675543229893	55	0	0	1	0	0.19393042190969653	13	9.0	0.225
MITHRIL.4951	0.0	-3.621	0.30864868	0.0	0.29999999999999893	0.23849056603773586	0.49056603773584906	0.9814814814814815	1.7650278385976608	5.0	0.972519263577893	55	0	0	1	0	0.19393042190969653	13	9.0	0.225
MITHRIL.4952	0.0	-3.621	0.30864868	0.02898550724637683	0.0	0.23849056603773586	0.16150943396226414	0.9814814814814815	1.7650278385976608	5.0	-0.6303096579367771	55	0	0	1	0	0.19393042190969653	13	9.0	0.225
MITHRIL.4953	0.0	-3.895	0.30677772	0.0	-0.3000000000000007	0.11589895988112928	0.1686478454680535	0.997037037037037	1.4737631864212517	3.0	-0.567914207319402	56	0	0	0	1	1.0	14	10.0	0.637
MITHRIL.4954	0.0	-3.895	0.30677772	0.0	-0.3000000000000007	0.11589895988112928	0.0713224368499257	0.997037037037037	1.4737631864212517	3.0	-1.809500193889161	56	0	0	0	1	1.0	14	10.0	0.637
MITHRIL.4955	0.0	-3.895	0.30677772	0.0	-0.10000000000000142	0.11589895988112928	0.6441307578008916	0.997037037037037	1.4737631864212517	3.0	1.365425488611518	56	0	0	0	1	1.0	14	10.0	0.637
MITHRIL.4956	0.0	-5.394	0.30569135	0.0	0.0	0.21417797888386123	0.1297134238310709	0.9822222222222222	1.729986025700864	5.0	-0.9466003054104897	57	0	0	0	1	1.0	15	11.0	1.064
MITHRIL.4957	0.0	-5.394	0.30569135	0.0	0.0	0.21417797888386123	0.1334841628959276	0.9822222222222222	1.729986025700864	5.0	-0.9052595100295904	57	0	0	0	1	1.0	15	11.0	1.064
MITHRIL.4958	0.0	-5.394	0.30569135	0.0	0.0	0.21417797888386123	0.5226244343891403	0.9822222222222222	1.729986025700864	5.0	1.063846482024626	57	0	0	0	1	1.0	15	11.0	1.064
MITHRIL.4959	0.0	-1.857	0.3065363	0.0	0.0	0.09216589861751152	0.2880184331797235	0.9644444444444444	1.424701818796568	2.0	0.2042330522176076	58	0	0	0	1	1.0	16	12.0	1.115
MITHRIL.4960	0.0	-1.857	0.3065363	0.0	0.0	0.09216589861751152	0.5921658986175116	0.9644444444444444	1.424701818796568	2.0	1.244073316749399	58	0	0	0	1	1.0	16	12.0	1.115
MITHRIL.4961	0.0	-1.857	0.3065363	0.0	0.0	0.09216589861751152	0.027649769585253458	0.9644444444444444	1.424701818796568	2.0	-3.176588731723323	58	0	0	0	1	1.0	16	12.0	1.115
MITHRIL.4962	0.0	-1.202	0.30973505	0.0	0.0	0.7206923682140047	0.11565696302124312	0.9414814814814815	1.2871193935939238	5.0	-1.1120759701685945	59	0	0	0	1	1.0	17	11.0	0.905
MITHRIL.4963	0.0	-1.202	0.30973505	0.0	0.0	0.7206923682140047	0.05664830841856806	0.9414814814814815	1.2871193935939238	5.0	-2.1418233135626465	59	0	0	0	1	1.0	17	11.0	0.905
MITHRIL.4964	0.0	-1.202	0.30973505	0.0	0.0	0.7206923682140047	0.10700236034618411	0.9414814814814815	1.2871193935939238	5.0	-1.2242854737546194	59	0	0	0	1	1.0	17	11.0	0.905
MITHRIL.4965	0.0	-0.302	0.31003682	0.0	0.0	0.8116554054054054	0.09712837837837837	0.8770370370370371	0.9812374617299806	4.0	-1.3639633146845747	60	0	0	0	1	1.0	18	10.0	0.694
MITHRIL.4966	0.0	-0.302	0.31003682	0.0	0.0	0.8116554054054054	0.009290540540540541	0.8770370370370371	0.9812374617299806	4.0	-4.750021746991653	60	0	0	0	1	1.0	18	10.0	0.694
MITHRIL.4967	0.0	-0.302	0.31003682	0.0	0.0	0.8116554054054054	0.08192567567567567	0.8770370370370371	0.9812374617299806	4.0	-1.609540523441822	60	0	0	0	1	1.0	18	10.0	0.694
MITHRIL.4968	0.0	-1.704	0.31142495	0.0	0.09999999999999964	0.1306532663316583	0.5346733668341709	0.737037037037037	1.5987529478829723	4.0	1.0967297200701784	61	0	0	0	1	1.0	19	9.0	1.193
MITHRIL.4969	0.0	-1.704	0.31142495	0.0	0.09999999999999964	0.1306532663316583	0.1577889447236181	0.737037037037037	1.5987529478829723	4.0	-0.6639319665393841	61	0	0	0	1	1.0	19	9.0	1.193
MITHRIL.4970	0.0	-1.704	0.31142495	0.0	0.0	0.1306532663316583	0.17688442211055277	0.737037037037037	1.5987529478829723	4.0	-0.49912109679371386	61	0	0	0	1	1.0	19	9.0	1.193
MITHRIL.4971	0.168	0.048	0.31555918	0.02898550724637683	0.8999999999999986	0.20867614061331338	0.1787584143605086	0.9903703703703703	1.6249811839286936	3.0	-0.4839169421126043	65	0	0	1	0	0.1922230374174615	20	8.0	0.349
MITHRIL.4972	0.168	0.048	0.31555918	0.02898550724637683	0.6999999999999993	0.20867614061331338	0.5542258788332087	0.9903703703703703	1.6249811839286936	3.0	1.1485459822124813	65	0	0	1	0	0.1922230374174615	20	8.0	0.349
MITHRIL.4973	0.168	0.048	0.31555918	0.02898550724637683	0.8999999999999986	0.20867614061331338	0.05833956619296934	0.9903703703703703	1.6249811839286936	3.0	-2.099381531231104	65	0	0	1	0	0.1922230374174615	20	8.0	0.349
MITHRIL.4974	0.545	0.768	0.31933128	0.02898550724637683	4.999999999999999	0.24682124158563948	0.2505609573672401	0.9903703703703703	1.712824740270521	5.0	0.0032335352517820445	66	0	0	1	0	0.0946441672780631	21	7.0	0.438
MITHRIL.4975	0.545	0.768	0.31933128	0.02898550724637683	4.199999999999999	0.24682124158563948	0.04487658937920718	0.9903703703703703	1.712824740270521	5.0	-2.477893154484834	66	0	0	1	0	0.0946441672780631	21	7.0	0.438
MITHRIL.4976	0.545	0.768	0.31933128	0.02898550724637683	4.999999999999999	0.24682124158563948	0.45774121166791326	0.9903703703703703	1.712824740270521	5.0	0.872604092599299	66	0	0	1	0	0.0946441672780631	21	7.0	0.438
MITHRIL.4977	0.911	4.363	0.3191804	0.05797101449275366	6.699999999999999	0.6928838951310862	0.26666666666666666	0.9888888888888889	1.0971507457775422	7.0	0.09310940439148145	67	0	0	1	0	0.06245407788390889	22	6.0	0.509
MITHRIL.4978	0.911	4.363	0.3191804	0.02898550724637683	6.3999999999999995	0.6928838951310862	0.008988764044943821	0.9888888888888889	1.0971507457775422	7.0	-4.79766152585376	67	0	0	1	0	0.06245407788390889	22	6.0	0.509
MITHRIL.4979	0.911	4.363	0.3191804	0.02898550724637683	6.3999999999999995	0.6928838951310862	0.03146067415730337	0.9888888888888889	1.0971507457775422	7.0	-2.990306603796156	67	0	0	1	0	0.06245407788390889	22	6.0	0.509
MITHRIL.4980	0.001	0.053	0.31848633	0.02898550724637683	2.0999999999999996	0.5789473684210527	0.03308270676691729	0.9851851851851852	1.4912696213616383	3.0	-2.9177789117512547	68	0	0	1	0	0.09513274336283185	23	5.0	0.654
MITHRIL.4981	0.001	0.053	0.31848633	0.0	0.8999999999999986	0.5789473684210527	0.2706766917293233	0.9851851851851852	1.4912696213616383	3.0	0.11464256594112268	68	0	0	1	0	0.09513274336283185	23	5.0	0.654
MITHRIL.4982	0.001	0.053	0.31848633	0.02898550724637683	1.8999999999999986	0.5789473684210527	0.11729323308270677	0.9851851851851852	1.4912696213616383	3.0	-1.0918083115263035	68	0	0	1	0	0.09513274336283185	23	5.0	0.654
MITHRIL.4983	0.0	-1.669	0.31899934	0.02898550724637683	-1.0	0.2558490566037736	0.12679245283018867	0.9814814814814815	1.5281273179329207	5.0	-0.9794592215591638	69	0	0	1	0	0.1384159881569208	24	4.0	0.26
MITHRIL.4984	0.0	-1.669	0.31899934	0.02898550724637683	-0.7000000000000011	0.2558490566037736	0.04150943396226415	0.9814814814814815	1.5281273179329207	5.0	-2.5904169308132645	69	0	0	1	0	0.1384159881569208	24	4.0	0.26
MITHRIL.4985	0.0	-1.669	0.31899934	0.0	0.1999999999999993	0.2558490566037736	0.5758490566037736	0.9814814814814815	1.5281273179329207	5.0	1.2037626024966066	69	0	0	1	0	0.1384159881569208	24	4.0	0.26
MITHRIL.4986	0.0	0.234	0.31842598	0.02898550724637683	2.3999999999999986	0.5503703703703704	0.037037037037037035	1.0	1.2174060177382404	5.0	-2.7548875021634687	70	0	1	0	0	0.006540697674418605	25	3.0	0.358
MITHRIL.4987	0.0	0.234	0.31842598	0.02898550724637683	2.0999999999999996	0.5503703703703704	0.005185185185185185	1.0	1.2174060177382404	5.0	-5.591388769880589	70	0	1	0	0	0.006540697674418605	25	3.0	0.358
MITHRIL.4988	0.0	0.234	0.31842598	0.0	2.3999999999999986	0.5503703703703704	0.4074074074074074	1.0	1.2174060177382404	5.0	0.7045441164738286	70	0	1	0	0	0.006540697674418605	25	3.0	0.358
MITHRIL.4989	0.0	-0.719	0.3139598	0.0	-0.40000000000000036	0.3251851851851852	0.597037037037037	1.0	1.3139986339742364	2.0	1.255892336589774	71	0	1	0	0	0.07122093023255814	26	4.0	0.677
MITHRIL.4990	0.0	-0.719	0.3139598	0.02898550724637683	4.499999999999999	0.3251851851851852	0.015555555555555555	1.0	1.3139986339742364	2.0	-4.006426269159433	71	0	1	0	0	0.07122093023255814	26	4.0	0.677
MITHRIL.4991	0.0	-0.719	0.3139598	0.02898550724637683	3.799999999999999	0.3251851851851852	0.06222222222222222	1.0	1.3139986339742364	2.0	-2.006426269159433	71	0	1	0	0	0.07122093023255814	26	4.0	0.677
MITHRIL.4992	0.0	-0.789	0.30982558	0.02898550724637683	6.499999999999999	0.5059259259259259	0.08074074074074074	1.0	1.4570788497211202	5.0	-1.630559367161267	72	0	1	0	0	0.040697674418604654	27	5.0	0.369
MITHRIL.4993	0.0	-0.789	0.30982558	0.02898550724637683	3.8999999999999995	0.5059259259259259	0.025925925925925925	1.0	1.4570788497211202	5.0	-3.2694606749932267	72	0	1	0	0	0.040697674418604654	27	5.0	0.369
MITHRIL.4994	0.0	-0.789	0.30982558	0.0	5.299999999999999	0.5059259259259259	0.3874074074074074	1.0	1.4570788497211202	5.0	0.6319234443087481	72	0	1	0	0	0.040697674418604654	27	5.0	0.369
MITHRIL.4995	0.086	0.412	0.30548011	0.02898550724637683	5.3999999999999995	0.43703703703703706	0.05333333333333334	1.0	1.3400340406487947	4.0	-2.2277496315059553	73	0	1	0	0	0.17950581395348839	28	6.0	0.288
MITHRIL.4996	0.086	0.412	0.30548011	0.02898550724637683	4.799999999999999	0.43703703703703706	0.49407407407407405	1.0	1.3400340406487947	4.0	0.9838683182363175	73	0	1	0	0	0.17950581395348839	28	6.0	0.288
MITHRIL.4997	0.086	0.412	0.30548011	0.02898550724637683	4.3999999999999995	0.43703703703703706	0.014814814814814815	1.0	1.3400340406487947	4.0	-4.075746538060906	73	0	1	0	0	0.17950581395348839	28	6.0	0.288
MITHRIL.4998	0.835	1.233	0.30131571	0.02898550724637683	6.3999999999999995	0.44	0.022962962962962963	1.0	1.1699983051848526	5.0	-3.444547381551318	74	0	1	0	0	0.02180232558139535	29	7.0	0.358
MITHRIL.4999	0.835	1.233	0.30131571	0.02898550724637683	3.799999999999999	0.44	0.005185185185185185	1.0	1.1699983051848526	5.0	-5.591388769880589	74	0	1	0	0	0.02180232558139535	29	7.0	0.358
MITHRIL.5000	0.835	1.233	0.30131571	0.0	2.5999999999999996	0.44	0.5318518518518518	1.0	1.1699983051848526	5.0	1.089096341884858	74	0	1	0	0	0.02180232558139535	29	7.0	0.358
MITHRIL.5001	1.0	4.72	0.29681936	0.02898550724637683	5.1	0.9266666666666666	0.007407407407407408	1.0	0.4303074183811365	8.0	-5.076815597050831	75	0	1	0	0	0.00872093023255814	30	8.0	0.168
MITHRIL.5002	1.0	4.72	0.29681936	0.02898550724637683	4.699999999999999	0.9266666666666666	0.06296296296296296	1.0	0.4303074183811365	8.0	-1.9893527558004915	75	0	1	0	0	0.00872093023255814	30	8.0	0.168
MITHRIL.5003	1.0	4.72	0.29681936	0.02898550724637683	4.699999999999999	0.9266666666666666	0.002962962962962963	1.0	0.4303074183811365	8.0	-6.3987436919381935	75	0	1	0	0	0.00872093023255814	30	8.0	0.168
MITHRIL.5004	1.0	9.449	0.2925946	0.02898550724637683	2.8999999999999995	0.8827893175074184	0.06602373887240356	0.9985185185185185	0.6668858439813047	15.0	-1.9208713502154606	76	0	1	0	0	0.018195050946142648	31	9.0	0.267
MITHRIL.5005	1.0	9.449	0.2925946	0.02898550724637683	3.0999999999999996	0.8827893175074184	0.0066765578635014835	0.9985185185185185	0.6668858439813047	15.0	-5.226679779739547	76	0	1	0	0	0.018195050946142648	31	9.0	0.267
MITHRIL.5006	1.0	9.449	0.2925946	0.02898550724637683	3.0999999999999996	0.8827893175074184	0.04451038575667656	0.9985185185185185	0.6668858439813047	15.0	-2.48971418557334	76	0	1	0	0	0.018195050946142648	31	9.0	0.267
MITHRIL.5007	1.0	8.541	0.28553322	0.0	0.6999999999999993	0.9635958395245171	0.008915304606240713	0.997037037037037	0.26661914704638395	14.0	-4.809500193889161	77	1	0	0	0	1.0	32	10.0	0.779
MITHRIL.5008	1.0	8.541	0.28553322	0.0	-0.20000000000000107	0.9635958395245171	0.0014858841010401188	0.997037037037037	0.26661914704638395	14.0	-7.394462694610318	77	1	0	0	0	1.0	32	10.0	0.779
MITHRIL.5009	1.0	8.541	0.28553322	0.0	0.5	0.9635958395245171	0.02600297176820208	0.997037037037037	0.26661914704638395	14.0	-3.2651796776653503	77	1	0	0	0	1.0	32	10.0	0.779
MITHRIL.9688	0.989	2.14	0.73604321	0.026666666666666616	3.8	0.6240768094534712	0.23707533234859676	1.0	1.3569439590445427	8.0	-0.07658253645269354	0	0	1	0	0	0.04281567489114659	8	8.0	0.47
MITHRIL.9689	0.989	2.14	0.73604321	0.026666666666666616	3.6999999999999997	0.6240768094534712	0.00812407680945347	1.0	1.3569439590445427	8.0	-4.943580404937699	0	0	1	0	0	0.04281567489114659	8	8.0	0.47
MITHRIL.9690	0.989	2.14	0.73604321	0.026666666666666616	3.6999999999999997	0.6240768094534712	0.1307237813884786	1.0	1.3569439590445427	8.0	-0.9354064734919992	0	0	1	0	0	0.04281567489114659	8	8.0	0.47
MITHRIL.9691	0.997	1.04	0.75544692	0.026666666666666616	4.3	0.5701624815361891	0.008862629246676515	1.0	1.0734160499985823	9.0	-4.8180495228538405	1	0	1	0	0	0.03701015965166909	7	7.0	0.358
MITHRIL.9692	0.997	1.04	0.75544692	0.026666666666666616	4.3	0.5701624815361891	0.41802067946824223	1.0	1.0734160499985823	9.0	0.7416462192568856	1	0	1	0	0	0.03701015965166909	7	7.0	0.358
MITHRIL.9693	0.997	1.04	0.75544692	0.026666666666666616	4.3	0.5701624815361891	0.0029542097488921715	1.0	1.0734160499985823	9.0	-6.4030120235749965	1	0	1	0	0	0.03701015965166909	7	7.0	0.358
MITHRIL.9694	1.0	4.719	0.77258736	0.026666666666666616	4.1	0.9505169867060561	0.02141802067946824	1.0	0.34138230703092454	15.0	-3.5450310284474247	2	0	1	0	0	0.030478955007256895	6	6.0	0.293
MITHRIL.9695	1.0	4.719	0.77258736	0.026666666666666616	4.1	0.9505169867060561	0.026587887740029542	1.0	0.34138230703092454	15.0	-3.2330870221326844	2	0	1	0	0	0.030478955007256895	6	6.0	0.293
MITHRIL.9696	1.0	4.719	0.77258736	0.026666666666666616	4.1	0.9505169867060561	0.0014771048744460858	1.0	0.34138230703092454	15.0	-7.4030120235749965	2	0	1	0	0	0.030478955007256895	6	6.0	0.293
MITHRIL.9697	0.998	1.315	0.78731366	0.026666666666666616	4.1	0.774741506646972	0.0051698670605613	1.0	0.9111793089660346	10.0	-5.595657101517393	3	0	1	0	0	0.026124818577648767	5	5.0	0.437
MITHRIL.9698	0.998	1.315	0.78731366	0.0	-0.10000000000000053	0.774741506646972	0.19719350073855244	1.0	0.9111793089660346	10.0	-0.34231609188744283	3	0	1	0	0	0.026124818577648767	5	5.0	0.437
MITHRIL.9699	0.998	1.315	0.78731366	0.026666666666666616	3.9	0.774741506646972	0.022895125553914326	1.0	0.9111793089660346	10.0	-3.4488157131881216	3	0	1	0	0	0.026124818577648767	5	5.0	0.437
MITHRIL.9700	0.996	1.079	0.80065182	0.026666666666666616	4.199999999999999	0.5362426035502958	0.016272189349112426	0.9985228951255539	1.24966496547718	9.0	-3.941447817644887	4	0	1	0	0	0.04142441860465116	4	4.0	0.468
MITHRIL.9701	0.996	1.079	0.80065182	0.0	0.2999999999999998	0.5362426035502958	0.4193786982248521	0.9985228951255539	1.24966496547718	9.0	0.7463254886600446	4	0	1	0	0	0.04142441860465116	4	4.0	0.468
MITHRIL.9702	0.996	1.079	0.80065182	0.026666666666666616	3.8	0.5362426035502958	0.028106508875739646	0.9985228951255539	1.24966496547718	9.0	-3.1529519228385987	4	0	1	0	0	0.04142441860465116	4	4.0	0.468
MITHRIL.9703	0.985	0.206	0.81061018	0.026666666666666616	6.3999999999999995	0.5998520710059172	0.15458579881656806	0.9985228951255539	1.5551845058061506	10.0	-0.6935203042013015	5	0	1	0	0	0.14752906976744187	3	3.0	0.506
MITHRIL.9704	0.985	0.206	0.81061018	0.026666666666666616	6.3999999999999995	0.5998520710059172	0.0613905325443787	0.9985228951255539	1.5551845058061506	10.0	-2.0258400049352594	5	0	1	0	0	0.14752906976744187	3	3.0	0.506
MITHRIL.9705	0.985	0.206	0.81061018	0.026666666666666616	6.3999999999999995	0.5998520710059172	0.1841715976331361	0.9985228951255539	1.5551845058061506	10.0	-0.44087750421410343	5	0	1	0	0	0.14752906976744187	3	3.0	0.506
MITHRIL.9706	0.994	0.815	0.81815438	0.026666666666666616	2.1999999999999997	0.2651851851851852	0.005925925925925926	0.9970457902511078	0.9548913442039594	8.0	-5.3987436919381935	6	0	1	0	0	0.010917030567685589	2	2.0	0.501
MITHRIL.9707	0.994	0.815	0.81815438	0.0	1.0999999999999996	0.2651851851851852	0.72	0.9970457902511078	0.9548913442039594	8.0	1.5260688116675876	6	0	1	0	0	0.010917030567685589	2	2.0	0.501
MITHRIL.9708	0.994	0.815	0.81815438	0.026666666666666616	2.0	0.2651851851851852	0.008888888888888889	0.9970457902511078	0.9548913442039594	8.0	-4.813781191217037	6	0	1	0	0	0.010917030567685589	2	2.0	0.501
MITHRIL.9709	1.0	7.574	0.82799203	0.0	-0.20000000000000018	0.9955686853766618	0.0022156573116691287	1.0	0.047489030565161794	10.0	-6.8180495228538405	7	1	0	0	0	1.0	1	1.0	0.287
MITHRIL.9710	1.0	7.574	0.82799203	0.0	0.09999999999999964	0.9955686853766618	0.0007385524372230429	1.0	0.047489030565161794	10.0	-8.403012023574997	7	1	0	0	0	1.0	1	1.0	0.287
MITHRIL.9711	1.0	7.574	0.82799203	0.0	-0.20000000000000018	0.9955686853766618	0.0014771048744460858	1.0	0.047489030565161794	10.0	-7.4030120235749965	7	1	0	0	0	1.0	1	1.0	0.287
MITHRIL.9712	1.0	5.341	0.83740721	0.0	-0.10000000000000053	0.9353640416047548	0.0638930163447251	0.9940915805022157	0.35785424081928924	10.0	-1.9681979399082192	8	1	0	0	0	1.0	0	0.0	0.26
MITHRIL.9713	1.0	5.341	0.83740721	0.0	-0.10000000000000053	0.9353640416047548	0.0	0.9940915805022157	0.35785424081928924	10.0	-44.50699332842307	8	1	0	0	0	1.0	0	0.0	0.26
MITHRIL.9714	1.0	5.341	0.83740721	0.0	-0.10000000000000053	0.9353640416047548	0.0007429420505200594	0.9940915805022157	0.35785424081928924	10.0	-8.394462694610317	8	1	0	0	0	1.0	0	0.0	0.26
MITHRIL.9715	1.0	5.401	0.84802945	0.026666666666666616	3.6999999999999997	0.9734121122599705	0.012555391432791729	1.0	0.21517675549145238	13.0	-4.3155491823246575	9	0	0	1	0	0.002902757619738752	0	0.0	0.231
MITHRIL.9716	1.0	5.401	0.84802945	0.026666666666666616	4.1	0.9734121122599705	0.003692762186115214	1.0	0.21517675549145238	13.0	-6.081083928687635	9	0	0	1	0	0.002902757619738752	0	0.0	0.231
MITHRIL.9717	1.0	5.401	0.84802945	0.026666666666666616	4.3	0.9734121122599705	0.0103397341211226	1.0	0.21517675549145238	13.0	-4.595657101517393	9	0	0	1	0	0.002902757619738752	0	0.0	0.231
MITHRIL.9718	1.0	4.667	0.8512282	0.026666666666666616	2.8	0.9807976366322009	0.0007385524372230429	1.0	0.15122860559795992	14.0	-8.403012023574997	10	0	0	1	0	0.000725689404934688	1	1.0	0.048
MITHRIL.9719	1.0	4.667	0.8512282	0.026666666666666616	2.5999999999999996	0.9807976366322009	0.0022156573116691287	1.0	0.15122860559795992	14.0	-6.8180495228538405	10	0	0	1	0	0.000725689404934688	1	1.0	0.048
MITHRIL.9720	1.0	4.667	0.8512282	0.0	1.5	0.9807976366322009	0.01624815361890694	1.0	0.15122860559795992	14.0	-3.9435804049376997	10	0	0	1	0	0.000725689404934688	1	1.0	0.048
MITHRIL.9721	1.0	8.794	0.85297845	0.0	0.39999999999999947	0.9785819793205317	0.003692762186115214	1.0	0.17316915237653954	14.0	-6.081083928687635	11	0	0	1	0	0.01451378809869376	2	2.0	0.179
MITHRIL.9722	1.0	8.794	0.85297845	0.026666666666666616	-5.2	0.9785819793205317	0.0155096011816839	1.0	0.17316915237653954	14.0	-4.010694600796237	11	0	0	1	0	0.01451378809869376	2	2.0	0.179
MITHRIL.9723	1.0	8.794	0.85297845	0.0	-0.10000000000000053	0.9785819793205317	0.0022156573116691287	1.0	0.17316915237653954	14.0	-6.8180495228538405	11	0	0	1	0	0.01451378809869376	2	2.0	0.179
MITHRIL.9724	1.0	4.545	0.85306898	0.0	-0.6000000000000005	0.9335302806499262	0.053175775480059084	1.0	0.4072856825116936	10.0	-2.2330870221326844	12	0	0	1	0	0.4310595065312046	3	3.0	0.391
MITHRIL.9725	1.0	4.545	0.85306898	0.026666666666666616	-2.6000000000000005	0.9335302806499262	0.0014771048744460858	1.0	0.4072856825116936	10.0	-7.4030120235749965	12	0	0	1	0	0.4310595065312046	3	3.0	0.391
MITHRIL.9726	1.0	4.545	0.85306898	0.026666666666666616	-2.6000000000000005	0.9335302806499262	0.011816838995568686	1.0	0.4072856825116936	10.0	-4.4030120235749965	12	0	0	1	0	0.4310595065312046	3	3.0	0.391
MITHRIL.9727	1.0	5.826	0.85092643	0.0	-0.2999999999999998	0.9926144756277696	0.0007385524372230429	1.0	0.06637691188545423	10.0	-8.403012023574997	13	0	0	0	1	1.0	4	4.0	0.585
MITHRIL.9728	1.0	5.826	0.85092643	0.0	-1.2000000000000002	0.9926144756277696	0.0066469719350073855	1.0	0.06637691188545423	10.0	-5.233087022132684	13	0	0	0	1	1.0	4	4.0	0.585
MITHRIL.9729	1.0	5.826	0.85092643	0.0	-0.2999999999999998	0.9926144756277696	0.0	1.0	0.06637691188545423	10.0	-44.50699332842307	13	0	0	0	1	1.0	4	4.0	0.585
MITHRIL.9730	1.0	6.312	0.84824069	0.0	0.0	0.7621861152141802	0.11669128508124077	1.0	1.103740901225127	11.0	-1.099231275397894	14	0	0	0	1	1.0	5	5.0	0.615
MITHRIL.9731	1.0	6.312	0.84824069	0.0	0.0	0.7621861152141802	0.01846381093057607	1.0	1.103740901225127	11.0	-3.759155833800272	14	0	0	0	1	1.0	5	5.0	0.615
MITHRIL.9732	1.0	6.312	0.84824069	0.0	0.0	0.7621861152141802	0.10265878877400296	1.0	1.103740901225127	11.0	-1.2840709508514891	14	0	0	0	1	1.0	5	5.0	0.615
MITHRIL.9733	0.009	0.101	0.84615849	0.0	0.0	0.6986706056129985	0.09527326440177253	1.0	1.2556233351836503	8.0	-1.3917847681517426	15	0	0	0	1	1.0	5	5.0	1.028
MITHRIL.9734	0.009	0.101	0.84615849	0.0	0.0	0.6986706056129985	0.022156573116691284	1.0	1.2556233351836503	8.0	-3.4961214279664783	15	0	0	0	1	1.0	5	5.0	1.028
MITHRIL.9735	0.009	0.101	0.84615849	0.0	0.0	0.6986706056129985	0.18389955686853768	1.0	1.2556233351836503	8.0	-0.4430100915069157	15	0	0	0	1	1.0	5	5.0	1.028
MITHRIL.9736	0.005	1.146	0.83837286	0.0	0.0	0.5884529977794226	0.24796447076239822	0.9977843426883308	1.5085504715843658	9.0	-0.011794673980549765	16	0	0	0	1	1.0	4	4.0	1.069
MITHRIL.9737	0.005	1.146	0.83837286	0.0	0.0	0.5884529977794226	0.04071058475203553	0.9977843426883308	1.5085504715843658	9.0	-2.618452245801025	16	0	0	0	1	1.0	4	4.0	1.069
MITHRIL.9738	0.005	1.146	0.83837286	0.0	0.0	0.5884529977794226	0.1228719467061436	0.9977843426883308	1.5085504715843658	9.0	-1.0247725279787598	16	0	0	0	1	1.0	4	4.0	1.069
MITHRIL.9739	0.0	-1.151	0.83197538	0.0	0.0	0.5737425404944586	0.10144927536231885	0.8663220088626292	1.5081483927569295	8.0	-1.301169534720565	17	0	0	0	1	1.0	3	3.0	0.47
MITHRIL.9740	0.0	-1.151	0.83197538	0.0	0.0	0.5737425404944586	0.05456095481670929	0.8663220088626292	1.5081483927569295	8.0	-2.1959872980285087	17	0	0	0	1	1.0	3	3.0	0.47
MITHRIL.9741	0.0	-1.151	0.83197538	0.0	0.0	0.5737425404944586	0.27024722932651324	0.8663220088626292	1.5081483927569295	8.0	0.11235173211089892	17	0	0	0	1	1.0	3	3.0	0.47
MITHRIL.9742	1.0	5.433	0.82325427	0.0	0.0	0.9151193633952255	0.052166224580017684	0.8353028064992615	0.6526486107122772	10.0	-2.260740164627979	18	0	0	0	1	1.0	2	2.0	0.654
MITHRIL.9743	1.0	5.433	0.82325427	0.0	0.0	0.9151193633952255	0.005305039787798408	0.8353028064992615	0.6526486107122772	10.0	-5.5584207132686645	18	0	0	0	1	1.0	2	2.0	0.654
MITHRIL.9744	1.0	5.433	0.82325427	0.0	0.0	0.9151193633952255	0.027409372236958444	0.8353028064992615	0.6526486107122772	10.0	-3.189186903602945	18	0	0	0	1	1.0	2	2.0	0.654
MITHRIL.9745	1.0	6.344	0.81362786	0.0	0.0	0.9359205776173285	0.02256317689530686	0.8183161004431314	0.5924894763268896	9.0	-3.4698859762744636	19	0	0	0	1	1.0	1	1.0	1.567
MITHRIL.9746	1.0	6.344	0.81362786	0.0	0.0	0.9359205776173285	0.009025270758122744	0.8183161004431314	0.5924894763268896	9.0	-4.791814071161826	19	0	0	0	1	1.0	1	1.0	1.567
MITHRIL.9747	1.0	6.344	0.81362786	0.0	0.0	0.9359205776173285	0.032490974729241874	0.8183161004431314	0.5924894763268896	9.0	-2.9438171646068763	19	0	0	0	1	1.0	1	1.0	1.567
MITHRIL.9748	0.137	-0.265	0.80532923	0.0	0.0	0.5961361545538179	0.1343146274149034	0.8028064992614475	1.39620967873636	4.0	-0.8963116661472919	20	0	0	0	1	1.0	0	0.0	1.966
MITHRIL.9749	0.137	-0.265	0.80532923	0.0	0.0	0.5961361545538179	0.25574977000919963	0.8028064992614475	1.39620967873636	4.0	0.03280484769619824	20	0	0	0	1	1.0	0	0.0	1.966
MITHRIL.9750	0.137	-0.265	0.80532923	0.0	0.0	0.5961361545538179	0.013799448022079117	0.8028064992614475	1.39620967873636	4.0	-4.179245629418791	20	0	0	0	1	1.0	0	0.0	1.966
MITHRIL.9751	0.456	0.908	0.79751343	0.0	0.0	0.7390084190832554	0.09260991580916744	0.7895125553914328	1.2153014957993602	9.0	-1.4326895176408811	21	0	0	0	1	1.0	1	1.0	0.47
MITHRIL.9752	0.456	0.908	0.79751343	0.0	0.0	0.7390084190832554	0.03554724041159962	0.7895125553914328	1.2153014957993602	9.0	-2.8141186242769054	21	0	0	0	1	1.0	1	1.0	0.47
MITHRIL.9753	0.456	0.908	0.79751343	0.0	0.0	0.7390084190832554	0.13283442469597756	0.7895125553914328	1.2153014957993602	9.0	-0.9122990182158084	21	0	0	0	1	1.0	1	1.0	0.47
MITHRIL.9754	0.967	6.992	0.78915445	0.0	-0.7000000000000002	0.9514462809917356	0.009297520661157025	0.7149187592319055	0.5792682407722045	9.0	-4.7489382358322825	22	0	0	0	1	1.0	2	2.0	1.998
MITHRIL.9755	0.967	6.992	0.78915445	0.0	-0.5	0.9514462809917356	0.002066115702479339	0.7149187592319055	0.5792682407722045	9.0	-6.918863237274595	22	0	0	0	1	1.0	2	2.0	1.998
MITHRIL.9756	0.967	6.992	0.78915445	0.0	-0.7000000000000002	0.9514462809917356	0.0371900826446281	0.7149187592319055	0.5792682407722045	9.0	-2.748938235832282	22	0	0	0	1	1.0	2	2.0	1.998
MITHRIL.9757	0.156	-0.275	0.77874344	0.026666666666666616	-2.6000000000000005	0.4948301329394387	0.29763663220088626	1.0	1.6760631516220121	3.0	0.2516240049529706	23	0	0	1	0	0.4310595065312046	3	3.0	0.269
MITHRIL.9758	0.156	-0.275	0.77874344	0.0	-2.1000000000000005	0.4948301329394387	0.0620384047267356	1.0	1.6760631516220121	3.0	-2.0106946007962363	23	0	0	1	0	0.4310595065312046	3	3.0	0.269
MITHRIL.9759	0.156	-0.275	0.77874344	0.026666666666666616	-2.6000000000000005	0.4948301329394387	0.14549483013293943	1.0	1.6760631516220121	3.0	-0.7809602041186205	23	0	0	1	0	0.4310595065312046	3	3.0	0.269
MITHRIL.9760	1.0	4.773	0.77089746	0.0	0.8999999999999995	0.0258493353028065	0.0051698670605613	1.0	0.248586294033655	2.0	-5.595657101517393	24	0	0	1	0	0.01451378809869376	4	3.0	0.343
MITHRIL.9761	1.0	4.773	0.77089746	0.0	-0.10000000000000053	0.0258493353028065	0.0029542097488921715	1.0	0.248586294033655	2.0	-6.4030120235749965	24	0	0	1	0	0.01451378809869376	4	3.0	0.343
MITHRIL.9762	1.0	4.773	0.77089746	0.026666666666666616	-4.000000000000001	0.0258493353028065	0.96602658788774	1.0	0.248586294033655	2.0	1.9501348019230857	24	0	0	1	0	0.01451378809869376	4	3.0	0.343
MITHRIL.9763	1.0	5.383	0.76899632	0.026666666666666616	4.0	0.9800590841949779	0.016986706056129987	1.0	0.1561308576476956	14.0	-3.879450067517984	25	0	0	1	0	0.001451378809869376	3	2.0	0.16
MITHRIL.9764	1.0	5.383	0.76899632	0.026666666666666616	4.0	0.9800590841949779	0.0014771048744460858	1.0	0.1561308576476956	14.0	-7.4030120235749965	25	0	0	1	0	0.001451378809869376	3	2.0	0.16
MITHRIL.9765	1.0	5.383	0.76899632	0.026666666666666616	4.0	0.9800590841949779	0.0014771048744460858	1.0	0.1561308576476956	14.0	-7.4030120235749965	25	0	0	1	0	0.001451378809869376	3	2.0	0.16
MITHRIL.9766	0.994	1.964	0.7661597	0.026666666666666616	3.5	0.9438700147710487	0.012555391432791729	1.0	0.37317346784177186	9.0	-4.3155491823246575	26	0	0	1	0	0.002902757619738752	2	1.0	0.449
MITHRIL.9767	0.994	1.964	0.7661597	0.026666666666666616	3.4	0.9438700147710487	0.003692762186115214	1.0	0.37317346784177186	9.0	-6.081083928687635	26	0	0	1	0	0.002902757619738752	2	1.0	0.449
MITHRIL.9768	0.994	1.964	0.7661597	0.0	1.7000000000000002	0.9438700147710487	0.03988183161004431	1.0	0.37317346784177186	9.0	-2.6481245214115283	26	0	0	1	0	0.002902757619738752	2	1.0	0.449
MITHRIL.9769	0.924	0.168	0.76443962	0.0	0.2999999999999998	0.7745750184774575	0.017738359201773836	0.9992614475627769	0.9498614900472963	9.0	-3.816983623255381	27	1	0	0	0	0.7189542483660131	1	1.0	1.354
MITHRIL.9770	0.924	0.168	0.76443962	0.0	-0.20000000000000018	0.7745750184774575	0.18920916481892092	0.9992614475627769	0.9498614900472963	9.0	-0.4019461239765371	27	1	0	0	0	0.7189542483660131	1	1.0	1.354
MITHRIL.9771	0.924	0.168	0.76443962	0.0	0.2999999999999998	0.7745750184774575	0.018477457501847747	0.9992614475627769	0.9498614900472963	9.0	-3.7580899342018124	27	1	0	0	0	0.7189542483660131	1	1.0	1.354
MITHRIL.9772	0.998	2.268	0.76320237	0.026666666666666616	0.8999999999999995	0.28508124076809455	0.6166912850812407	1.0	1.343546946167101	9.0	1.3026203637864178	29	0	0	1	0	0.04862119013062409	0	0.0	0.455
MITHRIL.9773	0.998	2.268	0.76320237	0.026666666666666616	1.0999999999999996	0.28508124076809455	0.01846381093057607	1.0	1.343546946167101	9.0	-3.759155833800272	29	0	0	1	0	0.04862119013062409	0	0.0	0.455
MITHRIL.9774	0.998	2.268	0.76320237	0.026666666666666616	0.7999999999999998	0.28508124076809455	0.07976366322008863	1.0	1.343546946167101	9.0	-1.648124521411528	29	0	0	1	0	0.04862119013062409	0	0.0	0.455
MITHRIL.9775	1.0	5.749	0.76084857	0.026666666666666616	4.1	0.7836041358936484	0.014032496307237814	1.0	0.9908827141000837	14.0	-4.155084510131411	30	0	0	1	0	0.013788098693759071	1	1.0	0.376
MITHRIL.9776	1.0	5.749	0.76084857	0.0	-0.10000000000000053	0.7836041358936484	0.04948301329394387	1.0	0.9908827141000837	14.0	-2.3369228331172245	30	0	0	1	0	0.013788098693759071	1	1.0	0.376
MITHRIL.9777	1.0	5.749	0.76084857	0.026666666666666616	3.9	0.7836041358936484	0.15288035450516987	1.0	0.9908827141000837	14.0	-0.7095250660756715	30	0	0	1	0	0.013788098693759071	1	1.0	0.376
MITHRIL.9778	1.0	6.986	0.7584646	0.026666666666666616	3.6999999999999997	0.8508124076809453	0.0022156573116691287	1.0	0.6756133940582736	14.0	-6.8180495228538405	31	0	0	1	0	0.000725689404934688	2	2.0	0.517
MITHRIL.9779	1.0	6.986	0.7584646	0.0	-0.10000000000000053	0.8508124076809453	0.13737075332348597	1.0	0.6756133940582736	14.0	-0.8638532124669653	31	0	0	1	0	0.000725689404934688	2	2.0	0.517
MITHRIL.9780	1.0	6.986	0.7584646	0.026666666666666616	3.3	0.8508124076809453	0.009601181683899557	1.0	0.6756133940582736	14.0	-4.702572305433905	31	0	0	1	0	0.000725689404934688	2	2.0	0.517
MITHRIL.9781	1.0	3.496	0.75484338	0.026666666666666616	1.3999999999999995	0.241506646971935	0.0	1.0	0.7975368161550092	9.0	-44.50699332842307	32	0	0	1	0	0.000725689404934688	3	3.0	0.432
MITHRIL.9782	1.0	3.496	0.75484338	0.0	0.2999999999999998	0.241506646971935	0.758493353028065	1.0	0.7975368161550092	9.0	1.6012084427431983	32	0	0	1	0	0.000725689404934688	3	3.0	0.432
MITHRIL.9783	1.0	3.496	0.75484338	0.026666666666666616	0.39999999999999947	0.241506646971935	0.0	1.0	0.7975368161550092	9.0	-44.50699332842307	32	0	0	1	0	0.000725689404934688	3	3.0	0.432
MITHRIL.9784	1.0	1.153	0.75372684	0.0	0.2999999999999998	0.5952732644017725	0.022156573116691284	1.0	1.2476687334183518	9.0	-3.4961214279664783	33	0	0	1	0	0.3613933236574746	3	3.0	0.376
MITHRIL.9785	1.0	1.153	0.75372684	0.026666666666666616	-3.1000000000000005	0.5952732644017725	0.35302806499261447	1.0	1.2476687334183518	9.0	0.49785478440575176	33	0	0	1	0	0.3613933236574746	3	3.0	0.376
MITHRIL.9786	1.0	1.153	0.75372684	0.0	0.20000000000000018	0.5952732644017725	0.029542097488921712	1.0	1.2476687334183518	9.0	-3.0810839286876344	33	0	0	1	0	0.3613933236574746	3	3.0	0.376
MITHRIL.9787	1.0	2.013	0.75046774	0.0	0.0	0.7496307237813885	0.0	1.0	0.8249257728276416	3.0	-44.50699332842307	34	0	0	0	1	0.9992743105950653	2	2.0	0.546
MITHRIL.9788	1.0	2.013	0.75046774	0.0	0.0	0.7496307237813885	0.0014771048744460858	1.0	0.8249257728276416	3.0	-7.4030120235749965	34	0	0	0	1	0.9992743105950653	2	2.0	0.546
MITHRIL.9789	1.0	2.013	0.75046774	0.0	0.0	0.7496307237813885	0.24889217134416544	1.0	0.8249257728276416	3.0	-0.0064072423931382525	34	0	0	0	1	0.9992743105950653	2	2.0	0.546
MITHRIL.9790	1.0	2.991	0.74769147	0.0	0.0	0.4963072378138848	0.0007385524372230429	1.0	1.0079778352858142	14.0	-8.403012023574997	35	0	0	0	1	1.0	1	1.0	0.615
MITHRIL.9791	1.0	2.991	0.74769147	0.0	0.0	0.4963072378138848	0.5029542097488922	1.0	1.0079778352858142	14.0	1.0084989644370743	35	0	0	0	1	1.0	1	1.0	0.615
MITHRIL.9792	1.0	2.991	0.74769147	0.0	0.0	0.4963072378138848	0.0	1.0	1.0079778352858142	14.0	-44.50699332842307	35	0	0	0	1	1.0	1	1.0	0.615
MITHRIL.9793	1.0	7.574	0.74582051	0.0	0.0	1.0	0.0	1.0	-1.601713251907458e-15	27.0	-44.50699332842307	36	0	0	0	1	1.0	0	0.0	0.319
MITHRIL.9794	1.0	7.574	0.74582051	0.0	0.0	1.0	0.0	1.0	-1.601713251907458e-15	27.0	-44.50699332842307	36	0	0	0	1	1.0	0	0.0	0.319
MITHRIL.9795	1.0	7.574	0.74582051	0.0	0.0	1.0	0.0	1.0	-1.601713251907458e-15	27.0	-44.50699332842307	36	0	0	0	1	1.0	0	0.0	0.319
MITHRIL.9796	1.0	8.794	0.74434184	0.0	0.0	1.0	0.0	1.0	-1.601713251907458e-15	27.0	-44.50699332842307	37	0	0	0	1	1.0	1	1.0	0.044
MITHRIL.9797	1.0	8.794	0.74434184	0.0	0.0	1.0	0.0	1.0	-1.601713251907458e-15	27.0	-44.50699332842307	37	0	0	0	1	1.0	1	1.0	0.044
MITHRIL.9798	1.0	8.794	0.74434184	0.0	0.0	1.0	0.0	1.0	-1.601713251907458e-15	27.0	-44.50699332842307	37	0	0	0	1	1.0	1	1.0	0.044
MITHRIL.9799	1.0	8.794	0.74047921	0.0	0.0	1.0	0.0	1.0	-1.601713251907458e-15	27.0	-44.50699332842307	38	0	0	0	1	1.0	2	2.0	0.047
MITHRIL.9800	1.0	8.794	0.74047921	0.0	0.0	1.0	0.0	1.0	-1.601713251907458e-15	27.0	-44.50699332842307	38	0	0	0	1	1.0	2	2.0	0.047
MITHRIL.9801	1.0	8.794	0.74047921	0.0	0.0	1.0	0.0	1.0	-1.601713251907458e-15	27.0	-44.50699332842307	38	0	0	0	1	1.0	2	2.0	0.047
MITHRIL.9802	0.0	-0.538	0.7374917	0.0	0.0	0.2946824224519941	0.0007385524372230429	1.0	0.8983412405455388	4.0	-8.403012023574997	39	0	0	0	1	1.0	3	3.0	0.44
MITHRIL.9803	0.0	-0.538	0.7374917	0.0	0.0	0.2946824224519941	0.7031019202363368	1.0	0.8983412405455388	4.0	1.4918057397329467	39	0	0	0	1	1.0	3	3.0	0.44
MITHRIL.9804	0.0	-0.538	0.7374917	0.0	0.0	0.2946824224519941	0.0014771048744460858	1.0	0.8983412405455388	4.0	-7.4030120235749965	39	0	0	0	1	1.0	3	3.0	0.44
MITHRIL.9805	0.0	0.619	0.7333273	0.0	0.0	0.1935007385524372	0.774741506646972	1.0	0.9203528746245008	3.0	1.6317869390022708	40	0	0	0	1	1.0	4	4.0	0.403
MITHRIL.9806	0.0	0.619	0.7333273	0.0	0.0	0.1935007385524372	0.004431314623338257	1.0	0.9203528746245008	3.0	-5.8180495228538405	40	0	0	0	1	1.0	4	4.0	0.403
MITHRIL.9807	0.0	0.619	0.7333273	0.0	0.0	0.1935007385524372	0.027326440177252585	1.0	0.9203528746245008	3.0	-3.193558657946047	40	0	0	0	1	1.0	4	4.0	0.403
MITHRIL.9808	0.001	-0.008	0.73172793	0.0	0.20000000000000018	0.6957163958641064	0.00812407680945347	1.0	1.0430691534637377	5.0	-4.943580404937699	41	0	0	1	0	0.3621190130624093	5	5.0	0.394
MITHRIL.9809	0.001	-0.008	0.73172793	0.0	0.20000000000000018	0.6957163958641064	0.019202363367799114	1.0	1.0430691534637377	5.0	-3.7025723054339044	41	0	0	1	0	0.3621190130624093	5	5.0	0.394
MITHRIL.9810	0.001	-0.008	0.73172793	0.026666666666666616	-0.9000000000000004	0.6957163958641064	0.27695716395864106	1.0	1.0430691534637377	5.0	0.14773476180824646	41	0	0	1	0	0.3621190130624093	5	5.0	0.394
MITHRIL.9811	0.983	2.982	0.72931378	0.026666666666666616	1.2999999999999998	0.2695716395864106	0.0	1.0	0.8408492942058253	9.0	-44.50699332842307	42	0	0	1	0	0.000725689404934688	6	4.0	0.291
MITHRIL.9812	0.983	2.982	0.72931378	0.026666666666666616	1.0999999999999996	0.2695716395864106	0.7304283604135894	1.0	0.8408492942058253	9.0	1.5468146871841142	42	0	0	1	0	0.000725689404934688	6	4.0	0.291
MITHRIL.9813	0.983	2.982	0.72931378	0.026666666666666616	1.2999999999999998	0.2695716395864106	0.0	1.0	0.8408492942058253	9.0	-44.50699332842307	42	0	0	1	0	0.000725689404934688	6	4.0	0.291
MITHRIL.9814	1.0	7.574	0.72695999	0.026666666666666616	3.6999999999999997	0.8522895125553914	0.009601181683899557	1.0	0.6717141293878603	14.0	-4.702572305433905	43	0	0	1	0	0.000725689404934688	7	3.0	0.389
MITHRIL.9815	1.0	7.574	0.72695999	0.026666666666666616	3.6999999999999997	0.8522895125553914	0.1358936484490399	1.0	0.6717141293878603	14.0	-0.8794500675179837	43	0	0	1	0	0.000725689404934688	7	3.0	0.389
MITHRIL.9816	1.0	7.574	0.72695999	0.026666666666666616	3.6999999999999997	0.8522895125553914	0.0022156573116691287	1.0	0.6717141293878603	14.0	-6.8180495228538405	43	0	0	1	0	0.000725689404934688	7	3.0	0.389
MITHRIL.9817	1.0	4.714	0.72569256	0.026666666666666616	4.1	0.7858197932053176	0.14180206794682423	1.0	1.0063451778923198	14.0	-0.8180495228538405	44	0	0	1	0	0.013788098693759071	6	2.0	0.697
MITHRIL.9818	1.0	4.714	0.72569256	0.026666666666666616	4.1	0.7858197932053176	0.05391432791728213	1.0	1.0063451778923198	14.0	-2.2131874646949794	44	0	0	1	0	0.013788098693759071	6	2.0	0.697
MITHRIL.9819	1.0	4.714	0.72569256	0.026666666666666616	4.1	0.7858197932053176	0.01846381093057607	1.0	1.0063451778923198	14.0	-3.759155833800272	44	0	0	1	0	0.013788098693759071	6	2.0	0.697
MITHRIL.9820	0.543	0.987	0.72361036	0.026666666666666616	1.3999999999999995	0.27695716395864106	0.08936484490398819	1.0	1.4200807776116302	5.0	-1.4841487863004021	45	0	0	1	0	0.047895500725689405	5	1.0	0.593
MITHRIL.9821	0.543	0.987	0.72361036	0.0	0.2999999999999998	0.27695716395864106	0.0310192023633678	1.0	1.4200807776116302	5.0	-3.0106946007962363	45	0	0	1	0	0.047895500725689405	5	1.0	0.593
MITHRIL.9822	0.543	0.987	0.72361036	0.026666666666666616	1.3999999999999995	0.27695716395864106	0.6026587887740029	1.0	1.4200807776116302	5.0	1.2694133183964988	45	0	0	1	0	0.047895500725689405	5	1.0	0.593
MITHRIL.9823	0.0	-3.368	0.71941578	0.0	-0.20000000000000018	0.3556547619047619	0.31994047619047616	0.9926144756277696	1.7886921241038374	2.0	0.3558754268106999	46	1	0	0	0	0.7171052631578947	4	2.0	1.085
MITHRIL.9824	0.0	-3.368	0.71941578	0.0	-0.20000000000000018	0.3556547619047619	0.05282738095238095	0.9926144756277696	1.7886921241038374	2.0	-2.242570303274078	46	1	0	0	0	0.7171052631578947	4	2.0	1.085
MITHRIL.9825	0.0	-3.368	0.71941578	0.0	0.0	0.3556547619047619	0.27157738095238093	0.9926144756277696	1.7886921241038374	2.0	0.11943523098861918	46	1	0	0	0	0.7171052631578947	4	2.0	1.085
MITHRIL.9826	0.0	-7.598	0.72774458	0.0	0.0	0.38764880952380953	0.24627976190476192	0.9926144756277696	1.7323007804675652	7.0	-0.021630015971542516	47	1	0	0	0	1.0	3	3.0	0.964
MITHRIL.9827	0.0	-7.598	0.72774458	0.0	0.0	0.38764880952380953	0.03794642857142857	0.9926144756277696	1.7323007804675652	7.0	-2.7198920808072646	47	1	0	0	0	1.0	3	3.0	0.964
MITHRIL.9828	0.0	-7.598	0.72774458	0.0	0.0	0.38764880952380953	0.328125	0.9926144756277696	1.7323007804675652	7.0	0.3923174227787603	47	1	0	0	0	1.0	3	3.0	0.964
MITHRIL.9829	0.0	-11.608	0.732935	0.0	0.0	0.03794642857142857	0.6116071428571429	0.9926144756277696	1.4241805481353451	2.0	1.2906771609029226	48	1	0	0	0	1.0	2	2.0	0.311
MITHRIL.9830	0.0	-11.608	0.732935	0.0	0.0	0.03794642857142857	0.2648809523809524	0.9926144756277696	1.4241805481353451	2.0	0.08341600818763747	48	1	0	0	0	1.0	2	2.0	0.311
MITHRIL.9831	0.0	-11.608	0.732935	0.0	0.0	0.03794642857142857	0.08556547619047619	0.9926144756277696	1.4241805481353451	2.0	-1.546827371834385	48	1	0	0	0	1.0	2	2.0	0.311
MITHRIL.9832	0.0	-4.461	0.73936267	0.0	0.0	0.34375	0.041666666666666664	0.9926144756277696	1.3217758771826618	5.0	-2.584962500721156	49	1	0	0	0	1.0	1	1.0	1.073
MITHRIL.9833	0.0	-4.461	0.73936267	0.0	0.0	0.34375	0.5855654761904762	0.9926144756277696	1.3217758771826618	5.0	1.227902402728726	49	1	0	0	0	1.0	1	1.0	1.073
MITHRIL.9834	0.0	-4.461	0.73936267	0.0	0.0	0.34375	0.029017857142857144	0.9926144756277696	1.3217758771826618	5.0	-3.106915203916512	49	1	0	0	0	1.0	1	1.0	1.073
MITHRIL.9835	1.0	5.278	0.74983403	0.0	-0.10000000000000053	0.9422776911076443	0.0202808112324493	0.4734121122599705	0.6966284895442141	8.0	-3.623740828477649	50	1	0	0	0	1.0	0	0.0	0.914
MITHRIL.9836	1.0	5.278	0.74983403	0.0	-0.10000000000000053	0.9422776911076443	0.0046801872074883	0.4734121122599705	0.6966284895442141	8.0	-5.7392180458975846	50	1	0	0	0	1.0	0	0.0	0.914
MITHRIL.9837	1.0	5.278	0.74983403	0.0	0.09999999999999964	0.9422776911076443	0.0327613104524181	0.4734121122599705	0.6966284895442141	8.0	-2.931863123839981	50	1	0	0	0	1.0	0	0.0	0.914
MITHRIL.9838	1.0	5.84	0.76175388	0.026666666666666616	0.7999999999999998	0.8690476190476191	0.001488095238095238	0.9926144756277696	0.5781838306021054	10.0	-7.392317422778761	51	0	0	1	0	0.003654970760233918	1	1.0	0.409
MITHRIL.9839	1.0	5.84	0.76175388	0.0	0.0	0.8690476190476191	0.12946428571428573	0.9926144756277696	0.5781838306021054	10.0	-0.9493739269300319	51	0	0	1	0	0.003654970760233918	1	1.0	0.409
MITHRIL.9840	1.0	5.84	0.76175388	0.026666666666666616	1.0	0.8690476190476191	0.0	0.9926144756277696	0.5781838306021054	10.0	-44.50699332842307	51	0	0	1	0	0.003654970760233918	1	1.0	0.409
MITHRIL.9841	1.0	7.559	0.76911703	0.026666666666666616	6.3999999999999995	0.7953869047619048	0.18154761904761904	0.9926144756277696	0.8521705801608754	10.0	-0.46158008521587407	52	0	0	1	0	0.008771929824561403	2	2.0	0.383
MITHRIL.9842	1.0	7.559	0.76911703	0.026666666666666616	6.3999999999999995	0.7953869047619048	0.002976190476190476	0.9926144756277696	0.8521705801608754	10.0	-6.392317422778761	52	0	0	1	0	0.008771929824561403	2	2.0	0.383
MITHRIL.9843	1.0	7.559	0.76911703	0.026666666666666616	6.3999999999999995	0.7953869047619048	0.020089285714285716	0.9926144756277696	0.8521705801608754	10.0	-3.6374299206152916	52	0	0	1	0	0.008771929824561403	2	2.0	0.383
MITHRIL.9844	1.0	4.13	0.77385479	0.026666666666666616	4.5	0.8173652694610778	0.0007485029940119761	0.9867060561299852	0.7286240749409022	9.0	-8.383704292474052	53	0	0	1	0	0.01838235294117647	3	3.0	0.521
MITHRIL.9845	1.0	4.13	0.77385479	0.0	0.8999999999999995	0.8173652694610778	0.1781437125748503	0.9867060561299852	0.7286240749409022	9.0	-0.4888865291661088	53	0	0	1	0	0.01838235294117647	3	3.0	0.521
MITHRIL.9846	1.0	4.13	0.77385479	0.026666666666666616	4.4	0.8173652694610778	0.0037425149700598802	0.9867060561299852	0.7286240749409022	9.0	-6.06177619758669	53	0	0	1	0	0.01838235294117647	3	3.0	0.521
MITHRIL.9847	1.0	5.322	0.77708371	0.026666666666666616	6.6	0.8870481927710844	0.0858433734939759	0.9807976366322009	0.6317814980413162	9.0	-1.542149417182183	54	0	0	1	0	0.01775147928994083	2	2.0	0.572
MITHRIL.9848	1.0	5.322	0.77708371	0.026666666666666616	6.6	0.8870481927710844	0.004518072289156626	0.9807976366322009	0.6317814980413162	9.0	-5.7900769306257684	54	0	0	1	0	0.01775147928994083	2	2.0	0.572
MITHRIL.9849	1.0	5.322	0.77708371	0.026666666666666616	6.6	0.8870481927710844	0.022590361445783132	0.9807976366322009	0.6317814980413162	9.0	-3.4681488357384063	54	0	0	1	0	0.01775147928994083	2	2.0	0.572
MITHRIL.9850	1.0	5.148	0.77817008	0.026666666666666616	3.8	0.8411144578313253	0.09186746987951808	0.9807976366322009	0.8261391556587644	10.0	-1.4443020937840385	55	0	0	1	0	0.05473372781065089	1	1.0	0.225
MITHRIL.9851	1.0	5.148	0.77817008	0.026666666666666616	4.6	0.8411144578313253	0.005271084337349397	0.9807976366322009	0.8261391556587644	10.0	-5.567684509289321	55	0	0	1	0	0.05473372781065089	1	1.0	0.225
MITHRIL.9852	1.0	5.148	0.77817008	0.026666666666666616	4.3	0.8411144578313253	0.061746987951807226	0.9807976366322009	0.8261391556587644	10.0	-2.017487426728841	55	0	0	1	0	0.05473372781065089	1	1.0	0.225
MITHRIL.9853	1.0	7.574	0.77524292	0.0	0.09999999999999964	0.9016272189349113	0.06804733727810651	0.9985228951255539	0.5830651917237836	14.0	-1.8773174802251715	56	0	0	0	1	0.9992732558139535	0	0.0	0.637
MITHRIL.9854	1.0	7.574	0.77524292	0.0	1.0999999999999996	0.9016272189349113	0.015532544378698224	0.9985228951255539	0.5830651917237836	14.0	-4.008562013503424	56	0	0	0	1	0.9992732558139535	0	0.0	0.637
MITHRIL.9855	1.0	7.574	0.77524292	0.0	0.09999999999999964	0.9016272189349113	0.014792899408284023	0.9985228951255539	0.5830651917237836	14.0	-4.078951341394822	56	0	0	0	1	0.9992732558139535	0	0.0	0.637
MITHRIL.9856	1.0	5.747	0.77174241	0.0	0.0	0.9052945563012678	0.0447427293064877	0.9903988183161004	0.6026984029705642	8.0	-2.4822029262959555	57	0	0	0	1	1.0	0	0.0	1.064
MITHRIL.9857	1.0	5.747	0.77174241	0.0	0.0	0.9052945563012678	0.019388516032811335	0.9903988183161004	0.6026984029705642	8.0	-3.6886538037633816	57	0	0	0	1	1.0	0	0.0	1.064
MITHRIL.9858	1.0	5.747	0.77174241	0.0	0.0	0.9052945563012678	0.030574198359433258	0.9903988183161004	0.6026984029705642	8.0	-3.0315415172863904	57	0	0	0	1	1.0	0	0.0	1.064
MITHRIL.9859	1.0	7.468	0.76401714	0.0	0.0	0.8244159758854559	0.07987942727957799	0.9800590841949779	0.8789611879676129	8.0	-1.6460322008069943	58	0	0	0	1	1.0	1	1.0	1.115
MITHRIL.9860	1.0	7.468	0.76401714	0.0	0.0	0.8244159758854559	0.0037678975131876413	0.9800590841949779	0.8789611879676129	8.0	-6.052024560482831	58	0	0	0	1	1.0	1	1.0	1.115
MITHRIL.9861	1.0	7.468	0.76401714	0.0	0.0	0.8244159758854559	0.09193669932177845	0.9800590841949779	0.8789611879676129	8.0	-1.443215317807307	58	0	0	0	1	1.0	1	1.0	1.115
MITHRIL.9862	1.0	8.794	0.7530026	0.0	0.0	0.8842911877394636	0.011494252873563218	0.9638109305760709	0.6751936475650523	5.0	-4.442943495848728	59	0	0	0	1	1.0	1	1.0	0.905
MITHRIL.9863	1.0	8.794	0.7530026	0.0	0.0	0.8842911877394636	0.021455938697318006	0.9638109305760709	0.6751936475650523	5.0	-3.542479169399643	59	0	0	0	1	1.0	1	1.0	0.905
MITHRIL.9864	1.0	8.794	0.7530026	0.0	0.0	0.8842911877394636	0.08275862068965517	0.9638109305760709	0.6751936475650523	5.0	-1.5949465892937784	59	0	0	0	1	1.0	1	1.0	0.905
MITHRIL.9865	1.0	8.794	0.74129398	0.0	0.0	0.9279935275080906	0.0048543689320388345	0.912850812407681	0.5123674342370893	8.0	-5.6865005271832185	60	0	0	0	1	1.0	0	0.0	0.694
MITHRIL.9866	1.0	8.794	0.74129398	0.0	0.0	0.9279935275080906	0.006472491909385114	0.912850812407681	0.5123674342370893	8.0	-5.271463027904375	60	0	0	0	1	1.0	0	0.0	0.694
MITHRIL.9867	1.0	8.794	0.74129398	0.0	0.0	0.9279935275080906	0.06067961165048544	0.912850812407681	0.5123674342370893	8.0	-2.0426443374084937	60	0	0	0	1	1.0	0	0.0	0.694
MITHRIL.9868	0.0	-3.706	0.7296759	0.0	0.0	0.10282776349614396	0.5578406169665809	0.861890694239291	1.6266345430803655	3.0	1.1579248874582873	61	0	0	0	1	1.0	1	1.0	1.193
MITHRIL.9869	0.0	-3.706	0.7296759	0.0	0.0	0.10282776349614396	0.18766066838046272	0.861890694239291	1.6266345430803655	3.0	-0.41380178610617474	61	0	0	0	1	1.0	1	1.0	1.193
MITHRIL.9870	0.0	-3.706	0.7296759	0.0	0.0	0.10282776349614396	0.15167095115681234	0.861890694239291	1.6266345430803655	3.0	-0.7209832956243507	61	0	0	0	1	1.0	1	1.0	1.193
MITHRIL.9871	0.996	2.505	0.71851047	0.0	0.5	0.9332748024582967	0.016681299385425813	0.8412112259970458	0.5682548566743513	4.0	-3.9056245182645264	62	0	0	0	1	1.0	2	2.0	1.067
MITHRIL.9872	0.996	2.505	0.71851047	0.0	0.5999999999999996	0.9332748024582967	0.046532045654082525	0.8412112259970458	0.5682548566743513	4.0	-2.425631577144913	62	0	0	0	1	1.0	2	2.0	1.067
MITHRIL.9873	0.996	2.505	0.71851047	0.0	0.5	0.9332748024582967	0.003511852502194908	0.8412112259970458	0.5682548566743513	4.0	-6.153552031708112	62	0	0	0	1	1.0	2	2.0	1.067
MITHRIL.9874	1.0	7.414	0.70689239	0.026666666666666616	2.8	0.8526785714285714	0.05431547619047619	0.9926144756277696	0.7798063751402328	10.0	-2.202492863898743	65	0	0	1	0	0.05482456140350877	3	2.0	0.349
MITHRIL.9875	1.0	7.414	0.70689239	0.026666666666666616	3.0999999999999996	0.8526785714285714	0.005952380952380952	0.9926144756277696	0.7798063751402328	10.0	-5.392317422778761	65	0	0	1	0	0.05482456140350877	3	2.0	0.349
MITHRIL.9876	1.0	7.414	0.70689239	0.0	2.4	0.8526785714285714	0.08705357142857142	0.9926144756277696	0.7798063751402328	10.0	-1.521952703195356	65	0	0	1	0	0.05482456140350877	3	2.0	0.349
MITHRIL.9877	1.0	5.7	0.69820146	0.026666666666666616	6.6	0.8965773809523809	0.019345238095238096	0.9926144756277696	0.5861674075913159	10.0	-3.691877704637668	66	0	0	1	0	0.016812865497076022	4	3.0	0.438
MITHRIL.9878	1.0	5.7	0.69820146	0.026666666666666616	4.0	0.8965773809523809	0.005208333333333333	0.9926144756277696	0.5861674075913159	10.0	-5.584962500721156	66	0	0	1	0	0.016812865497076022	4	3.0	0.438
MITHRIL.9879	1.0	5.7	0.69820146	0.0	2.6999999999999997	0.8965773809523809	0.07886904761904762	0.9926144756277696	0.5861674075913159	10.0	-1.6643969682155613	66	0	0	1	0	0.016812865497076022	4	3.0	0.438
MITHRIL.9880	1.0	2.508	0.68438047	0.026666666666666616	5.3999999999999995	0.8241017964071856	0.0037425149700598802	0.9867060561299852	0.7191671138240914	10.0	-6.06177619758669	67	0	0	1	0	0.01911764705882353	5	4.0	0.509
MITHRIL.9881	1.0	2.508	0.68438047	0.026666666666666616	4.8	0.8241017964071856	0.17065868263473055	0.9867060561299852	0.7191671138240914	10.0	-0.5508142783093104	67	0	0	1	0	0.01911764705882353	5	4.0	0.509
MITHRIL.9882	1.0	2.508	0.68438047	0.026666666666666616	4.4	0.8241017964071856	0.0014970059880239522	0.9867060561299852	0.7191671138240914	10.0	-7.383704292474052	67	0	0	1	0	0.01911764705882353	5	4.0	0.509
MITHRIL.9883	1.0	4.578	0.6692317	0.026666666666666616	6.3999999999999995	0.7981927710843374	0.01957831325301205	0.9807976366322009	0.8516857049859923	14.0	-3.6745997132058323	68	0	0	1	0	0.008875739644970414	6	3.0	0.654
MITHRIL.9884	1.0	4.578	0.6692317	0.026666666666666616	3.8	0.7981927710843374	0.0030120481927710845	0.9807976366322009	0.8516857049859923	14.0	-6.3750394313469245	68	0	0	1	0	0.008875739644970414	6	3.0	0.654
MITHRIL.9885	1.0	4.578	0.6692317	0.0	2.5999999999999996	0.7981927710843374	0.17921686746987953	0.9807976366322009	0.8516857049859923	14.0	-0.4802216680389812	68	0	0	1	0	0.008875739644970414	6	3.0	0.654
MITHRIL.9886	1.0	5.8	0.65233267	0.026666666666666616	0.8999999999999995	0.9006024096385542	0.0	0.9807976366322009	0.48554943959478747	10.0	-44.50699332842307	69	0	0	1	0	0.0029585798816568047	7	2.0	0.26
MITHRIL.9887	1.0	5.8	0.65233267	0.026666666666666616	1.2000000000000002	0.9006024096385542	0.09939759036144578	0.9807976366322009	0.48554943959478747	10.0	-1.3306453119884714	69	0	0	1	0	0.0029585798816568047	7	2.0	0.26
MITHRIL.9888	1.0	5.8	0.65233267	0.026666666666666616	1.0	0.9006024096385542	0.0	0.9807976366322009	0.48554943959478747	10.0	-44.50699332842307	69	0	0	1	0	0.0029585798816568047	7	2.0	0.26
MITHRIL.9889	0.024	0.253	0.63489046	0.026666666666666616	1.3999999999999995	0.3412112259970458	0.014032496307237814	1.0	1.077331959489419	8.0	-4.155084510131411	70	0	1	0	0	0.010159651669085631	8	3.0	0.358
MITHRIL.9890	0.024	0.253	0.63489046	0.026666666666666616	1.2000000000000002	0.3412112259970458	0.638109305760709	1.0	1.077331959489419	8.0	1.351875478588472	70	0	1	0	0	0.010159651669085631	8	3.0	0.358
MITHRIL.9891	0.024	0.253	0.63489046	0.026666666666666616	1.2000000000000002	0.3412112259970458	0.0066469719350073855	1.0	1.077331959489419	8.0	-5.233087022132684	70	0	1	0	0	0.010159651669085631	8	3.0	0.358
MITHRIL.9892	0.011	0.53	0.61406844	0.026666666666666616	6.3999999999999995	0.6713441654357459	0.10265878877400296	1.0	1.3125627317138084	10.0	-1.2840709508514891	71	0	1	0	0	0.14731494920174165	9	4.0	0.677
MITHRIL.9893	0.011	0.53	0.61406844	0.026666666666666616	3.8	0.6713441654357459	0.022156573116691284	1.0	1.3125627317138084	10.0	-3.4961214279664783	71	0	1	0	0	0.14731494920174165	9	4.0	0.677
MITHRIL.9894	0.011	0.53	0.61406844	0.0	2.5999999999999996	0.6713441654357459	0.2038404726735598	1.0	1.3125627317138084	10.0	-0.29448756679682775	71	0	1	0	0	0.14731494920174165	9	4.0	0.677
MITHRIL.9895	0.013	0.007	0.58639628	0.026666666666666616	4.199999999999999	0.5413589364844904	0.02141802067946824	1.0	1.2269200189540523	8.0	-3.5450310284474247	72	0	1	0	0	0.0420899854862119	10	5.0	0.369
MITHRIL.9896	0.013	0.007	0.58639628	0.026666666666666616	4.199999999999999	0.5413589364844904	0.4194977843426883	1.0	1.2269200189540523	8.0	0.7467350959296852	72	0	1	0	0	0.0420899854862119	10	5.0	0.369
MITHRIL.9897	0.013	0.007	0.58639628	0.026666666666666616	4.199999999999999	0.5413589364844904	0.01772525849335303	1.0	1.2269200189540523	8.0	-3.8180495228538405	72	0	1	0	0	0.0420899854862119	10	5.0	0.369
MITHRIL.9898	0.716	1.037	0.55941819	0.026666666666666616	4.1	0.7769571639586411	0.02141802067946824	1.0	0.9059410551860688	10.0	-3.5450310284474247	73	0	1	0	0	0.026124818577648767	11	6.0	0.288
MITHRIL.9899	0.716	1.037	0.55941819	0.026666666666666616	4.1	0.7769571639586411	0.19571639586410636	1.0	0.9059410551860688	10.0	-0.35316347412443516	73	0	1	0	0	0.026124818577648767	11	6.0	0.288
MITHRIL.9900	0.716	1.037	0.55941819	0.026666666666666616	4.1	0.7769571639586411	0.005908419497784343	1.0	0.9059410551860688	10.0	-5.4030120235749965	73	0	1	0	0	0.026124818577648767	11	6.0	0.288
MITHRIL.9901	0.973	5.767	0.53772105	0.026666666666666616	4.1	0.925351071692535	0.028085735402808575	0.9992614475627769	0.5005828794878353	2.0	-3.1540186105329515	74	0	1	0	0	0.03122730573710966	12	7.0	0.358
MITHRIL.9902	0.973	5.767	0.53772105	0.0	-0.10000000000000053	0.925351071692535	0.027346637102734665	0.9992614475627769	0.5005828794878353	2.0	-3.1924927583475875	74	0	1	0	0	0.03122730573710966	12	7.0	0.358
MITHRIL.9903	0.973	5.767	0.53772105	0.026666666666666616	3.9	0.925351071692535	0.019216555801921657	0.9992614475627769	0.5005828794878353	2.0	-3.701506405835445	74	0	1	0	0	0.03122730573710966	12	7.0	0.358
MITHRIL.9904	0.802	1.17	0.51083348	0.026666666666666616	4.3	0.5779748706577975	0.004434589800443459	0.9992614475627769	1.0957758325586648	5.0	-5.816983623255381	75	0	1	0	0	0.03776325344952796	13	8.0	0.168
MITHRIL.9905	0.802	1.17	0.51083348	0.0	0.0	0.5779748706577975	0.4057649667405765	0.9992614475627769	1.0957758325586648	5.0	0.6987162150286615	75	0	1	0	0	0.03776325344952796	13	8.0	0.168
MITHRIL.9906	0.802	1.17	0.51083348	0.026666666666666616	3.9	0.5779748706577975	0.011825572801182557	0.9992614475627769	1.0957758325586648	5.0	-4.401946123976537	75	0	1	0	0	0.03776325344952796	13	8.0	0.168
MITHRIL.9907	0.492	0.361	0.47932887	0.026666666666666616	3.5999999999999996	0.5806213017751479	0.1294378698224852	0.9985228951255539	1.506243908563733	8.0	-0.9496683244498556	76	0	1	0	0	0.04433139534883721	14	9.0	0.267
MITHRIL.9908	0.492	0.361	0.47932887	0.026666666666666616	3.5999999999999996	0.5806213017751479	0.034023668639053255	0.9985228951255539	1.506243908563733	8.0	-2.8773174802251713	76	0	1	0	0	0.04433139534883721	14	9.0	0.267
MITHRIL.9909	0.492	0.361	0.47932887	0.0	2.3	0.5806213017751479	0.2559171597633136	0.9985228951255539	1.506243908563733	8.0	0.03374879135454017	76	0	1	0	0	0.04433139534883721	14	9.0	0.267
MITHRIL.9910	0.536	2.649	0.44924256	0.0	0.8999999999999995	0.41302738712065135	0.076980014803849	0.9977843426883308	1.363079562992176	10.0	-1.6993722411845924	77	1	0	0	0	0.9992727272727273	15	10.0	0.779
MITHRIL.9911	0.536	2.649	0.44924256	0.0	0.0	0.41302738712065135	0.007401924500370096	0.9977843426883308	1.363079562992176	10.0	-5.077883864438323	77	1	0	0	0	0.9992727272727273	15	10.0	0.779
MITHRIL.9912	0.536	2.649	0.44924256	0.0	0.5	0.41302738712065135	0.5025906735751295	0.9977843426883308	1.363079562992176	10.0	1.0074558049190472	77	1	0	0	0	0.9992727272727273	15	10.0	0.779
MITHRIL.12787	1.0	4.291	0.70037419	0.02898550724637683	0.9000000000000004	0.3511111111111111	0.012592592592592593	1.0	1.1097096590987756	10.0	-4.3112808506878535	0	0	1	0	0	0.005090909090909091	8	8.0	0.47
MITHRIL.12788	1.0	4.291	0.70037419	0.0	0.0	0.3511111111111111	0.6244444444444445	1.0	1.1097096590987756	10.0	1.3206451290038892	0	0	1	0	0	0.005090909090909091	8	8.0	0.47
MITHRIL.12789	1.0	4.291	0.70037419	0.02898550724637683	1.1000000000000005	0.3511111111111111	0.011851851851851851	1.0	1.1097096590987756	10.0	-4.3987436919381935	0	0	1	0	0	0.005090909090909091	8	8.0	0.47
MITHRIL.12790	0.996	1.789	0.73441366	0.02898550724637683	6.4	0.8214814814814815	0.15185185185185185	1.0	0.8115445413897174	15.0	-0.7192635924327472	1	0	1	0	0	0.0	7	7.0	0.358
MITHRIL.12791	0.996	1.789	0.73441366	0.02898550724637683	6.4	0.8214814814814815	0.011111111111111112	1.0	0.8115445413897174	15.0	-4.491853096329675	1	0	1	0	0	0.0	7	7.0	0.358
MITHRIL.12792	0.996	1.789	0.73441366	0.02898550724637683	6.4	0.8214814814814815	0.015555555555555555	1.0	0.8115445413897174	15.0	-4.006426269159433	1	0	1	0	0	0.0	7	7.0	0.358
MITHRIL.12793	1.0	5.805	0.76084857	0.02898550724637683	4.5	0.7659259259259259	0.028148148148148148	1.0	1.053855570506942	11.0	-3.150816178494608	2	0	1	0	0	0.016727272727272726	6	6.0	0.293
MITHRIL.12794	1.0	5.805	0.76084857	0.0	0.5	0.7659259259259259	0.03925925925925926	1.0	1.053855570506942	11.0	-2.6708232373749943	2	0	1	0	0	0.016727272727272726	6	6.0	0.293
MITHRIL.12795	1.0	5.805	0.76084857	0.02898550724637683	4.5	0.7659259259259259	0.16666666666666666	1.0	1.053855570506942	11.0	-0.5849625007211563	2	0	1	0	0	0.016727272727272726	6	6.0	0.293
MITHRIL.12796	1.0	2.03	0.78375279	0.02898550724637683	3.7	0.6177777777777778	0.061481481481481484	1.0	1.422658583130768	10.0	-2.0237042605912685	3	0	1	0	0	0.11272727272727273	5	5.0	0.437
MITHRIL.12797	1.0	2.03	0.78375279	0.0	-0.09999999999999964	0.6177777777777778	0.26222222222222225	1.0	1.422658583130768	10.0	0.06886185814480433	3	0	1	0	0	0.11272727272727273	5	5.0	0.437
MITHRIL.12798	1.0	2.03	0.78375279	0.02898550724637683	3.3000000000000003	0.6177777777777778	0.05851851851851852	1.0	1.422658583130768	10.0	-2.0949629437610904	3	0	1	0	0	0.11272727272727273	5	5.0	0.437
MITHRIL.12799	1.0	1.469	0.80179854	0.02898550724637683	3.9000000000000004	0.5055596738324685	0.2357301704966642	0.9992592592592593	1.7275987494743446	14.0	-0.08479167766391217	4	0	1	0	0	0.08806404657933042	4	4.0	0.468
MITHRIL.12800	1.0	1.469	0.80179854	0.0	0.0	0.5055596738324685	0.08302446256486286	0.9992592592592593	1.7275987494743446	14.0	-1.5903197108906635	4	0	1	0	0	0.08806404657933042	4	4.0	0.468
MITHRIL.12801	1.0	1.469	0.80179854	0.02898550724637683	3.2	0.5055596738324685	0.17568569310600446	0.9992592592592593	1.7275987494743446	14.0	-0.5089313840500084	4	0	1	0	0	0.08806404657933042	4	4.0	0.468
MITHRIL.12802	1.0	0.877	0.81715855	0.02898550724637683	4.3	0.6945885841363973	0.11045218680504076	0.9992592592592593	1.3082611456984714	9.0	-1.178506112486106	5	0	1	0	0	0.08078602620087336	3	3.0	0.506
MITHRIL.12803	1.0	0.877	0.81715855	0.02898550724637683	4.3	0.6945885841363973	0.16011860637509265	0.9992592592592593	1.3082611456984714	9.0	-0.6427871307847991	5	0	1	0	0	0.08078602620087336	3	3.0	0.506
MITHRIL.12804	1.0	0.877	0.81715855	0.02898550724637683	4.3	0.6945885841363973	0.034840622683469234	0.9992592592592593	1.3082611456984714	9.0	-2.8430857812706303	5	0	1	0	0	0.08078602620087336	3	3.0	0.506
MITHRIL.12805	1.0	6.085	0.83131149	0.02898550724637683	1.6	0.2809488510007413	0.005930318754633061	0.9992592592592593	1.0602947684958943	9.0	-5.397674632948267	6	0	1	0	0	0.01601164483260553	2	2.0	0.501
MITHRIL.12806	1.0	6.085	0.83131149	0.0	0.5	0.2809488510007413	0.6886582653817642	0.9992592592592593	1.0602947684958943	9.0	1.4618601534343854	6	0	1	0	0	0.01601164483260553	2	2.0	0.501
MITHRIL.12807	1.0	6.085	0.83131149	0.02898550724637683	1.6	0.2809488510007413	0.02446256486286138	0.9992592592592593	1.0602947684958943	9.0	-3.353280513589814	6	0	1	0	0	0.01601164483260553	2	2.0	0.501
MITHRIL.12808	1.0	7.635	0.84455912	0.0	-0.20000000000000018	0.9503703703703704	0.007407407407407408	1.0	0.35508284322765893	4.0	-5.076815597050831	7	1	0	0	0	1.0	1	1.0	0.287
MITHRIL.12809	1.0	7.635	0.84455912	0.0	0.10000000000000053	0.9503703703703704	0.02666666666666667	1.0	0.35508284322765893	4.0	-3.228818690495881	7	1	0	0	0	1.0	1	1.0	0.287
MITHRIL.12810	1.0	7.635	0.84455912	0.0	-0.20000000000000018	0.9503703703703704	0.015555555555555555	1.0	0.35508284322765893	4.0	-4.006426269159433	7	1	0	0	0	1.0	1	1.0	0.287
MITHRIL.12811	1.0	7.674	0.85699197	0.0	0.0	0.9664429530201343	0.02982848620432513	0.9933333333333333	0.24047235248368726	9.0	-3.0671654270171116	8	1	0	0	0	1.0	0	0.0	0.26
MITHRIL.12812	1.0	7.674	0.85699197	0.0	-0.20000000000000018	0.9664429530201343	0.0014914243102162564	0.9933333333333333	0.24047235248368726	9.0	-7.389093521904474	8	1	0	0	0	1.0	0	0.0	0.26
MITHRIL.12813	1.0	7.674	0.85699197	0.0	-0.20000000000000018	0.9664429530201343	0.0022371364653243847	0.9933333333333333	0.24047235248368726	9.0	-6.804131021183318	8	1	0	0	0	1.0	0	0.0	0.26
MITHRIL.12814	1.0	4.653	0.86830829	0.02898550724637683	1.6	0.20237212750185324	0.0007412898443291327	0.9992592592592593	0.9041978402815525	14.0	-8.397674632948268	9	0	0	1	0	0.018195050946142648	1	1.0	0.231
MITHRIL.12815	1.0	4.653	0.86830829	0.02898550724637683	1.2000000000000002	0.20237212750185324	0.7702001482579689	0.9992592592592593	0.9041978402815525	14.0	1.6233053059559444	9	0	0	1	0	0.018195050946142648	1	1.0	0.231
MITHRIL.12816	1.0	4.653	0.86830829	0.02898550724637683	1.4000000000000004	0.20237212750185324	0.026686434395848776	0.9992592592592593	0.9041978402815525	14.0	-3.2277496315059553	9	0	0	1	0	0.018195050946142648	1	1.0	0.231
MITHRIL.12817	1.0	7.48	0.87781399	0.02898550724637683	6.4	0.9636767976278725	0.0	0.9992592592592593	0.2381346834468659	9.0	-44.50699332842307	10	0	0	1	0	0.002183406113537118	2	2.0	0.048
MITHRIL.12818	1.0	7.48	0.87781399	0.02898550724637683	3.8000000000000003	0.9636767976278725	0.002223869532987398	0.9992592592592593	0.2381346834468659	9.0	-6.812712132227111	10	0	0	1	0	0.002183406113537118	2	2.0	0.048
MITHRIL.12819	1.0	7.48	0.87781399	0.0	2.6	0.9636767976278725	0.0340993328391401	0.9992592592592593	0.2381346834468659	9.0	-2.874112676891255	10	0	0	1	0	0.002183406113537118	2	2.0	0.048
MITHRIL.12820	1.0	2.529	0.88200857	0.02898550724637683	2.2	0.782060785767235	0.015567086730911787	0.9992592592592593	0.979795155100126	9.0	-4.005357210169508	11	0	0	1	0	0.0735080058224163	3	3.0	0.179
MITHRIL.12821	1.0	2.529	0.88200857	0.02898550724637683	2.7	0.782060785767235	0.16382505559673832	0.9992592592592593	0.979795155100126	9.0	-0.609772073556836	11	0	0	1	0	0.0735080058224163	3	3.0	0.179
MITHRIL.12822	1.0	2.529	0.88200857	0.02898550724637683	1.4000000000000004	0.782060785767235	0.0385470719051149	0.9992592592592593	0.979795155100126	9.0	-2.6972349148071753	11	0	0	1	0	0.0735080058224163	3	3.0	0.179
MITHRIL.12823	1.0	6.391	0.88683686	0.0	1.0	0.9466271312083024	0.012601927353595256	0.9992592592592593	0.38301237228454166	9.0	-4.310211791697928	12	0	0	0	1	0.9279475982532751	4	4.0	0.391
MITHRIL.12824	1.0	6.391	0.88683686	0.0	1.3000000000000003	0.9466271312083024	0.01630837657524092	0.9992592592592593	0.38301237228454166	9.0	-3.93824301431097	12	0	0	0	1	0.9279475982532751	4	4.0	0.391
MITHRIL.12825	1.0	6.391	0.88683686	0.02898550724637683	0.2999999999999998	0.9466271312083024	0.02446256486286138	0.9992592592592593	0.38301237228454166	9.0	-3.353280513589814	12	0	0	0	1	0.9279475982532751	4	4.0	0.391
MITHRIL.12826	1.0	8.868	0.89063915	0.0	0.0	0.9807407407407407	0.0014814814814814814	1.0	0.16248473582440925	9.0	-7.3987436919381935	13	0	0	0	1	1.0	5	5.0	0.585
MITHRIL.12827	1.0	8.868	0.89063915	0.0	0.0	0.9807407407407407	0.008148148148148147	1.0	0.16248473582440925	9.0	-4.939312073300896	13	0	0	0	1	1.0	5	5.0	0.585
MITHRIL.12828	1.0	8.868	0.89063915	0.0	0.0	0.9807407407407407	0.00962962962962963	1.0	0.16248473582440925	9.0	-4.698303973797101	13	0	0	0	1	1.0	5	5.0	0.585
MITHRIL.12829	0.0	-1.846	0.89371718	0.0	0.0	0.15259259259259259	0.6318518518518519	1.0	1.5010629875781012	3.0	1.337658239380097	14	0	0	0	1	1.0	6	6.0	0.615
MITHRIL.12830	0.0	-1.846	0.89371718	0.0	0.0	0.15259259259259259	0.14962962962962964	1.0	1.5010629875781012	3.0	-0.7405322091863984	14	0	0	0	1	1.0	6	6.0	0.615
MITHRIL.12831	0.0	-1.846	0.89371718	0.0	0.0	0.15259259259259259	0.06592592592592593	1.0	1.5010629875781012	3.0	-1.9230102609717954	14	0	0	0	1	1.0	6	6.0	0.615
MITHRIL.12832	0.001	0.029	0.90117086	0.0	0.0	0.4192592592592593	0.15703703703703703	1.0	1.804146132246434	4.0	-0.6708232373749942	15	0	0	0	1	1.0	6	6.0	1.028
MITHRIL.12833	0.001	0.029	0.90117086	0.0	0.0	0.4192592592592593	0.1	1.0	1.804146132246434	4.0	-1.3219280948873622	15	0	0	0	1	1.0	6	6.0	1.028
MITHRIL.12834	0.001	0.029	0.90117086	0.0	0.0	0.4192592592592593	0.3237037037037037	1.0	1.804146132246434	4.0	0.3727457775624052	15	0	0	0	1	1.0	6	6.0	1.028
MITHRIL.12835	0.206	1.333	0.90826242	0.0	0.0	0.4700920245398773	0.09202453987730061	0.965925925925926	1.7727701860613452	9.0	-1.4418375586225591	16	0	0	0	1	1.0	5	5.0	1.998
MITHRIL.12836	0.206	1.333	0.90826242	0.0	0.0	0.4700920245398773	0.24003067484662577	0.965925925925926	1.7727701860613452	9.0	-0.058709307298459204	16	0	0	0	1	1.0	5	5.0	1.998
MITHRIL.12837	0.206	1.333	0.90826242	0.0	0.0	0.4700920245398773	0.19785276073619631	0.965925925925926	1.7727701860613452	9.0	-0.33750089880782347	16	0	0	0	1	1.0	5	5.0	1.998
MITHRIL.12838	0.242	0.502	0.91613857	0.02898550724637683	-1.5	0.938472942920682	0.0014825796886582653	0.9992592592592593	0.4043662115729621	8.0	-7.397674632948267	23	0	0	0	1	0.9279475982532751	4	4.0	0.269
MITHRIL.12839	0.242	0.502	0.91613857	0.0	0.0	0.938472942920682	0.029651593773165306	0.9992592592592593	0.4043662115729621	8.0	-3.0757465380609053	23	0	0	0	1	0.9279475982532751	4	4.0	0.269
MITHRIL.12840	0.242	0.502	0.91613857	0.02898550724637683	0.9000000000000004	0.938472942920682	0.03039288361749444	0.9992592592592593	0.4043662115729621	8.0	-3.040122628330184	23	0	0	0	1	0.9279475982532751	4	4.0	0.269
MITHRIL.12841	0.995	3.151	0.92135916	0.02898550724637683	2.3000000000000003	0.8495181616011861	0.03780578206078577	0.9992592592592593	0.8011079806851377	11.0	-2.725249290976772	24	0	0	1	0	0.0735080058224163	3	3.0	0.343
MITHRIL.12842	0.995	3.151	0.92135916	0.0	0.6000000000000005	0.8495181616011861	0.09636767976278725	0.9992592592592593	0.8011079806851377	11.0	-1.375306819919813	24	0	0	1	0	0.0735080058224163	3	3.0	0.343
MITHRIL.12843	0.995	3.151	0.92135916	0.02898550724637683	1.6	0.8495181616011861	0.01630837657524092	0.9992592592592593	0.8011079806851377	11.0	-3.93824301431097	24	0	0	1	0	0.0735080058224163	3	3.0	0.343
MITHRIL.12844	1.0	4.317	0.92525198	0.02898550724637683	6.4	0.9644180874722016	0.033358042994810974	0.9992592592592593	0.2345516574872342	15.0	-2.9058215366185927	25	0	0	1	0	0.002183406113537118	2	2.0	0.16
MITHRIL.12845	1.0	4.317	0.92525198	0.02898550724637683	6.4	0.9644180874722016	0.002223869532987398	0.9992592592592593	0.2345516574872342	15.0	-6.812712132227111	25	0	0	1	0	0.002183406113537118	2	2.0	0.16
MITHRIL.12846	1.0	4.317	0.92525198	0.02898550724637683	6.4	0.9644180874722016	0.0	0.9992592592592593	0.2345516574872342	15.0	-44.50699332842307	25	0	0	1	0	0.002183406113537118	2	2.0	0.16
MITHRIL.12847	1.0	5.049	0.92718329	0.02898550724637683	2.2	0.2149740548554485	0.017790956263899184	0.9992592592592593	0.9576656590909728	14.0	-3.8127121322271114	26	0	0	1	0	0.018195050946142648	1	1.0	0.449
MITHRIL.12848	1.0	5.049	0.92718329	0.0	0.9000000000000004	0.2149740548554485	0.7561156412157154	0.9992592592592593	0.9576656590909728	14.0	1.5966788039105906	26	0	0	1	0	0.018195050946142648	1	1.0	0.449
MITHRIL.12849	1.0	5.049	0.92718329	0.02898550724637683	2.0	0.2149740548554485	0.01111934766493699	0.9992592592592593	0.9576656590909728	14.0	-4.490784037339749	26	0	0	1	0	0.018195050946142648	1	1.0	0.449
MITHRIL.12850	0.028	-0.759	0.92763595	0.0	0.0	0.49037037037037035	0.47185185185185186	1.0	1.227014220432261	2.0	0.9174749293080329	27	1	0	0	0	0.9592727272727273	0	0.0	1.354
MITHRIL.12851	0.028	-0.759	0.92763595	0.0	0.0	0.49037037037037035	0.022962962962962963	1.0	1.227014220432261	2.0	-3.443478322561392	27	1	0	0	0	0.9592727272727273	0	0.0	1.354
MITHRIL.12852	0.028	-0.759	0.92763595	0.0	0.0	0.49037037037037035	0.014074074074074074	1.0	1.227014220432261	2.0	-4.149747119504682	27	1	0	0	0	0.9592727272727273	0	0.0	1.354
MITHRIL.12853	0.99	2.242	0.92621764	0.02898550724637683	0.9000000000000004	0.5222222222222223	0.016296296296296295	1.0	1.151405865258905	14.0	-3.939312073300896	29	0	0	1	0	0.2850909090909091	0	0.0	0.455
MITHRIL.12854	0.99	2.242	0.92621764	0.02898550724637683	0.7000000000000002	0.5222222222222223	0.45481481481481484	1.0	1.151405865258905	14.0	0.8633511534319862	29	0	0	1	0	0.2850909090909091	0	0.0	0.455
MITHRIL.12855	0.99	2.242	0.92621764	0.02898550724637683	0.9000000000000004	0.5222222222222223	0.006666666666666667	1.0	1.151405865258905	14.0	-5.22881869049588	29	0	0	1	0	0.2850909090909091	0	0.0	0.455
MITHRIL.12856	0.998	1.292	0.92368278	0.02898550724637683	4.1	0.44962962962962966	0.023703703703703703	1.0	1.175675664773551	14.0	-3.3987436919381935	30	0	0	1	0	0.002181818181818182	0	0.0	0.376
MITHRIL.12857	0.998	1.292	0.92368278	0.02898550724637683	4.1	0.44962962962962966	0.5214814814814814	1.0	1.175675664773551	14.0	1.0606879266991038	30	0	0	1	0	0.002181818181818182	0	0.0	0.376
MITHRIL.12858	0.998	1.292	0.92368278	0.02898550724637683	4.1	0.44962962962962966	0.005185185185185185	1.0	1.175675664773551	14.0	-5.591388769880589	30	0	0	1	0	0.002181818181818182	0	0.0	0.376
MITHRIL.12859	1.0	5.87	0.9185829	0.02898550724637683	4.7	0.9266666666666666	0.0	1.0	0.4511371932470014	14.0	-44.50699332842307	31	0	0	1	0	0.0036363636363636364	1	1.0	0.517
MITHRIL.12860	1.0	5.87	0.9185829	0.0	0.0	0.9266666666666666	0.04	1.0	0.4511371932470014	14.0	-2.643856189774725	31	0	0	1	0	0.0036363636363636364	1	1.0	0.517
MITHRIL.12861	1.0	5.87	0.9185829	0.02898550724637683	4.7	0.9266666666666666	0.03333333333333333	1.0	0.4511371932470014	14.0	-2.9068905956085187	31	0	0	1	0	0.0036363636363636364	1	1.0	0.517
MITHRIL.12862	1.0	4.691	0.91191381	0.02898550724637683	6.2	0.8437037037037037	0.008148148148148147	1.0	0.6881891676006917	14.0	-4.939312073300896	32	0	0	1	0	0.0014545454545454545	2	2.0	0.432
MITHRIL.12863	1.0	4.691	0.91191381	0.02898550724637683	3.6	0.8437037037037037	0.0022222222222222222	1.0	0.6881891676006917	14.0	-6.813781191217037	32	0	0	1	0	0.0014545454545454545	2	2.0	0.432
MITHRIL.12864	1.0	4.691	0.91191381	0.0	2.3000000000000003	0.8437037037037037	0.14592592592592593	1.0	0.6881891676006917	14.0	-0.7766918724818169	32	0	0	1	0	0.0014545454545454545	2	2.0	0.432
MITHRIL.12865	1.0	3.799	0.90153298	0.02898550724637683	1.2000000000000002	0.8059259259259259	0.02666666666666667	1.0	0.8990702573422629	13.0	-3.228818690495881	33	0	0	1	0	0.028363636363636365	3	3.0	0.376
MITHRIL.12866	1.0	3.799	0.90153298	0.02898550724637683	1.7000000000000002	0.8059259259259259	0.1511111111111111	1.0	0.8990702573422629	13.0	-0.7263183499666976	33	0	0	1	0	0.028363636363636365	3	3.0	0.376
MITHRIL.12867	1.0	3.799	0.90153298	0.02898550724637683	0.40000000000000036	0.8059259259259259	0.016296296296296295	1.0	0.8990702573422629	13.0	-3.939312073300896	33	0	0	1	0	0.028363636363636365	3	3.0	0.376
MITHRIL.12868	1.0	3.971	0.88934154	0.0	-0.2999999999999998	0.8866666666666667	0.06888888888888889	1.0	0.6594212279387887	14.0	-1.8595848808301618	34	0	0	0	1	1.0	4	4.0	0.546
MITHRIL.12869	1.0	3.971	0.88934154	0.0	0.0	0.8866666666666667	0.03037037037037037	1.0	0.6594212279387887	14.0	-3.0411916873201097	34	0	0	0	1	1.0	4	4.0	0.546
MITHRIL.12870	1.0	3.971	0.88934154	0.0	-1.2999999999999998	0.8866666666666667	0.014074074074074074	1.0	0.6594212279387887	14.0	-4.150816178494607	34	0	0	0	1	1.0	4	4.0	0.546
MITHRIL.12871	1.0	5.914	0.87657674	0.0	0.0	0.9933333333333333	0.0	1.0	0.0577779601701309	24.0	-44.50699332842307	35	0	0	0	1	1.0	4	4.0	0.615
MITHRIL.12872	1.0	5.914	0.87657674	0.0	0.0	0.9933333333333333	0.006666666666666667	1.0	0.0577779601701309	24.0	-5.22881869049588	35	0	0	0	1	1.0	4	4.0	0.615
MITHRIL.12873	1.0	5.914	0.87657674	0.0	0.0	0.9933333333333333	0.0	1.0	0.0577779601701309	24.0	-44.50699332842307	35	0	0	0	1	1.0	4	4.0	0.615
MITHRIL.12874	1.0	7.651	0.86275575	0.0	0.0	1.0	0.0	1.0	-1.601713251907458e-15	27.0	-44.50699332842307	36	0	0	0	1	1.0	3	3.0	0.319
MITHRIL.12875	1.0	7.651	0.86275575	0.0	0.0	1.0	0.0	1.0	-1.601713251907458e-15	27.0	-44.50699332842307	36	0	0	0	1	1.0	3	3.0	0.319
MITHRIL.12876	1.0	7.651	0.86275575	0.0	0.0	1.0	0.0	1.0	-1.601713251907458e-15	27.0	-44.50699332842307	36	0	0	0	1	1.0	3	3.0	0.319
MITHRIL.12877	1.0	8.868	0.84824069	0.0	0.0	1.0	0.0	1.0	-1.601713251907458e-15	27.0	-44.50699332842307	37	0	0	0	1	1.0	2	2.0	0.044
MITHRIL.12878	1.0	8.868	0.84824069	0.0	0.0	1.0	0.0	1.0	-1.601713251907458e-15	27.0	-44.50699332842307	37	0	0	0	1	1.0	2	2.0	0.044
MITHRIL.12879	1.0	8.868	0.84824069	0.0	0.0	1.0	0.0	1.0	-1.601713251907458e-15	27.0	-44.50699332842307	37	0	0	0	1	1.0	2	2.0	0.044
MITHRIL.12880	1.0	5.904	0.83046653	0.0	0.0	1.0	0.0	1.0	-1.601713251907458e-15	27.0	-44.50699332842307	38	0	0	0	1	1.0	1	1.0	0.047
MITHRIL.12881	1.0	5.904	0.83046653	0.0	0.0	1.0	0.0	1.0	-1.601713251907458e-15	27.0	-44.50699332842307	38	0	0	0	1	1.0	1	1.0	0.047
MITHRIL.12882	1.0	5.904	0.83046653	0.0	0.0	1.0	0.0	1.0	-1.601713251907458e-15	27.0	-44.50699332842307	38	0	0	0	1	1.0	1	1.0	0.047
MITHRIL.12883	1.0	3.438	0.81281308	0.0	0.0	0.9496296296296296	0.0	1.0	0.29353818340048765	5.0	-44.50699332842307	39	0	0	0	1	1.0	0	0.0	0.44
MITHRIL.12884	1.0	3.438	0.81281308	0.0	0.0	0.9496296296296296	0.04962962962962963	1.0	0.29353818340048765	5.0	-2.332654501480421	39	0	0	0	1	1.0	0	0.0	0.44
MITHRIL.12885	1.0	3.438	0.81281308	0.0	0.0	0.9496296296296296	0.0007407407407407407	1.0	0.29353818340048765	5.0	-8.398743691938193	39	0	0	0	1	1.0	0	0.0	0.44
MITHRIL.12886	1.0	6.409	0.80131571	0.0	0.0	0.8125925925925926	0.13777777777777778	1.0	0.8684942681908606	14.0	-0.8595848808301618	40	0	0	0	1	1.0	1	1.0	0.403
MITHRIL.12887	1.0	6.409	0.80131571	0.0	0.10000000000000053	0.8125925925925926	0.002962962962962963	1.0	0.8684942681908606	14.0	-6.3987436919381935	40	0	0	0	1	1.0	1	1.0	0.403
MITHRIL.12888	1.0	6.409	0.80131571	0.0	-0.7000000000000002	0.8125925925925926	0.04666666666666667	1.0	0.8684942681908606	14.0	-2.4214637684382767	40	0	0	0	1	1.0	1	1.0	0.403
MITHRIL.12889	1.0	3.287	0.78888285	0.02898550724637683	1.3000000000000003	0.78	0.025925925925925925	1.0	0.994901152709764	13.0	-3.2694606749932267	41	0	0	1	0	0.028363636363636365	2	2.0	0.394
MITHRIL.12890	1.0	3.287	0.78888285	0.0	0.0	0.78	0.16444444444444445	1.0	0.994901152709764	13.0	-0.6043278255880873	41	0	0	1	0	0.028363636363636365	2	2.0	0.394
MITHRIL.12891	1.0	3.287	0.78888285	0.02898550724637683	0.6000000000000005	0.78	0.02962962962962963	1.0	0.994901152709764	13.0	-3.076815597050831	41	0	0	1	0	0.028363636363636365	2	2.0	0.394
MITHRIL.12892	1.0	6.397	0.77548434	0.02898550724637683	6.2	0.8681481481481481	0.12148148148148148	1.0	0.6226679901252883	14.0	-1.0411916873201095	42	0	0	1	0	0.0014545454545454545	3	3.0	0.291
MITHRIL.12893	1.0	6.397	0.77548434	0.02898550724637683	6.2	0.8681481481481481	0.0022222222222222222	1.0	0.6226679901252883	14.0	-6.813781191217037	42	0	0	1	0	0.0014545454545454545	3	3.0	0.291
MITHRIL.12894	1.0	6.397	0.77548434	0.02898550724637683	6.2	0.8681481481481481	0.008148148148148147	1.0	0.6226679901252883	14.0	-4.939312073300896	42	0	0	1	0	0.0014545454545454545	3	3.0	0.291
MITHRIL.12895	1.0	7.635	0.75915867	0.02898550724637683	4.7	0.9259259259259259	0.03185185185185185	1.0	0.4665298611915262	14.0	-2.972478937236095	43	0	0	1	0	0.0036363636363636364	4	2.0	0.389
MITHRIL.12896	1.0	7.635	0.75915867	0.02898550724637683	4.7	0.9259259259259259	0.04	1.0	0.4665298611915262	14.0	-2.643856189774725	43	0	0	1	0	0.0036363636363636364	4	2.0	0.389
MITHRIL.12897	1.0	7.635	0.75915867	0.02898550724637683	4.7	0.9259259259259259	0.0022222222222222222	1.0	0.4665298611915262	14.0	-6.813781191217037	43	0	0	1	0	0.0036363636363636364	4	2.0	0.389
MITHRIL.12898	1.0	1.735	0.74222946	0.02898550724637683	4.1	0.4437037037037037	0.0014814814814814814	1.0	1.1662644793672667	9.0	-7.3987436919381935	44	0	0	1	0	0.002181818181818182	5	1.0	0.697
MITHRIL.12899	1.0	1.735	0.74222946	0.0	-0.09999999999999964	0.4437037037037037	0.5266666666666666	1.0	1.1662644793672667	9.0	1.074962057681222	44	0	0	1	0	0.002181818181818182	5	1.0	0.697
MITHRIL.12900	1.0	1.735	0.74222946	0.02898550724637683	3.9000000000000004	0.4437037037037037	0.028148148148148148	1.0	1.1662644793672667	9.0	-3.150816178494608	44	0	0	1	0	0.002181818181818182	5	1.0	0.697
MITHRIL.12901	1.0	4.243	0.72596415	0.02898550724637683	1.0	0.7614814814814815	0.00962962962962963	1.0	1.0021010719389354	11.0	-4.698303973797101	45	0	0	1	0	0.2850909090909091	6	1.0	0.593
MITHRIL.12902	1.0	4.243	0.72596415	0.0	0.2999999999999998	0.7614814814814815	0.18962962962962962	1.0	1.0021010719389354	11.0	-0.3987436919381933	45	0	0	1	0	0.2850909090909091	6	1.0	0.593
MITHRIL.12903	1.0	4.243	0.72596415	0.02898550724637683	0.9000000000000004	0.7614814814814815	0.03925925925925926	1.0	1.0021010719389354	11.0	-2.6708232373749943	45	0	0	1	0	0.2850909090909091	6	1.0	0.593
MITHRIL.12904	1.0	5.636	0.70716398	0.0	0.20000000000000018	0.821349147516679	0.12008895478131949	0.9992592592592593	0.8966634961073365	8.0	-1.057824630063643	46	1	0	0	0	0.9548762736535662	7	2.0	1.085
MITHRIL.12905	1.0	5.636	0.70716398	0.0	0.0	0.821349147516679	0.02223869532987398	0.9992592592592593	0.8966634961073365	8.0	-3.490784037339749	46	1	0	0	0	0.9548762736535662	7	2.0	1.085
MITHRIL.12906	1.0	5.636	0.70716398	0.0	0.20000000000000018	0.821349147516679	0.0363232023721275	0.9992592592592593	0.8966634961073365	8.0	-2.7829647888330595	46	1	0	0	0	0.9548762736535662	7	2.0	1.085
MITHRIL.12907	0.0	-2.134	0.69068743	0.0	0.0	0.603409933283914	0.1682727946627131	0.9992592592592593	1.4881043782718026	3.0	-0.5711261456573526	47	1	0	0	0	1.0	8	3.0	0.964
MITHRIL.12908	0.0	-2.134	0.69068743	0.0	0.0	0.603409933283914	0.19792438843587842	0.9992592592592593	1.4881043782718026	3.0	-0.33697870126071366	47	1	0	0	0	1.0	8	3.0	0.964
MITHRIL.12909	0.0	-2.134	0.69068743	0.0	0.0	0.603409933283914	0.03039288361749444	0.9992592592592593	1.4881043782718026	3.0	-3.040122628330184	47	1	0	0	0	1.0	8	3.0	0.964
MITHRIL.12910	0.0	-4.372	0.67433158	0.0	0.0	0.4065281899109792	0.2433234421364985	0.9985185185185185	1.7289643518462727	5.0	-0.03905277656377482	48	1	0	0	0	1.0	9	4.0	0.311
MITHRIL.12911	0.0	-4.372	0.67433158	0.0	0.0	0.4065281899109792	0.03857566765578635	0.9985185185185185	1.7289643518462727	5.0	-2.6961650630407665	48	1	0	0	0	1.0	9	4.0	0.311
MITHRIL.12912	0.0	-4.372	0.67433158	0.0	0.0	0.4065281899109792	0.3115727002967359	0.9985185185185185	1.7289643518462727	5.0	0.3176407364842641	48	1	0	0	0	1.0	9	4.0	0.311
MITHRIL.12913	1.0	8.84	0.65839821	0.0	0.0	0.8516320474777448	0.019287833827893175	0.9985185185185185	0.7580465973533252	14.0	-3.6961650630407665	49	1	0	0	0	1.0	10	5.0	1.073
MITHRIL.12914	1.0	8.84	0.65839821	0.0	0.0	0.8516320474777448	0.015578635014836795	0.9985185185185185	0.7580465973533252	14.0	-4.004287358403098	49	1	0	0	0	1.0	10	5.0	1.073
MITHRIL.12915	1.0	8.84	0.65839821	0.0	0.0	0.8516320474777448	0.11350148367952523	0.9985185185185185	0.7580465973533252	14.0	-1.1392169384892066	49	1	0	0	0	1.0	10	5.0	1.073
MITHRIL.12916	1.0	1.634	0.63857203	0.0	-0.20000000000000018	0.8520066889632107	0.043478260869565216	0.8859259259259259	0.8113704319805908	11.0	-2.523561956057013	50	1	0	0	0	1.0	11	6.0	0.914
MITHRIL.12917	1.0	1.634	0.63857203	0.0	-0.09999999999999964	0.8520066889632107	0.10367892976588629	0.8859259259259259	0.8113704319805908	11.0	-1.2698053638112299	50	1	0	0	0	1.0	11	6.0	0.914
MITHRIL.12918	1.0	1.634	0.63857203	0.0	-0.20000000000000018	0.8520066889632107	0.0008361204013377926	0.8859259259259259	0.8113704319805908	11.0	-8.224001674198105	50	1	0	0	0	1.0	11	6.0	0.914
MITHRIL.12919	1.0	3.969	0.61452109	0.02898550724637683	0.7000000000000002	0.4962797619047619	0.003720238095238095	0.9955555555555555	1.0596283449464459	9.0	-6.070389327891398	51	0	0	1	0	0.002191380569758948	12	5.0	0.409
MITHRIL.12920	1.0	3.969	0.61452109	0.0	0.0	0.4962797619047619	0.49702380952380953	0.9955555555555555	1.0596283449464459	9.0	0.991386869695292	51	0	0	1	0	0.002191380569758948	12	5.0	0.409
MITHRIL.12921	1.0	3.969	0.61452109	0.02898550724637683	0.9000000000000004	0.4962797619047619	0.002976190476190476	0.9955555555555555	1.0596283449464459	9.0	-6.392317422778761	51	0	0	1	0	0.002191380569758948	12	5.0	0.409
MITHRIL.12922	1.0	1.54	0.58425373	0.02898550724637683	6.6	0.6220238095238095	0.21800595238095238	0.9955555555555555	1.425275895402672	9.0	-0.1975605683565124	52	0	0	1	0	0.0606281957633309	13	6.0	0.383
MITHRIL.12923	1.0	1.54	0.58425373	0.02898550724637683	6.6	0.6220238095238095	0.023809523809523808	0.9955555555555555	1.425275895402672	9.0	-3.3923174227787602	52	0	0	1	0	0.0606281957633309	13	6.0	0.383
MITHRIL.12924	1.0	1.54	0.58425373	0.02898550724637683	6.6	0.6220238095238095	0.13616071428571427	0.9955555555555555	1.425275895402672	9.0	-0.8766175844947179	52	0	0	1	0	0.0606281957633309	13	6.0	0.383
MITHRIL.12925	1.0	0.997	0.55531414	0.02898550724637683	4.1	0.5022455089820359	0.4820359281437126	0.9896296296296296	1.1084216084559515	2.0	0.9472125856405649	53	0	0	1	0	0.04188096987509184	14	7.0	0.521
MITHRIL.12926	1.0	0.997	0.55531414	0.02898550724637683	4.0	0.5022455089820359	0.0007485029940119761	0.9896296296296296	1.1084216084559515	2.0	-8.383704292474052	53	0	0	1	0	0.04188096987509184	14	7.0	0.521
MITHRIL.12927	1.0	0.997	0.55531414	0.02898550724637683	4.0	0.5022455089820359	0.014970059880239521	0.9896296296296296	1.1084216084559515	2.0	-4.06177619758669	53	0	0	1	0	0.04188096987509184	14	7.0	0.521
MITHRIL.12928	1.0	5.382	0.53316434	0.0	0.20000000000000018	0.1708051166290444	0.006019563581640331	0.9844444444444445	0.9193382041256393	2.0	-5.376125389276175	54	0	0	1	0	0.05760709010339734	15	8.0	0.572
MITHRIL.12929	1.0	5.382	0.53316434	0.02898550724637683	-6.8999999999999995	0.1708051166290444	0.7900677200902935	0.9844444444444445	0.9193382041256393	2.0	1.6600482232773106	54	0	0	1	0	0.05760709010339734	15	8.0	0.572
MITHRIL.12930	1.0	5.382	0.53316434	0.0	0.2999999999999998	0.1708051166290444	0.03310759969902182	0.9844444444444445	0.9193382041256393	2.0	-2.916693770638877	54	0	0	1	0	0.05760709010339734	15	8.0	0.572
MITHRIL.12931	1.0	4.543	0.51228197	0.02898550724637683	-0.5	0.8117469879518072	0.08283132530120482	0.9837037037037037	0.969330331507732	11.0	-1.593679717822265	55	0	0	1	0	0.08721359940872137	16	9.0	0.225
MITHRIL.12932	1.0	4.543	0.51228197	0.02898550724637683	-0.5	0.8117469879518072	0.021837349397590362	0.9837037037037037	0.969330331507732	11.0	-3.5170584362193527	55	0	0	1	0	0.08721359940872137	16	9.0	0.225
MITHRIL.12933	1.0	4.543	0.51228197	0.02898550724637683	-0.5	0.8117469879518072	0.08358433734939759	0.9837037037037037	0.969330331507732	11.0	-1.5806235649968188	55	0	0	1	0	0.08721359940872137	16	9.0	0.225
MITHRIL.12934	0.999	2.496	0.48952864	0.0	-0.7999999999999998	0.0748702742772424	0.06597479614529281	0.9992592592592593	0.8353713179980649	0.0	-1.9219412019818698	56	0	0	0	1	1.0	17	10.0	0.637
MITHRIL.12935	0.999	2.496	0.48952864	0.0	-0.7999999999999998	0.0748702742772424	0.014825796886582653	0.9992592592592593	0.8353713179980649	0.0	-4.075746538060906	56	0	0	0	1	1.0	17	10.0	0.637
MITHRIL.12936	0.999	2.496	0.48952864	0.0	-0.2999999999999998	0.0748702742772424	0.8443291326908822	0.9992592592592593	0.8353713179980649	0.0	1.7558773987598444	56	0	0	0	1	1.0	17	10.0	0.637
MITHRIL.12937	0.66	0.468	0.47175448	0.0	0.0	0.7762762762762763	0.1388888888888889	0.9866666666666667	1.0622254243712361	3.0	-0.8469133953955797	57	0	0	0	1	1.0	18	11.0	1.064
MITHRIL.12938	0.66	0.468	0.47175448	0.0	0.0	0.7762762762762763	0.05555555555555555	0.9866666666666667	1.0622254243712361	3.0	-2.168841490282942	57	0	0	0	1	1.0	18	11.0	1.064
MITHRIL.12939	0.66	0.468	0.47175448	0.0	0.0	0.7762762762762763	0.028528528528528527	0.9866666666666667	1.0622254243712361	3.0	-3.1303673424683063	57	0	0	0	1	1.0	18	11.0	1.064
MITHRIL.12940	0.0	-5.116	0.45675659	0.0	0.0	0.25530243519245877	0.5223880597014925	0.942962962962963	1.572559596141014	2.0	1.0631938264871938	58	0	0	0	1	1.0	19	12.0	1.115
MITHRIL.12941	0.0	-5.116	0.45675659	0.0	0.0	0.25530243519245877	0.19874312647289866	0.942962962962963	1.572559596141014	2.0	-0.33102312920704785	58	0	0	0	1	1.0	19	12.0	1.115
MITHRIL.12942	0.0	-5.116	0.45675659	0.0	0.0	0.25530243519245877	0.02356637863315004	0.942962962962963	1.572559596141014	2.0	-3.4071261082928395	58	0	0	0	1	1.0	19	12.0	1.115
MITHRIL.12943	0.0	0.57	0.44963486	0.0	0.0	0.8460264900662252	0.03559602649006623	0.8948148148148148	0.9113544903011123	5.0	-2.812139984622981	59	0	0	0	1	0.9991896272285251	20	12.0	0.905
MITHRIL.12944	0.0	0.57	0.44963486	0.0	0.0	0.8460264900662252	0.060430463576158944	0.8948148148148148	0.9113544903011123	5.0	-2.0485801804450614	59	0	0	0	1	0.9991896272285251	20	12.0	0.905
MITHRIL.12945	0.0	0.57	0.44963486	0.0	0.0	0.8460264900662252	0.057947019867549666	0.8948148148148148	0.9113544903011123	5.0	-2.1091217223801126	59	0	0	0	1	0.9991896272285251	20	12.0	0.905
MITHRIL.12946	0.848	6.876	0.44459533	0.0	0.0	0.8693771626297578	0.08131487889273356	0.8562962962962963	0.8125118371373241	5.0	-1.6203368308230415	60	0	0	0	1	0.9991539763113367	21	11.0	0.694
MITHRIL.12947	0.848	6.876	0.44459533	0.0	0.0	0.8693771626297578	0.012975778546712802	0.8562962962962963	0.8125118371373241	5.0	-4.26803508689216	60	0	0	0	1	0.9991539763113367	21	11.0	0.694
MITHRIL.12948	0.848	6.876	0.44459533	0.0	0.0	0.8693771626297578	0.03633217993079585	0.8562962962962963	0.8125118371373241	5.0	-2.7826082597219184	60	0	0	0	1	0.9991539763113367	21	11.0	0.694
MITHRIL.12949	0.0	-0.746	0.44257348	0.0	0.0	0.4982142857142857	0.12410714285714286	0.8296296296296296	1.6212803100583975	7.0	-1.0090532482528867	61	0	0	0	1	0.9991273996509599	22	10.0	1.193
MITHRIL.12950	0.0	-0.746	0.44257348	0.0	0.0	0.4982142857142857	0.29732142857142857	0.8296296296296296	1.6212803100583975	7.0	0.2513840460948681	61	0	0	0	1	0.9991273996509599	22	10.0	1.193
MITHRIL.12951	0.0	-0.746	0.44257348	0.0	0.0	0.4982142857142857	0.07946428571428571	0.8296296296296296	1.6212803100583975	7.0	-1.6522608900099962	61	0	0	0	1	0.9991273996509599	22	10.0	1.193
MITHRIL.12952	0.0	-4.406	0.4429356	0.0	-0.39999999999999947	0.2815715622076707	0.11506080449017773	0.7918518518518518	1.3480351613215809	2.0	-1.1195316323812508	62	0	0	0	1	1.0	23	9.0	1.067
MITHRIL.12953	0.0	-4.406	0.4429356	0.0	-0.39999999999999947	0.2815715622076707	0.006548175865294668	0.7918518518518518	1.3480351613215809	2.0	-5.254691215662886	62	0	0	0	1	1.0	23	9.0	1.067
MITHRIL.12954	0.0	-4.406	0.4429356	0.0	0.20000000000000018	0.2815715622076707	0.5968194574368568	0.7918518518518518	1.3480351613215809	2.0	1.2553664760443786	62	0	0	0	1	1.0	23	9.0	1.067
MITHRIL.12955	1.0	4.701	0.4469793	0.02898550724637683	-0.5	0.8244047619047619	0.07217261904761904	0.9955555555555555	0.8997458020787732	10.0	-1.7924045805916327	65	0	0	1	0	0.08619430241051863	24	8.0	0.349
MITHRIL.12956	1.0	4.701	0.4469793	0.02898550724637683	-0.5	0.8244047619047619	0.012648809523809524	0.9955555555555555	0.8997458020787732	10.0	-4.304854581528421	65	0	0	1	0	0.08619430241051863	24	8.0	0.349
MITHRIL.12957	1.0	4.701	0.4469793	0.0	1.4000000000000004	0.8244047619047619	0.09077380952380952	0.9955555555555555	0.8997458020787732	10.0	-1.461580085215874	65	0	0	1	0	0.08619430241051863	24	8.0	0.349
MITHRIL.12958	1.0	5.782	0.45229042	0.0	0.6000000000000005	0.8214285714285714	0.031994047619047616	0.9955555555555555	0.8548852577147028	10.0	-2.9660526680766623	66	0	0	1	0	0.05697589481373265	25	7.0	0.438
MITHRIL.12959	1.0	5.782	0.45229042	0.0	-0.39999999999999947	0.8214285714285714	0.010416666666666666	0.9955555555555555	0.8548852577147028	10.0	-4.584962500721156	66	0	0	1	0	0.05697589481373265	25	7.0	0.438
MITHRIL.12960	1.0	5.782	0.45229042	0.02898550724637683	-4.8	0.8214285714285714	0.13616071428571427	0.9955555555555555	0.8548852577147028	10.0	-0.8766175844947179	66	0	0	1	0	0.05697589481373265	25	7.0	0.438
MITHRIL.12961	0.996	0.402	0.45784296	0.02898550724637683	2.3000000000000003	0.5254491017964071	0.02245508982035928	0.9896296296296296	1.162699705149957	5.0	-3.4768136968655337	67	0	0	1	0	0.04188096987509184	26	6.0	0.509
MITHRIL.12962	0.996	0.402	0.45784296	0.02898550724637683	2.6	0.5254491017964071	0.0037425149700598802	0.9896296296296296	1.162699705149957	5.0	-6.06177619758669	67	0	0	1	0	0.04188096987509184	26	6.0	0.509
MITHRIL.12963	0.996	0.402	0.45784296	0.0	2.7	0.5254491017964071	0.44835329341317365	0.9896296296296296	1.162699705149957	5.0	0.8427079003147334	67	0	0	1	0	0.04188096987509184	26	6.0	0.509
MITHRIL.12964	1.0	1.458	0.46375762	0.02898550724637683	6.6	0.6794582392776524	0.12039127163280662	0.9844444444444445	1.307817063313219	9.0	-1.054197294388812	68	0	0	1	0	0.061299852289512555	27	5.0	0.654
MITHRIL.12965	1.0	1.458	0.46375762	0.02898550724637683	4.0	0.6794582392776524	0.020316027088036117	0.9844444444444445	1.307817063313219	9.0	-3.6212378871127058	68	0	0	1	0	0.061299852289512555	27	5.0	0.654
MITHRIL.12966	1.0	1.458	0.46375762	0.0	2.7	0.6794582392776524	0.17983446200150488	0.9844444444444445	1.307817063313219	9.0	-0.47525858129542603	68	0	0	1	0	0.061299852289512555	27	5.0	0.654
MITHRIL.12967	1.0	2.964	0.47069829	0.02898550724637683	0.7999999999999998	0.5256024096385542	0.0015060240963855422	0.9837037037037037	1.0195894079226933	11.0	-7.3750394313469245	69	0	0	1	0	0.0022172949002217295	28	4.0	0.26
MITHRIL.12968	1.0	2.964	0.47069829	0.02898550724637683	1.1000000000000005	0.5256024096385542	0.47289156626506024	0.9837037037037037	1.0195894079226933	11.0	0.9195813175447023	69	0	0	1	0	0.0022172949002217295	28	4.0	0.26
MITHRIL.12969	1.0	2.964	0.47069829	0.02898550724637683	0.9000000000000004	0.5256024096385542	0.0	0.9837037037037037	1.0195894079226933	11.0	-44.50699332842307	69	0	0	1	0	0.0022172949002217295	28	4.0	0.26
MITHRIL.12970	1.0	3.778	0.47483252	0.02898550724637683	0.7999999999999998	0.2777777777777778	0.024444444444444446	1.0	1.0459639453689769	10.0	-3.353280513589814	70	0	1	0	0	0.016	29	3.0	0.358
MITHRIL.12971	1.0	3.778	0.47483252	0.02898550724637683	1.3000000000000003	0.2777777777777778	0.6925925925925925	1.0	1.0459639453689769	10.0	1.4711479218267314	70	0	1	0	0	0.016	29	3.0	0.358
MITHRIL.12972	1.0	3.778	0.47483252	0.02898550724637683	0.7000000000000002	0.2777777777777778	0.0044444444444444444	1.0	1.0459639453689769	10.0	-5.812712132227111	70	0	1	0	0	0.016	29	3.0	0.358
MITHRIL.12973	0.991	0.503	0.47908745	0.02898550724637683	4.3	0.6703703703703704	0.037037037037037035	1.0	1.3732728831205532	5.0	-2.7548875021634687	71	0	1	0	0	0.08072727272727273	30	4.0	0.677
MITHRIL.12974	0.991	0.503	0.47908745	0.0	0.0	0.6703703703703704	0.1562962962962963	1.0	1.3732728831205532	5.0	-0.6776445032310081	71	0	1	0	0	0.08072727272727273	30	4.0	0.677
MITHRIL.12975	0.991	0.503	0.47908745	0.02898550724637683	3.9000000000000004	0.6703703703703704	0.1362962962962963	1.0	1.3732728831205532	5.0	-0.8751817358811803	71	0	1	0	0	0.08072727272727273	30	4.0	0.677
MITHRIL.12976	0.997	0.949	0.48204478	0.02898550724637683	3.9000000000000004	0.5088888888888888	0.20962962962962964	1.0	1.749943942101561	14.0	-0.25408544910631087	72	0	1	0	0	0.088	31	5.0	0.369
MITHRIL.12977	0.997	0.949	0.48204478	0.02898550724637683	3.9000000000000004	0.5088888888888888	0.10296296296296296	1.0	1.749943942101561	14.0	-1.2798026192146859	72	0	1	0	0	0.088	31	5.0	0.369
MITHRIL.12978	0.997	0.949	0.48204478	0.02898550724637683	3.9000000000000004	0.5088888888888888	0.17851851851851852	1.0	1.749943942101561	14.0	-0.4858543557082316	72	0	1	0	0	0.088	31	5.0	0.369
MITHRIL.12979	1.0	1.22	0.48467017	0.02898550724637683	3.7	0.6022222222222222	0.03481481481481481	1.0	1.2325871627649192	10.0	-2.844154840260556	73	0	1	0	0	0.11272727272727273	32	6.0	0.288
MITHRIL.12980	1.0	1.22	0.48467017	0.02898550724637683	3.7	0.6022222222222222	0.3474074074074074	1.0	1.2325871627649192	10.0	0.4747004205771832	73	0	1	0	0	0.11272727272727273	32	6.0	0.288
MITHRIL.12981	1.0	1.22	0.48467017	0.02898550724637683	3.7	0.6022222222222222	0.015555555555555555	1.0	1.2325871627649192	10.0	-4.006426269159433	73	0	1	0	0	0.11272727272727273	32	6.0	0.288
MITHRIL.12982	1.0	5.903	0.48919669	0.02898550724637683	4.5	0.7807407407407407	0.15925925925925927	1.0	1.002045096680345	11.0	-0.6505508423487328	74	0	1	0	0	0.01818181818181818	33	7.0	0.358
MITHRIL.12983	1.0	5.903	0.48919669	0.02898550724637683	4.5	0.7807407407407407	0.037037037037037035	1.0	1.002045096680345	11.0	-2.7548875021634687	74	0	1	0	0	0.01818181818181818	33	7.0	0.358
MITHRIL.12984	1.0	5.903	0.48919669	0.02898550724637683	4.5	0.7807407407407407	0.022962962962962963	1.0	1.002045096680345	11.0	-3.444547381551318	74	0	1	0	0	0.01818181818181818	33	7.0	0.358
MITHRIL.12985	1.0	4.266	0.49327057	0.02898550724637683	6.4	0.815418828762046	0.014825796886582653	0.9992592592592593	0.8269310667892888	15.0	-4.075746538060906	75	0	1	0	0	0.0	34	8.0	0.168
MITHRIL.12986	1.0	4.266	0.49327057	0.02898550724637683	3.8000000000000003	0.815418828762046	0.011860637509266123	0.9992592592592593	0.8269310667892888	15.0	-4.397674632948267	75	0	1	0	0	0.0	34	8.0	0.168
MITHRIL.12987	1.0	4.266	0.49327057	0.0	2.6	0.815418828762046	0.15789473684210525	0.9992592592592593	0.8269310667892888	15.0	-0.6629650127224294	75	0	1	0	0	0.0	34	8.0	0.168
MITHRIL.12988	1.0	4.266	0.49327057	0.0	0.20000000000000107	0.35007496251874065	0.027736131934032984	0.9866863905325444	1.1251312456885618	14.0	-3.1720895855556352	77	0	1	0	0	0.9992657856093979	18	10.0	0.779
MITHRIL.12989	1.0	4.266	0.49327057	0.0	0.3000000000000007	0.35007496251874065	0.0022488755622188904	0.9866863905325444	1.1251312456885618	14.0	-6.796580450463429	77	0	1	0	0	0.9992657856093979	18	10.0	0.779
MITHRIL.12990	1.0	4.266	0.49327057	0.0	0.0	0.35007496251874065	0.6199400299850075	0.9866863905325444	1.1251312456885618	14.0	1.3102005679866897	77	0	1	0	0	0.9992657856093979	18	10.0	0.779
MITHRIL.12991	1.0	5.766	0.49855151	0.02898550724637683	0.7999999999999998	0.42920681986656783	0.006671608598962194	0.9992592592592593	1.1292133935479463	14.0	-5.227749631505955	76	0	1	0	0	0.005094614264919942	35	9.0	0.267
MITHRIL.12992	1.0	5.766	0.49855151	0.02898550724637683	1.3000000000000003	0.42920681986656783	0.5507783543365455	0.9992592592592593	1.1292133935479463	14.0	1.1395437675903286	76	0	1	0	0	0.005094614264919942	35	9.0	0.267
MITHRIL.12993	1.0	5.766	0.49855151	0.02898550724637683	0.9000000000000004	0.42920681986656783	0.013343217197924388	0.9992592592592593	1.1292133935479463	14.0	-4.227749631505955	76	0	1	0	0	0.005094614264919942	35	9.0	0.267
MITHRIL.12994	1.0	5.766	0.49855151	0.02777777777777779	1.5999999999999996	0.9896065330363771	0.0066815144766146995	0.996301775147929	0.09814425696825273	14.0	-5.225609134019991	76	0	1	0	0	0.004366812227074236	17	9.0	0.267
MITHRIL.12995	1.0	5.766	0.49855151	0.0	0.3000000000000007	0.9896065330363771	0.003711952487008166	0.996301775147929	0.09814425696825273	14.0	-6.073606040574941	76	0	1	0	0	0.004366812227074236	17	9.0	0.267
MITHRIL.12996	1.0	5.766	0.49855151	0.02777777777777779	1.5999999999999996	0.9896065330363771	0.0	0.996301775147929	0.09814425696825273	14.0	-44.50699332842307	76	0	1	0	0	0.004366812227074236	17	9.0	0.267
MITHRIL.12997	1.0	5.587	0.50500935	0.0	0.6000000000000005	0.3610698365527489	0.021545319465081723	0.997037037037037	1.1650250671897502	9.0	-3.536481699482745	77	0	1	0	0	0.9992706053975201	36	10.0	0.779
MITHRIL.12998	1.0	5.587	0.50500935	0.0	0.0	0.3610698365527489	0.01188707280832095	0.997037037037037	1.1650250671897502	9.0	-4.394462694610318	77	0	1	0	0	0.9992706053975201	36	10.0	0.779
MITHRIL.12999	1.0	5.587	0.50500935	0.0	0.6000000000000005	0.3610698365527489	0.6054977711738484	0.997037037037037	1.1650250671897502	9.0	1.2761935545081227	77	0	1	0	0	0.9992706053975201	36	10.0	0.779
MITHRIL.13000	1.0	5.587	0.50500935	0.02777777777777779	4.6	0.9562638991845812	0.0029651593773165306	0.9977810650887574	0.3145026132320494	9.0	-6.397674632948267	75	0	1	0	0	0.0029069767441860465	16	8.0	0.168
MITHRIL.13001	1.0	5.587	0.50500935	0.02777777777777779	4.6	0.9562638991845812	0.02742772424017791	0.9977810650887574	0.3145026132320494	9.0	-3.1882212673193178	75	0	1	0	0	0.0029069767441860465	16	8.0	0.168
MITHRIL.13002	1.0	5.587	0.50500935	0.02777777777777779	4.6	0.9562638991845812	0.013343217197924388	0.9977810650887574	0.3145026132320494	9.0	-4.227749631505955	75	0	1	0	0	0.0029069767441860465	16	8.0	0.168
MITHRIL.13003	0.997	3.845	0.51167844	0.0	2.700000000000001	0.7555555555555555	0.07407407407407407	0.9985207100591716	1.1673745928306931	5.0	-1.7548875021634687	74	0	1	0	0	0.002904865649963689	15	7.0	0.358
MITHRIL.13004	0.997	3.845	0.51167844	0.02777777777777779	4.0	0.7555555555555555	0.04962962962962963	0.9985207100591716	1.1673745928306931	5.0	-2.332654501480421	74	0	1	0	0	0.002904865649963689	15	7.0	0.358
MITHRIL.13005	0.997	3.845	0.51167844	0.02777777777777779	6.6	0.7555555555555555	0.12074074074074075	0.9985207100591716	1.1673745928306931	5.0	-1.0500155377071156	74	0	1	0	0	0.002904865649963689	15	7.0	0.358
MITHRIL.13006	0.108	0.344	0.51674814	0.0	2.9000000000000004	0.11908284023668639	0.8542899408284024	1.0	0.7178856174064343	4.0	1.7727977000212356	73	0	1	0	0	0.025380710659898477	14	6.0	0.288
MITHRIL.13007	0.108	0.344	0.51674814	0.02777777777777779	4.300000000000001	0.11908284023668639	0.005177514792899409	1.0	0.7178856174064343	4.0	-5.59352451422458	73	0	1	0	0	0.025380710659898477	14	6.0	0.288
MITHRIL.13008	0.108	0.344	0.51674814	0.02777777777777779	6.9	0.11908284023668639	0.021449704142011833	1.0	0.7178856174064343	4.0	-3.5428984411546125	73	0	1	0	0	0.025380710659898477	14	6.0	0.288
MITHRIL.13009	0.096	1.511	0.51958477	0.02777777777777779	5.300000000000001	0.8084319526627219	0.03328402366863906	1.0	0.9827366223161426	8.0	-2.9090263399525096	72	0	1	0	0	0.05003625815808557	13	5.0	0.369
MITHRIL.13010	0.096	1.511	0.51958477	0.02777777777777779	5.0	0.8084319526627219	0.058431952662721894	1.0	0.9827366223161426	8.0	-2.0970986881050813	72	0	1	0	0	0.05003625815808557	13	5.0	0.369
MITHRIL.13011	0.096	1.511	0.51958477	0.02777777777777779	5.700000000000001	0.8084319526627219	0.09985207100591716	1.0	0.9827366223161426	8.0	-1.3240638392313535	72	0	1	0	0	0.05003625815808557	13	5.0	0.369
MITHRIL.13012	0.0	-1.801	0.51822681	0.02777777777777779	1.0999999999999996	0.125	0.6257396449704142	1.0	1.493643744361796	3.0	1.3236344168377654	71	0	1	0	0	0.043509789702683106	12	4.0	0.677
MITHRIL.13013	0.0	-1.801	0.51822681	0.02777777777777779	1.0999999999999996	0.125	0.058431952662721894	1.0	1.493643744361796	3.0	-2.0970986881050813	71	0	1	0	0	0.043509789702683106	12	4.0	0.677
MITHRIL.13014	0.0	-1.801	0.51822681	0.0	-0.29999999999999893	0.125	0.1908284023668639	1.0	1.493643744361796	3.0	-0.38965218085893016	71	0	1	0	0	0.043509789702683106	12	4.0	0.677
MITHRIL.13015	0.0	-1.814	0.52489589	0.02777777777777779	0.20000000000000107	0.22189349112426035	0.34171597633136097	1.0	1.7517679579386785	4.0	0.4508696051338733	70	0	1	0	0	0.09064539521392313	11	5.0	0.358
MITHRIL.13016	0.0	-1.814	0.52489589	0.0	-0.40000000000000036	0.22189349112426035	0.04807692307692308	1.0	1.7517679579386785	4.0	-2.3785116232537296	70	0	1	0	0	0.09064539521392313	11	5.0	0.358
MITHRIL.13017	0.0	-1.814	0.52489589	0.02777777777777779	-2.4999999999999982	0.22189349112426035	0.38831360946745563	1.0	1.7517679579386785	4.0	0.6352941762713007	70	0	1	0	0	0.09064539521392313	11	5.0	0.358
MITHRIL.13018	0.0	-0.226	0.53443177	0.02777777777777779	1.4000000000000004	0.7711293941660434	0.01944652206432311	0.988905325443787	1.0321217925985424	5.0	-3.6843440319522607	69	0	0	1	0	0.10997067448680352	10	6.0	0.26
MITHRIL.13019	0.0	-0.226	0.53443177	0.02777777777777779	1.5999999999999996	0.7711293941660434	0.16529543754674644	0.988905325443787	1.0321217925985424	5.0	-0.5968811907019212	69	0	0	1	0	0.10997067448680352	10	6.0	0.26
MITHRIL.13020	0.0	-0.226	0.53443177	0.02777777777777779	1.4000000000000004	0.7711293941660434	0.044128646222887064	0.988905325443787	1.0321217925985424	5.0	-2.5021407007315113	69	0	0	1	0	0.10997067448680352	10	6.0	0.26
MITHRIL.13021	0.003	-0.017	0.54384694	0.02777777777777779	4.0	0.31264023934181	0.5100972326103216	0.988905325443787	1.6270134836463377	5.0	1.0288441789308196	68	0	0	1	0	0.2602639296187683	9	5.0	0.654
MITHRIL.13022	0.003	-0.017	0.54384694	0.0	0.40000000000000036	0.31264023934181	0.11368735976065819	0.988905325443787	1.6270134836463377	5.0	-1.1368562366497672	68	0	0	1	0	0.2602639296187683	9	5.0	0.654
MITHRIL.13023	0.003	-0.017	0.54384694	0.02777777777777779	4.4	0.31264023934181	0.06357516828721017	0.988905325443787	1.6270134836463377	5.0	-1.975392813955651	68	0	0	1	0	0.2602639296187683	9	5.0	0.654
MITHRIL.13024	0.986	2.538	0.5517231	0.0	2.0999999999999996	0.43315907393577296	0.42270351008215085	0.9903846153846154	1.5464730776905367	2.0	0.7577179975075717	67	0	0	1	0	0.013909224011713031	8	4.0	0.509
MITHRIL.13025	0.986	2.538	0.5517231	0.02777777777777779	2.9000000000000004	0.43315907393577296	0.02539208364451083	0.9903846153846154	1.5464730776905367	2.0	-3.299477404073971	67	0	0	1	0	0.013909224011713031	8	4.0	0.509
MITHRIL.13026	0.986	2.538	0.5517231	0.02777777777777779	5.5	0.43315907393577296	0.11874533233756535	0.9903846153846154	1.5464730776905367	2.0	-1.0740572900399552	67	0	0	1	0	0.013909224011713031	8	4.0	0.509
MITHRIL.13027	1.0	7.685	0.56225481	0.02777777777777779	1.4000000000000004	0.14787154592979837	0.004480955937266617	0.9903846153846154	0.7376145277287405	3.0	-5.801977744603154	66	0	0	1	0	0.013909224011713031	7	3.0	0.438
MITHRIL.13028	1.0	7.685	0.56225481	0.0	-2.9999999999999982	0.14787154592979837	0.8364451082897685	0.9903846153846154	0.7376145277287405	3.0	1.7423427716206559	66	0	0	1	0	0.013909224011713031	7	3.0	0.438
MITHRIL.13029	1.0	7.685	0.56225481	0.02777777777777779	4.1	0.14787154592979837	0.011202389843166542	0.9903846153846154	0.7376145277287405	3.0	-4.4800496497157924	66	0	0	1	0	0.013909224011713031	7	3.0	0.438
MITHRIL.13030	1.0	6.181	0.57272618	0.0	2.200000000000001	0.9574309185959672	0.028379387602688575	0.9903846153846154	0.31667260914614914	15.0	-3.139012731880725	65	0	0	1	0	0.14494875549048317	6	2.0	0.349
MITHRIL.13031	1.0	6.181	0.57272618	0.02777777777777779	3.0	0.9574309185959672	0.004480955937266617	0.9903846153846154	0.31667260914614914	15.0	-5.801977744603154	65	0	0	1	0	0.14494875549048317	6	2.0	0.349
MITHRIL.13032	1.0	6.181	0.57272618	0.02777777777777779	3.0999999999999996	0.9574309185959672	0.009708737864077669	0.9903846153846154	0.31667260914614914	15.0	-4.6865005271832185	65	0	0	1	0	0.14494875549048317	6	2.0	0.349
MITHRIL.13033	0.036	0.567	0.58189993	0.0	0.5	0.7669990933816863	0.038077969174977334	0.8158284023668639	1.0914119667146913	5.0	-2.714899652812622	62	0	0	0	1	1.0	5	3.0	1.067
MITHRIL.13034	0.036	0.567	0.58189993	0.0	0.5999999999999996	0.7669990933816863	0.1686310063463282	0.8158284023668639	1.0914119667146913	5.0	-0.5680582644833513	62	0	0	0	1	1.0	5	3.0	1.067
MITHRIL.13035	0.036	0.567	0.58189993	0.0	0.5	0.7669990933816863	0.02629193109700816	0.8158284023668639	1.0914119667146913	5.0	-3.2492360804638105	62	0	0	0	1	1.0	5	3.0	1.067
MITHRIL.13036	0.0	-1.816	0.5932766	0.0	0.0	0.4828113063407181	0.2559205500381971	0.9681952662721893	1.7647709823198845	2.0	0.034870459847052136	61	0	0	0	1	0.9992509363295881	4	4.0	1.193
MITHRIL.13037	0.0	-1.816	0.5932766	0.0	0.0	0.4828113063407181	0.13521772345301758	0.9681952662721893	1.7647709823198845	2.0	-0.8855412754150852	61	0	0	0	1	0.9992509363295881	4	4.0	1.193
MITHRIL.13038	0.0	-1.816	0.5932766	0.0	0.0	0.4828113063407181	0.1252864782276547	0.9681952662721893	1.7647709823198845	2.0	-0.995594820879999	61	0	0	0	1	0.9992509363295881	4	4.0	1.193
MITHRIL.13039	0.156	3.292	0.60407991	0.0	0.0	0.8946969696969697	0.035606060606060606	0.9763313609467456	0.6234523873611744	14.0	-2.8117333625681784	60	0	0	0	1	0.9992570579494799	3	3.0	0.694
MITHRIL.13040	0.156	3.292	0.60407991	0.0	0.0	0.8946969696969697	0.0659090909090909	0.9763313609467456	0.6234523873611744	14.0	-1.9233787183970876	60	0	0	0	1	0.9992570579494799	3	3.0	0.694
MITHRIL.13041	0.156	3.292	0.60407991	0.0	0.0	0.8946969696969697	0.003787878787878788	0.9763313609467456	0.6234523873611744	14.0	-6.044394119358453	60	0	0	0	1	0.9992570579494799	3	3.0	0.694
MITHRIL.13042	0.0	-1.419	0.60730883	0.0	0.0	0.4296463506395786	0.01655379984951091	0.9829881656804734	1.1314139511842773	2.0	-3.916693770638877	59	0	0	0	1	0.9992619926199262	2	2.0	0.905
MITHRIL.13043	0.0	-1.419	0.60730883	0.0	0.0	0.4296463506395786	0.003762227238525207	0.9829881656804734	1.1314139511842773	2.0	-6.054197294388812	59	0	0	0	1	0.9992619926199262	2	2.0	0.905
MITHRIL.13044	0.0	-1.419	0.60730883	0.0	0.0	0.4296463506395786	0.5500376222723853	0.9829881656804734	1.1314139511842773	2.0	1.137602206676263	59	0	0	0	1	0.9992619926199262	2	2.0	0.905
MITHRIL.13045	1.0	4.653	0.6100851	0.0	0.0	0.714178544636159	0.10802700675168792	0.9859467455621301	1.3133596682835142	13.0	-1.2105360636466609	58	0	0	0	1	0.9992647058823529	1	1.0	1.115
MITHRIL.13046	1.0	4.653	0.6100851	0.0	0.0	0.714178544636159	0.10202550637659415	0.9859467455621301	1.3133596682835142	13.0	-1.2929982238386337	58	0	0	0	1	0.9992647058823529	1	1.0	1.115
MITHRIL.13047	1.0	4.653	0.6100851	0.0	0.0	0.714178544636159	0.07576894223555888	0.9859467455621301	1.3133596682835142	13.0	-1.7222495823371786	58	0	0	0	1	0.9992647058823529	1	1.0	1.115
MITHRIL.13048	1.0	8.868	0.61053775	0.0	0.0	0.805701425356339	0.04126031507876969	0.9859467455621301	0.923274356248934	14.0	-2.5991013515643138	57	0	0	0	1	0.9992647058823529	0	0.0	1.064
MITHRIL.13049	1.0	8.868	0.61053775	0.0	0.0	0.805701425356339	0.14103525881470366	0.9859467455621301	0.923274356248934	14.0	-0.8258722134113359	57	0	0	0	1	0.9992647058823529	0	0.0	1.064
MITHRIL.13050	1.0	8.868	0.61053775	0.0	0.0	0.805701425356339	0.012003000750187547	0.9859467455621301	0.923274356248934	14.0	-4.380461065088973	57	0	0	0	1	0.9992647058823529	0	0.0	1.064
MITHRIL.13051	1.0	8.868	0.61023598	0.0	0.09999999999999964	0.9526276831976314	0.018504811250925242	0.9992603550295858	0.3473685753075033	14.0	-3.7559557695509596	56	0	0	0	1	0.9985486211901307	0	0.0	0.637
MITHRIL.13052	1.0	8.868	0.61023598	0.0	1.0999999999999996	0.9526276831976314	0.008882309400444115	0.9992603550295858	0.3473685753075033	14.0	-4.814849458604528	56	0	0	0	1	0.9985486211901307	0	0.0	0.637
MITHRIL.13053	1.0	8.868	0.61023598	0.0	0.09999999999999964	0.9526276831976314	0.01998519615099926	0.9992603550295858	0.3473685753075033	14.0	-3.644924457162216	56	0	0	0	1	0.9985486211901307	0	0.0	0.637
MITHRIL.13054	1.0	7.529	0.60489468	0.02777777777777779	3.8000000000000007	0.8264771877337322	0.14884068810770382	0.988905325443787	0.7921840948818629	14.0	-0.748159129549704	55	0	0	1	0	0.14442815249266863	1	1.0	0.225
MITHRIL.13055	1.0	7.529	0.60489468	0.02777777777777779	3.9000000000000004	0.8264771877337322	0.004487658937920718	0.988905325443787	0.7921840948818629	14.0	-5.799821249372196	55	0	0	1	0	0.14442815249266863	1	1.0	0.225
MITHRIL.13056	1.0	7.529	0.60489468	0.02777777777777779	3.5999999999999996	0.8264771877337322	0.02019446522064323	0.988905325443787	0.7921840948818629	14.0	-3.629896247929884	55	0	0	1	0	0.14442815249266863	1	1.0	0.225
MITHRIL.13057	0.999	3.862	0.59931197	0.02777777777777779	3.5	0.8414360508601346	0.01795063575168287	0.988905325443787	0.7515829655385001	2.0	-3.799821249372197	54	0	0	1	0	0.013929618768328446	2	2.0	0.572
MITHRIL.13058	0.999	3.862	0.59931197	0.02777777777777779	3.5999999999999996	0.8414360508601346	0.005235602094240838	0.988905325443787	0.7515829655385001	2.0	-5.577428828035749	54	0	0	1	0	0.013929618768328446	2	2.0	0.572
MITHRIL.13059	0.999	3.862	0.59931197	0.0	-0.9000000000000004	0.8414360508601346	0.13537771129394166	0.988905325443787	0.7515829655385001	2.0	-0.8849378630101474	54	0	0	1	0	0.013929618768328446	2	2.0	0.572
MITHRIL.13060	0.329	0.701	0.59321625	0.02777777777777779	5.5	0.46004480955937266	0.13144137415982077	0.9903846153846154	1.529601711123283	5.0	-0.9275086266870132	53	0	0	1	0	0.013177159590043924	3	3.0	0.521
MITHRIL.13061	0.329	0.701	0.59321625	0.02777777777777779	5.5	0.46004480955937266	0.01717699775952203	0.9903846153846154	1.529601711123283	5.0	-3.8633782892672976	53	0	0	1	0	0.013177159590043924	3	3.0	0.521
MITHRIL.13062	0.329	0.701	0.59321625	0.02777777777777779	5.5	0.46004480955937266	0.39133681852128455	0.9903846153846154	1.529601711123283	5.0	0.6464827562131398	53	0	0	1	0	0.013177159590043924	3	3.0	0.521
MITHRIL.13063	0.026	0.691	0.58262418	0.02777777777777779	4.4	0.5982076176250933	0.17027632561613143	0.9903846153846154	1.5787288449012449	5.0	-0.554050231159569	52	0	0	1	0	0.25988286969253294	4	4.0	0.383
MITHRIL.13064	0.026	0.691	0.58262418	0.02777777777777779	4.4	0.5982076176250933	0.07766990291262135	0.9903846153846154	1.5787288449012449	5.0	-1.6865005271832185	52	0	0	1	0	0.25988286969253294	4	4.0	0.383
MITHRIL.13065	0.026	0.691	0.58262418	0.02777777777777779	4.4	0.5982076176250933	0.15384615384615385	0.9903846153846154	1.5787288449012449	5.0	-0.7004397181410921	52	0	0	1	0	0.25988286969253294	4	4.0	0.383
MITHRIL.13066	0.0	-0.185	0.57221317	0.02777777777777779	1.4000000000000004	0.4958924570575056	0.1463778939507095	0.9903846153846154	1.5164743549448398	3.0	-0.7722304012091022	51	0	0	1	0	0.11127379209370425	5	5.0	0.409
MITHRIL.13067	0.0	-0.185	0.57221317	0.0	-0.29999999999999893	0.4958924570575056	0.3450336071695295	0.9903846153846154	1.5164743549448398	3.0	0.4648087960917471	51	0	0	1	0	0.11127379209370425	5	5.0	0.409
MITHRIL.13068	0.0	-0.185	0.57221317	0.02777777777777779	1.4000000000000004	0.4958924570575056	0.012696041822255415	0.9903846153846154	1.5164743549448398	3.0	-4.299477404073971	51	0	0	1	0	0.11127379209370425	5	5.0	0.409
MITHRIL.13069	0.0	-0.564	0.56768664	0.0	0.3000000000000007	0.3919222139117427	0.31039640987284967	0.988905325443787	1.82673297822656	5.0	0.31218377614093434	49	1	0	0	0	1.0	6	6.0	0.914
MITHRIL.13070	0.0	-0.564	0.56768664	0.0	0.3000000000000007	0.3919222139117427	0.08526551982049364	0.988905325443787	1.82673297822656	5.0	-1.5518937359286111	49	1	0	0	0	1.0	6	6.0	0.914
MITHRIL.13071	0.0	-0.564	0.56768664	0.0	0.09999999999999964	0.3919222139117427	0.21241585639491398	0.988905325443787	1.82673297822656	5.0	-0.2350366305886708	49	1	0	0	0	1.0	6	6.0	0.914
MITHRIL.13072	0.003	1.975	0.56092703	0.0	0.0	0.9454817027632562	0.01568334578043316	0.9903846153846154	0.37194673890419144	9.0	-3.99462282254555	48	1	0	0	0	1.0	6	6.0	0.311
MITHRIL.13073	0.003	1.975	0.56092703	0.0	0.0	0.9454817027632562	0.0014936519790888724	0.9903846153846154	0.37194673890419144	9.0	-7.38694024532431	48	1	0	0	0	1.0	6	6.0	0.311
MITHRIL.13074	0.003	1.975	0.56092703	0.0	0.0	0.9454817027632562	0.037341299477221805	0.9903846153846154	0.37194673890419144	9.0	-2.743084055549586	48	1	0	0	0	1.0	6	6.0	0.311
MITHRIL.13075	0.0	-2.625	0.55130062	0.0	0.0	0.4085138162808066	0.0888722927557879	0.9903846153846154	1.393256852128065	7.0	-1.4921224820163672	47	1	0	0	0	1.0	5	5.0	0.964
MITHRIL.13076	0.0	-2.625	0.55130062	0.0	0.0	0.4085138162808066	0.0074682598954443615	0.9903846153846154	1.393256852128065	7.0	-5.0650121504369485	47	1	0	0	0	1.0	5	5.0	0.964
MITHRIL.13077	0.0	-2.625	0.55130062	0.0	0.0	0.4085138162808066	0.49514563106796117	0.9903846153846154	1.393256852128065	7.0	0.9859248147882772	47	1	0	0	0	1.0	5	5.0	0.964
MITHRIL.13078	0.0	-1.481	0.54236828	0.0	0.40000000000000036	0.39955190440627336	0.20089619118745333	0.9903846153846154	1.9158474338821032	9.0	-0.31547788276768635	46	1	0	0	0	0.5614934114202049	4	4.0	1.085
MITHRIL.13079	0.0	-1.481	0.54236828	0.0	-0.1999999999999993	0.39955190440627336	0.21583271097834206	0.9903846153846154	1.9158474338821032	9.0	-0.21201456282363165	46	1	0	0	0	0.5614934114202049	4	4.0	1.085
MITHRIL.13080	0.0	-1.481	0.54236828	0.0	0.40000000000000036	0.39955190440627336	0.1837191934279313	0.9903846153846154	1.9158474338821032	9.0	-0.44442573998507057	46	1	0	0	0	0.5614934114202049	4	4.0	1.085
MITHRIL.13081	0.0	-0.034	0.52893959	0.0	1.9000000000000004	0.19674556213017752	0.6427514792899408	1.0	1.4283055453099904	6.0	1.3623329305322158	45	0	0	1	0	0.04568527918781726	3	3.0	0.593
MITHRIL.13082	0.0	-0.034	0.52893959	0.02777777777777779	3.0999999999999996	0.19674556213017752	0.04215976331360947	1.0	1.4283055453099904	6.0	-2.5679894221174426	45	0	0	1	0	0.04568527918781726	3	3.0	0.593
MITHRIL.13083	0.0	-0.034	0.52893959	0.02777777777777779	3.200000000000001	0.19674556213017752	0.11834319526627218	1.0	1.4283055453099904	6.0	-1.078951341394822	45	0	0	1	0	0.04568527918781726	3	3.0	0.593
MITHRIL.13084	1.0	7.067	0.51481683	0.02777777777777779	4.4	0.8084319526627219	0.0073964497041420114	1.0	0.922511247521231	9.0	-5.078951341394822	44	0	0	1	0	0.013778100072516316	2	2.0	0.697
MITHRIL.13085	1.0	7.067	0.51481683	0.02777777777777779	4.800000000000001	0.8084319526627219	0.11908284023668639	1.0	0.922511247521231	9.0	-1.0699625581675674	44	0	0	1	0	0.013778100072516316	2	2.0	0.697
MITHRIL.13086	1.0	7.067	0.51481683	0.02777777777777779	5.4	0.8084319526627219	0.0650887573964497	1.0	0.922511247521231	9.0	-1.941447817644887	44	0	0	1	0	0.013778100072516316	2	2.0	0.697
MITHRIL.13087	1.0	6.462	0.49716338	0.0	2.5999999999999996	0.7884615384615384	0.19674556213017752	1.0	0.8217648902745283	13.0	-0.3455970007809947	43	0	0	1	0	0.002175489485134155	1	1.0	0.389
MITHRIL.13088	1.0	6.462	0.49716338	0.02777777777777779	3.8000000000000007	0.7884615384615384	0.0	1.0	0.8217648902745283	13.0	-44.50699332842307	43	0	0	1	0	0.002175489485134155	1	1.0	0.389
MITHRIL.13089	1.0	6.462	0.49716338	0.02777777777777779	6.4	0.7884615384615384	0.014792899408284023	1.0	0.8217648902745283	13.0	-4.078951341394822	43	0	0	1	0	0.002175489485134155	1	1.0	0.389
MITHRIL.13090	0.998	3.337	0.4824069	0.02777777777777779	4.5	0.8609467455621301	0.011094674556213017	1.0	0.6753127855057609	5.0	-4.493988840673666	42	0	0	1	0	0.0014503263234227702	0	0.0	0.291
MITHRIL.13091	0.998	3.337	0.4824069	0.02777777777777779	4.5	0.8609467455621301	0.12130177514792899	1.0	0.6753127855057609	5.0	-1.0433274316641006	42	0	0	1	0	0.0014503263234227702	0	0.0	0.291
MITHRIL.13092	0.998	3.337	0.4824069	0.02777777777777779	4.5	0.8609467455621301	0.006656804733727811	1.0	0.6753127855057609	5.0	-5.230954434839872	42	0	0	1	0	0.0014503263234227702	0	0.0	0.291
MITHRIL.13093	0.62	1.009	0.46864627	0.02777777777777779	1.0999999999999996	0.29142011834319526	0.04659763313609468	1.0	1.4277773901313962	9.0	-2.4235995127822676	41	0	0	1	0	0.08194343727338652	0	0.0	0.394
MITHRIL.13094	0.62	1.009	0.46864627	0.02777777777777779	0.9000000000000004	0.29142011834319526	0.5961538461538461	1.0	1.4277773901313962	9.0	1.253756592245783	41	0	0	1	0	0.08194343727338652	0	0.0	0.394
MITHRIL.13095	0.62	1.009	0.46864627	0.02777777777777779	1.0999999999999996	0.29142011834319526	0.06582840236686391	1.0	1.4277773901313962	9.0	-1.9251460053157865	41	0	0	1	0	0.08194343727338652	0	0.0	0.394
MITHRIL.13096	0.01	-0.938	0.45138512	0.0	-1.0999999999999996	0.1760355029585799	0.724112426035503	1.0	1.1535110595109594	4.0	1.5342856133215108	40	0	0	0	1	0.9992748368382887	1	1.0	0.403
MITHRIL.13097	0.01	-0.938	0.45138512	0.0	0.0	0.1760355029585799	0.09097633136094675	1.0	1.1535110595109594	4.0	-1.4583649309429443	40	0	0	0	1	0.9992748368382887	1	1.0	0.403
MITHRIL.13098	0.01	-0.938	0.45138512	0.0	-0.1999999999999993	0.1760355029585799	0.008875739644970414	1.0	1.1535110595109594	4.0	-4.815916935561028	40	0	0	0	1	0.9992748368382887	1	1.0	0.403
MITHRIL.13099	0.988	2.094	0.436689	0.0	0.0	0.1227810650887574	0.0	1.0	0.5459222706094352	5.0	-44.50699332842307	39	0	0	0	1	1.0	0	0.0	0.44
MITHRIL.13100	0.988	2.094	0.436689	0.0	0.0	0.1227810650887574	0.0007396449704142012	1.0	0.5459222706094352	5.0	-8.400879436282183	39	0	0	0	1	1.0	0	0.0	0.44
MITHRIL.13101	0.988	2.094	0.436689	0.0	0.0	0.1227810650887574	0.8764792899408284	1.0	0.5459222706094352	5.0	1.809791907503437	39	0	0	0	1	1.0	0	0.0	0.44
MITHRIL.13102	1.0	5.811	0.42214376	0.0	0.0	1.0	0.0	1.0	-1.601713251907458e-15	27.0	-44.50699332842307	38	0	0	0	1	1.0	1	1.0	0.047
MITHRIL.13103	1.0	5.811	0.42214376	0.0	0.0	1.0	0.0	1.0	-1.601713251907458e-15	27.0	-44.50699332842307	38	0	0	0	1	1.0	1	1.0	0.047
MITHRIL.13104	1.0	5.811	0.42214376	0.0	0.0	1.0	0.0	1.0	-1.601713251907458e-15	27.0	-44.50699332842307	38	0	0	0	1	1.0	1	1.0	0.047
MITHRIL.13105	1.0	8.868	0.40397731	0.0	0.0	1.0	0.0	1.0	-1.601713251907458e-15	27.0	-44.50699332842307	37	0	0	0	1	1.0	1	1.0	0.044
MITHRIL.13106	1.0	8.868	0.40397731	0.0	0.0	1.0	0.0	1.0	-1.601713251907458e-15	27.0	-44.50699332842307	37	0	0	0	1	1.0	1	1.0	0.044
MITHRIL.13107	1.0	8.868	0.40397731	0.0	0.0	1.0	0.0	1.0	-1.601713251907458e-15	27.0	-44.50699332842307	37	0	0	0	1	1.0	1	1.0	0.044
MITHRIL.13108	1.0	7.035	0.38086185	0.0	0.0	1.0	0.0	1.0	-1.601713251907458e-15	27.0	-44.50699332842307	36	0	0	0	1	1.0	0	0.0	0.319
MITHRIL.13109	1.0	7.035	0.38086185	0.0	0.0	1.0	0.0	1.0	-1.601713251907458e-15	27.0	-44.50699332842307	36	0	0	0	1	1.0	0	0.0	0.319
MITHRIL.13110	1.0	7.035	0.38086185	0.0	0.0	1.0	0.0	1.0	-1.601713251907458e-15	27.0	-44.50699332842307	36	0	0	0	1	1.0	0	0.0	0.319
MITHRIL.13111	1.0	8.868	0.36133744	0.0	0.0	0.9977810650887574	0.0	1.0	0.02275963794684384	18.0	-44.50699332842307	35	0	0	0	1	0.9992748368382887	0	0.0	0.615
MITHRIL.13112	1.0	8.868	0.36133744	0.0	0.0	0.9977810650887574	0.0022189349112426036	1.0	0.02275963794684384	18.0	-6.815916935561028	35	0	0	0	1	0.9992748368382887	0	0.0	0.615
MITHRIL.13113	1.0	8.868	0.36133744	0.0	0.0	0.9977810650887574	0.0	1.0	0.02275963794684384	18.0	-44.50699332842307	35	0	0	0	1	0.9992748368382887	0	0.0	0.615
MITHRIL.13114	0.639	1.469	0.34235621	0.0	-1.0999999999999996	0.9238165680473372	0.013313609467455622	1.0	0.492468644486618	5.0	-4.230954434839872	34	0	0	0	1	0.9985496736765772	1	1.0	0.546
MITHRIL.13115	0.639	1.469	0.34235621	0.0	0.0	0.9238165680473372	0.04585798816568047	1.0	0.492468644486618	5.0	-2.446683125895309	34	0	0	0	1	0.9985496736765772	1	1.0	0.546
MITHRIL.13116	0.639	1.469	0.34235621	0.0	-0.1999999999999993	0.9238165680473372	0.017011834319526627	1.0	0.492468644486618	5.0	-3.8773174802251713	34	0	0	0	1	0.9985496736765772	1	1.0	0.546
MITHRIL.13117	0.072	-0.547	0.32512523	0.02777777777777779	0.20000000000000107	0.17899408284023668	0.16715976331360946	1.0	1.378404057071181	4.0	-0.5807004738669966	33	0	0	1	0	0.08121827411167512	2	1.0	0.376
MITHRIL.13118	0.072	-0.547	0.32512523	0.0	0.3000000000000007	0.17899408284023668	0.6390532544378699	1.0	1.378404057071181	4.0	1.3540080658812843	33	0	0	1	0	0.08121827411167512	2	1.0	0.376
MITHRIL.13119	0.072	-0.547	0.32512523	0.02777777777777779	1.200000000000001	0.17899408284023668	0.014792899408284023	1.0	1.378404057071181	4.0	-4.078951341394822	33	0	0	1	0	0.08121827411167512	2	1.0	0.376
MITHRIL.13120	0.821	1.182	0.31033858	0.02777777777777779	4.5	0.8084319526627219	0.006656804733727811	1.0	0.8098871435048937	5.0	-5.230954434839872	32	0	0	1	0	0.0014503263234227702	3	1.0	0.432
MITHRIL.13121	0.821	1.182	0.31033858	0.0	0.5	0.8084319526627219	0.17307692307692307	1.0	0.8098871435048937	5.0	-0.5305147166987798	32	0	0	1	0	0.0014503263234227702	3	1.0	0.432
MITHRIL.13122	0.821	1.182	0.31033858	0.02777777777777779	4.5	0.8084319526627219	0.011834319526627219	1.0	0.8098871435048937	5.0	-4.400879436282184	32	0	0	1	0	0.0014503263234227702	3	1.0	0.432
MITHRIL.13123	0.98	3.748	0.2979359	0.02777777777777779	6.4	0.7988165680473372	0.016272189349112426	1.0	0.8127811955204404	13.0	-3.941447817644887	31	0	0	1	0	0.002175489485134155	4	2.0	0.517
MITHRIL.13124	0.98	3.748	0.2979359	0.02777777777777779	6.4	0.7988165680473372	0.0007396449704142012	1.0	0.8127811955204404	13.0	-8.400879436282183	31	0	0	1	0	0.002175489485134155	4	2.0	0.517
MITHRIL.13125	0.98	3.748	0.2979359	0.02777777777777779	6.4	0.7988165680473372	0.1841715976331361	1.0	0.8127811955204404	13.0	-0.44087750421410343	31	0	0	1	0	0.002175489485134155	4	2.0	0.517
MITHRIL.13126	0.968	2.069	0.28601605	0.02777777777777779	4.4	0.727810650887574	0.07840236686390532	1.0	1.114780728966407	8.0	-1.6729589817189852	30	0	0	1	0	0.014503263234227702	5	3.0	0.376
MITHRIL.13127	0.968	2.069	0.28601605	0.0	0.9000000000000004	0.727810650887574	0.1886094674556213	1.0	1.114780728966407	8.0	-0.40652599942332646	30	0	0	1	0	0.014503263234227702	5	3.0	0.376
MITHRIL.13128	0.968	2.069	0.28601605	0.02777777777777779	4.5	0.727810650887574	0.005177514792899409	1.0	1.114780728966407	8.0	-5.59352451422458	30	0	0	1	0	0.014503263234227702	5	3.0	0.376
MITHRIL.13129	0.0	-2.151	0.2760577	0.02777777777777779	3.8000000000000007	0.2655325443786982	0.15606508875739644	1.0	1.522239585087724	7.0	-0.6797802475749992	29	0	0	1	0	0.046410442349528645	6	4.0	0.455
MITHRIL.13130	0.0	-2.151	0.2760577	0.02777777777777779	3.700000000000001	0.2655325443786982	0.022928994082840236	1.0	1.522239585087724	7.0	-3.446683125895309	29	0	0	1	0	0.046410442349528645	6	4.0	0.455
MITHRIL.13131	0.0	-2.151	0.2760577	0.02777777777777779	3.5999999999999996	0.2655325443786982	0.5554733727810651	1.0	1.522239585087724	7.0	1.1517896612320875	29	0	0	1	0	0.046410442349528645	6	4.0	0.455
MITHRIL.13132	0.0	-0.254	0.26866437	0.0	0.5	0.35014836795252224	0.27522255192878337	0.9970414201183432	1.9278289588046276	8.0	0.13867059543894472	27	1	0	0	0	0.5650909090909091	6	3.0	1.354
MITHRIL.13133	0.0	-0.254	0.26866437	0.0	0.5	0.35014836795252224	0.1387240356083086	0.9970414201183432	1.9278289588046276	8.0	-0.849710321294222	27	1	0	0	0	0.5650909090909091	6	3.0	1.354
MITHRIL.13134	0.0	-0.254	0.26866437	0.0	0.09999999999999964	0.35014836795252224	0.23590504451038577	0.9970414201183432	1.9278289588046276	8.0	-0.08372182589750303	27	1	0	0	0	0.5650909090909091	6	3.0	1.354
MITHRIL.13135	0.997	2.509	0.26102963	0.0	2.0999999999999996	0.8334566987416728	0.16062176165803108	0.9992603550295858	0.6904053434319745	14.0	-0.6382607268812053	26	0	0	1	0	0.010159651669085631	5	2.0	0.449
MITHRIL.13136	0.997	2.509	0.26102963	0.02777777777777779	3.5	0.8334566987416728	0.0051813471502590676	0.9992603550295858	0.6904053434319745	14.0	-5.592457037268081	26	0	0	1	0	0.010159651669085631	5	2.0	0.449
MITHRIL.13137	0.997	2.509	0.26102963	0.02777777777777779	3.5	0.8334566987416728	0.0007401924500370096	0.9992603550295858	0.6904053434319745	14.0	-8.399811959325685	26	0	0	1	0	0.010159651669085631	5	2.0	0.449
MITHRIL.13138	1.0	5.919	0.25230853	0.02777777777777779	4.200000000000001	0.9578090303478904	0.0014803849000740192	0.9992603550295858	0.28671575533289173	10.0	-7.399811959325684	25	0	0	1	0	0.001451378809869376	4	3.0	0.16
MITHRIL.13139	1.0	5.919	0.25230853	0.0	0.40000000000000036	0.9578090303478904	0.03478904515173945	0.9992603550295858	0.28671575533289173	10.0	-2.845223107648047	25	0	0	1	0	0.001451378809869376	4	3.0	0.16
MITHRIL.13140	1.0	5.919	0.25230853	0.02777777777777779	4.9	0.9578090303478904	0.005921539600296077	0.9992603550295858	0.28671575533289173	10.0	-5.399811959325684	25	0	0	1	0	0.001451378809869376	4	3.0	0.16
MITHRIL.13141	1.0	3.669	0.24382884	0.0	4.9	0.7816432272390822	0.17764618800888232	0.9992603550295858	0.946187692954452	9.0	-0.4929213637171659	24	0	0	1	0	0.00362844702467344	3	3.0	0.343
MITHRIL.13142	1.0	3.669	0.24382884	0.02777777777777779	3.9000000000000004	0.7816432272390822	0.013323464100666173	0.9992603550295858	0.946187692954452	9.0	-4.229886957883372	24	0	0	1	0	0.00362844702467344	3	3.0	0.343
MITHRIL.13143	1.0	3.669	0.24382884	0.02777777777777779	6.5	0.7816432272390822	0.027387120651369355	0.9992603550295858	0.946187692954452	9.0	-3.1903585936967347	24	0	0	1	0	0.00362844702467344	3	3.0	0.343
MITHRIL.13144	1.0	2.444	0.23565091	0.02777777777777779	3.0	0.9430051813471503	0.013323464100666173	0.9992603550295858	0.3838421422181916	9.0	-4.229886957883372	23	0	0	1	0	0.023947750362844702	2	2.0	0.269
MITHRIL.13145	1.0	2.444	0.23565091	0.02777777777777779	3.5999999999999996	0.9430051813471503	0.0051813471502590676	0.9992603550295858	0.3838421422181916	9.0	-5.592457037268081	23	0	0	1	0	0.023947750362844702	2	2.0	0.269
MITHRIL.13146	1.0	2.444	0.23565091	0.0	-0.09999999999999964	0.9430051813471503	0.0384900074019245	0.9992603550295858	0.3838421422181916	9.0	-2.699372241184592	23	0	0	1	0	0.023947750362844702	2	2.0	0.269
MITHRIL.13147	1.0	3.864	0.22880077	0.0	0.8000000000000007	0.17763157894736842	0.40131578947368424	0.22485207100591717	0.8396694717768522	5.0	0.6828098241193009	20	0	0	0	1	0.996742671009772	1	1.0	1.998
MITHRIL.13148	1.0	3.864	0.22880077	0.0	0.8000000000000007	0.17763157894736842	0.013157894736842105	0.22485207100591717	0.8396694717768522	5.0	-4.247927513443585	20	0	0	0	1	0.996742671009772	1	1.0	1.998
MITHRIL.13149	1.0	3.864	0.22880077	0.0	0.20000000000000107	0.17763157894736842	0.40789473684210525	0.22485207100591717	0.8396694717768522	5.0	0.7062687969432897	20	0	0	0	1	0.996742671009772	1	1.0	1.998
MITHRIL.13150	0.867	-0.044	0.22400266	0.0	0.0	0.09834558823529412	0.18106617647058823	0.8047337278106509	1.1652768189370049	7.0	-0.46541102179396315	19	0	0	0	1	0.9991015274034142	0	0.0	1.966
MITHRIL.13151	0.867	-0.044	0.22400266	0.0	0.0	0.09834558823529412	0.001838235294117647	0.8047337278106509	1.1652768189370049	7.0	-7.087462841250339	19	0	0	0	1	0.9991015274034142	0	0.0	1.966
MITHRIL.13152	0.867	-0.044	0.22400266	0.0	0.0	0.09834558823529412	0.71875	0.8047337278106509	1.1652768189370049	7.0	1.5235619560570128	19	0	0	0	1	0.9991015274034142	0	0.0	1.966
MITHRIL.13153	1.0	3.733	0.22294647	0.0	0.0	0.34673815907059874	0.07953529937444147	0.8276627218934911	1.3116320121905296	8.0	-1.6509710418767924	18	0	0	0	1	0.9991273996509599	1	1.0	1.567
MITHRIL.13154	1.0	3.733	0.22294647	0.0	0.0	0.34673815907059874	0.0035746201966041107	0.8276627218934911	1.3116320121905296	8.0	-6.1267044728431905	18	0	0	0	1	0.9991273996509599	1	1.0	1.567
MITHRIL.13155	1.0	3.733	0.22294647	0.0	0.0	0.34673815907059874	0.5692582663092046	0.8276627218934911	1.3116320121905296	8.0	1.1884450894131102	18	0	0	0	1	0.9991273996509599	1	1.0	1.567
MITHRIL.13156	1.0	5.462	0.22192045	0.0	0.0	0.7546439628482973	0.16950464396284828	0.9556213017751479	1.0846888206116465	7.0	-0.5606032950927516	17	0	0	0	1	0.9992418498862775	2	2.0	0.654
MITHRIL.13157	1.0	5.462	0.22192045	0.0	0.0	0.7546439628482973	0.011609907120743035	0.9556213017751479	1.0846888206116465	7.0	-4.4284997590854065	17	0	0	0	1	0.9992418498862775	2	2.0	0.654
MITHRIL.13158	1.0	5.462	0.22192045	0.0	0.0	0.7546439628482973	0.06424148606811146	0.9556213017751479	1.0846888206116465	7.0	-1.960350923347	17	0	0	0	1	0.9992418498862775	2	2.0	0.654
MITHRIL.13159	0.0	-3.624	0.21974772	0.0	0.0	0.1555221637866266	0.1585274229902329	0.9844674556213018	1.274014654924493	3.0	-0.6571956672047067	16	0	0	0	1	1.0	3	3.0	1.069
MITHRIL.13160	0.0	-3.624	0.21974772	0.0	0.0	0.1555221637866266	0.6784372652141247	0.9844674556213018	1.274014654924493	3.0	1.4402873215689664	16	0	0	0	1	1.0	3	3.0	1.069
MITHRIL.13161	0.0	-3.624	0.21974772	0.0	0.0	0.1555221637866266	0.007513148009015778	0.9844674556213018	1.274014654924493	3.0	-5.056366761024529	16	0	0	0	1	1.0	3	3.0	1.069
MITHRIL.13162	0.0	-2.293	0.21929507	0.0	0.0	0.5595854922279793	0.17246484085862324	0.9992603550295858	1.5936629720679858	2.0	-0.5356258146714044	15	0	0	0	1	1.0	4	4.0	1.028
MITHRIL.13163	0.0	-2.293	0.21929507	0.0	0.0	0.5595854922279793	0.046632124352331605	0.9992603550295858	1.5936629720679858	2.0	-2.422532035825768	15	0	0	0	1	1.0	4	4.0	1.028
MITHRIL.13164	0.0	-2.293	0.21929507	0.0	0.0	0.5595854922279793	0.22131754256106587	0.9992603550295858	1.5936629720679858	2.0	-0.17581028512757957	15	0	0	0	1	1.0	4	4.0	1.028
MITHRIL.13165	0.0	-1.766	0.22258434	0.0	0.0	0.3493708364174685	0.16654330125832717	0.9992603550295858	1.5806384114076624	5.0	-0.5860307681086474	14	0	0	0	1	1.0	5	5.0	0.615
MITHRIL.13166	0.0	-1.766	0.22258434	0.0	0.0	0.3493708364174685	0.4655810510732791	0.9992603550295858	1.5806384114076624	5.0	0.8971042475536047	14	0	0	0	1	1.0	5	5.0	0.615
MITHRIL.13167	0.0	-1.766	0.22258434	0.0	0.0	0.3493708364174685	0.018504811250925242	0.9992603550295858	1.5806384114076624	5.0	-3.7559557695509596	14	0	0	0	1	1.0	5	5.0	0.615
MITHRIL.13168	0.998	2.582	0.22674875	0.0	0.9000000000000004	0.028106508875739646	0.03550295857988166	1.0	0.41328671618877066	5.0	-2.8159169355610283	13	0	0	0	1	1.0	5	4.0	0.585
MITHRIL.13169	0.998	2.582	0.22674875	0.0	0.9000000000000004	0.028106508875739646	0.0007396449704142012	1.0	0.41328671618877066	5.0	-8.400879436282183	13	0	0	0	1	1.0	5	4.0	0.585
MITHRIL.13170	0.998	2.582	0.22674875	0.0	0.5	0.028106508875739646	0.9356508875739645	1.0	0.41328671618877066	5.0	1.9040422332994882	13	0	0	0	1	1.0	5	4.0	0.585
MITHRIL.13171	1.0	5.821	0.23483614	0.02777777777777779	2.4000000000000004	0.9637305699481865	0.003700962250185048	0.9992603550295858	0.2653108707908327	4.0	-6.077883864438323	12	0	0	1	0	0.022496371552975326	4	3.0	0.391
MITHRIL.13172	1.0	5.821	0.23483614	0.0	-2.200000000000001	0.9637305699481865	0.005921539600296077	0.9992603550295858	0.2653108707908327	4.0	-5.399811959325684	12	0	0	1	0	0.022496371552975326	4	3.0	0.391
MITHRIL.13173	1.0	5.821	0.23483614	0.02777777777777779	3.3000000000000007	0.9637305699481865	0.026646928201332347	0.9992603550295858	0.2653108707908327	4.0	-3.229886957883372	12	0	0	1	0	0.022496371552975326	4	3.0	0.391
MITHRIL.13174	1.0	3.722	0.24557909	0.02777777777777779	6.5	0.7831236121391562	0.028127313101406367	0.9992603550295858	0.9364294911313279	9.0	-3.151884445882099	11	0	0	1	0	0.002902757619738752	3	3.0	0.179
MITHRIL.13175	1.0	3.722	0.24557909	0.02777777777777779	6.5	0.7831236121391562	0.011102886750555145	0.9992603550295858	0.9364294911313279	9.0	-4.492921363717166	11	0	0	1	0	0.002902757619738752	3	3.0	0.179
MITHRIL.13176	1.0	3.722	0.24557909	0.02777777777777779	6.5	0.7831236121391562	0.17764618800888232	0.9992603550295858	0.9364294911313279	9.0	-0.4929213637171659	11	0	0	1	0	0.002902757619738752	3	3.0	0.179
MITHRIL.13177	1.0	8.868	0.25644275	0.02777777777777779	4.800000000000001	0.9748334566987417	0.006661732050333087	0.9992603550295858	0.19592936415614293	14.0	-5.229886957883372	10	0	0	1	0	0.000725689404934688	2	2.0	0.048
MITHRIL.13178	1.0	8.868	0.25644275	0.02777777777777779	3.9000000000000004	0.9748334566987417	0.01776461880088823	0.9992603550295858	0.19592936415614293	14.0	-3.8148494586045283	10	0	0	1	0	0.000725689404934688	2	2.0	0.048
MITHRIL.13179	1.0	8.868	0.25644275	0.02777777777777779	5.200000000000001	0.9748334566987417	0.0007401924500370096	0.9992603550295858	0.19592936415614293	14.0	-8.399811959325685	10	0	0	1	0	0.000725689404934688	2	2.0	0.048
MITHRIL.13180	0.998	3.787	0.26866437	0.02777777777777779	3.5999999999999996	0.9000740192450037	0.008882309400444115	0.9992603550295858	0.5382738645455503	14.0	-4.814849458604528	9	0	0	1	0	0.009433962264150943	1	1.0	0.231
MITHRIL.13181	0.998	3.787	0.26866437	0.02777777777777779	3.5999999999999996	0.9000740192450037	0.0044411547002220575	0.9992603550295858	0.5382738645455503	14.0	-5.814849458604528	9	0	0	1	0	0.009433962264150943	1	1.0	0.231
MITHRIL.13182	0.998	3.787	0.26866437	0.02777777777777779	3.700000000000001	0.9000740192450037	0.08660251665433012	0.9992603550295858	0.5382738645455503	14.0	-1.52944723974228	9	0	0	1	0	0.009433962264150943	1	1.0	0.231
MITHRIL.13183	0.021	-0.073	0.27883397	0.0	0.09999999999999964	0.6488888888888888	0.01037037037037037	0.9985207100591716	1.0418150604039638	5.0	-4.591388769880589	8	1	0	0	0	1.0	0	0.0	0.26
MITHRIL.13184	0.021	-0.073	0.27883397	0.0	0.09999999999999964	0.6488888888888888	0.005185185185185185	0.9985207100591716	1.0418150604039638	5.0	-5.591388769880589	8	1	0	0	0	1.0	0	0.0	0.26
MITHRIL.13185	0.021	-0.073	0.27883397	0.0	0.20000000000000107	0.6488888888888888	0.33555555555555555	0.9985207100591716	1.0418150604039638	5.0	0.4246235481080418	8	1	0	0	0	1.0	0	0.0	0.26
MITHRIL.13186	0.026	1.805	0.29552176	0.0	0.0	0.03550295857988166	0.9053254437869822	1.0	0.5744075341923542	5.0	1.8565084064104673	7	1	0	0	0	1.0	1	1.0	0.287
MITHRIL.13187	0.026	1.805	0.29552176	0.0	0.0	0.03550295857988166	0.0073964497041420114	1.0	0.5744075341923542	5.0	-5.078951341394822	7	1	0	0	0	1.0	1	1.0	0.287
MITHRIL.13188	0.026	1.805	0.29552176	0.0	0.0	0.03550295857988166	0.051775147928994084	1.0	0.5744075341923542	5.0	-2.271596419337218	7	1	0	0	0	1.0	1	1.0	0.287
MITHRIL.13189	0.0	-2.585	0.31441246	0.02777777777777779	-0.9000000000000004	0.5618479880774963	0.18032786885245902	0.992603550295858	1.5046946639948373	3.0	-0.471305718925589	6	0	1	0	0	0.09197080291970802	2	2.0	0.501
MITHRIL.13190	0.0	-2.585	0.31441246	0.0	-0.1999999999999993	0.5618479880774963	0.01639344262295082	0.992603550295858	1.5046946639948373	3.0	-3.9307373375628862	6	0	1	0	0	0.09197080291970802	2	2.0	0.501
MITHRIL.13191	0.0	-2.585	0.31441246	0.0	-0.5	0.5618479880774963	0.2414307004470939	0.992603550295858	1.5046946639948373	3.0	-0.05031895331555882	6	0	1	0	0	0.09197080291970802	2	2.0	0.501
MITHRIL.13192	0.0	-0.036	0.33906693	0.02777777777777779	1.0999999999999996	0.32320237212750186	0.09562638991845812	0.9977810650887574	1.4748360970121046	4.0	-1.3853775257586043	5	0	1	0	0	0.0436046511627907	3	3.0	0.506
MITHRIL.13193	0.0	-0.036	0.33906693	0.0	-2.200000000000001	0.32320237212750186	0.029651593773165306	0.9977810650887574	1.4748360970121046	4.0	-3.074676686294496	5	0	1	0	0	0.0436046511627907	3	3.0	0.506
MITHRIL.13194	0.0	-0.036	0.33906693	0.02777777777777779	1.0999999999999996	0.32320237212750186	0.5507783543365455	0.9977810650887574	1.4748360970121046	4.0	1.1406136193567378	5	0	1	0	0	0.0436046511627907	3	3.0	0.506
MITHRIL.13195	0.0	0.463	0.37111473	0.02777777777777779	5.300000000000001	0.7613046701260193	0.13936249073387694	0.9977810650887574	1.107429638183222	5.0	-0.8430857812706303	4	0	1	0	0	0.0501453488372093	4	4.0	0.468
MITHRIL.13196	0.0	0.463	0.37111473	0.0	3.5999999999999996	0.7613046701260193	0.0748702742772424	0.9977810650887574	1.107429638183222	5.0	-1.739463150196473	4	0	1	0	0	0.0501453488372093	4	4.0	0.468
MITHRIL.13197	0.0	0.463	0.37111473	0.02777777777777779	5.0	0.7613046701260193	0.02446256486286138	0.9977810650887574	1.107429638183222	5.0	-3.353280513589814	4	0	1	0	0	0.0501453488372093	4	4.0	0.468
MITHRIL.13198	0.0	-1.597	0.4051542	0.02777777777777779	6.9	0.38490007401924503	0.04071058475203553	0.9992603550295858	1.2153565288431218	4.0	-2.618452245801025	3	0	1	0	0	0.02467343976777939	5	5.0	0.437
MITHRIL.13199	0.0	-1.597	0.4051542	0.02777777777777779	6.9	0.38490007401924503	0.0044411547002220575	0.9992603550295858	1.2153565288431218	4.0	-5.814849458604528	3	0	1	0	0	0.02467343976777939	5	5.0	0.437
MITHRIL.13200	0.0	-1.597	0.4051542	0.02777777777777779	6.9	0.38490007401924503	0.5699481865284974	0.9992603550295858	1.2153565288431218	4.0	1.1889026762565793	3	0	1	0	0	0.02467343976777939	5	5.0	0.437
MITHRIL.13201	1.0	5.816	0.43614581	0.02777777777777779	6.6	0.7662721893491125	0.1346153846153846	1.0	1.1087348478490537	14.0	-0.8930847960834881	2	0	1	0	0	0.002175489485134155	6	6.0	0.293
MITHRIL.13202	1.0	5.816	0.43614581	0.02777777777777779	6.6	0.7662721893491125	0.03698224852071006	1.0	1.1087348478490537	14.0	-2.7570232465074596	2	0	1	0	0	0.002175489485134155	6	6.0	0.293
MITHRIL.13203	1.0	5.816	0.43614581	0.02777777777777779	6.6	0.7662721893491125	0.0621301775147929	1.0	1.1087348478490537	14.0	-2.008562013503424	2	0	1	0	0	0.002175489485134155	6	6.0	0.293
MITHRIL.13204	1.0	5.714	0.46710725	0.02777777777777779	4.6	0.9482248520710059	0.014053254437869823	1.0	0.34973803757105937	9.0	-4.152951922838599	1	0	1	0	0	0.0029006526468455403	7	7.0	0.358
MITHRIL.13205	1.0	5.714	0.46710725	0.0	0.3000000000000007	0.9482248520710059	0.03550295857988166	1.0	0.34973803757105937	9.0	-2.8159169355610283	1	0	1	0	0	0.0029006526468455403	7	7.0	0.358
MITHRIL.13206	1.0	5.714	0.46710725	0.02777777777777779	4.6	0.9482248520710059	0.0022189349112426036	1.0	0.34973803757105937	9.0	-6.815916935561028	1	0	1	0	0	0.0029006526468455403	7	7.0	0.358
MITHRIL.13207	0.952	3.281	0.50030177	0.02777777777777779	1.0	0.9911242603550295	0.0	1.0	0.07324429399583943	14.0	-44.50699332842307	0	0	1	0	0	0.0014503263234227702	8	8.0	0.47
MITHRIL.13208	0.952	3.281	0.50030177	0.02777777777777779	1.3000000000000007	0.9911242603550295	0.0	1.0	0.07324429399583943	14.0	-44.50699332842307	0	0	1	0	0	0.0014503263234227702	8	8.0	0.47
MITHRIL.13209	0.952	3.281	0.50030177	0.02777777777777779	1.0999999999999996	0.9911242603550295	0.008875739644970414	1.0	0.07324429399583943	14.0	-4.815916935561028	0	0	1	0	0	0.0014503263234227702	8	8.0	0.47
MITHRIL.13213	0.999	5.819	0.57335989	0.02941176470588236	0.9000000000000004	0.844062947067239	0.005007153075822604	1.0	0.7813782841058808	14.0	-5.641793723317832	0	0	1	0	0	0.06475800954328562	23	10.0	0.47
MITHRIL.13214	0.999	5.819	0.57335989	0.0	0.0	0.844062947067239	0.11158798283261803	1.0	0.7813782841058808	14.0	-1.163746426513188	0	0	1	0	0	0.06475800954328562	23	10.0	0.47
MITHRIL.13215	0.999	5.819	0.57335989	0.02941176470588236	1.0999999999999996	0.844062947067239	0.03934191702432046	1.0	0.7813782841058808	14.0	-2.667788931850777	0	0	1	0	0	0.06475800954328562	23	10.0	0.47
MITHRIL.13216	1.0	6.387	0.621673	0.02941176470588236	6.199999999999999	0.7875536480686696	0.17882689556509299	1.0	0.898520100287047	14.0	-0.48336436071334943	1	0	1	0	0	0.012951601908657124	22	9.0	0.358
MITHRIL.13217	1.0	6.387	0.621673	0.02941176470588236	6.199999999999999	0.7875536480686696	0.004291845493562232	1.0	0.898520100287047	14.0	-5.864186144654281	1	0	1	0	0	0.012951601908657124	22	9.0	0.358
MITHRIL.13218	1.0	6.387	0.621673	0.02941176470588236	6.199999999999999	0.7875536480686696	0.029327610872675252	1.0	0.898520100287047	14.0	-3.0915966407573525	1	0	1	0	0	0.012951601908657124	22	9.0	0.358
MITHRIL.13219	1.0	3.91	0.65731185	0.02941176470588236	4.699999999999999	0.7804005722460658	0.148068669527897	1.0	1.0095590318772198	14.0	-0.7556616878761112	2	0	1	0	0	0.0190865712338105	21	8.0	0.293
MITHRIL.13220	1.0	3.91	0.65731185	0.02941176470588236	4.699999999999999	0.7804005722460658	0.05793991416309013	1.0	1.0095590318772198	14.0	-2.1092986424908116	2	0	1	0	0	0.0190865712338105	21	8.0	0.293
MITHRIL.13221	1.0	3.91	0.65731185	0.02941176470588236	4.699999999999999	0.7804005722460658	0.013590844062947067	1.0	1.0095590318772198	14.0	-4.201221131931851	2	0	1	0	0	0.0190865712338105	21	8.0	0.293
MITHRIL.13222	1.0	7.042	0.69068743	0.02941176470588236	1.4000000000000004	0.8904011461318052	0.02363896848137536	0.9985693848354793	0.6381733690141729	14.0	-3.4026891068511986	3	0	1	0	0	0.043003412969283276	20	7.0	0.437
MITHRIL.13223	1.0	7.042	0.69068743	0.0	-1.0999999999999996	0.8904011461318052	0.07163323782234957	0.9985693848354793	0.6381733690141729	14.0	-1.8032270364349277	3	0	1	0	0	0.043003412969283276	20	7.0	0.437
MITHRIL.13224	1.0	7.042	0.69068743	0.02941176470588236	0.29999999999999893	0.8904011461318052	0.014326647564469915	0.9985693848354793	0.6381733690141729	14.0	-4.125155131322289	3	0	1	0	0	0.043003412969283276	20	7.0	0.437
MITHRIL.13225	1.0	3.136	0.71754481	0.02941176470588236	-5.799999999999999	0.8087392550143266	0.0057306590257879654	0.9985693848354793	0.8672658788659923	8.0	-5.447083226209652	4	0	1	0	0	0.3037542662116041	19	6.0	0.468
MITHRIL.13226	1.0	3.136	0.71754481	0.0	-2.5999999999999996	0.8087392550143266	0.15257879656160458	0.9985693848354793	0.8672658788659923	8.0	-0.7123736059838139	4	0	1	0	0	0.3037542662116041	19	6.0	0.468
MITHRIL.13227	1.0	3.136	0.71754481	0.02941176470588236	-4.000000000000002	0.8087392550143266	0.0329512893982808	0.9985693848354793	0.8672658788659923	8.0	-2.9235212701526394	4	0	1	0	0	0.3037542662116041	19	6.0	0.468
MITHRIL.13228	1.0	2.629	0.74621281	0.02941176470588236	3.5	0.5594555873925502	0.42335243553008595	0.9985693848354793	1.1089621074392024	14.0	0.7599310939678802	5	0	1	0	0	0.03686006825938567	18	5.0	0.506
MITHRIL.13229	1.0	2.629	0.74621281	0.02941176470588236	4.4	0.5594555873925502	0.004297994269340974	0.9985693848354793	1.1089621074392024	14.0	-5.862120725488496	5	0	1	0	0	0.03686006825938567	18	5.0	0.506
MITHRIL.13230	1.0	2.629	0.74621281	0.02941176470588236	4.199999999999999	0.5594555873925502	0.012893982808022923	0.9985693848354793	1.1089621074392024	14.0	-4.27715822476734	5	0	1	0	0	0.03686006825938567	18	5.0	0.506
MITHRIL.13231	1.0	6.42	0.77349267	0.02941176470588236	2.799999999999999	0.8126801152737753	0.1851585014409222	0.9928469241773963	0.7180286106082049	14.0	-0.4331673033843828	6	0	1	0	0	0.0034317089910775567	17	4.0	0.501
MITHRIL.13232	1.0	6.42	0.77349267	0.02941176470588236	3.5999999999999996	0.8126801152737753	0.0	0.9928469241773963	0.7180286106082049	14.0	-44.50699332842307	6	0	1	0	0	0.0034317089910775567	17	4.0	0.501
MITHRIL.13233	1.0	6.42	0.77349267	0.02941176470588236	3.299999999999999	0.8126801152737753	0.002161383285302594	0.9928469241773963	0.7180286106082049	14.0	-6.8538293518571045	6	0	1	0	0	0.0034317089910775567	17	4.0	0.501
MITHRIL.13234	1.0	7.558	0.79675901	0.0	-0.5	0.9957081545064378	0.001430615164520744	1.0	0.04673280401532347	10.0	-7.449148645375437	7	1	0	0	0	1.0	16	5.0	0.287
MITHRIL.13235	1.0	7.558	0.79675901	0.0	0.29999999999999893	0.9957081545064378	0.001430615164520744	1.0	0.04673280401532347	10.0	-7.449148645375437	7	1	0	0	0	1.0	16	5.0	0.287
MITHRIL.13236	1.0	7.558	0.79675901	0.0	-0.5	0.9957081545064378	0.001430615164520744	1.0	0.04673280401532347	10.0	-7.449148645375437	7	1	0	0	0	1.0	16	5.0	0.287
MITHRIL.13237	1.0	3.556	0.81948217	0.0	-0.20000000000000107	0.7029348604151754	0.2927702219040802	0.9992846924177397	0.9147479740021072	10.0	0.22784072753228585	8	1	0	0	0	1.0	15	4.0	0.26
MITHRIL.13238	1.0	3.556	0.81948217	0.0	-0.3000000000000007	0.7029348604151754	0.0021474588403722263	0.9992846924177397	0.9147479740021072	10.0	-6.863153804688307	8	1	0	0	0	1.0	15	4.0	0.26
MITHRIL.13239	1.0	3.556	0.81948217	0.0	0.0	0.7029348604151754	0.0021474588403722263	0.9992846924177397	0.9147479740021072	10.0	-6.863153804688307	8	1	0	0	0	1.0	15	4.0	0.26
MITHRIL.13240	1.0	8.868	0.84308045	0.02941176470588236	1.0	0.9377682403433476	0.001430615164520744	1.0	0.3594614602240956	14.0	-7.449148645375437	9	0	0	1	0	0.0034083162917518746	14	3.0	0.231
MITHRIL.13241	1.0	8.868	0.84308045	0.0	0.0	0.9377682403433476	0.058655221745350504	1.0	0.3594614602240956	14.0	-2.0915966407573525	9	0	0	1	0	0.0034083162917518746	14	3.0	0.231
MITHRIL.13242	1.0	8.868	0.84308045	0.02941176470588236	1.1999999999999993	0.9377682403433476	0.002145922746781116	1.0	0.3594614602240956	14.0	-6.864186144654281	9	0	0	1	0	0.0034083162917518746	14	3.0	0.231
MITHRIL.13243	1.0	6.452	0.86287646	0.02941176470588236	6.699999999999999	0.949928469241774	0.017167381974248927	1.0	0.36604756180987524	20.0	-3.8641861446542802	10	0	0	1	0	0.0006816632583503749	13	4.0	0.048
MITHRIL.13244	1.0	6.452	0.86287646	0.02941176470588236	6.699999999999999	0.949928469241774	0.016452074391988557	1.0	0.36604756180987524	20.0	-3.9255866893184233	10	0	0	1	0	0.0006816632583503749	13	4.0	0.048
MITHRIL.13245	1.0	6.452	0.86287646	0.02941176470588236	6.699999999999999	0.949928469241774	0.016452074391988557	1.0	0.36604756180987524	20.0	-3.9255866893184233	10	0	0	1	0	0.0006816632583503749	13	4.0	0.048
MITHRIL.13246	1.0	7.529	0.88049973	0.02941176470588236	6.699999999999999	0.944206008583691	0.008583690987124463	1.0	0.35042276507501563	9.0	-4.864186144654281	11	0	0	1	0	0.0013633265167007499	12	5.0	0.179
MITHRIL.13247	1.0	7.529	0.88049973	0.02941176470588236	4.1	0.944206008583691	0.000715307582260372	1.0	0.35042276507501563	9.0	-8.449148645375436	11	0	0	1	0	0.0013633265167007499	12	5.0	0.179
MITHRIL.13248	1.0	7.529	0.88049973	0.0	2.4000000000000004	0.944206008583691	0.046494992846924176	1.0	0.35042276507501563	9.0	-2.426780832346982	11	0	0	1	0	0.0013633265167007499	12	5.0	0.179
MITHRIL.13249	1.0	7.635	0.89815318	0.02941176470588236	1.4000000000000004	0.9928469241773963	0.0	1.0	0.06126425887507604	18.0	-44.50699332842307	12	0	0	1	0	0.015678254942058625	11	6.0	0.391
MITHRIL.13250	1.0	7.635	0.89815318	0.02941176470588236	1.9000000000000004	0.9928469241773963	0.00715307582260372	1.0	0.06126425887507604	18.0	-5.127220550488074	12	0	0	1	0	0.015678254942058625	11	6.0	0.391
MITHRIL.13251	1.0	7.635	0.89815318	0.02941176470588236	0.5999999999999996	0.9928469241773963	0.0	1.0	0.06126425887507604	18.0	-44.50699332842307	12	0	0	1	0	0.015678254942058625	11	6.0	0.391
MITHRIL.13252	1.0	5.874	0.9157161	0.0	0.29999999999999893	0.9921316165951359	0.000715307582260372	1.0	0.07492681110301504	16.0	-8.449148645375436	13	0	0	0	1	1.0	10	7.0	0.585
MITHRIL.13253	1.0	5.874	0.9157161	0.0	-1.0	0.9921316165951359	0.001430615164520744	1.0	0.07492681110301504	16.0	-7.449148645375437	13	0	0	0	1	1.0	10	7.0	0.585
MITHRIL.13254	1.0	5.874	0.9157161	0.0	0.29999999999999893	0.9921316165951359	0.005722460658082976	1.0	0.07492681110301504	16.0	-5.449148645375437	13	0	0	0	1	1.0	10	7.0	0.585
MITHRIL.13255	1.0	8.868	0.92790754	0.0	0.0	0.9792560801144492	0.002861230329041488	1.0	0.17051379740386519	14.0	-6.449148645375437	14	0	0	0	1	1.0	9	8.0	0.615
MITHRIL.13256	1.0	8.868	0.92790754	0.0	0.0	0.9792560801144492	0.00357653791130186	1.0	0.17051379740386519	14.0	-6.127220550488074	14	0	0	0	1	1.0	9	8.0	0.615
MITHRIL.13257	1.0	8.868	0.92790754	0.0	0.0	0.9792560801144492	0.01430615164520744	1.0	0.17051379740386519	14.0	-4.127220550488074	14	0	0	0	1	1.0	9	8.0	0.615
MITHRIL.13258	0.013	-0.171	0.9355121	0.0	0.0	0.4685264663805436	0.07725321888412018	1.0	1.5786944448750606	8.0	-1.6942611432119679	15	0	0	0	1	1.0	8	8.0	1.028
MITHRIL.13259	0.013	-0.171	0.9355121	0.0	0.0	0.4685264663805436	0.06294706723891273	1.0	1.5786944448750606	8.0	-1.9897170267381392	15	0	0	0	1	1.0	8	8.0	1.028
MITHRIL.13260	0.013	-0.171	0.9355121	0.0	0.0	0.4685264663805436	0.39127324749642345	1.0	1.5786944448750606	8.0	0.64624837741712	15	0	0	0	1	1.0	8	8.0	1.028
MITHRIL.13261	0.0	-1.08	0.94139658	0.0	0.0	0.6270579813886901	0.18682891911238367	0.9992846924177397	1.470871998986161	5.0	-0.4202103088395787	16	0	0	0	1	1.0	7	7.0	1.069
MITHRIL.13262	0.0	-1.08	0.94139658	0.0	0.0	0.6270579813886901	0.14316392269148176	0.9992846924177397	1.470871998986161	5.0	-0.8042601156347383	16	0	0	0	1	1.0	7	7.0	1.069
MITHRIL.13263	0.0	-1.08	0.94139658	0.0	0.0	0.6270579813886901	0.04294917680744453	0.9992846924177397	1.470871998986161	5.0	-2.5412257098009445	16	0	0	0	1	1.0	7	7.0	1.069
MITHRIL.13264	1.0	5.752	0.94706983	0.0	0.1999999999999993	0.8012912482065997	0.03012912482065997	0.9971387696709585	0.9860505481949361	9.0	-3.0526974230896626	17	0	0	0	1	1.0	6	6.0	1.998
MITHRIL.13265	1.0	5.752	0.94706983	0.0	0.0	0.8012912482065997	0.046628407460545196	0.9971387696709585	0.9860505481949361	9.0	-2.4226470328399685	17	0	0	0	1	1.0	6	6.0	1.998
MITHRIL.13266	1.0	5.752	0.94706983	0.0	0.1999999999999993	0.8012912482065997	0.12195121951219512	0.9971387696709585	0.9860505481949361	9.0	-1.0356239097307214	17	0	0	0	1	1.0	6	6.0	1.998
MITHRIL.13267	1.0	7.062	0.95391997	0.02941176470588236	1.5	0.9735336194563662	0.0	1.0	0.18942811938418347	18.0	-44.50699332842307	23	0	0	1	0	0.025903203817314247	5	5.0	0.269
MITHRIL.13268	1.0	7.062	0.95391997	0.0	0.0	0.9735336194563662	0.023605150214592276	1.0	0.18942811938418347	18.0	-3.404754526016983	23	0	0	1	0	0.025903203817314247	5	5.0	0.269
MITHRIL.13269	1.0	7.062	0.95391997	0.02941176470588236	0.7999999999999989	0.9735336194563662	0.002861230329041488	1.0	0.18942811938418347	18.0	-6.449148645375437	23	0	0	1	0	0.025903203817314247	5	5.0	0.269
MITHRIL.13270	1.0	9.508	0.95989498	0.02941176470588236	6.699999999999999	0.9484978540772532	0.04220314735336195	1.0	0.3314701334796554	18.0	-2.566505596013595	24	0	0	1	0	0.006816632583503749	4	4.0	0.343
MITHRIL.13271	1.0	9.508	0.95989498	0.02941176470588236	6.699999999999999	0.9484978540772532	0.000715307582260372	1.0	0.3314701334796554	18.0	-8.449148645375436	24	0	0	1	0	0.006816632583503749	4	4.0	0.343
MITHRIL.13272	1.0	9.508	0.95989498	0.02941176470588236	6.699999999999999	0.9484978540772532	0.008583690987124463	1.0	0.3314701334796554	18.0	-4.864186144654281	24	0	0	1	0	0.006816632583503749	4	4.0	0.343
MITHRIL.13273	1.0	5.788	0.96451204	0.02941176470588236	6.699999999999999	0.9463519313304721	0.013590844062947067	1.0	0.3855210893673972	18.0	-4.201221131931851	25	0	0	1	0	0.0034083162917518746	3	3.0	0.16
MITHRIL.13274	1.0	5.788	0.96451204	0.02941176470588236	4.1	0.9463519313304721	0.019313304721030045	1.0	0.3855210893673972	18.0	-3.6942611432119676	25	0	0	1	0	0.0034083162917518746	3	3.0	0.16
MITHRIL.13275	1.0	5.788	0.96451204	0.0	2.4000000000000004	0.9463519313304721	0.02074391988555079	1.0	0.3855210893673972	18.0	-3.591167650247864	25	0	0	1	0	0.0034083162917518746	3	3.0	0.16
MITHRIL.13276	1.0	7.635	0.96728831	0.02941176470588236	0.9000000000000004	0.9527896995708155	0.002145922746781116	1.0	0.2923195726393284	10.0	-6.864186144654281	26	0	0	1	0	0.007498295841854124	2	2.0	0.449
MITHRIL.13277	1.0	7.635	0.96728831	0.02941176470588236	1.4000000000000004	0.9527896995708155	0.044349070100143065	1.0	0.2923195726393284	10.0	-2.494952334988561	26	0	0	1	0	0.007498295841854124	2	2.0	0.449
MITHRIL.13278	1.0	7.635	0.96728831	0.02941176470588236	1.0	0.9527896995708155	0.000715307582260372	1.0	0.2923195726393284	10.0	-8.449148645375436	26	0	0	1	0	0.007498295841854124	2	2.0	0.449
MITHRIL.13279	1.0	2.703	0.96798238	0.0	0.0	0.4413447782546495	0.11802575107296137	1.0	1.619889831029717	14.0	-1.0828264311296207	27	1	0	0	0	0.5712338104976141	1	1.0	1.354
MITHRIL.13280	1.0	2.703	0.96798238	0.0	0.0	0.4413447782546495	0.046494992846924176	1.0	1.619889831029717	14.0	-2.426780832346982	27	1	0	0	0	0.5712338104976141	1	1.0	1.354
MITHRIL.13281	1.0	2.703	0.96798238	0.0	0.0	0.4413447782546495	0.39413447782546496	1.0	1.619889831029717	14.0	0.6567598631957212	27	1	0	0	0	0.5712338104976141	1	1.0	1.354
MITHRIL.13282	1.0	3.907	0.96553805	0.02941176470588236	1.5999999999999996	0.8719599427753935	0.05793991416309013	1.0	0.7397490332270374	10.0	-2.1092986424908116	29	0	0	1	0	0.06748466257668712	0	0.0	0.455
MITHRIL.13283	1.0	3.907	0.96553805	0.02941176470588236	1.1999999999999993	0.8719599427753935	0.05007153075822604	1.0	0.7397490332270374	10.0	-2.31986562843047	29	0	0	1	0	0.06748466257668712	0	0.0	0.455
MITHRIL.13284	1.0	3.907	0.96553805	0.02941176470588236	1.4000000000000004	0.8719599427753935	0.020028612303290415	1.0	0.7397490332270374	10.0	-3.641793723317832	29	0	0	1	0	0.06748466257668712	0	0.0	0.455
MITHRIL.13285	0.984	0.156	0.96203754	0.02941176470588236	6.0	0.4563662374821173	0.0178826895565093	1.0	1.2307172874754215	9.0	-3.8052924556007115	30	0	0	1	0	0.015678254942058625	1	1.0	0.376
MITHRIL.13286	0.984	0.156	0.96203754	0.02941176470588236	3.4000000000000004	0.4563662374821173	0.020028612303290415	1.0	1.2307172874754215	9.0	-3.641793723317832	30	0	0	1	0	0.015678254942058625	1	1.0	0.376
MITHRIL.13287	0.984	0.156	0.96203754	0.0	2.0999999999999996	0.4563662374821173	0.505722460658083	1.0	1.2307172874754215	9.0	1.0164177594339625	30	0	0	1	0	0.015678254942058625	1	1.0	0.376
MITHRIL.13288	1.0	3.823	0.95642465	0.02941176470588236	6.199999999999999	0.9070100143061517	0.06866952789699571	1.0	0.5281219671030212	15.0	-1.8641861446542802	31	0	0	1	0	0.0027266530334014998	2	2.0	0.517
MITHRIL.13289	1.0	3.823	0.95642465	0.02941176470588236	6.199999999999999	0.9070100143061517	0.000715307582260372	1.0	0.5281219671030212	15.0	-8.449148645375436	31	0	0	1	0	0.0027266530334014998	2	2.0	0.517
MITHRIL.13290	1.0	3.823	0.95642465	0.02941176470588236	6.199999999999999	0.9070100143061517	0.023605150214592276	1.0	0.5281219671030212	15.0	-3.404754526016983	31	0	0	1	0	0.0027266530334014998	2	2.0	0.517
MITHRIL.13291	1.0	9.508	0.95026857	0.02941176470588236	6.8999999999999995	0.9799713876967096	0.009298998569384835	1.0	0.1653474086828351	23.0	-4.748708927234344	32	0	0	1	0	0.0027266530334014998	3	3.0	0.432
MITHRIL.13292	1.0	9.508	0.95026857	0.02941176470588236	7.1	0.9799713876967096	0.000715307582260372	1.0	0.1653474086828351	23.0	-8.449148645375436	32	0	0	1	0	0.0027266530334014998	3	3.0	0.432
MITHRIL.13293	1.0	9.508	0.95026857	0.02941176470588236	7.199999999999999	0.9799713876967096	0.010014306151645207	1.0	0.1653474086828351	23.0	-4.641793723317832	32	0	0	1	0	0.0027266530334014998	3	3.0	0.432
MITHRIL.13294	1.0	9.508	0.94483674	0.02941176470588236	2.9000000000000004	0.9620886981402003	0.02074391988555079	1.0	0.28606451510299763	18.0	-3.591167650247864	33	0	0	1	0	0.00954328561690525	3	3.0	0.376
MITHRIL.13295	1.0	9.508	0.94483674	0.02941176470588236	3.6999999999999993	0.9620886981402003	0.005722460658082976	1.0	0.28606451510299763	18.0	-5.449148645375437	33	0	0	1	0	0.00954328561690525	3	3.0	0.376
MITHRIL.13296	1.0	9.508	0.94483674	0.02941176470588236	3.4000000000000004	0.9620886981402003	0.011444921316165951	1.0	0.28606451510299763	18.0	-4.449148645375437	33	0	0	1	0	0.00954328561690525	3	3.0	0.376
MITHRIL.13297	1.0	5.817	0.93904279	0.0	-0.8000000000000007	0.8547925608011445	0.0	1.0	0.597715812674444	14.0	-44.50699332842307	34	0	0	0	1	0.9877300613496932	2	2.0	0.546
MITHRIL.13298	1.0	5.817	0.93904279	0.0	-0.8000000000000007	0.8547925608011445	0.0	1.0	0.597715812674444	14.0	-44.50699332842307	34	0	0	0	1	0.9877300613496932	2	2.0	0.546
MITHRIL.13299	1.0	5.817	0.93904279	0.0	-0.3000000000000007	0.8547925608011445	0.1452074391988555	1.0	0.597715812674444	14.0	-0.7838127281902602	34	0	0	0	1	0.9877300613496932	2	2.0	0.546
MITHRIL.13300	1.0	7.529	0.93210212	0.0	0.0	0.7632331902718169	0.0	1.0	0.789622127955655	15.0	-44.50699332842307	35	0	0	0	1	0.9979550102249489	1	1.0	0.615
MITHRIL.13301	1.0	7.529	0.93210212	0.0	0.0	0.7632331902718169	0.0	1.0	0.789622127955655	15.0	-44.50699332842307	35	0	0	0	1	0.9979550102249489	1	1.0	0.615
MITHRIL.13302	1.0	7.529	0.93210212	0.0	0.0	0.7632331902718169	0.23676680972818312	1.0	0.789622127955655	15.0	-0.07846123856821871	35	0	0	0	1	0.9979550102249489	1	1.0	0.615
MITHRIL.13303	1.0	5.817	0.92380349	0.0	0.0	0.9928469241773963	0.0	1.0	0.06126425887507604	20.0	-44.50699332842307	36	0	0	0	1	1.0	0	0.0	0.319
MITHRIL.13304	1.0	5.817	0.92380349	0.0	0.0	0.9928469241773963	0.0	1.0	0.06126425887507604	20.0	-44.50699332842307	36	0	0	0	1	1.0	0	0.0	0.319
MITHRIL.13305	1.0	5.817	0.92380349	0.0	0.0	0.9928469241773963	0.00715307582260372	1.0	0.06126425887507604	20.0	-5.127220550488074	36	0	0	0	1	1.0	0	0.0	0.319
MITHRIL.13306	1.0	7.062	0.9120647	0.0	0.0	1.0	0.0	1.0	-1.601713251907458e-15	27.0	-44.50699332842307	37	0	0	0	1	1.0	1	1.0	0.044
MITHRIL.13307	1.0	7.062	0.9120647	0.0	0.0	1.0	0.0	1.0	-1.601713251907458e-15	27.0	-44.50699332842307	37	0	0	0	1	1.0	1	1.0	0.044
MITHRIL.13308	1.0	7.062	0.9120647	0.0	0.0	1.0	0.0	1.0	-1.601713251907458e-15	27.0	-44.50699332842307	37	0	0	0	1	1.0	1	1.0	0.044
MITHRIL.13309	1.0	7.635	0.90014485	0.0	0.0	1.0	0.0	1.0	-1.601713251907458e-15	27.0	-44.50699332842307	38	0	0	0	1	0.9993183367416496	2	2.0	0.047
MITHRIL.13310	1.0	7.635	0.90014485	0.0	0.0	1.0	0.0	1.0	-1.601713251907458e-15	27.0	-44.50699332842307	38	0	0	0	1	0.9993183367416496	2	2.0	0.047
MITHRIL.13311	1.0	7.635	0.90014485	0.0	0.0	1.0	0.0	1.0	-1.601713251907458e-15	27.0	-44.50699332842307	38	0	0	0	1	0.9993183367416496	2	2.0	0.047
MITHRIL.13312	1.0	7.03	0.88771199	0.0	0.0	0.9420600858369099	0.0	1.0	0.3504544254315583	14.0	-44.50699332842307	39	0	0	0	1	0.9979550102249489	3	3.0	0.44
MITHRIL.13313	1.0	7.03	0.88771199	0.0	0.0	0.9420600858369099	0.05078683834048641	1.0	0.3504544254315583	14.0	-2.2994015258707545	39	0	0	0	1	0.9979550102249489	3	3.0	0.44
MITHRIL.13314	1.0	7.03	0.88771199	0.0	0.0	0.9420600858369099	0.00715307582260372	1.0	0.3504544254315583	14.0	-5.127220550488074	39	0	0	0	1	0.9979550102249489	3	3.0	0.44
MITHRIL.13315	1.0	7.48	0.8775424	0.0	-0.40000000000000036	0.9227467811158798	0.045779685264663805	1.0	0.490761926844136	15.0	-2.4491486453754363	40	0	0	0	1	0.9938650306748467	4	4.0	0.403
MITHRIL.13316	1.0	7.48	0.8775424	0.0	-0.40000000000000036	0.9227467811158798	0.006437768240343348	1.0	0.490761926844136	15.0	-5.279223643933124	40	0	0	0	1	0.9938650306748467	4	4.0	0.403
MITHRIL.13317	1.0	7.48	0.8775424	0.0	0.1999999999999993	0.9227467811158798	0.02503576537911302	1.0	0.490761926844136	15.0	-3.31986562843047	40	0	0	0	1	0.9938650306748467	4	4.0	0.403
MITHRIL.13318	1.0	7.529	0.86710121	0.02941176470588236	1.9000000000000004	0.9570815450643777	0.0	1.0	0.293340438050007	18.0	-44.50699332842307	41	0	0	1	0	0.016359918200409	5	4.0	0.394
MITHRIL.13319	1.0	7.529	0.86710121	0.02941176470588236	2.1999999999999993	0.9570815450643777	0.012875536480686695	1.0	0.293340438050007	18.0	-4.279223643933124	41	0	0	1	0	0.016359918200409	5	4.0	0.394
MITHRIL.13320	1.0	7.529	0.86710121	0.0	2.299999999999999	0.9570815450643777	0.030042918454935622	1.0	0.293340438050007	18.0	-3.056831222596676	41	0	0	1	0	0.016359918200409	5	4.0	0.394
MITHRIL.13321	1.0	7.529	0.85551331	0.02941176470588236	7.1	0.949928469241774	0.008583690987124463	1.0	0.3319801285060532	14.0	-4.864186144654281	42	0	0	1	0	0.004771642808452625	6	4.0	0.291
MITHRIL.13322	1.0	7.529	0.85551331	0.02941176470588236	4.4	0.949928469241774	0.002145922746781116	1.0	0.3319801285060532	14.0	-6.864186144654281	42	0	0	1	0	0.004771642808452625	6	4.0	0.291
MITHRIL.13323	1.0	7.529	0.85551331	0.0	3.0	0.949928469241774	0.03934191702432046	1.0	0.3319801285060532	14.0	-2.667788931850777	42	0	0	1	0	0.004771642808452625	6	4.0	0.291
MITHRIL.13324	1.0	2.49	0.84365381	0.02941176470588236	6.199999999999999	0.9048640915593705	0.023605150214592276	1.0	0.5302813085105414	15.0	-3.404754526016983	43	0	0	1	0	0.004771642808452625	7	3.0	0.389
MITHRIL.13325	1.0	2.49	0.84365381	0.02941176470588236	4.299999999999999	0.9048640915593705	0.0	1.0	0.5302813085105414	15.0	-44.50699332842307	43	0	0	1	0	0.004771642808452625	7	3.0	0.389
MITHRIL.13326	1.0	2.49	0.84365381	0.0	2.1999999999999993	0.9048640915593705	0.0715307582260372	1.0	0.5302813085105414	15.0	-1.8052924556007115	43	0	0	1	0	0.004771642808452625	7	3.0	0.389
MITHRIL.13327	0.995	0.406	0.83179431	0.02941176470588236	6.0	0.5143061516452074	0.43991416309012876	1.0	1.2624104665662665	10.0	0.8152939548511658	44	0	0	1	0	0.015678254942058625	7	2.0	0.697
MITHRIL.13328	0.995	0.406	0.83179431	0.02941176470588236	6.0	0.5143061516452074	0.0178826895565093	1.0	1.2624104665662665	10.0	-3.8052924556007115	44	0	0	1	0	0.015678254942058625	7	2.0	0.697
MITHRIL.13329	0.995	0.406	0.83179431	0.02941176470588236	6.0	0.5143061516452074	0.027896995708154508	1.0	1.2624104665662665	10.0	-3.163746426513188	44	0	0	1	0	0.015678254942058625	7	2.0	0.697
MITHRIL.13330	1.0	5.887	0.8193011	0.02941176470588236	2.1999999999999993	0.8404864091559371	0.0178826895565093	1.0	0.8517413092763033	10.0	-3.8052924556007115	45	0	0	1	0	0.06475800954328562	6	1.0	0.593
MITHRIL.13331	1.0	5.887	0.8193011	0.0	1.4000000000000004	0.8404864091559371	0.05722460658082976	1.0	0.8517413092763033	10.0	-2.127220550488074	45	0	0	1	0	0.06475800954328562	6	1.0	0.593
MITHRIL.13332	1.0	5.887	0.8193011	0.02941176470588236	2.0	0.8404864091559371	0.0844062947067239	1.0	0.8517413092763033	10.0	-1.5665055960135952	45	0	0	1	0	0.06475800954328562	6	1.0	0.593
MITHRIL.13333	1.0	7.04	0.80765285	0.0	0.1999999999999993	0.8223495702005731	0.06088825214899714	0.9985693848354793	0.9522607986743844	10.0	-2.0376922900719503	46	1	0	0	0	0.5746575342465754	5	2.0	1.085
MITHRIL.13334	1.0	7.04	0.80765285	0.0	0.0	0.8223495702005731	0.044412607449856735	0.9985693848354793	0.9522607986743844	10.0	-2.492886915822777	46	1	0	0	0	0.5746575342465754	5	2.0	1.085
MITHRIL.13335	1.0	7.04	0.80765285	0.0	0.1999999999999993	0.8223495702005731	0.07234957020057306	0.9985693848354793	0.9522607986743844	10.0	-1.7888717434578576	46	1	0	0	0	0.5746575342465754	5	2.0	1.085
MITHRIL.13336	1.0	2.841	0.79491822	0.0	0.0	0.497134670487106	0.3015759312320917	0.9985693848354793	1.6358974347240403	15.0	0.2705931968567439	47	1	0	0	0	0.9952054794520548	4	3.0	0.964
MITHRIL.13337	1.0	2.841	0.79491822	0.0	0.0	0.497134670487106	0.04154727793696275	0.9985693848354793	1.6358974347240403	15.0	-2.58910223108208	47	1	0	0	0	0.9952054794520548	4	3.0	0.964
MITHRIL.13338	1.0	2.841	0.79491822	0.0	0.0	0.497134670487106	0.15974212034383956	0.9985693848354793	1.6358974347240403	15.0	-0.6461833262893474	47	1	0	0	0	0.9952054794520548	4	3.0	0.964
MITHRIL.13339	1.0	5.859	0.78345102	0.0	0.0	0.9534383954154728	0.0007163323782234957	0.9985693848354793	0.30543415341097013	20.0	-8.447083226209653	48	1	0	0	0	0.9965753424657534	3	3.0	0.311
MITHRIL.13340	1.0	5.859	0.78345102	0.0	0.0	0.9534383954154728	0.03939828080229226	0.9985693848354793	0.30543415341097013	20.0	-2.6657235126849925	48	1	0	0	0	0.9965753424657534	3	3.0	0.311
MITHRIL.13341	1.0	5.859	0.78345102	0.0	0.0	0.9534383954154728	0.0064469914040114614	0.9985693848354793	0.30543415341097013	20.0	-5.27715822476734	48	1	0	0	0	0.9965753424657534	3	3.0	0.311
MITHRIL.13342	1.0	3.933	0.7686342	0.0	-0.20000000000000107	0.9512544802867383	0.024372759856630826	0.9978540772532188	0.3321743300554063	9.0	-3.3585865654662106	49	1	0	0	0	0.9952021932830706	2	2.0	0.914
MITHRIL.13343	1.0	3.933	0.7686342	0.0	-0.3000000000000007	0.9512544802867383	0.024372759856630826	0.9978540772532188	0.3321743300554063	9.0	-3.3585865654662106	49	1	0	0	0	0.9952021932830706	2	2.0	0.914
MITHRIL.13344	1.0	3.933	0.7686342	0.0	-0.20000000000000107	0.9512544802867383	0.0	0.9978540772532188	0.3321743300554063	9.0	-44.50699332842307	49	1	0	0	0	0.9952021932830706	2	2.0	0.914
MITHRIL.13345	1.0	9.508	0.75372684	0.02941176470588236	0.1999999999999993	0.8679653679653679	0.12987012987012986	0.9914163090128756	0.5862869830157539	20.0	-0.9448584458075392	51	0	0	1	0	0.015862068965517243	1	1.0	0.409
MITHRIL.13346	1.0	9.508	0.75372684	0.02941176470588236	0.1999999999999993	0.8679653679653679	0.0	0.9914163090128756	0.5862869830157539	20.0	-44.50699332842307	51	0	0	1	0	0.015862068965517243	1	1.0	0.409
MITHRIL.13347	1.0	9.508	0.75372684	0.02941176470588236	0.1999999999999993	0.8679653679653679	0.0021645021645021645	0.9914163090128756	0.5862869830157539	20.0	-6.851749041416057	51	0	0	1	0	0.015862068965517243	1	1.0	0.409
MITHRIL.13348	1.0	1.681	0.73851771	0.02941176470588236	-1.0	0.6125541125541125	0.2597402597402597	0.9914163090128756	1.4185675673652103	10.0	0.05514155419246085	52	0	0	1	0	0.5662068965517242	0	0.0	0.383
MITHRIL.13349	1.0	1.681	0.73851771	0.0	0.9000000000000004	0.6125541125541125	0.030303030303030304	0.9914163090128756	1.4185675673652103	10.0	-3.0443941193584534	52	0	0	1	0	0.5662068965517242	0	0.0	0.383
MITHRIL.13350	1.0	1.681	0.73851771	0.02941176470588236	0.1999999999999993	0.6125541125541125	0.09740259740259741	0.9914163090128756	1.4185675673652103	10.0	-1.3598959450863828	52	0	0	1	0	0.5662068965517242	0	0.0	0.383
MITHRIL.13351	1.0	1.403	0.72104533	0.02941176470588236	-0.3000000000000007	0.6034732272069464	0.23154848046309695	0.9885550786838341	1.5064851079889003	7.0	-0.11061380550089625	53	0	0	1	0	0.6719723183391003	1	1.0	0.521
MITHRIL.13352	1.0	1.403	0.72104533	0.0	1.0	0.6034732272069464	0.11143270622286541	0.9885550786838341	1.5064851079889003	7.0	-1.1657553596933572	53	0	0	1	0	0.6719723183391003	1	1.0	0.521
MITHRIL.13353	1.0	1.403	0.72104533	0.02941176470588236	-0.8000000000000007	0.6034732272069464	0.053545586107091175	0.9885550786838341	1.5064851079889003	7.0	-2.2230885347593086	53	0	0	1	0	0.6719723183391003	1	1.0	0.521
MITHRIL.13354	1.0	9.42	0.70529302	0.02941176470588236	5.3	0.8759124087591241	0.07226277372262774	0.9799713876967096	0.721539811046572	14.0	-1.7906035577682795	54	0	0	1	0	0.0418702023726448	2	2.0	0.572
MITHRIL.13355	1.0	9.42	0.70529302	0.02941176470588236	5.3	0.8759124087591241	0.014598540145985401	0.9799713876967096	0.721539811046572	14.0	-4.098032082960526	54	0	0	1	0	0.0418702023726448	2	2.0	0.572
MITHRIL.13356	1.0	9.42	0.70529302	0.02941176470588236	5.3	0.8759124087591241	0.03722627737226277	0.9799713876967096	0.721539811046572	14.0	-2.7475348358763934	54	0	0	1	0	0.0418702023726448	2	2.0	0.572
MITHRIL.13357	1.0	6.32	0.68945018	0.02941176470588236	2.9000000000000004	0.8950843727072634	0.05135730007336757	0.974964234620887	0.6438436604229404	14.0	-2.283286829860243	55	0	0	1	0	0.05746320953048353	2	2.0	0.225
MITHRIL.13358	1.0	6.32	0.68945018	0.02941176470588236	3.6999999999999993	0.8950843727072634	0.00880410858400587	0.974964234620887	0.6438436604229404	14.0	-4.827607346084053	55	0	0	1	0	0.05746320953048353	2	2.0	0.225
MITHRIL.13359	1.0	6.32	0.68945018	0.02941176470588236	3.4000000000000004	0.8950843727072634	0.04475421863536317	0.974964234620887	0.6438436604229404	14.0	-2.4818325092423232	55	0	0	1	0	0.05746320953048353	2	2.0	0.225
MITHRIL.13360	0.997	2.618	0.67191744	0.0	-0.5	0.8784172661870504	0.07050359712230216	0.994277539341917	0.7084433204922433	9.0	-1.8261593234956617	56	0	0	0	1	0.9842681258549931	1	1.0	0.637
MITHRIL.13361	0.997	2.618	0.67191744	0.0	0.29999999999999893	0.8784172661870504	0.026618705035971222	0.994277539341917	0.7084433204922433	9.0	-3.23141580198192	56	0	0	0	1	0.9842681258549931	1	1.0	0.637
MITHRIL.13362	0.997	2.618	0.67191744	0.0	-0.5	0.8784172661870504	0.02446043165467626	0.994277539341917	0.7084433204922433	9.0	-3.3534063263605303	56	0	0	0	1	0.9842681258549931	1	1.0	0.637
MITHRIL.13363	0.0	-1.525	0.65245338	0.0	0.0	0.836764705882353	0.08529411764705883	0.9728183118741058	0.8732256830018807	2.0	-1.5514099410101296	57	0	0	0	1	0.9915848527349228	0	0.0	1.064
MITHRIL.13364	0.0	-1.525	0.65245338	0.0	0.0	0.836764705882353	0.06397058823529411	0.9728183118741058	0.8732256830018807	2.0	-1.9664474402889736	57	0	0	0	1	0.9915848527349228	0	0.0	1.064
MITHRIL.13365	0.0	-1.525	0.65245338	0.0	0.0	0.836764705882353	0.013970588235294118	0.9728183118741058	0.8732256830018807	2.0	-4.1614634226941165	57	0	0	0	1	0.9915848527349228	0	0.0	1.064
MITHRIL.13366	0.034	3.245	0.63950751	0.0	0.0	0.595292331055429	0.12148823082763857	0.9420600858369099	1.4119061269716249	5.0	-1.041111535369152	58	0	0	0	1	1.0	1	1.0	1.115
MITHRIL.13367	0.034	3.245	0.63950751	0.0	0.0	0.595292331055429	0.01442672741078208	0.9420600858369099	1.4119061269716249	5.0	-4.115112116812929	58	0	0	0	1	1.0	1	1.0	1.115
MITHRIL.13368	0.034	3.245	0.63950751	0.0	0.0	0.595292331055429	0.26879271070615035	0.9420600858369099	1.4119061269716249	5.0	0.10456591982648313	58	0	0	0	1	1.0	1	1.0	1.115
MITHRIL.13369	0.0	-0.394	0.63081659	0.0	0.0	0.0937984496124031	0.8186046511627907	0.9227467811158798	0.9846764421404299	2.0	1.711238769047837	59	0	0	0	1	1.0	2	2.0	0.905
MITHRIL.13370	0.0	-0.394	0.63081659	0.0	0.0	0.0937984496124031	0.03875968992248062	0.9227467811158798	0.9846764421404299	2.0	-2.689299160535892	59	0	0	0	1	1.0	2	2.0	0.905
MITHRIL.13371	0.0	-0.394	0.63081659	0.0	0.0	0.0937984496124031	0.04883720930232558	0.9227467811158798	0.9846764421404299	2.0	-2.3558754268107	59	0	0	0	1	1.0	2	2.0	0.905
MITHRIL.13372	0.0	0.093	0.63226507	0.0	0.0	0.7702060221870047	0.04754358161648178	0.9027181688125894	1.0334494187158767	7.0	-2.3946055993740303	60	0	0	0	1	0.9992492492492493	3	3.0	0.694
MITHRIL.13373	0.0	0.093	0.63226507	0.0	0.0	0.7702060221870047	0.008716323296354992	0.9027181688125894	1.0334494187158767	7.0	-4.842064576345252	60	0	0	0	1	0.9992492492492493	3	3.0	0.694
MITHRIL.13374	0.0	0.093	0.63226507	0.0	0.0	0.7702060221870047	0.1735340729001585	0.9027181688125894	1.0334494187158767	7.0	-0.5267091353813755	60	0	0	0	1	0.9992492492492493	3	3.0	0.694
MITHRIL.13375	0.0	-4.192	0.63045446	0.0	-0.09999999999999964	0.30384930384930386	0.5323505323505323	0.8733905579399142	1.565983781105857	2.0	1.0904484229284135	61	0	0	0	1	0.993050193050193	4	4.0	1.193
MITHRIL.13376	0.0	-4.192	0.63045446	0.0	-0.09999999999999964	0.30384930384930386	0.08271908271908272	0.8733905579399142	1.565983781105857	2.0	-1.5956360022356084	61	0	0	0	1	0.993050193050193	4	4.0	1.193
MITHRIL.13377	0.0	-4.192	0.63045446	0.0	-0.5999999999999996	0.30384930384930386	0.08108108108108109	0.8733905579399142	1.565983781105857	2.0	-1.6244908649077936	61	0	0	0	1	0.993050193050193	4	4.0	1.193
MITHRIL.13378	0.999	3.718	0.63428692	0.02941176470588236	1.9000000000000004	0.8795093795093795	0.05483405483405483	0.9914163090128756	0.7054186338078119	9.0	-2.1887840286936284	65	0	0	1	0	0.06344827586206897	5	3.0	0.349
MITHRIL.13379	0.999	3.718	0.63428692	0.02941176470588236	2.1999999999999993	0.8795093795093795	0.013708513708513708	0.9914163090128756	0.7054186338078119	9.0	-4.188784028693628	65	0	0	1	0	0.06344827586206897	5	3.0	0.349
MITHRIL.13380	0.999	3.718	0.63428692	0.0	2.5	0.8795093795093795	0.05194805194805195	0.9914163090128756	0.7054186338078119	9.0	-2.2667865406949015	65	0	0	1	0	0.06344827586206897	5	3.0	0.349
MITHRIL.13381	1.0	4.423	0.63827026	0.02941176470588236	4.5	0.8737373737373737	0.03463203463203463	0.9914163090128756	0.7359112089981203	8.0	-2.8517490414160576	66	0	0	1	0	0.04275862068965517	6	3.0	0.438
MITHRIL.13382	1.0	4.423	0.63827026	0.02941176470588236	4.299999999999999	0.8737373737373737	0.023809523809523808	0.9914163090128756	0.7359112089981203	8.0	-3.3923174227787602	66	0	0	1	0	0.04275862068965517	6	3.0	0.438
MITHRIL.13383	1.0	4.423	0.63827026	0.0	2.9000000000000004	0.8737373737373737	0.06782106782106782	0.9914163090128756	0.7359112089981203	8.0	-1.8821226904595763	66	0	0	1	0	0.04275862068965517	6	3.0	0.438
MITHRIL.13384	0.998	0.371	0.64146901	0.02941176470588236	-0.7000000000000011	0.7141823444283647	0.04630969609261939	0.9885550786838341	1.1225267424209653	9.0	-2.4325419003882587	67	0	0	1	0	0.669204152249135	7	4.0	0.509
MITHRIL.13385	0.998	0.371	0.64146901	0.0	0.7999999999999989	0.7141823444283647	0.22648335745296672	0.9885550786838341	1.1225267424209653	9.0	-0.14252305345564018	67	0	0	1	0	0.669204152249135	7	4.0	0.509
MITHRIL.13386	0.998	0.371	0.64146901	0.02941176470588236	0.6999999999999993	0.7141823444283647	0.013024602026049204	0.9885550786838341	1.1225267424209653	9.0	-4.2626168989459465	67	0	0	1	0	0.669204152249135	7	4.0	0.509
MITHRIL.13387	1.0	5.862	0.64518076	0.02941176470588236	-0.40000000000000036	0.827007299270073	0.033576642335766425	0.9799713876967096	0.9112795935458854	8.0	-2.896398221790876	68	0	0	1	0	0.5645498953244941	8	3.0	0.654
MITHRIL.13388	1.0	5.862	0.64518076	0.0	0.9000000000000004	0.827007299270073	0.10437956204379562	0.9799713876967096	0.9112795935458854	8.0	-1.2600888410694997	68	0	0	1	0	0.5645498953244941	8	3.0	0.654
MITHRIL.13389	1.0	5.862	0.64518076	0.02941176470588236	-0.8000000000000007	0.827007299270073	0.035036496350364967	0.9799713876967096	0.9112795935458854	8.0	-2.834997677126733	68	0	0	1	0	0.5645498953244941	8	3.0	0.654
MITHRIL.13390	1.0	7.529	0.65363027	0.02941176470588236	0.09999999999999964	0.8620689655172413	0.001467351430667645	0.974964234620887	0.6113970966195239	14.0	-7.4125698468052095	69	0	0	1	0	0.00350385423966363	9	2.0	0.26
MITHRIL.13391	1.0	7.529	0.65363027	0.02941176470588236	0.09999999999999964	0.8620689655172413	0.0	0.974964234620887	0.6113970966195239	14.0	-44.50699332842307	69	0	0	1	0	0.00350385423966363	9	2.0	0.26
MITHRIL.13392	1.0	7.529	0.65363027	0.0	3.1999999999999993	0.8620689655172413	0.13646368305209097	0.974964234620887	0.6113970966195239	14.0	-0.8734110356971782	69	0	0	1	0	0.00350385423966363	9	2.0	0.26
MITHRIL.13393	0.994	3.106	0.65873016	0.02941176470588236	2.0	0.7982832618025751	0.002861230329041488	1.0	0.7470134506554689	14.0	-6.449148645375437	70	0	1	0	0	0.00954328561690525	10	3.0	0.358
MITHRIL.13394	0.994	3.106	0.65873016	0.02941176470588236	2.1999999999999993	0.7982832618025751	0.0	1.0	0.7470134506554689	14.0	-44.50699332842307	70	0	1	0	0	0.00954328561690525	10	3.0	0.358
MITHRIL.13395	0.994	3.106	0.65873016	0.0	2.0999999999999996	0.7982832618025751	0.1988555078683834	1.0	0.7470134506554689	14.0	-0.33020757265192896	70	0	1	0	0	0.00954328561690525	10	3.0	0.358
MITHRIL.13396	0.059	0.333	0.66364898	0.02941176470588236	2.5999999999999996	0.48354792560801146	0.005722460658082976	1.0	1.0753430746858668	14.0	-5.449148645375437	71	0	1	0	0	0.04021813224267212	11	4.0	0.677
MITHRIL.13397	0.059	0.333	0.66364898	0.02941176470588236	3.299999999999999	0.48354792560801146	0.00357653791130186	1.0	1.0753430746858668	14.0	-6.127220550488074	71	0	1	0	0	0.04021813224267212	11	4.0	0.677
MITHRIL.13398	0.059	0.333	0.66364898	0.0	1.9000000000000004	0.48354792560801146	0.5071530758226037	1.0	1.0753430746858668	14.0	1.0204931718640797	71	0	1	0	0	0.04021813224267212	11	4.0	0.677
MITHRIL.13399	0.018	-0.445	0.66793409	0.0	0.0	0.14091559370529327	0.09227467811158799	1.0	1.6846058113396771	5.0	-1.4379213899521823	72	0	1	0	0	0.299931833674165	12	5.0	0.369
MITHRIL.13400	0.018	-0.445	0.66793409	0.0	0.0	0.14091559370529327	0.2296137339055794	1.0	1.6846058113396771	5.0	-0.12271915825313326	72	0	1	0	0	0.299931833674165	12	5.0	0.369
MITHRIL.13401	0.018	-0.445	0.66793409	0.02941176470588236	-4.200000000000001	0.14091559370529327	0.5371959942775394	1.0	1.6846058113396771	5.0	1.1035204521388355	72	0	1	0	0	0.299931833674165	12	5.0	0.369
MITHRIL.13402	1.0	3.821	0.67789245	0.02941176470588236	1.0999999999999996	0.8569384835479256	0.015736766809728183	1.0	0.7419023072012632	14.0	-3.989717026738139	73	0	1	0	0	0.04158145875937287	13	6.0	0.288
MITHRIL.13403	1.0	3.821	0.67789245	0.02941176470588236	1.0999999999999996	0.8569384835479256	0.10801144492131616	1.0	0.7419023072012632	14.0	-1.2107439060503575	73	0	1	0	0	0.04158145875937287	13	6.0	0.288
MITHRIL.13404	1.0	3.821	0.67789245	0.02941176470588236	0.1999999999999993	0.8569384835479256	0.019313304721030045	1.0	0.7419023072012632	14.0	-3.6942611432119676	73	0	1	0	0	0.04158145875937287	13	6.0	0.288
MITHRIL.13405	1.0	2.813	0.68468224	0.02941176470588236	4.699999999999999	0.7113180515759312	0.02148997134670487	0.9985693848354793	1.243979946448001	9.0	-3.5401926306011338	74	0	1	0	0	0.017747440273037544	14	7.0	0.358
MITHRIL.13406	1.0	2.813	0.68468224	0.0	0.0	0.7113180515759312	0.12464183381088825	0.9985693848354793	1.243979946448001	9.0	-1.0041397303609239	74	0	1	0	0	0.017747440273037544	14	7.0	0.358
MITHRIL.13407	1.0	2.813	0.68468224	0.02941176470588236	4.699999999999999	0.7113180515759312	0.14255014326647564	0.9985693848354793	1.243979946448001	9.0	-0.8104586056660035	74	0	1	0	0	0.017747440273037544	14	7.0	0.358
MITHRIL.13408	1.0	3.827	0.69563643	0.02941176470588236	6.199999999999999	0.7614613180515759	0.02148997134670487	0.9985693848354793	0.9149363979666336	14.0	-3.5401926306011338	75	0	1	0	0	0.015699658703071672	15	8.0	0.168
MITHRIL.13409	1.0	3.827	0.69563643	0.02941176470588236	3.5999999999999996	0.7614613180515759	0.002148997134670487	0.9985693848354793	0.9149363979666336	14.0	-6.862120725488496	75	0	1	0	0	0.015699658703071672	15	8.0	0.168
MITHRIL.13410	1.0	3.827	0.69563643	0.0	2.299999999999999	0.7614613180515759	0.2148997134670487	0.9985693848354793	0.9149363979666336	14.0	-0.21826453571377144	75	0	1	0	0	0.015699658703071672	15	8.0	0.168
MITHRIL.13411	1.0	4.709	0.70631903	0.02941176470588236	0.7999999999999989	0.8463747307968413	0.03948312993539124	0.9964234620886981	0.7989051674600556	9.0	-2.6626198290765934	76	0	1	0	0	0.06908344733242135	16	9.0	0.267
MITHRIL.13412	1.0	4.709	0.70631903	0.02941176470588236	1.299999999999999	0.8463747307968413	0.10337401292175162	0.9964234620886981	0.7989051674600556	9.0	-1.2740545411589406	76	0	1	0	0	0.06908344733242135	16	9.0	0.267
MITHRIL.13413	1.0	4.709	0.70631903	0.02941176470588236	0.9000000000000004	0.8463747307968413	0.010768126346015794	0.9964234620886981	0.7989051674600556	9.0	-4.537088946992735	76	0	1	0	0	0.06908344733242135	16	9.0	0.267
MITHRIL.13414	1.0	8.868	0.71775605	0.0	0.5999999999999996	0.9353912419239052	0.005025125628140704	0.9964234620886981	0.4327377799321428	9.0	-5.636624620543649	77	1	0	0	0	0.9753761969904241	17	10.0	0.779
MITHRIL.13415	1.0	8.868	0.71775605	0.0	0.0	0.9353912419239052	0.024407753050969132	0.9964234620886981	0.4327377799321428	9.0	-3.3565167013509134	77	1	0	0	0	0.9753761969904241	17	10.0	0.779
MITHRIL.13416	1.0	8.868	0.71775605	0.0	0.5999999999999996	0.9353912419239052	0.035175879396984924	0.9964234620886981	0.4327377799321428	9.0	-2.8292696984860446	77	1	0	0	0	0.9753761969904241	17	10.0	0.779
MITHRIL.16543	1.0	8.887	0.24850625	0.02941176470588236	0.9000000000000004	0.9696296296296296	0.0007407407407407407	1.0	0.22954946627536077	14.0	-8.398743691938193	0	0	1	0	0	0.0042583392476933995	8	8.0	0.47
MITHRIL.16544	1.0	8.887	0.24850625	0.0	0.0	0.9696296296296296	0.018518518518518517	1.0	0.22954946627536077	14.0	-3.7548875021634687	0	0	1	0	0	0.0042583392476933995	8	8.0	0.47
MITHRIL.16545	1.0	8.887	0.24850625	0.02941176470588236	1.0999999999999996	0.9696296296296296	0.011111111111111112	1.0	0.22954946627536077	14.0	-4.491853096329675	0	0	1	0	0	0.0042583392476933995	8	8.0	0.47
MITHRIL.16546	1.0	4.572	0.26845314	0.02941176470588236	6.4	0.762962962962963	0.2162962962962963	1.0	0.9070936752418832	13.0	-0.20891913305817603	1	0	1	0	0	0.0014194464158978	7	7.0	0.358
MITHRIL.16547	1.0	4.572	0.26845314	0.02941176470588236	6.4	0.762962962962963	0.0044444444444444444	1.0	0.9070936752418832	13.0	-5.813781191217037	1	0	1	0	0	0.0014194464158978	7	7.0	0.358
MITHRIL.16548	1.0	4.572	0.26845314	0.02941176470588236	6.4	0.762962962962963	0.016296296296296295	1.0	0.9070936752418832	13.0	-3.939312073300896	1	0	1	0	0	0.0014194464158978	7	7.0	0.358
MITHRIL.16549	0.0	-0.131	0.28317943	0.02941176470588236	4.5	0.48592592592592593	0.0044444444444444444	1.0	1.0875377460352662	7.0	-5.813781191217037	2	0	1	0	0	0.1156848828956707	6	6.0	0.293
MITHRIL.16550	0.0	-0.131	0.28317943	0.0	0.5	0.48592592592592593	0.502962962962963	1.0	1.0875377460352662	7.0	1.0085240723065385	2	0	1	0	0	0.1156848828956707	6	6.0	0.293
MITHRIL.16551	0.0	-0.131	0.28317943	0.02941176470588236	4.5	0.48592592592592593	0.006666666666666667	1.0	1.0875377460352662	7.0	-5.22881869049588	2	0	1	0	0	0.1156848828956707	6	6.0	0.293
MITHRIL.16552	0.0	0.596	0.30246243	0.02941176470588236	3.7	0.4162962962962963	0.0014814814814814814	1.0	1.047149010775275	8.0	-7.3987436919381935	3	0	1	0	0	0.0198722498225692	5	5.0	0.437
MITHRIL.16553	0.0	0.596	0.30246243	0.0	-0.09999999999999964	0.4162962962962963	0.5755555555555556	1.0	1.047149010775275	8.0	1.2030270964695169	3	0	1	0	0	0.0198722498225692	5	5.0	0.437
MITHRIL.16554	0.0	0.596	0.30246243	0.02941176470588236	3.3	0.4162962962962963	0.006666666666666667	1.0	1.047149010775275	8.0	-5.22881869049588	3	0	1	0	0	0.0198722498225692	5	5.0	0.437
MITHRIL.16555	0.0	-0.117	0.32723761	0.02941176470588236	3.9	0.5940740740740741	0.06518518518518518	1.0	1.4924584522355027	8.0	-1.9393120733008962	4	0	1	0	0	0.0880056777856636	4	4.0	0.468
MITHRIL.16556	0.0	-0.117	0.32723761	0.0	0.0	0.5940740740740741	0.2651851851851852	1.0	1.4924584522355027	8.0	0.08507208532606321	4	0	1	0	0	0.0880056777856636	4	4.0	0.468
MITHRIL.16557	0.0	-0.117	0.32723761	0.02941176470588236	3.2	0.5940740740740741	0.07555555555555556	1.0	1.4924584522355027	8.0	-1.7263183499666976	4	0	1	0	0	0.0880056777856636	4	4.0	0.468
MITHRIL.16558	0.847	1.495	0.35285775	0.02941176470588236	3.9	0.4088888888888889	0.03111111111111111	1.0	1.2386556328911367	5.0	-3.006426269159433	5	0	1	0	0	0.0099361249112846	3	3.0	0.506
MITHRIL.16559	0.847	1.495	0.35285775	0.02941176470588236	3.9	0.4088888888888889	0.5474074074074075	1.0	1.2386556328911367	5.0	1.1306868622079578	5	0	1	0	0	0.0099361249112846	3	3.0	0.506
MITHRIL.16560	0.847	1.495	0.35285775	0.02941176470588236	3.9	0.4088888888888889	0.012592592592592593	1.0	1.2386556328911367	5.0	-4.3112808506878535	5	0	1	0	0	0.0099361249112846	3	3.0	0.506
MITHRIL.16561	1.0	5.937	0.3771501	0.02941176470588236	0.40000000000000036	0.9829629629629629	0.01037037037037037	1.0	0.14752311189412096	14.0	-4.591388769880589	6	0	1	0	0	0.014194464158977998	2	2.0	0.501
MITHRIL.16562	1.0	5.937	0.3771501	0.02941176470588236	0.7000000000000002	0.9829629629629629	0.002962962962962963	1.0	0.14752311189412096	14.0	-6.3987436919381935	6	0	1	0	0	0.014194464158977998	2	2.0	0.501
MITHRIL.16563	1.0	5.937	0.3771501	0.02941176470588236	0.2999999999999998	0.9829629629629629	0.003703703703703704	1.0	0.14752311189412096	14.0	-6.076815597050831	6	0	1	0	0	0.014194464158977998	2	2.0	0.501
MITHRIL.16564	1.0	5.912	0.40545597	0.0	-0.2999999999999998	0.9985185185185185	0.0007407407407407407	1.0	0.01754128820993327	14.0	-8.398743691938193	7	1	0	0	0	1.0	1	1.0	0.287
MITHRIL.16565	1.0	5.912	0.40545597	0.0	0.0	0.9985185185185185	0.0007407407407407407	1.0	0.01754128820993327	14.0	-8.398743691938193	7	1	0	0	0	1.0	1	1.0	0.287
MITHRIL.16566	1.0	5.912	0.40545597	0.0	-0.2999999999999998	0.9985185185185185	0.0	1.0	0.01754128820993327	14.0	-44.50699332842307	7	1	0	0	0	1.0	1	1.0	0.287
MITHRIL.16567	1.0	6.969	0.42869214	0.0	0.0	0.9948109710896961	0.0007412898443291327	0.9992592592592593	0.05503592681775446	10.0	-8.397674632948268	8	1	0	0	0	1.0	0	0.0	0.26
MITHRIL.16568	1.0	6.969	0.42869214	0.0	0.09999999999999964	0.9948109710896961	0.0014825796886582653	0.9992592592592593	0.05503592681775446	10.0	-7.397674632948267	8	1	0	0	0	1.0	0	0.0	0.26
MITHRIL.16569	1.0	6.969	0.42869214	0.0	0.0	0.9948109710896961	0.0029651593773165306	0.9992592592592593	0.05503592681775446	10.0	-6.397674632948267	8	1	0	0	0	1.0	0	0.0	0.26
MITHRIL.16570	1.0	5.449	0.44942362	0.02941176470588236	3.8	0.7866666666666666	0.20592592592592593	1.0	0.8014083858822815	14.0	-0.2798026192146858	9	0	0	1	0	0.0042583392476933995	0	0.0	0.231
MITHRIL.16571	1.0	5.449	0.44942362	0.02941176470588236	3.7	0.7866666666666666	0.002962962962962963	1.0	0.8014083858822815	14.0	-6.3987436919381935	9	0	0	1	0	0.0042583392476933995	0	0.0	0.231
MITHRIL.16572	1.0	5.449	0.44942362	0.02941176470588236	4.0	0.7866666666666666	0.0044444444444444444	1.0	0.8014083858822815	14.0	-5.813781191217037	9	0	0	1	0	0.0042583392476933995	0	0.0	0.231
MITHRIL.16573	1.0	7.51	0.4695214	0.02941176470588236	6.7	0.9933333333333333	0.002962962962962963	1.0	0.06438513390238426	14.0	-6.3987436919381935	10	0	0	1	0	0.0028388928317956	1	1.0	0.048
MITHRIL.16574	1.0	7.51	0.4695214	0.02941176470588236	6.7	0.9933333333333333	0.0	1.0	0.06438513390238426	14.0	-44.50699332842307	10	0	0	1	0	0.0028388928317956	1	1.0	0.048
MITHRIL.16575	1.0	7.51	0.4695214	0.02941176470588236	6.7	0.9933333333333333	0.003703703703703704	1.0	0.06438513390238426	14.0	-6.076815597050831	10	0	0	1	0	0.0028388928317956	1	1.0	0.048
MITHRIL.16576	0.975	0.133	0.485153	0.02941176470588236	5.4	0.4577777777777778	0.4274074074074074	1.0	1.4051585430490308	8.0	0.7736838167072893	11	0	0	1	0	0.49893541518807666	2	2.0	0.179
MITHRIL.16577	0.975	0.133	0.485153	0.02941176470588236	4.7	0.4577777777777778	0.11407407407407408	1.0	1.4051585430490308	8.0	-1.1319571512432918	11	0	0	1	0	0.49893541518807666	2	2.0	0.179
MITHRIL.16578	0.975	0.133	0.485153	0.02941176470588236	4.7	0.4577777777777778	0.0007407407407407407	1.0	1.4051585430490308	8.0	-8.398743691938193	11	0	0	1	0	0.49893541518807666	2	2.0	0.179
MITHRIL.16579	0.994	3.737	0.49604683	0.02941176470588236	1.7000000000000002	0.9874074074074074	0.007407407407407408	1.0	0.11290394696277876	8.0	-5.076815597050831	12	0	0	1	0	0.0099361249112846	3	3.0	0.391
MITHRIL.16580	0.994	3.737	0.49604683	0.0	-2.0999999999999996	0.9874074074074074	0.0044444444444444444	1.0	0.11290394696277876	8.0	-5.813781191217037	12	0	0	1	0	0.0099361249112846	3	3.0	0.391
MITHRIL.16581	0.994	3.737	0.49604683	0.02941176470588236	0.7000000000000002	0.9874074074074074	0.0007407407407407407	1.0	0.11290394696277876	8.0	-8.398743691938193	12	0	0	1	0	0.0099361249112846	3	3.0	0.391
MITHRIL.16582	0.04	0.767	0.50172008	0.0	0.2999999999999998	0.9303703703703704	0.022962962962962963	1.0	0.4441513318328354	8.0	-3.444547381551318	13	0	0	0	1	1.0	4	4.0	0.585
MITHRIL.16583	0.04	0.767	0.50172008	0.0	-0.40000000000000036	0.9303703703703704	0.002962962962962963	1.0	0.4441513318328354	8.0	-6.3987436919381935	13	0	0	0	1	1.0	4	4.0	0.585
MITHRIL.16584	0.04	0.767	0.50172008	0.0	0.2999999999999998	0.9303703703703704	0.0437037037037037	1.0	0.4441513318328354	8.0	-2.516100642576352	13	0	0	0	1	1.0	4	4.0	0.585
MITHRIL.16585	0.0	-0.308	0.50606554	0.0	0.0	0.7111111111111111	0.024444444444444446	1.0	1.2069349551480502	3.0	-3.3543495725797396	14	0	0	0	1	1.0	5	5.0	0.615
MITHRIL.16586	0.0	-0.308	0.50606554	0.0	0.0	0.7111111111111111	0.19555555555555557	1.0	1.2069349551480502	3.0	-0.3543495725797397	14	0	0	0	1	1.0	5	5.0	0.615
MITHRIL.16587	0.0	-0.308	0.50606554	0.0	0.0	0.7111111111111111	0.06888888888888889	1.0	1.2069349551480502	3.0	-1.8595848808301618	14	0	0	0	1	1.0	5	5.0	0.615
MITHRIL.16588	0.0	-3.068	0.50890217	0.0	0.0	0.3780578206078577	0.3269088213491475	0.9992592592592593	1.7922145910725067	2.0	0.38696021260925295	15	0	0	0	1	0.9992902767920511	6	6.0	1.028
MITHRIL.16589	0.0	-3.068	0.50890217	0.0	0.0	0.3780578206078577	0.060044477390659746	0.9992592592592593	1.7922145910725067	2.0	-2.0578246300636427	15	0	0	0	1	0.9992902767920511	6	6.0	1.028
MITHRIL.16590	0.0	-3.068	0.50890217	0.0	0.0	0.3780578206078577	0.23498888065233506	0.9992592592592593	1.7922145910725067	2.0	-0.08933560280886033	15	0	0	0	1	0.9992902767920511	6	6.0	1.028
MITHRIL.16591	0.0	-7.577	0.51385117	0.0	0.0	0.2551928783382789	0.4792284866468843	0.9985185185185185	1.7021114584535235	2.0	0.9387855735120665	16	0	0	0	1	0.9992897727272727	7	7.0	1.069
MITHRIL.16592	0.0	-7.577	0.51385117	0.0	0.0	0.2551928783382789	0.2166172106824926	0.9985185185185185	1.7021114584535235	2.0	-0.20678022230184115	16	0	0	0	1	0.9992897727272727	7	7.0	1.069
MITHRIL.16593	0.0	-7.577	0.51385117	0.0	0.0	0.2551928783382789	0.04896142433234421	0.9985185185185185	1.7021114584535235	2.0	-2.3522106618234053	16	0	0	0	1	0.9992897727272727	7	7.0	1.069
MITHRIL.16594	0.0	-6.284	0.51846822	0.0	0.0	0.38484621155288823	0.2813203300825206	0.9874074074074074	1.7177586093388164	3.0	0.17028572029426997	17	0	0	0	1	0.9992821249102656	8	7.0	0.654
MITHRIL.16595	0.0	-6.284	0.51846822	0.0	0.0	0.38484621155288823	0.03075768942235559	0.9874074074074074	1.7177586093388164	3.0	-3.0229090604708895	17	0	0	0	1	0.9992821249102656	8	7.0	0.654
MITHRIL.16596	0.0	-6.284	0.51846822	0.0	0.0	0.38484621155288823	0.30307576894223553	0.9874074074074074	1.7177586093388164	3.0	0.2777504176628215	17	0	0	0	1	0.9992821249102656	8	7.0	0.654
MITHRIL.16597	0.067	-1.51	0.52371899	0.0	0.0	0.24109867751780265	0.44455747711088506	0.7281481481481481	1.5546757534925142	2.0	0.8304418631600178	18	0	0	0	1	1.0	9	6.0	1.567
MITHRIL.16598	0.067	-1.51	0.52371899	0.0	0.0	0.24109867751780265	0.028484231943031537	0.7281481481481481	1.5546757534925142	2.0	-3.1336926842829764	18	0	0	0	1	1.0	9	6.0	1.567
MITHRIL.16599	0.067	-1.51	0.52371899	0.0	0.0	0.24109867751780265	0.28585961342828076	0.7281481481481481	1.5546757534925142	2.0	0.1933787138803454	18	0	0	0	1	1.0	9	6.0	1.567
MITHRIL.16600	1.0	8.807	0.53331523	0.0	0.20000000000000018	0.5807407407407408	0.16592592592592592	0.5	1.2427103017384022	3.0	-0.5913887698805892	19	0	0	0	1	0.9985815602836879	10	5.0	1.998
MITHRIL.16601	1.0	8.807	0.53331523	0.0	-0.09999999999999964	0.5807407407407408	0.01925925925925926	0.5	1.2427103017384022	3.0	-3.698303973797101	19	0	0	0	1	0.9985815602836879	10	5.0	1.998
MITHRIL.16602	1.0	8.807	0.53331523	0.0	0.20000000000000018	0.5807407407407408	0.23407407407407407	0.5	1.2427103017384022	3.0	-0.09496294376109032	19	0	0	0	1	0.9985815602836879	10	5.0	1.998
MITHRIL.16603	1.0	4.166	0.54058784	0.0	0.40000000000000036	0.6422222222222222	0.35555555555555557	1.0	0.9603100413844236	14.0	0.5081469036703253	23	0	0	1	0	0.009226401703335699	11	4.0	0.269
MITHRIL.16604	1.0	4.166	0.54058784	0.02941176470588236	2.0999999999999996	0.6422222222222222	0.0	1.0	0.9603100413844236	14.0	-44.50699332842307	23	0	0	1	0	0.009226401703335699	11	4.0	0.269
MITHRIL.16605	1.0	4.166	0.54058784	0.02941176470588236	1.2999999999999998	0.6422222222222222	0.0022222222222222222	1.0	0.9603100413844236	14.0	-6.813781191217037	23	0	0	1	0	0.009226401703335699	11	4.0	0.269
MITHRIL.16606	1.0	5.767	0.54291146	0.02941176470588236	4.7	0.9629629629629629	0.005185185185185185	1.0	0.2737516724119227	9.0	-5.591388769880589	24	0	0	1	0	0.49964513839602553	11	3.0	0.343
MITHRIL.16607	1.0	5.767	0.54291146	0.0	0.5	0.9629629629629629	0.006666666666666667	1.0	0.2737516724119227	9.0	-5.22881869049588	24	0	0	1	0	0.49964513839602553	11	3.0	0.343
MITHRIL.16608	1.0	5.767	0.54291146	0.02941176470588236	5.0	0.9629629629629629	0.025185185185185185	1.0	0.2737516724119227	9.0	-3.311280850687854	24	0	0	1	0	0.49964513839602553	11	3.0	0.343
MITHRIL.16609	1.0	4.624	0.54085944	0.02941176470588236	6.7	0.9940740740740741	0.0044444444444444444	1.0	0.05717590362339387	14.0	-5.813781191217037	25	0	0	1	0	0.0035486160397444995	10	2.0	0.16
MITHRIL.16610	1.0	4.624	0.54085944	0.02941176470588236	4.1	0.9940740740740741	0.0	1.0	0.05717590362339387	14.0	-44.50699332842307	25	0	0	1	0	0.0035486160397444995	10	2.0	0.16
MITHRIL.16611	1.0	4.624	0.54085944	0.0	2.5999999999999996	0.9940740740740741	0.0014814814814814814	1.0	0.05717590362339387	14.0	-7.3987436919381935	25	0	0	1	0	0.0035486160397444995	10	2.0	0.16
MITHRIL.16612	1.0	4.676	0.53597079	0.02941176470588236	3.4	0.7770370370370371	0.005185185185185185	1.0	0.8281372038529355	10.0	-5.591388769880589	26	0	0	1	0	0.0042583392476933995	9	1.0	0.449
MITHRIL.16613	1.0	4.676	0.53597079	0.02941176470588236	3.2	0.7770370370370371	0.003703703703703704	1.0	0.8281372038529355	10.0	-6.076815597050831	26	0	0	1	0	0.0042583392476933995	9	1.0	0.449
MITHRIL.16614	1.0	4.676	0.53597079	0.0	2.2	0.7770370370370371	0.21407407407407408	1.0	0.8281372038529355	10.0	-0.22381800943751437	26	0	0	1	0	0.0042583392476933995	9	1.0	0.449
MITHRIL.16615	0.959	0.521	0.52906029	0.0	0.5999999999999996	0.8227002967359051	0.019287833827893175	0.9985185185185185	0.8804955108666702	5.0	-3.6961650630407665	27	1	0	0	0	0.9125799573560768	8	2.0	1.354
MITHRIL.16616	0.959	0.521	0.52906029	0.0	0.09999999999999964	0.8227002967359051	0.12462908011869436	0.9985185185185185	0.8804955108666702	5.0	-1.0042873584030982	27	1	0	0	0	0.9125799573560768	8	2.0	1.354
MITHRIL.16617	0.959	0.521	0.52906029	0.0	0.7000000000000002	0.8227002967359051	0.03338278931750742	0.9985185185185185	0.8804955108666702	5.0	-2.904751684852184	27	1	0	0	0	0.9125799573560768	8	2.0	1.354
MITHRIL.16618	0.965	3.264	0.52589173	0.02941176470588236	0.9000000000000004	0.8014814814814815	0.01037037037037037	1.0	0.9655284914631469	5.0	-4.591388769880589	29	0	0	1	0	0.05819730305180979	7	3.0	0.455
MITHRIL.16619	0.965	3.264	0.52589173	0.0	0.0	0.8014814814814815	0.08962962962962963	1.0	0.9655284914631469	5.0	-1.4798804546635989	29	0	0	1	0	0.05819730305180979	7	3.0	0.455
MITHRIL.16620	0.965	3.264	0.52589173	0.02941176470588236	1.0999999999999996	0.8014814814814815	0.09851851851851852	1.0	0.9655284914631469	5.0	-1.3434612564370036	29	0	0	1	0	0.05819730305180979	7	3.0	0.455
MITHRIL.16621	0.795	0.787	0.51638602	0.02941176470588236	3.6	0.5644444444444444	0.26814814814814814	1.0	1.4883279974735932	5.0	0.10110219514501205	30	0	0	1	0	0.03761533002129169	6	4.0	0.376
MITHRIL.16622	0.795	0.787	0.51638602	0.02941176470588236	3.5	0.5644444444444444	0.017777777777777778	1.0	1.4883279974735932	5.0	-3.813781191217037	30	0	0	1	0	0.03761533002129169	6	4.0	0.376
MITHRIL.16623	0.795	0.787	0.51638602	0.02941176470588236	3.5	0.5644444444444444	0.14962962962962964	1.0	1.4883279974735932	5.0	-0.7405322091863984	30	0	0	1	0	0.03761533002129169	6	4.0	0.376
MITHRIL.16624	0.666	-0.013	0.50241415	0.0	0.20000000000000018	0.5577777777777778	0.0	1.0	1.1267281157458107	8.0	-44.50699332842307	31	0	0	1	0	0.15117104329311568	5	5.0	0.517
MITHRIL.16625	0.666	-0.013	0.50241415	0.02941176470588236	-6.9	0.5577777777777778	0.4177777777777778	1.0	1.1267281157458107	8.0	0.7408076604606004	31	0	0	1	0	0.15117104329311568	5	5.0	0.517
MITHRIL.16626	0.666	-0.013	0.50241415	0.0	0.2999999999999998	0.5577777777777778	0.024444444444444446	1.0	1.1267281157458107	8.0	-3.3543495725797396	31	0	0	1	0	0.15117104329311568	5	5.0	0.517
MITHRIL.16627	1.0	5.421	0.49429658	0.02941176470588236	4.0	0.8696296296296296	0.12	1.0	0.6204273484819445	10.0	-1.0588936890535685	32	0	0	1	0	0.04187366926898509	4	4.0	0.432
MITHRIL.16628	1.0	5.421	0.49429658	0.02941176470588236	4.0	0.8696296296296296	0.003703703703703704	1.0	0.6204273484819445	10.0	-6.076815597050831	32	0	0	1	0	0.04187366926898509	4	4.0	0.432
MITHRIL.16629	1.0	5.421	0.49429658	0.02941176470588236	4.1	0.8696296296296296	0.006666666666666667	1.0	0.6204273484819445	10.0	-5.22881869049588	32	0	0	1	0	0.04187366926898509	4	4.0	0.432
MITHRIL.16630	1.0	7.479	0.48445893	0.02941176470588236	3.5	0.9437037037037037	0.00962962962962963	1.0	0.3656457670769212	14.0	-4.698303973797101	33	0	0	1	0	0.0106458481192335	3	3.0	0.376
MITHRIL.16631	1.0	7.479	0.48445893	0.02941176470588236	2.5999999999999996	0.9437037037037037	0.002962962962962963	1.0	0.3656457670769212	14.0	-6.3987436919381935	33	0	0	1	0	0.0106458481192335	3	3.0	0.376
MITHRIL.16632	1.0	7.479	0.48445893	0.0	1.7000000000000002	0.9437037037037037	0.0437037037037037	1.0	0.3656457670769212	14.0	-2.516100642576352	33	0	0	1	0	0.0106458481192335	3	3.0	0.376
MITHRIL.16633	1.0	5.725	0.47570765	0.0	-0.5	0.9644444444444444	0.0	1.0	0.22785997815416598	25.0	-44.50699332842307	34	0	0	0	1	1.0	2	2.0	0.546
MITHRIL.16634	1.0	5.725	0.47570765	0.0	-1.3000000000000007	0.9644444444444444	0.0014814814814814814	1.0	0.22785997815416598	25.0	-7.397674632948267	34	0	0	0	1	1.0	2	2.0	0.546
MITHRIL.16635	1.0	5.725	0.47570765	0.0	0.0	0.9644444444444444	0.03333333333333333	1.0	0.22785997815416598	25.0	-2.9058215366185927	34	0	0	0	1	1.0	2	2.0	0.546
MITHRIL.16636	1.0	7.585	0.46662442	0.0	0.0	0.9992592592592593	0.0007407407407407407	1.0	0.008771040199514064	25.0	-8.398743691938193	35	0	0	0	1	1.0	1	1.0	0.615
MITHRIL.16637	1.0	7.585	0.46662442	0.0	0.0	0.9992592592592593	0.0	1.0	0.008771040199514064	25.0	-44.50699332842307	35	0	0	0	1	1.0	1	1.0	0.615
MITHRIL.16638	1.0	7.585	0.46662442	0.0	0.0	0.9992592592592593	0.0	1.0	0.008771040199514064	25.0	-44.50699332842307	35	0	0	0	1	1.0	1	1.0	0.615
MITHRIL.16639	1.0	7.585	0.45564005	0.0	0.0	1.0	0.0	1.0	-1.601713251907458e-15	27.0	-44.50699332842307	36	0	0	0	1	1.0	0	0.0	0.319
MITHRIL.16640	1.0	7.585	0.45564005	0.0	0.0	1.0	0.0	1.0	-1.601713251907458e-15	27.0	-44.50699332842307	36	0	0	0	1	1.0	0	0.0	0.319
MITHRIL.16641	1.0	7.585	0.45564005	0.0	0.0	1.0	0.0	1.0	-1.601713251907458e-15	27.0	-44.50699332842307	36	0	0	0	1	1.0	0	0.0	0.319
MITHRIL.16642	1.0	4.72	0.44323737	0.0	0.0	1.0	0.0	1.0	-1.601713251907458e-15	27.0	-44.50699332842307	37	0	0	0	1	1.0	1	1.0	0.044
MITHRIL.16643	1.0	4.72	0.44323737	0.0	0.0	1.0	0.0	1.0	-1.601713251907458e-15	27.0	-44.50699332842307	37	0	0	0	1	1.0	1	1.0	0.044
MITHRIL.16644	1.0	4.72	0.44323737	0.0	0.0	1.0	0.0	1.0	-1.601713251907458e-15	27.0	-44.50699332842307	37	0	0	0	1	1.0	1	1.0	0.044
MITHRIL.16645	1.0	7.097	0.43014062	0.0	0.0	1.0	0.0	1.0	-1.601713251907458e-15	27.0	-44.50699332842307	38	0	0	0	1	0.9992902767920511	1	1.0	0.047
MITHRIL.16646	1.0	7.097	0.43014062	0.0	0.0	1.0	0.0	1.0	-1.601713251907458e-15	27.0	-44.50699332842307	38	0	0	0	1	0.9992902767920511	1	1.0	0.047
MITHRIL.16647	1.0	7.097	0.43014062	0.0	0.0	1.0	0.0	1.0	-1.601713251907458e-15	27.0	-44.50699332842307	38	0	0	0	1	0.9992902767920511	1	1.0	0.047
MITHRIL.16648	1.0	7.09	0.41698352	0.0	0.0	0.9992592592592593	0.0	1.0	0.008771040199514064	18.0	-44.50699332842307	39	0	0	0	1	0.9985805535841022	0	0.0	0.44
MITHRIL.16649	1.0	7.09	0.41698352	0.0	0.0	0.9992592592592593	0.0007407407407407407	1.0	0.008771040199514064	18.0	-8.398743691938193	39	0	0	0	1	0.9985805535841022	0	0.0	0.44
MITHRIL.16650	1.0	7.09	0.41698352	0.0	0.0	0.9992592592592593	0.0	1.0	0.008771040199514064	18.0	-44.50699332842307	39	0	0	0	1	0.9985805535841022	0	0.0	0.44
MITHRIL.16651	1.0	5.869	0.40340395	0.0	-0.09999999999999964	0.9888888888888889	0.0022222222222222222	1.0	0.1018716593985205	14.0	-6.813781191217037	40	0	0	0	1	0.9985805535841022	1	1.0	0.403
MITHRIL.16652	1.0	5.869	0.40340395	0.0	0.0	0.9888888888888889	0.007407407407407408	1.0	0.1018716593985205	14.0	-5.076815597050831	40	0	0	0	1	0.9985805535841022	1	1.0	0.403
MITHRIL.16653	1.0	5.869	0.40340395	0.0	0.20000000000000018	0.9888888888888889	0.0014814814814814814	1.0	0.1018716593985205	14.0	-7.3987436919381935	40	0	0	0	1	0.9985805535841022	1	1.0	0.403
MITHRIL.16654	1.0	5.288	0.38445289	0.02941176470588236	3.7	0.9392592592592592	0.04296296296296296	1.0	0.40104276447521564	14.0	-2.540762696810621	41	0	0	1	0	0.009226401703335699	2	2.0	0.394
MITHRIL.16655	1.0	5.288	0.38445289	0.02941176470588236	4.1	0.9392592592592592	0.00962962962962963	1.0	0.40104276447521564	14.0	-4.698303973797101	41	0	0	1	0	0.009226401703335699	2	2.0	0.394
MITHRIL.16656	1.0	5.288	0.38445289	0.02941176470588236	4.3	0.9392592592592592	0.008148148148148147	1.0	0.40104276447521564	14.0	-4.939312073300896	41	0	0	1	0	0.009226401703335699	2	2.0	0.394
MITHRIL.16657	1.0	5.826	0.36556219	0.02941176470588236	2.9000000000000004	0.8711111111111111	0.005925925925925926	1.0	0.6130385546208137	10.0	-5.3987436919381935	42	0	0	1	0	0.04045422285308729	3	3.0	0.291
MITHRIL.16658	1.0	5.826	0.36556219	0.02941176470588236	2.5999999999999996	0.8711111111111111	0.003703703703703704	1.0	0.6130385546208137	10.0	-6.076815597050831	42	0	0	1	0	0.04045422285308729	3	3.0	0.291
MITHRIL.16659	1.0	5.826	0.36556219	0.0	1.7999999999999998	0.8711111111111111	0.11925925925925926	1.0	0.6130385546208137	10.0	-1.0678268138235762	42	0	0	1	0	0.04045422285308729	3	3.0	0.291
MITHRIL.16660	0.0	-1.556	0.35059448	0.0	0.5999999999999996	0.5681481481481482	0.02074074074074074	1.0	1.1144151138021776	2.0	-3.5913887698805893	43	0	0	1	0	0.15117104329311568	4	4.0	0.389
MITHRIL.16661	0.0	-1.556	0.35059448	0.0	-0.40000000000000036	0.5681481481481482	0.0007407407407407407	1.0	1.1144151138021776	2.0	-8.398743691938193	43	0	0	1	0	0.15117104329311568	4	4.0	0.389
MITHRIL.16662	0.0	-1.556	0.35059448	0.02941176470588236	-4.800000000000001	0.5681481481481482	0.4103703703703704	1.0	1.1144151138021776	2.0	0.7149984741109952	43	0	0	1	0	0.15117104329311568	4	4.0	0.389
MITHRIL.16663	0.006	0.629	0.33236767	0.02941176470588236	2.5	0.5681481481481482	0.11259259259259259	1.0	1.5115227376237568	5.0	-1.1508161784946078	44	0	0	1	0	0.03903477643718949	5	5.0	0.697
MITHRIL.16664	0.006	0.629	0.33236767	0.02941176470588236	2.0	0.5681481481481482	0.03777777777777778	1.0	1.5115227376237568	5.0	-2.7263183499666974	44	0	0	1	0	0.03903477643718949	5	5.0	0.697
MITHRIL.16665	0.006	0.629	0.33236767	0.0	2.4000000000000004	0.5681481481481482	0.2814814814814815	1.0	1.5115227376237568	5.0	0.1711119163927547	44	0	0	1	0	0.03903477643718949	5	5.0	0.697
MITHRIL.16666	0.057	1.488	0.31691713	0.02941176470588236	0.7999999999999998	0.8014814814814815	0.08666666666666667	1.0	0.9762208365288418	5.0	-1.5283789723547887	45	0	0	1	0	0.05961674946770759	6	4.0	0.593
MITHRIL.16667	0.057	1.488	0.31691713	0.02941176470588236	1.2999999999999998	0.8014814814814815	0.09777777777777778	1.0	0.9762208365288418	5.0	-1.3543495725797396	45	0	0	1	0	0.05961674946770759	6	4.0	0.593
MITHRIL.16668	0.057	1.488	0.31691713	0.02941176470588236	0.9000000000000004	0.8014814814814815	0.014074074074074074	1.0	0.9762208365288418	5.0	-4.150816178494607	45	0	0	1	0	0.05961674946770759	6	4.0	0.593
MITHRIL.16669	0.057	0.123	0.30436357	0.0	-0.2999999999999998	0.14488424197162061	0.7684839432412248	0.9918518518518519	1.046250647253118	2.0	1.6200870215696581	46	1	0	0	0	0.913447782546495	7	5.0	1.085
MITHRIL.16670	0.057	0.123	0.30436357	0.0	-0.40000000000000036	0.14488424197162061	0.008961911874533234	0.9918518518518519	1.046250647253118	2.0	-4.801977744603154	46	1	0	0	0	0.913447782546495	7	5.0	1.085
MITHRIL.16671	0.057	0.123	0.30436357	0.0	0.0	0.14488424197162061	0.07766990291262135	0.9918518518518519	1.046250647253118	2.0	-1.6865005271832185	46	1	0	0	0	0.913447782546495	7	5.0	1.085
MITHRIL.16672	1.0	7.022	0.29733237	0.0	0.0	0.9454817027632562	0.002987303958177745	0.9918518518518519	0.38043289657320833	14.0	-6.38694024532431	47	1	0	0	0	0.9992846924177397	8	6.0	0.964
MITHRIL.16673	1.0	7.022	0.29733237	0.0	0.0	0.9454817027632562	0.020164301717699777	0.9918518518518519	0.38043289657320833	14.0	-3.632052743160842	47	1	0	0	0	0.9992846924177397	8	6.0	0.964
MITHRIL.16674	1.0	7.022	0.29733237	0.0	0.0	0.9454817027632562	0.03136669156086632	0.9918518518518519	0.38043289657320833	14.0	-2.99462282254555	47	1	0	0	0	0.9992846924177397	8	6.0	0.964
MITHRIL.16675	1.0	4.972	0.29030116	0.0	0.0	0.6452576549663929	0.3181478715459298	0.9918518518518519	1.1280622753520821	14.0	0.3477693749015276	48	1	0	0	0	0.9985693848354793	9	7.0	0.311
MITHRIL.16676	1.0	4.972	0.29030116	0.0	0.0	0.6452576549663929	0.0037341299477221808	0.9918518518518519	1.1280622753520821	14.0	-6.0650121504369485	48	1	0	0	0	0.9985693848354793	9	7.0	0.311
MITHRIL.16677	1.0	4.972	0.29030116	0.0	0.0	0.6452576549663929	0.03286034353995519	0.9918518518518519	1.1280622753520821	14.0	-2.9275086266870134	48	1	0	0	0	0.9985693848354793	9	7.0	0.311
MITHRIL.16678	0.0	-5.764	0.28007122	0.0	-0.20000000000000018	0.47458893871449925	0.07025411061285501	0.9911111111111112	1.3430997494773143	2.0	-1.8312735489638234	49	1	0	0	0	0.9992841803865425	10	6.0	0.914
MITHRIL.16679	0.0	-5.764	0.28007122	0.0	0.0	0.47458893871449925	0.4491778774289985	0.9911111111111112	1.3430997494773143	2.0	0.8453587800697245	49	1	0	0	0	0.9992841803865425	10	6.0	0.914
MITHRIL.16680	0.0	-5.764	0.28007122	0.0	-0.2999999999999998	0.47458893871449925	0.005979073243647235	0.9911111111111112	1.3430997494773143	2.0	-5.385862400641461	49	1	0	0	0	0.9992841803865425	10	6.0	0.914
MITHRIL.16681	0.996	3.29	0.27222524	0.02941176470588236	1.0999999999999996	0.7229275578790142	0.0014936519790888724	0.9918518518518519	0.8827790259481232	10.0	-7.38694024532431	51	0	0	1	0	0.001430615164520744	11	5.0	0.409
MITHRIL.16682	0.996	3.29	0.27222524	0.0	-0.40000000000000036	0.7229275578790142	0.27408513816280805	0.9918518518518519	0.8827790259481232	10.0	0.13269600751890215	51	0	0	1	0	0.001430615164520744	11	5.0	0.409
MITHRIL.16683	0.996	3.29	0.27222524	0.02941176470588236	1.2000000000000002	0.7229275578790142	0.0014936519790888724	0.9918518518518519	0.8827790259481232	10.0	-7.38694024532431	51	0	0	1	0	0.001430615164520744	11	5.0	0.409
MITHRIL.16684	1.0	1.336	0.26465085	0.02941176470588236	4.2	0.45332337565347275	0.01344286781179985	0.9918518518518519	1.3530154557942822	8.0	-4.217015243881998	52	0	0	1	0	0.045064377682403435	12	6.0	0.383
MITHRIL.16685	1.0	1.336	0.26465085	0.0	0.2999999999999998	0.45332337565347275	0.47423450336071693	0.9918518518518519	1.3530154557942822	8.0	0.9236725363352176	52	0	0	1	0	0.045064377682403435	12	6.0	0.383
MITHRIL.16686	1.0	1.336	0.26465085	0.02941176470588236	3.8	0.45332337565347275	0.05899925317401045	0.9918518518518519	1.3530154557942822	8.0	-2.0831594971472076	52	0	0	1	0	0.045064377682403435	12	6.0	0.383
MITHRIL.16687	1.0	2.539	0.257167	0.02941176470588236	6.2	0.6335078534031413	0.3201196709050112	0.9903703703703703	1.189319862969386	8.0	0.3566832363077941	53	0	0	1	0	0.01790830945558739	13	7.0	0.521
MITHRIL.16688	1.0	2.539	0.257167	0.02941176470588236	6.2	0.6335078534031413	0.011967090501121914	0.9903703703703703	1.189319862969386	8.0	-4.384783750093352	53	0	0	1	0	0.01790830945558739	13	7.0	0.521
MITHRIL.16689	1.0	2.539	0.257167	0.02941176470588236	6.2	0.6335078534031413	0.0344053851907255	0.9903703703703703	1.189319862969386	8.0	-2.8612217940363402	53	0	0	1	0	0.01790830945558739	13	7.0	0.521
MITHRIL.16690	0.996	1.983	0.24696723	0.02941176470588236	2.0999999999999996	0.21503759398496242	0.6007518796992481	0.9851851851851852	1.5014699145480044	7.0	1.264841162539425	54	0	0	0	1	0.040316774658027354	14	8.0	0.572
MITHRIL.16691	0.996	1.983	0.24696723	0.02941176470588236	2.0999999999999996	0.21503759398496242	0.03759398496240601	0.9851851851851852	1.5014699145480044	7.0	-2.733354340613827	54	0	0	0	1	0.040316774658027354	14	8.0	0.572
MITHRIL.16692	0.996	1.983	0.24696723	0.02941176470588236	0.7000000000000002	0.21503759398496242	0.14661654135338345	0.9851851851851852	1.5014699145480044	7.0	-0.7698802166389414	54	0	0	0	1	0.040316774658027354	14	8.0	0.572
MITHRIL.16693	0.0	-2.9	0.23960408	0.02941176470588236	-1.4000000000000004	0.06330067822155237	0.21778447626224567	0.9829629629629629	1.2431331689926397	3.0	-0.19902697286951448	55	0	0	0	1	0.12193362193362194	15	9.0	0.637
MITHRIL.16694	0.0	-2.9	0.23960408	0.0	0.9000000000000004	0.06330067822155237	0.027128862094951016	0.9829629629629629	1.2431331689926397	3.0	-3.204027653927881	55	0	0	0	1	0.12193362193362194	15	9.0	0.637
MITHRIL.16695	0.0	-2.9	0.23960408	0.0	0.5999999999999996	0.06330067822155237	0.691785983421251	0.9829629629629629	1.2431331689926397	3.0	1.4683976880436147	55	0	0	0	1	0.12193362193362194	15	9.0	0.637
MITHRIL.16696	0.0	0.21	0.23356871	0.0	0.0	0.040770941438102296	0.17420311341734618	0.9992592592592593	1.3337501880501366	2.0	-0.5211576863832679	56	0	0	0	1	0.9992897727272727	16	10.0	1.064
MITHRIL.16697	0.0	0.21	0.23356871	0.0	0.0	0.040770941438102296	0.10007412898443291	0.9992592592592593	1.3337501880501366	2.0	-1.3208590358974368	56	0	0	0	1	0.9992897727272727	16	10.0	1.064
MITHRIL.16698	0.0	0.21	0.23356871	0.0	0.0	0.040770941438102296	0.6849518161601186	0.9992592592592593	1.3337501880501366	2.0	1.45407440846779	56	0	0	0	1	0.9992897727272727	16	10.0	1.064
MITHRIL.16699	0.0	-0.303	0.2308528	0.0	0.0	0.0746043707611153	0.23285606631499622	0.9829629629629629	1.813226300640096	4.0	-0.10248962746581884	57	0	0	0	1	0.9992784992784993	17	11.0	1.115
MITHRIL.16700	0.0	-0.303	0.2308528	0.0	0.0	0.0746043707611153	0.3918613413715147	0.9829629629629629	1.813226300640096	4.0	0.6484151576582611	57	0	0	0	1	0.9992784992784993	17	11.0	1.115
MITHRIL.16701	0.0	-0.303	0.2308528	0.0	0.0	0.0746043707611153	0.3006782215523738	0.9829629629629629	1.813226300640096	4.0	0.26629228085215245	57	0	0	0	1	0.9992784992784993	17	11.0	1.115
MITHRIL.16702	0.0	-0.536	0.23012855	0.0	0.0	0.7770114942528735	0.07049808429118774	0.9666666666666667	1.0950596868880385	4.0	-1.8262721354002338	58	0	0	0	1	0.9992673992673993	18	10.0	0.905
MITHRIL.16703	0.0	-0.536	0.23012855	0.0	0.0	0.7770114942528735	0.034482758620689655	0.9666666666666667	1.0950596868880385	4.0	-2.8579809951275723	58	0	0	0	1	0.9992673992673993	18	10.0	0.905
MITHRIL.16704	0.0	-0.536	0.23012855	0.0	0.0	0.7770114942528735	0.11800766283524904	0.9666666666666667	1.0950596868880385	4.0	-1.0830475507623456	58	0	0	0	1	0.9992673992673993	18	10.0	0.905
MITHRIL.16705	0.0	-3.331	0.23030961	0.0	0.0	0.6716772151898734	0.06645569620253164	0.9362962962962963	1.4056623534240755	3.0	-1.9114633253983428	59	0	0	0	1	0.9984894259818731	19	9.0	0.694
MITHRIL.16706	0.0	-3.331	0.23030961	0.0	0.0	0.6716772151898734	0.10522151898734178	0.9362962962962963	1.4056623534240755	3.0	-1.2484983126759133	59	0	0	0	1	0.9984894259818731	19	9.0	0.694
MITHRIL.16707	0.0	-3.331	0.23030961	0.0	0.0	0.6716772151898734	0.15664556962025317	0.9362962962962963	1.4056623534240755	3.0	-0.6744241280974933	59	0	0	0	1	0.9984894259818731	19	9.0	0.694
MITHRIL.16708	0.0	-0.357	0.23055103	0.0	0.7000000000000002	0.19790888722927558	0.070201643017177	0.9918518518518519	1.2184545607820347	2.0	-1.832351393646673	65	0	0	0	1	0.11945636623748211	20	8.0	1.193
MITHRIL.16709	0.0	-0.357	0.23055103	0.0	0.7999999999999998	0.19790888722927558	0.707244212098581	0.9918518518518519	1.2184545607820347	2.0	1.5002803701440743	65	0	0	0	1	0.11945636623748211	20	8.0	1.193
MITHRIL.16710	0.0	-0.357	0.23055103	0.0	0.7000000000000002	0.19790888722927558	0.024645257654966394	0.9918518518518519	1.2184545607820347	2.0	-3.342546125965857	65	0	0	0	1	0.11945636623748211	20	8.0	1.193
MITHRIL.16711	0.001	0.065	0.23266341	0.02941176470588236	2.2	0.1964152352501867	0.1553398058252427	0.9918518518518519	1.5529323483431505	5.0	-0.6865005271832185	66	0	0	0	1	0.04005722460658083	21	7.0	0.438
MITHRIL.16712	0.001	0.065	0.23266341	0.0	-0.2999999999999998	0.1964152352501867	0.05451829723674384	0.9918518518518519	1.5529323483431505	5.0	-2.197115686444293	66	0	0	0	1	0.04005722460658083	21	7.0	0.438
MITHRIL.16713	0.001	0.065	0.23266341	0.02941176470588236	1.5999999999999996	0.1964152352501867	0.5937266616878267	0.9918518518518519	1.5529323483431505	5.0	1.2478708048474072	66	0	0	0	1	0.04005722460658083	21	7.0	0.438
MITHRIL.16714	0.217	0.953	0.23622427	0.02941176470588236	6.2	0.631264023934181	0.02169035153328347	0.9903703703703703	1.1762658425062238	8.0	-3.5268027549657806	67	0	0	1	0	0.015759312320916905	22	6.0	0.509
MITHRIL.16715	0.217	0.953	0.23622427	0.02941176470588236	3.6	0.631264023934181	0.018698578908002993	0.9903703703703703	1.1762658425062238	8.0	-3.740927560318628	67	0	0	1	0	0.015759312320916905	22	6.0	0.509
MITHRIL.16716	0.217	0.953	0.23622427	0.0	2.3	0.631264023934181	0.32834704562453254	0.9903703703703703	1.1762658425062238	8.0	0.39329337944200543	67	0	0	1	0	0.015759312320916905	22	6.0	0.509
MITHRIL.16717	0.58	0.912	0.23712958	0.02941176470588236	4.2	0.5157894736842106	0.02330827067669173	0.9851851851851852	1.2568171228232563	8.0	-3.4230142200016767	68	0	0	1	0	0.04463642908567315	23	5.0	0.654
MITHRIL.16718	0.58	0.912	0.23712958	0.02941176470588236	4.2	0.5157894736842106	0.4406015037593985	0.9851851851851852	1.2568171228232563	8.0	0.8175463240336959	68	0	0	1	0	0.04463642908567315	23	5.0	0.654
MITHRIL.16719	0.58	0.912	0.23712958	0.02941176470588236	4.2	0.5157894736842106	0.02030075187969925	0.9851851851851852	1.2568171228232563	8.0	-3.6223230282250833	68	0	0	1	0	0.04463642908567315	23	5.0	0.654
MITHRIL.16720	0.999	2.864	0.23782365	0.02941176470588236	0.5	0.7385079125847777	0.0015071590052750565	0.9829629629629629	0.8596982395273584	14.0	-7.373952655370194	69	0	0	1	0	0.001443001443001443	24	4.0	0.26
MITHRIL.16721	0.999	2.864	0.23782365	0.02941176470588236	0.9000000000000004	0.7385079125847777	0.2592313489073097	0.9829629629629629	0.8596982395273584	14.0	0.05231209933190446	69	0	0	1	0	0.001443001443001443	24	4.0	0.26
MITHRIL.16722	0.999	2.864	0.23782365	0.02941176470588236	0.40000000000000036	0.7385079125847777	0.0007535795026375283	0.9829629629629629	0.8596982395273584	14.0	-8.373952655370193	69	0	0	1	0	0.001443001443001443	24	4.0	0.26
MITHRIL.16723	1.0	6.798	0.2358018	0.02941176470588236	1.0999999999999996	0.9807407407407407	0.002962962962962963	1.0	0.1638955660113081	25.0	-6.3987436919381935	70	0	1	0	0	0.014904187366926898	25	3.0	0.358
MITHRIL.16724	1.0	6.798	0.2358018	0.0	-0.40000000000000036	0.9807407407407407	0.005185185185185185	1.0	0.1638955660113081	25.0	-5.591388769880589	70	0	1	0	0	0.014904187366926898	25	3.0	0.358
MITHRIL.16725	1.0	6.798	0.2358018	0.02941176470588236	1.2000000000000002	0.9807407407407407	0.011111111111111112	1.0	0.1638955660113081	25.0	-4.491853096329675	70	0	1	0	0	0.014904187366926898	25	3.0	0.358
MITHRIL.16726	0.996	2.633	0.2333273	0.02941176470588236	3.9	0.3962962962962963	0.005925925925925926	1.0	1.220028629981869	5.0	-5.3987436919381935	71	0	1	0	0	0.0099361249112846	26	4.0	0.677
MITHRIL.16727	0.996	2.633	0.2333273	0.0	0.0	0.3962962962962963	0.56	1.0	1.220028629981869	5.0	1.1634987322828796	71	0	1	0	0	0.0099361249112846	26	4.0	0.677
MITHRIL.16728	0.996	2.633	0.2333273	0.02941176470588236	3.2	0.3962962962962963	0.03777777777777778	1.0	1.220028629981869	5.0	-2.7263183499666974	71	0	1	0	0	0.0099361249112846	26	4.0	0.677
MITHRIL.16729	0.0	-1.444	0.23205987	0.02941176470588236	3.9	0.5192592592592593	0.06666666666666667	1.0	1.623396014073466	8.0	-1.9068905956085185	72	0	1	0	0	0.0880056777856636	27	5.0	0.369
MITHRIL.16730	0.0	-1.444	0.23205987	0.02941176470588236	3.9	0.5192592592592593	0.30444444444444446	1.0	1.623396014073466	8.0	0.2842508917434897	72	0	1	0	0	0.0880056777856636	27	5.0	0.369
MITHRIL.16731	0.0	-1.444	0.23205987	0.02941176470588236	3.9	0.5192592592592593	0.10962962962962963	1.0	1.623396014073466	8.0	-1.1892903263092434	72	0	1	0	0	0.0880056777856636	27	5.0	0.369
MITHRIL.16732	0.0	0.397	0.22892148	0.02941176470588236	3.7	0.4103703703703704	0.002962962962962963	1.0	1.030454807699021	8.0	-6.3987436919381935	73	0	1	0	0	0.0205819730305181	28	6.0	0.288
MITHRIL.16733	0.0	0.397	0.22892148	0.02941176470588236	3.7	0.4103703703703704	0.5837037037037037	1.0	1.030454807699021	8.0	1.2233081275181832	73	0	1	0	0	0.0205819730305181	28	6.0	0.288
MITHRIL.16734	0.0	0.397	0.22892148	0.02941176470588236	3.7	0.4103703703703704	0.002962962962962963	1.0	1.030454807699021	8.0	-6.3987436919381935	73	0	1	0	0	0.0205819730305181	28	6.0	0.288
MITHRIL.16735	0.0	-0.416	0.22548132	0.02941176470588236	4.5	0.3940740740740741	0.0022222222222222222	1.0	1.0365955379722873	7.0	-6.813781191217037	74	0	1	0	0	0.1156848828956707	29	7.0	0.358
MITHRIL.16736	0.0	-0.416	0.22548132	0.02941176470588236	4.5	0.3940740740740741	0.5977777777777777	1.0	1.0365955379722873	7.0	1.257681171339587	74	0	1	0	0	0.1156848828956707	29	7.0	0.358
MITHRIL.16737	0.0	-0.416	0.22548132	0.02941176470588236	4.5	0.3940740740740741	0.005925925925925926	1.0	1.0365955379722873	7.0	-5.3987436919381935	74	0	1	0	0	0.1156848828956707	29	7.0	0.358
MITHRIL.16738	0.968	2.321	0.22065303	0.02941176470588236	6.4	0.7518518518518519	0.015555555555555555	1.0	0.9280575881492771	13.0	-4.006426269159433	75	0	1	0	0	0.0014194464158978	30	8.0	0.168
MITHRIL.16739	0.968	2.321	0.22065303	0.02941176470588236	3.8	0.7518518518518519	0.005185185185185185	1.0	0.9280575881492771	13.0	-5.591388769880589	75	0	1	0	0	0.0014194464158978	30	8.0	0.168
MITHRIL.16740	0.968	2.321	0.22065303	0.0	2.5999999999999996	0.7518518518518519	0.22740740740740742	1.0	0.9280575881492771	13.0	-0.13664884656801377	75	0	1	0	0	0.0014194464158978	30	8.0	0.168
MITHRIL.16741	1.0	7.389	0.21597562	0.02941176470588236	0.7999999999999998	0.9844444444444445	0.008148148148148147	1.0	0.13470390292631562	14.0	-4.939312073300896	76	0	1	0	0	0.0042583392476933995	31	9.0	0.267
MITHRIL.16742	1.0	7.389	0.21597562	0.02941176470588236	1.2999999999999998	0.9844444444444445	0.006666666666666667	1.0	0.13470390292631562	14.0	-5.22881869049588	76	0	1	0	0	0.0042583392476933995	31	9.0	0.267
MITHRIL.16743	1.0	7.389	0.21597562	0.02941176470588236	0.9000000000000004	0.9844444444444445	0.0007407407407407407	1.0	0.13470390292631562	14.0	-8.398743691938193	76	0	1	0	0	0.0042583392476933995	31	9.0	0.267
MITHRIL.16744	1.0	9.189	0.21141891	0.0	0.0	0.8396436525612472	0.15664439495174462	0.9977777777777778	0.6659514975547202	14.0	-0.674434946755118	77	1	0	0	0	0.9985775248933144	32	10.0	0.779
MITHRIL.16745	1.0	9.189	0.21141891	0.0	0.5999999999999996	0.8396436525612472	0.0014847809948032665	0.9977777777777778	0.6659514975547202	14.0	-7.395534135462303	77	1	0	0	0	0.9985775248933144	32	10.0	0.779
MITHRIL.16746	1.0	9.189	0.21141891	0.0	0.5999999999999996	0.8396436525612472	0.0022271714922048997	0.9977777777777778	0.6659514975547202	14.0	-6.810571634741147	77	1	0	0	0	0.9985775248933144	32	10.0	0.779
MITHRIL.16768	0.997	1.886	0.20725451	0.0	0.5999999999999996	0.9435114503816794	0.01450381679389313	0.9718100890207715	0.4205967386069344	4.0	-4.107423582981228	77	1	0	0	0	1.0	5	5.0	0.779
MITHRIL.16769	0.997	1.886	0.20725451	0.0	0.0	0.9435114503816794	0.03282442748091603	0.9718100890207715	0.4205967386069344	4.0	-2.9290863417227144	77	1	0	0	0	1.0	5	5.0	0.779
MITHRIL.16770	0.997	1.886	0.20725451	0.0	0.5999999999999996	0.9435114503816794	0.00916030534351145	0.9718100890207715	0.4205967386069344	4.0	-4.770388595703657	77	1	0	0	0	1.0	5	5.0	0.779
MITHRIL.16771	1.0	5.623	0.20933671	0.02898550724637683	0.5	0.9213066072754269	0.0022271714922048997	0.9992581602373887	0.45261812086148695	13.0	-6.810571634741147	76	0	1	0	0	0.009475218658892129	4	4.0	0.267
MITHRIL.16772	1.0	5.623	0.20933671	0.02898550724637683	0.8999999999999986	0.9213066072754269	0.06755753526354863	0.9992581602373887	0.45261812086148695	13.0	-1.8877394952636068	76	0	1	0	0	0.009475218658892129	4	4.0	0.267
MITHRIL.16773	1.0	5.623	0.20933671	0.02898550724637683	0.5999999999999996	0.9213066072754269	0.008908685968819599	0.9992581602373887	0.45261812086148695	13.0	-4.810571634741147	76	0	1	0	0	0.009475218658892129	4	4.0	0.267
MITHRIL.16774	1.0	5.599	0.2102722	0.02898550724637683	4.199999999999999	0.8953229398663697	0.0022271714922048997	0.9992581602373887	0.5528847790323574	9.0	-6.810571634741147	75	0	1	0	0	0.0007288629737609329	3	3.0	0.168
MITHRIL.16775	1.0	5.599	0.2102722	0.02898550724637683	4.199999999999999	0.8953229398663697	0.09057164068299926	0.9992581602373887	0.5528847790323574	9.0	-1.4647967978994167	75	0	1	0	0	0.0007288629737609329	3	3.0	0.168
MITHRIL.16776	1.0	5.599	0.2102722	0.02898550724637683	4.199999999999999	0.8953229398663697	0.011878247958426132	0.9992581602373887	0.5528847790323574	9.0	-4.395534135462303	75	0	1	0	0	0.0007288629737609329	3	3.0	0.168
MITHRIL.16777	1.0	2.982	0.21069467	0.0	2.6999999999999993	0.8322197475872308	0.12546399406087602	0.9992581602373887	0.8320630771061354	9.0	-0.9946546991801188	74	0	1	0	0	0.0029154518950437317	2	2.0	0.358
MITHRIL.16778	1.0	2.982	0.21069467	0.02898550724637683	4.0	0.8322197475872308	0.020786933927245732	0.9992581602373887	0.8320630771061354	9.0	-3.588179213404699	74	0	1	0	0	0.0029154518950437317	2	2.0	0.358
MITHRIL.16779	1.0	2.982	0.21069467	0.02898550724637683	6.6	0.8322197475872308	0.021529324424647365	0.9992581602373887	0.8320630771061354	9.0	-3.537553140334731	74	0	1	0	0	0.0029154518950437317	2	2.0	0.358
MITHRIL.16780	0.988	2.273	0.21238457	0.0	2.799999999999999	0.3405044510385757	0.6357566765578635	1.0	1.0940481573389413	9.0	1.3465466129306414	73	0	1	0	0	0.008011653313911144	1	1.0	0.288
MITHRIL.16781	0.988	2.273	0.21238457	0.02898550724637683	3.3999999999999986	0.3405044510385757	0.00741839762611276	1.0	1.0940481573389413	9.0	-5.074676686294496	73	0	1	0	0	0.008011653313911144	1	1.0	0.288
MITHRIL.16782	0.988	2.273	0.21238457	0.02898550724637683	6.0	0.3405044510385757	0.016320474777448073	1.0	1.0940481573389413	9.0	-3.937173162544561	73	0	1	0	0	0.008011653313911144	1	1.0	0.288
MITHRIL.16783	0.476	0.791	0.21398395	0.02898550724637683	1.6999999999999993	0.22626112759643918	0.5749258160237388	1.0	1.5124375674044344	9.0	1.2014477189797412	72	0	1	0	0	0.023306627822286964	0	0.0	0.369
MITHRIL.16784	0.476	0.791	0.21398395	0.0	-2.6999999999999993	0.22626112759643918	0.02373887240356083	1.0	1.5124375674044344	9.0	-3.3966047811818583	72	0	1	0	0	0.023306627822286964	0	0.0	0.369
MITHRIL.16785	0.476	0.791	0.21398395	0.02898550724637683	4.5	0.22626112759643918	0.17507418397626112	1.0	1.5124375674044344	9.0	-0.5139617318200173	72	0	1	0	0	0.023306627822286964	0	0.0	0.369
MITHRIL.16786	0.117	-0.41	0.2149496	0.02898550724637683	6.5	0.4443620178041543	0.1016320474777448	1.0	1.477358374600601	9.0	-1.2985726982213317	71	0	1	0	0	0.04879825200291333	1	1.0	0.677
MITHRIL.16787	0.117	-0.41	0.2149496	0.02898550724637683	6.5	0.4443620178041543	0.017062314540059347	1.0	1.477358374600601	9.0	-3.8730428251248457	71	0	1	0	0	0.04879825200291333	1	1.0	0.677
MITHRIL.16788	0.117	-0.41	0.2149496	0.02898550724637683	6.5	0.4443620178041543	0.43694362017804156	1.0	1.477358374600601	9.0	0.8055190426486023	71	0	1	0	0	0.04879825200291333	1	1.0	0.677
MITHRIL.16789	0.967	2.255	0.21642827	0.02898550724637683	1.299999999999999	0.7410979228486647	0.14614243323442136	1.0	1.1919232327076532	10.0	-0.7745529617254823	70	0	1	0	0	0.03641660597232338	2	2.0	0.358
MITHRIL.16790	0.967	2.255	0.21642827	0.0	0.0	0.7410979228486647	0.04821958456973294	1.0	1.1919232327076532	10.0	-2.374236968153404	70	0	1	0	0	0.03641660597232338	2	2.0	0.358
MITHRIL.16791	0.967	2.255	0.21642827	0.02898550724637683	1.5	0.7410979228486647	0.064540059347181	1.0	1.1919232327076532	10.0	-1.9536612853331303	70	0	1	0	0	0.03641660597232338	2	2.0	0.358
MITHRIL.16792	0.973	1.931	0.21663951	0.0	2.1999999999999993	0.721161191749427	0.2666157372039725	0.9710682492581603	0.9470367990456169	5.0	0.0928338442644116	69	0	0	1	0	0.0007496251874062968	3	3.0	0.26
MITHRIL.16793	0.973	1.931	0.21663951	0.02898550724637683	3.3999999999999986	0.721161191749427	0.0106951871657754	0.9710682492581603	0.9470367990456169	5.0	-4.546894459887636	69	0	0	1	0	0.0007496251874062968	3	3.0	0.26
MITHRIL.16794	0.973	1.931	0.21663951	0.02898550724637683	3.5	0.721161191749427	0.0015278838808250573	0.9710682492581603	0.9470367990456169	5.0	-7.354249381945241	69	0	0	1	0	0.0007496251874062968	3	3.0	0.26
MITHRIL.16795	0.905	0.469	0.21606615	0.02898550724637683	6.699999999999999	0.7692895339954163	0.03972498090145149	0.9710682492581603	1.0309008486036617	9.0	-2.6538096638041484	68	0	0	1	0	0.005997001499250375	4	4.0	0.654
MITHRIL.16796	0.905	0.469	0.21606615	0.02898550724637683	6.699999999999999	0.7692895339954163	0.01833460656990069	0.9710682492581603	1.0309008486036617	9.0	-3.7692868812240845	68	0	0	1	0	0.005997001499250375	4	4.0	0.654
MITHRIL.16797	0.905	0.469	0.21606615	0.02898550724637683	6.699999999999999	0.7692895339954163	0.17265087853323147	0.9710682492581603	1.0309008486036617	9.0	-0.5340704195300531	68	0	0	1	0	0.005997001499250375	4	4.0	0.654
MITHRIL.16798	0.907	1.142	0.21525137	0.02898550724637683	3.8999999999999986	0.6072234762979684	0.005267118133935289	0.9859050445103857	1.3552606995291363	9.0	-5.56877046721857	67	0	0	1	0	0.025110782865583457	5	5.0	0.509
MITHRIL.16799	0.907	1.142	0.21525137	0.02898550724637683	4.0	0.6072234762979684	0.26636568848758463	0.9859050445103857	1.3552606995291363	9.0	0.09148016080682284	67	0	0	1	0	0.025110782865583457	5	5.0	0.509
MITHRIL.16800	0.907	1.142	0.21525137	0.02898550724637683	4.899999999999999	0.6072234762979684	0.12114371708051166	0.9859050445103857	1.3552606995291363	9.0	-1.0452085111615574	67	0	0	1	0	0.025110782865583457	5	5.0	0.509
MITHRIL.16801	0.909	0.541	0.21425554	0.02898550724637683	1.1999999999999993	0.38277153558052435	0.03295880149812734	0.9903560830860534	1.3384097473053966	5.0	-2.923192407937619	66	0	0	1	0	0.013970588235294118	6	6.0	0.438
MITHRIL.16802	0.909	0.541	0.21425554	0.0	-2.6000000000000014	0.38277153558052435	0.549063670411985	0.9903560830860534	1.3384097473053966	5.0	1.1350453615588956	66	0	0	1	0	0.013970588235294118	6	6.0	0.438
MITHRIL.16803	0.909	0.541	0.21425554	0.02898550724637683	3.799999999999999	0.38277153558052435	0.03520599250936329	0.9903560830860534	1.3384097473053966	5.0	-2.828035174897279	66	0	0	1	0	0.013970588235294118	6	6.0	0.438
MITHRIL.16804	0.943	2.549	0.21205263	0.02898550724637683	1.8999999999999986	0.16704119850187266	0.02397003745318352	0.9903560830860534	1.076661591316817	5.0	-3.3826240265749163	65	0	0	1	0	0.06911764705882353	7	7.0	0.349
MITHRIL.16805	0.943	2.549	0.21205263	0.02898550724637683	1.6999999999999993	0.16704119850187266	0.7602996254681648	0.9903560830860534	1.076661591316817	5.0	1.6046399854976223	65	0	0	1	0	0.06911764705882353	7	7.0	0.349
MITHRIL.16806	0.943	2.549	0.21205263	0.02898550724637683	2.3999999999999986	0.16704119850187266	0.04868913857677903	0.9903560830860534	1.076661591316817	5.0	-2.3602562135464615	65	0	0	1	0	0.06911764705882353	7	7.0	0.349
MITHRIL.16807	0.773	1.798	0.21166033	0.0	-0.6000000000000014	0.8734419942473634	0.05177372962607862	0.7737388724035609	0.8603673703604051	3.0	-2.271635940356297	62	0	0	0	1	1.0	8	8.0	1.067
MITHRIL.16808	0.773	1.798	0.21166033	0.0	0.0	0.8734419942473634	0.04793863854266539	0.7737388724035609	0.8603673703604051	3.0	-2.382667252745041	62	0	0	0	1	1.0	8	8.0	1.067
MITHRIL.16809	0.773	1.798	0.21166033	0.0	-0.7000000000000011	0.8734419942473634	0.026845637583892617	0.7737388724035609	0.8603673703604051	3.0	-3.2191685204621616	62	0	0	0	1	1.0	8	8.0	1.067
MITHRIL.16810	0.0	-2.108	0.21123785	0.0	0.0	0.6366145354185833	0.10119595216191353	0.8063798219584569	1.4363655533877646	4.0	-1.3047765115026495	61	0	0	0	1	1.0	9	9.0	1.193
MITHRIL.16811	0.0	-2.108	0.21123785	0.0	0.0	0.6366145354185833	0.0671573137074517	0.8063798219584569	1.4363655533877646	4.0	-1.8963116661472919	61	0	0	0	1	1.0	9	9.0	1.193
MITHRIL.16812	0.0	-2.108	0.21123785	0.0	0.0	0.6366145354185833	0.19503219871205152	0.8063798219584569	1.4363655533877646	4.0	-0.35821577046410996	61	0	0	0	1	1.0	9	9.0	1.193
MITHRIL.16813	0.0	-0.944	0.21452713	0.0	0.0	0.0801056338028169	0.3846830985915493	0.8427299703264095	1.3942412432193985	5.0	0.6217423499959164	60	0	0	0	1	1.0	10	10.0	0.694
MITHRIL.16814	0.0	-0.944	0.21452713	0.0	0.0	0.0801056338028169	0.01584507042253521	0.8427299703264095	1.3942412432193985	5.0	-3.9798221180623696	60	0	0	0	1	1.0	10	10.0	0.694
MITHRIL.16815	0.0	-0.944	0.21452713	0.0	0.0	0.0801056338028169	0.5193661971830986	0.8427299703264095	1.3942412432193985	5.0	1.0548240247445215	60	0	0	0	1	1.0	10	10.0	0.694
MITHRIL.16816	0.0	-6.239	0.21727322	0.0	0.0	0.396734693877551	0.14857142857142858	0.908753709198813	1.5095196861672888	5.0	-0.7507713936912366	59	0	0	0	1	1.0	11	11.0	0.905
MITHRIL.16817	0.0	-6.239	0.21727322	0.0	0.0	0.396734693877551	0.009795918367346938	0.908753709198813	1.5095196861672888	5.0	-4.673603533168777	59	0	0	0	1	1.0	11	11.0	0.905
MITHRIL.16818	0.0	-6.239	0.21727322	0.0	0.0	0.396734693877551	0.4448979591836735	0.908753709198813	1.5095196861672888	5.0	0.8315463857743558	59	0	0	0	1	1.0	11	11.0	0.905
MITHRIL.16819	0.0	-0.295	0.21995896	0.0	0.0	0.07036747458952307	0.1016419077404222	0.9488130563798219	1.0094367941950442	2.0	-1.2984327358531826	58	0	0	0	1	1.0	12	11.0	1.115
MITHRIL.16820	0.0	-0.295	0.21995896	0.0	0.0	0.07036747458952307	0.024237685691946835	0.9488130563798219	1.0094367941950442	2.0	-3.366604238494762	58	0	0	0	1	1.0	12	11.0	1.115
MITHRIL.16821	0.0	-0.295	0.21995896	0.0	0.0	0.07036747458952307	0.8037529319781079	0.9488130563798219	1.0094367941950442	2.0	1.6848240003122412	58	0	0	0	1	1.0	12	11.0	1.115
MITHRIL.16822	0.175	3.262	0.22484761	0.0	0.0	0.8727272727272727	0.030303030303030304	0.9792284866468842	0.7359708962538918	3.0	-3.0443941193584534	57	0	0	0	1	1.0	13	10.0	1.064
MITHRIL.16823	0.175	3.262	0.22484761	0.0	0.0	0.8727272727272727	0.019696969696969695	0.9792284866468842	0.7359708962538918	3.0	-3.665882496104724	57	0	0	0	1	1.0	13	10.0	1.064
MITHRIL.16824	0.175	3.262	0.22484761	0.0	0.0	0.8727272727272727	0.07727272727272727	0.9792284866468842	0.7359708962538918	3.0	-1.6938968722743202	57	0	0	0	1	1.0	13	10.0	1.064
MITHRIL.16825	0.0	-2.296	0.23248235	0.0	-0.7000000000000011	0.23756495916852263	0.27319970304380103	0.9992581602373887	1.6487552269587318	5.0	0.1280278205947097	56	0	0	0	1	1.0	14	9.0	0.637
MITHRIL.16826	0.0	-2.296	0.23248235	0.0	0.29999999999999893	0.23756495916852263	0.024498886414253896	0.9992581602373887	1.6487552269587318	5.0	-3.35114001610385	56	0	0	0	1	1.0	14	9.0	0.637
MITHRIL.16827	0.0	-2.296	0.23248235	0.0	0.0	0.23756495916852263	0.4647364513734224	0.9992581602373887	1.6487552269587318	5.0	0.8944847114703152	56	0	0	0	1	1.0	14	9.0	0.637
MITHRIL.16828	0.002	1.524	0.24497556	0.02898550724637683	1.1999999999999993	0.13368983957219252	0.05576776165011459	0.9710682492581603	1.0643776975937806	5.0	-2.1644248230652234	55	0	0	1	0	0.0704647676161919	13	8.0	0.225
MITHRIL.16829	0.002	1.524	0.24497556	0.0	0.7999999999999989	0.13368983957219252	0.7799847211611918	0.9710682492581603	1.0643776975937806	5.0	1.6415177689325609	55	0	0	1	0	0.0704647676161919	13	8.0	0.225
MITHRIL.16830	0.002	1.524	0.24497556	0.02898550724637683	2.0	0.13368983957219252	0.030557677616501147	0.9710682492581603	1.0643776975937806	5.0	-3.0323212870578784	55	0	0	1	0	0.0704647676161919	13	8.0	0.225
MITHRIL.16831	0.0	-1.58	0.25698594	0.02898550724637683	3.3999999999999986	0.6233766233766234	0.04736440030557677	0.9710682492581603	1.2737869777485127	3.0	-2.4000530715583657	54	0	0	1	0	0.01424287856071964	12	7.0	0.572
MITHRIL.16832	0.0	-1.58	0.25698594	0.02898550724637683	3.799999999999999	0.6233766233766234	0.019862490450725745	0.9710682492581603	1.2737869777485127	3.0	-3.6538096638041484	54	0	0	1	0	0.01424287856071964	12	7.0	0.572
MITHRIL.16833	0.0	-1.58	0.25698594	0.0	0.09999999999999964	0.6233766233766234	0.3093964858670741	0.9710682492581603	1.2737869777485127	3.0	0.3075287158267462	54	0	0	1	0	0.01424287856071964	12	7.0	0.572
MITHRIL.16834	0.0	-0.334	0.27291931	0.02898550724637683	3.799999999999999	0.37020316027088035	0.14070729872084273	0.9859050445103857	1.484252446713052	5.0	-0.8292309293885379	53	0	0	1	0	0.025110782865583457	11	6.0	0.521
MITHRIL.16835	0.0	-0.334	0.27291931	0.0	0.7999999999999989	0.37020316027088035	0.4823175319789315	0.9859050445103857	1.484252446713052	5.0	0.9480551573425665	53	0	0	1	0	0.025110782865583457	11	6.0	0.521
MITHRIL.16836	0.0	-0.334	0.27291931	0.02898550724637683	3.8999999999999986	0.37020316027088035	0.006772009029345372	0.9859050445103857	1.484252446713052	5.0	-5.206200387833862	53	0	0	1	0	0.025110782865583457	11	6.0	0.521
MITHRIL.16837	0.369	1.264	0.2875249	0.0	2.0	0.19250936329588014	0.7438202247191011	0.9903560830860534	1.0949933252440218	5.0	1.5730258809534576	52	0	0	1	0	0.0058823529411764705	10	5.0	0.383
MITHRIL.16838	0.369	1.264	0.2875249	0.02898550724637683	4.1	0.19250936329588014	0.0299625468164794	0.9903560830860534	1.0949933252440218	5.0	-3.0606959316875537	52	0	0	1	0	0.0058823529411764705	10	5.0	0.383
MITHRIL.16839	0.369	1.264	0.2875249	0.02898550724637683	6.699999999999999	0.19250936329588014	0.033707865168539325	0.9903560830860534	1.0949933252440218	5.0	-2.8907709302452416	52	0	0	1	0	0.0058823529411764705	10	5.0	0.383
MITHRIL.16840	0.666	1.132	0.29938439	0.02898550724637683	4.399999999999999	0.8059925093632959	0.0044943820224719105	0.9903560830860534	0.7957310493598343	10.0	-5.79766152585376	51	0	0	1	0	0.0007352941176470588	9	4.0	0.409
MITHRIL.16841	0.666	1.132	0.29938439	0.02898550724637683	4.199999999999999	0.8059925093632959	0.008239700374531835	0.9903560830860534	0.7957310493598343	10.0	-4.923192407937619	51	0	0	1	0	0.0007352941176470588	9	4.0	0.409
MITHRIL.16842	0.666	1.132	0.29938439	0.02898550724637683	3.799999999999999	0.8059925093632959	0.18127340823970037	0.9903560830860534	0.7957310493598343	10.0	-0.46376078930032183	51	0	0	1	0	0.0007352941176470588	9	4.0	0.409
MITHRIL.16843	1.0	7.128	0.31202849	0.0	0.09999999999999964	0.9610778443113772	0.0007485029940119761	0.9910979228486647	0.28174900192389696	14.0	-8.383704292474052	49	1	0	0	0	1.0	8	5.0	0.914
MITHRIL.16844	1.0	7.128	0.31202849	0.0	0.0	0.9610778443113772	0.008233532934131737	0.9910979228486647	0.28174900192389696	14.0	-4.924272673836755	49	1	0	0	0	1.0	8	5.0	0.914
MITHRIL.16845	1.0	7.128	0.31202849	0.0	0.0	0.9610778443113772	0.029940119760479042	0.9910979228486647	0.28174900192389696	14.0	-3.0617761975866897	49	1	0	0	0	1.0	8	5.0	0.914
MITHRIL.16846	1.0	3.967	0.32346551	0.0	0.0	0.8300898203592815	0.03592814371257485	0.9910979228486647	0.8310344761976561	14.0	-2.7987417917528963	48	1	0	0	0	1.0	7	5.0	0.311
MITHRIL.16847	1.0	3.967	0.32346551	0.0	0.0	0.8300898203592815	0.12649700598802396	0.9910979228486647	0.8310344761976561	14.0	-0.9828248561918678	48	1	0	0	0	1.0	7	5.0	0.311
MITHRIL.16848	1.0	3.967	0.32346551	0.0	0.0	0.8300898203592815	0.0074850299401197605	0.9910979228486647	0.8310344761976561	14.0	-5.06177619758669	48	1	0	0	0	1.0	7	5.0	0.311
MITHRIL.16849	0.998	3.784	0.33315227	0.0	0.0	0.7544910179640718	0.048652694610778445	0.9910979228486647	1.0066458237487925	14.0	-2.3613364794455975	47	1	0	0	0	1.0	6	4.0	0.964
MITHRIL.16850	0.998	3.784	0.33315227	0.0	0.0	0.7544910179640718	0.0029940119760479044	0.9910979228486647	1.0066458237487925	14.0	-6.383704292474052	47	1	0	0	0	1.0	6	4.0	0.964
MITHRIL.16851	0.998	3.784	0.33315227	0.0	0.0	0.7544910179640718	0.19386227544910178	0.9910979228486647	1.0066458237487925	14.0	-0.36689600478749845	47	1	0	0	0	1.0	6	4.0	0.964
MITHRIL.16852	0.094	0.465	0.34259762	0.0	-0.10000000000000142	0.23802395209580837	0.04266467065868264	0.9910979228486647	1.1604836466504802	8.0	-2.5508142783093106	46	1	0	0	0	0.7325495958853784	5	3.0	1.085
MITHRIL.16853	0.094	0.465	0.34259762	0.0	0.0	0.23802395209580837	0.019461077844311378	0.9910979228486647	1.1604836466504802	8.0	-3.68326457433296	46	1	0	0	0	0.7325495958853784	5	3.0	1.085
MITHRIL.16854	0.094	0.465	0.34259762	0.0	-0.40000000000000036	0.23802395209580837	0.6998502994011976	0.9910979228486647	1.1604836466504802	8.0	1.4851182623009467	46	1	0	0	0	0.7325495958853784	5	3.0	1.085
MITHRIL.16855	0.0	-0.838	0.3586517	0.02898550724637683	1.299999999999999	0.20474777448071216	0.25741839762611274	1.0	1.5840056380922045	8.0	0.04218707139640232	45	0	0	1	0	0.10196649672250546	4	2.0	0.593
MITHRIL.16856	0.0	-0.838	0.3586517	0.0	-1.6999999999999993	0.20474777448071216	0.021513353115727003	1.0	1.5840056380922045	8.0	-3.5386237860542864	45	0	0	1	0	0.10196649672250546	4	2.0	0.593
MITHRIL.16857	0.0	-0.838	0.3586517	0.02898550724637683	1.3999999999999986	0.20474777448071216	0.516320474777448	1.0	1.5840056380922045	8.0	1.0463387146668697	45	0	0	1	0	0.10196649672250546	4	2.0	0.593
MITHRIL.16858	0.0	-0.065	0.37078279	0.02898550724637683	6.5	0.6320474777448071	0.09347181008902077	1.0	1.2991298090594787	5.0	-1.4193248576819422	44	0	0	1	0	0.05680990531682447	3	3.0	0.697
MITHRIL.16859	0.0	-0.065	0.37078279	0.02898550724637683	6.5	0.6320474777448071	0.00741839762611276	1.0	1.2991298090594787	5.0	-5.074676686294496	44	0	0	1	0	0.05680990531682447	3	3.0	0.697
MITHRIL.16860	0.0	-0.065	0.37078279	0.02898550724637683	6.5	0.6320474777448071	0.26706231454005935	1.0	1.2991298090594787	5.0	0.09524831514781627	44	0	0	1	0	0.05680990531682447	3	3.0	0.697
MITHRIL.16861	0.429	2.58	0.38312511	0.02898550724637683	4.6	0.9540059347181009	0.014094955489614243	1.0	0.3416075244519534	4.0	-4.148677267738273	43	0	0	1	0	0.005098324836125273	2	2.0	0.389
MITHRIL.16862	0.429	2.58	0.38312511	0.0	0.6999999999999993	0.9540059347181009	0.014094955489614243	1.0	0.3416075244519534	4.0	-4.148677267738273	43	0	0	1	0	0.005098324836125273	2	2.0	0.389
MITHRIL.16863	0.429	2.58	0.38312511	0.02898550724637683	4.699999999999999	0.9540059347181009	0.017804154302670624	1.0	0.3416075244519534	4.0	-3.811642280460702	43	0	0	1	0	0.005098324836125273	2	2.0	0.389
MITHRIL.16864	0.104	0.693	0.40053715	0.0	2.1999999999999993	0.8605341246290801	0.13353115727002968	1.0	0.6214715569896654	7.0	-0.9047516848521837	42	0	0	1	0	0.003641660597232338	1	1.0	0.291
MITHRIL.16865	0.104	0.693	0.40053715	0.02898550724637683	3.799999999999999	0.8605341246290801	0.000741839762611276	1.0	0.6214715569896654	7.0	-8.396604781181859	42	0	0	1	0	0.003641660597232338	1	1.0	0.291
MITHRIL.16866	0.104	0.693	0.40053715	0.02898550724637683	6.399999999999999	0.8605341246290801	0.0051928783382789315	1.0	0.6214715569896654	7.0	-5.589249859124254	42	0	0	1	0	0.003641660597232338	1	1.0	0.291
MITHRIL.16867	0.105	0.884	0.41505221	0.02898550724637683	2.6999999999999993	0.706973293768546	0.17655786350148367	1.0	1.265496785841783	8.0	-0.501787017873915	41	0	0	1	0	0.01529497450837582	0	0.0	0.394
MITHRIL.16868	0.105	0.884	0.41505221	0.02898550724637683	2.5	0.706973293768546	0.04080118694362018	1.0	1.265496785841783	8.0	-2.6152450676571988	41	0	0	1	0	0.01529497450837582	0	0.0	0.394
MITHRIL.16869	0.105	0.884	0.41505221	0.02898550724637683	2.8999999999999986	0.706973293768546	0.07566765578635015	1.0	1.265496785841783	8.0	-1.7241794392103629	41	0	0	1	0	0.01529497450837582	0	0.0	0.394
MITHRIL.16870	0.124	1.71	0.4297785	0.0	1.0999999999999996	0.7997032640949555	0.020029673590504452	1.0	0.9745025263191305	3.0	-3.64171727901839	40	0	0	0	1	1.0	0	0.0	0.403
MITHRIL.16871	0.124	1.71	0.4297785	0.0	0.8999999999999986	0.7997032640949555	0.05341246290801187	1.0	0.9745025263191305	3.0	-2.226679779739546	40	0	0	0	1	1.0	0	0.0	0.403
MITHRIL.16872	0.124	1.71	0.4297785	0.0	1.0999999999999996	0.7997032640949555	0.12685459940652818	1.0	0.9745025263191305	3.0	-0.9787522662959607	40	0	0	0	1	1.0	0	0.0	0.403
MITHRIL.16873	0.125	0.047	0.44284507	0.0	0.0	0.07270029673590504	0.0	1.0	0.3759207758702071	7.0	-44.50699332842307	39	0	0	0	1	1.0	0	0.0	0.44
MITHRIL.16874	0.125	0.047	0.44284507	0.0	0.0	0.07270029673590504	0.0	1.0	0.3759207758702071	7.0	-44.50699332842307	39	0	0	0	1	1.0	0	0.0	0.44
MITHRIL.16875	0.125	0.047	0.44284507	0.0	0.0	0.07270029673590504	0.9272997032640949	1.0	0.3759207758702071	7.0	1.891107598367591	39	0	0	0	1	1.0	0	0.0	0.44
MITHRIL.16876	1.0	6.467	0.45594182	0.0	0.0	1.0	0.0	1.0	-1.601713251907458e-15	27.0	-44.50699332842307	38	0	0	0	1	1.0	1	1.0	0.047
MITHRIL.16877	1.0	6.467	0.45594182	0.0	0.0	1.0	0.0	1.0	-1.601713251907458e-15	27.0	-44.50699332842307	38	0	0	0	1	1.0	1	1.0	0.047
MITHRIL.16878	1.0	6.467	0.45594182	0.0	0.0	1.0	0.0	1.0	-1.601713251907458e-15	27.0	-44.50699332842307	38	0	0	0	1	1.0	1	1.0	0.047
MITHRIL.16879	1.0	4.638	0.46617177	0.0	0.0	1.0	0.0	1.0	-1.601713251907458e-15	27.0	-44.50699332842307	37	0	0	0	1	1.0	2	2.0	0.044
MITHRIL.16880	1.0	4.638	0.46617177	0.0	0.0	1.0	0.0	1.0	-1.601713251907458e-15	27.0	-44.50699332842307	37	0	0	0	1	1.0	2	2.0	0.044
MITHRIL.16881	1.0	4.638	0.46617177	0.0	0.0	1.0	0.0	1.0	-1.601713251907458e-15	27.0	-44.50699332842307	37	0	0	0	1	1.0	2	2.0	0.044
MITHRIL.16882	1.0	8.887	0.47528517	0.0	0.0	0.9985163204747775	0.0	1.0	0.0160804585219989	18.0	-44.50699332842307	36	0	0	0	1	1.0	3	3.0	0.319
MITHRIL.16883	1.0	8.887	0.47528517	0.0	0.0	0.9985163204747775	0.001483679525222552	1.0	0.0160804585219989	18.0	-7.396604781181859	36	0	0	0	1	1.0	3	3.0	0.319
MITHRIL.16884	1.0	8.887	0.47528517	0.0	0.0	0.9985163204747775	0.0	1.0	0.0160804585219989	18.0	-44.50699332842307	36	0	0	0	1	1.0	3	3.0	0.319
MITHRIL.16885	1.0	8.887	0.48307079	0.0	0.0	0.9918397626112759	0.0	1.0	0.06833354848169024	14.0	-44.50699332842307	35	0	0	0	1	1.0	4	3.0	0.615
MITHRIL.16886	1.0	8.887	0.48307079	0.0	0.0	0.9918397626112759	0.008160237388724036	1.0	0.06833354848169024	14.0	-4.937173162544561	35	0	0	0	1	1.0	4	3.0	0.615
MITHRIL.16887	1.0	8.887	0.48307079	0.0	0.0	0.9918397626112759	0.0	1.0	0.06833354848169024	14.0	-44.50699332842307	35	0	0	0	1	1.0	4	3.0	0.615
MITHRIL.16888	0.863	1.778	0.49013217	0.0	0.6999999999999993	0.6669139465875371	0.2922848664688427	1.0	1.1301371138068912	9.0	0.22544703827451776	34	0	0	0	1	1.0	5	2.0	0.546
MITHRIL.16889	0.863	1.778	0.49013217	0.0	1.0	0.6669139465875371	0.030415430267062313	1.0	1.1301371138068912	9.0	-3.039052776563775	34	0	0	0	1	1.0	5	2.0	0.546
MITHRIL.16890	0.863	1.778	0.49013217	0.0	0.6999999999999993	0.6669139465875371	0.010385756676557863	1.0	1.1301371138068912	9.0	-4.589249859124254	34	0	0	0	1	1.0	5	2.0	0.546
MITHRIL.16891	0.003	-1.439	0.49577524	0.02898550724637683	2.3999999999999986	0.5252225519287834	0.2032640949554896	1.0	1.6794063139422997	3.0	-0.29857269822133176	33	0	0	1	0	0.01529497450837582	5	1.0	0.376
MITHRIL.16892	0.003	-1.439	0.49577524	0.0	1.0999999999999996	0.5252225519287834	0.20771513353115728	1.0	1.6794063139422997	3.0	-0.2673217642368919	33	0	0	1	0	0.01529497450837582	5	1.0	0.376
MITHRIL.16893	0.003	-1.439	0.49577524	0.02898550724637683	3.5	0.5252225519287834	0.06379821958456973	1.0	1.6794063139422997	3.0	-1.9703400264797606	33	0	0	1	0	0.01529497450837582	5	1.0	0.376
MITHRIL.16894	0.986	2.994	0.50675961	0.02898550724637683	6.399999999999999	0.9332344213649851	0.008160237388724036	1.0	0.39524297915632495	7.0	-4.937173162544561	32	0	0	1	0	0.003641660597232338	4	2.0	0.432
MITHRIL.16895	0.986	2.994	0.50675961	0.02898550724637683	6.399999999999999	0.9332344213649851	0.000741839762611276	1.0	0.39524297915632495	7.0	-8.396604781181859	32	0	0	1	0	0.003641660597232338	4	2.0	0.432
MITHRIL.16896	0.986	2.994	0.50675961	0.02898550724637683	6.399999999999999	0.9332344213649851	0.057863501483679525	1.0	0.39524297915632495	7.0	-2.11120256231961	32	0	0	1	0	0.003641660597232338	4	2.0	0.432
MITHRIL.16897	0.995	5.757	0.51692921	0.02898550724637683	4.699999999999999	0.9599406528189911	0.020029673590504452	1.0	0.30247450471338083	14.0	-3.64171727901839	31	0	0	1	0	0.005098324836125273	3	3.0	0.517
MITHRIL.16898	0.995	5.757	0.51692921	0.02898550724637683	4.699999999999999	0.9599406528189911	0.008902077151335312	1.0	0.30247450471338083	14.0	-4.811642280460703	31	0	0	1	0	0.005098324836125273	3	3.0	0.517
MITHRIL.16899	0.995	5.757	0.51692921	0.02898550724637683	5.1	0.9599406528189911	0.01112759643916914	1.0	0.30247450471338083	14.0	-4.48971418557334	31	0	0	1	0	0.005098324836125273	3	3.0	0.517
MITHRIL.16900	0.134	0.504	0.52700827	0.0	5.299999999999999	0.5244807121661721	0.42433234421364985	1.0	1.271256756783901	5.0	0.7632665555965309	30	0	0	1	0	0.05680990531682447	2	2.0	0.376
MITHRIL.16901	0.134	0.504	0.52700827	0.02898550724637683	3.8999999999999986	0.5244807121661721	0.01112759643916914	1.0	1.271256756783901	5.0	-4.48971418557334	30	0	0	1	0	0.05680990531682447	2	2.0	0.376
MITHRIL.16902	0.134	0.504	0.52700827	0.02898550724637683	6.5	0.5244807121661721	0.040059347181008904	1.0	1.271256756783901	5.0	-2.64171727901839	30	0	0	1	0	0.05680990531682447	2	2.0	0.376
MITHRIL.16903	0.0	-1.232	0.53213833	0.02898550724637683	2.0	0.09347181008902077	0.7633531157270029	1.0	1.1569582743511007	4.0	1.6104224857121099	29	0	0	1	0	0.10196649672250546	1	1.0	0.455
MITHRIL.16904	0.0	-1.232	0.53213833	0.02898550724637683	1.6999999999999993	0.09347181008902077	0.08679525222551929	1.0	1.1569582743511007	4.0	-1.526240061598454	29	0	0	1	0	0.10196649672250546	1	1.0	0.455
MITHRIL.16905	0.0	-1.232	0.53213833	0.0	0.29999999999999893	0.09347181008902077	0.05637982195845697	1.0	1.1569582743511007	4.0	-2.148677267738273	29	0	0	1	0	0.10196649672250546	1	1.0	0.455
MITHRIL.16906	0.0	-1.893	0.54028608	0.0	0.0	0.5541543026706232	0.015578635014836795	1.0	1.1197485708705768	5.0	-4.004287358403098	27	1	0	0	0	0.7348871085214858	0	0.0	1.354
MITHRIL.16907	0.0	-1.893	0.54028608	0.0	-0.10000000000000142	0.5541543026706232	0.00370919881305638	1.0	1.1197485708705768	5.0	-6.074676686294496	27	1	0	0	0	0.7348871085214858	0	0.0	1.354
MITHRIL.16908	0.0	-1.893	0.54028608	0.0	-0.5	0.5541543026706232	0.42655786350148367	1.0	1.1197485708705768	5.0	0.770813364649879	27	1	0	0	0	0.7348871085214858	0	0.0	1.354
MITHRIL.16909	0.015	0.411	0.54752852	0.02898550724637683	1.0999999999999996	0.6622123236822569	0.02301410541945063	0.9992581602373887	1.1336697763545445	5.0	-3.441337825075428	26	0	0	1	0	0.026239067055393587	1	1.0	0.449
MITHRIL.16910	0.015	0.411	0.54752852	0.0	-2.3000000000000007	0.6622123236822569	0.2991833704528582	0.9992581602373887	1.1336697763545445	5.0	0.2591018930656642	26	0	0	1	0	0.026239067055393587	1	1.0	0.449
MITHRIL.16911	0.015	0.411	0.54752852	0.02898550724637683	1.1999999999999993	0.6622123236822569	0.015590200445434299	0.9992581602373887	1.1336697763545445	5.0	-4.0032167126835425	26	0	0	1	0	0.026239067055393587	1	1.0	0.449
MITHRIL.16912	0.996	3.792	0.5522361	0.02898550724637683	6.5	0.7453600593912398	0.0	0.9992581602373887	0.8469510550056137	10.0	-44.50699332842307	25	0	0	1	0	0.0014577259475218659	2	2.0	0.16
MITHRIL.16913	0.996	3.792	0.5522361	0.02898550724637683	6.5	0.7453600593912398	0.003711952487008166	0.9992581602373887	0.8469510550056137	10.0	-6.073606040574941	25	0	0	1	0	0.0014577259475218659	2	2.0	0.16
MITHRIL.16914	0.996	3.792	0.5522361	0.02898550724637683	6.5	0.7453600593912398	0.25092798812175204	0.9992581602373887	0.8469510550056137	10.0	0.005345300819881209	25	0	0	1	0	0.0014577259475218659	2	2.0	0.16
MITHRIL.16915	1.0	7.629	0.55398636	0.02898550724637683	3.799999999999999	0.9740163325909429	0.0	0.9992581602373887	0.17963254717397642	18.0	-44.50699332842307	24	0	0	1	0	0.0014577259475218659	3	3.0	0.343
MITHRIL.16916	1.0	7.629	0.55398636	0.0	0.29999999999999893	0.9740163325909429	0.025241276911655532	0.9992581602373887	0.17963254717397642	18.0	-3.3080712942119637	24	0	0	1	0	0.0014577259475218659	3	3.0	0.343
MITHRIL.16917	1.0	7.629	0.55398636	0.02898550724637683	4.199999999999999	0.9740163325909429	0.0007423904974016332	0.9992581602373887	0.17963254717397642	18.0	-8.395534135462302	24	0	0	1	0	0.0014577259475218659	3	3.0	0.343
MITHRIL.16918	1.0	5.967	0.55332247	0.02898550724637683	0.7999999999999989	0.844097995545657	0.11432813659985153	0.9992581602373887	0.7645933109403766	14.0	-1.1287475947674017	23	0	0	1	0	0.011661807580174927	4	4.0	0.269
MITHRIL.16919	1.0	5.967	0.55332247	0.0	-0.40000000000000036	0.844097995545657	0.0400890868596882	0.9992581602373887	0.7645933109403766	14.0	-2.6406466332988345	23	0	0	1	0	0.011661807580174927	4	4.0	0.269
MITHRIL.16920	1.0	5.967	0.55332247	0.02898550724637683	1.5999999999999996	0.844097995545657	0.0014847809948032665	0.9992581602373887	0.7645933109403766	14.0	-7.395534135462303	23	0	0	1	0	0.011661807580174927	4	4.0	0.269
MITHRIL.16921	1.0	5.954	0.55283964	0.0	0.1999999999999993	0.9220032840722496	0.053366174055829226	0.9035608308605341	0.5670519034777197	7.0	-2.227930604877878	17	0	0	0	1	1.0	5	5.0	1.998
MITHRIL.16922	1.0	5.954	0.55283964	0.0	0.0	0.9220032840722496	0.020525451559934318	0.9035608308605341	0.5670519034777197	7.0	-3.6064422281316078	17	0	0	0	1	1.0	5	5.0	1.998
MITHRIL.16923	1.0	5.954	0.55283964	0.0	0.1999999999999993	0.9220032840722496	0.004105090311986864	0.9035608308605341	0.5670519034777197	7.0	-5.92837032301897	17	0	0	0	1	1.0	5	5.0	1.998
MITHRIL.16924	1.0	1.273	0.5493693	0.0	0.0	0.738255033557047	0.030574198359433258	0.994807121661721	1.0710387735292588	5.0	-3.0315415172863904	16	0	0	0	1	1.0	6	6.0	1.567
MITHRIL.16925	1.0	1.273	0.5493693	0.0	0.0	0.738255033557047	0.02162565249813572	0.994807121661721	1.0710387735292588	5.0	-3.531112526776902	16	0	0	0	1	1.0	6	6.0	1.567
MITHRIL.16926	1.0	1.273	0.5493693	0.0	0.0	0.738255033557047	0.20954511558538405	0.994807121661721	1.0710387735292588	5.0	-0.2546672016835478	16	0	0	0	1	1.0	6	6.0	1.567
MITHRIL.16927	1.0	3.279	0.54979178	0.0	0.0	0.8580980683506686	0.02526002971768202	0.9985163204747775	0.7779544216888122	7.0	-3.3069998533599776	15	0	0	0	1	1.0	6	6.0	0.654
MITHRIL.16928	1.0	3.279	0.54979178	0.0	0.0	0.8580980683506686	0.0274888558692422	0.9985163204747775	0.7779544216888122	7.0	-3.1850093289813675	15	0	0	0	1	1.0	6	6.0	0.654
MITHRIL.16929	1.0	3.279	0.54979178	0.0	0.0	0.8580980683506686	0.08915304606240713	0.9985163204747775	0.7779544216888122	7.0	-1.4875720990017984	15	0	0	0	1	1.0	6	6.0	0.654
MITHRIL.16930	1.0	4.25	0.55356388	0.0	0.0	0.8693392724573126	0.08611729769858946	0.9992581602373887	0.7216372121491044	11.0	-1.537553140334731	14	0	0	0	1	1.0	5	5.0	0.615
MITHRIL.16931	1.0	4.25	0.55356388	0.0	0.0	0.8693392724573126	0.02969561989606533	0.9992581602373887	0.7216372121491044	11.0	-3.073606040574941	14	0	0	0	1	1.0	5	5.0	0.615
MITHRIL.16932	1.0	4.25	0.55356388	0.0	0.0	0.8693392724573126	0.014847809948032665	0.9992581602373887	0.7216372121491044	11.0	-4.073606040574941	14	0	0	0	1	1.0	5	5.0	0.615
MITHRIL.16933	1.0	7.576	0.56258676	0.0	0.29999999999999893	0.9925816023738873	0.005934718100890208	1.0	0.0685010036905524	25.0	-5.396604781181859	13	0	0	0	1	1.0	4	4.0	0.585
MITHRIL.16934	1.0	7.576	0.56258676	0.0	-1.0	0.9925816023738873	0.0	1.0	0.0685010036905524	25.0	-44.50699332842307	13	0	0	0	1	1.0	4	4.0	0.585
MITHRIL.16935	1.0	7.576	0.56258676	0.0	0.29999999999999893	0.9925816023738873	0.001483679525222552	1.0	0.0685010036905524	25.0	-7.396604781181859	13	0	0	0	1	1.0	4	4.0	0.585
MITHRIL.16936	1.0	8.793	0.57139839	0.02898550724637683	0.1999999999999993	0.874536005939124	0.0	0.9992581602373887	0.6068746365842924	14.0	-44.50699332842307	12	0	0	1	0	0.011661807580174927	3	3.0	0.391
MITHRIL.16937	1.0	8.793	0.57139839	0.02898550724637683	1.5	0.874536005939124	0.013363028953229399	0.9992581602373887	0.6068746365842924	14.0	-4.225609134019991	12	0	0	1	0	0.011661807580174927	3	3.0	0.391
MITHRIL.16938	1.0	8.793	0.57139839	0.02898550724637683	1.1999999999999993	0.874536005939124	0.11210096510764662	0.9992581602373887	0.6068746365842924	14.0	-1.1571293961372242	12	0	0	1	0	0.011661807580174927	3	3.0	0.391
MITHRIL.16939	1.0	5.937	0.57794677	0.02898550724637683	4.199999999999999	0.9755011135857461	0.0007423904974016332	0.9992581602373887	0.17174756527330604	14.0	-8.395534135462302	11	0	0	1	0	0.0014577259475218659	2	2.0	0.179
MITHRIL.16940	1.0	5.937	0.57794677	0.02898550724637683	4.199999999999999	0.9755011135857461	0.023756495916852263	0.9992581602373887	0.17174756527330604	14.0	-3.395534135462303	11	0	0	1	0	0.0014577259475218659	2	2.0	0.179
MITHRIL.16941	1.0	5.937	0.57794677	0.02898550724637683	4.199999999999999	0.9755011135857461	0.0	0.9992581602373887	0.17174756527330604	14.0	-44.50699332842307	11	0	0	1	0	0.0014577259475218659	2	2.0	0.179
MITHRIL.16942	1.0	5.49	0.58235259	0.0	5.299999999999999	0.7379361544172235	0.25909428359317	0.9992581602373887	0.8537352856022822	5.0	0.05154909074734903	10	0	0	1	0	0.0014577259475218659	1	1.0	0.048
MITHRIL.16943	1.0	5.49	0.58235259	0.02898550724637683	3.8999999999999986	0.7379361544172235	0.002969561989606533	0.9992581602373887	0.8537352856022822	5.0	-6.395534135462303	10	0	0	1	0	0.0014577259475218659	1	1.0	0.048
MITHRIL.16944	1.0	5.49	0.58235259	0.02898550724637683	6.5	0.7379361544172235	0.0	0.9992581602373887	0.8537352856022822	5.0	-44.50699332842307	10	0	0	1	0	0.0014577259475218659	1	1.0	0.048
MITHRIL.16945	1.0	3.104	0.5792142	0.02898550724637683	1.799999999999999	0.9101707498144024	0.041573867854491464	0.9992581602373887	0.5738655596596504	10.0	-2.588179213404699	9	0	0	1	0	0.026239067055393587	0	0.0	0.231
MITHRIL.16946	1.0	3.104	0.5792142	0.02898550724637683	1.5	0.9101707498144024	0.021529324424647365	0.9992581602373887	0.5738655596596504	10.0	-3.537553140334731	9	0	0	1	0	0.026239067055393587	0	0.0	0.231
MITHRIL.16947	1.0	3.104	0.5792142	0.0	-0.3000000000000007	0.9101707498144024	0.026726057906458798	0.9992581602373887	0.5738655596596504	10.0	-3.2256091340199906	9	0	0	1	0	0.026239067055393587	0	0.0	0.231
MITHRIL.16948	1.0	3.261	0.58280524	0.0	-0.3000000000000007	0.9903560830860534	0.0	1.0	0.07842318488115277	10.0	-44.50699332842307	8	1	0	0	0	1.0	0	0.0	0.26
MITHRIL.16949	1.0	3.261	0.58280524	0.0	-0.3000000000000007	0.9903560830860534	0.009643916913946587	1.0	0.07842318488115277	10.0	-4.696165063040766	8	1	0	0	0	1.0	0	0.0	0.26
MITHRIL.16950	1.0	3.261	0.58280524	0.0	-0.3000000000000007	0.9903560830860534	0.0	1.0	0.07842318488115277	10.0	-44.50699332842307	8	1	0	0	0	1.0	0	0.0	0.26
MITHRIL.16951	1.0	8.926	0.58527974	0.0	-0.20000000000000107	0.994807121661721	0.000741839762611276	1.0	0.054042160355517774	25.0	-8.396604781181859	7	1	0	0	0	1.0	1	1.0	0.287
MITHRIL.16952	1.0	8.926	0.58527974	0.0	0.0	0.994807121661721	0.001483679525222552	1.0	0.054042160355517774	25.0	-7.396604781181859	7	1	0	0	0	1.0	1	1.0	0.287
MITHRIL.16953	1.0	8.926	0.58527974	0.0	-0.20000000000000107	0.994807121661721	0.002967359050445104	1.0	0.054042160355517774	25.0	-6.396604781181859	7	1	0	0	0	1.0	1	1.0	0.287
MITHRIL.16954	0.999	4.149	0.58494779	0.02898550724637683	0.7999999999999989	0.7786032689450223	0.07429420505200594	0.9985163204747775	1.0989332293976417	10.0	-1.7506065048355923	6	0	1	0	0	0.03646973012399708	2	2.0	0.501
MITHRIL.16955	0.999	4.149	0.58494779	0.02898550724637683	1.1999999999999993	0.7786032689450223	0.04606240713224369	0.9985163204747775	1.0989332293976417	10.0	-2.4402663842234418	6	0	1	0	0	0.03646973012399708	2	2.0	0.501
MITHRIL.16956	0.999	4.149	0.58494779	0.02898550724637683	0.6999999999999993	0.7786032689450223	0.10104011887072809	0.9985163204747775	1.0989332293976417	10.0	-1.3069998533599776	6	0	1	0	0	0.03646973012399708	2	2.0	0.501
MITHRIL.16957	0.0	-0.6	0.58358984	0.0	5.299999999999999	0.3548626577579807	0.5760950259836675	0.9992581602373887	1.3083135567639066	8.0	1.2043787067248246	5	0	1	0	0	0.048833819241982504	3	2.0	0.506
MITHRIL.16958	0.0	-0.6	0.58358984	0.02898550724637683	3.8999999999999986	0.3548626577579807	0.015590200445434299	0.9992581602373887	1.3083135567639066	8.0	-4.0032167126835425	5	0	1	0	0	0.048833819241982504	3	2.0	0.506
MITHRIL.16959	0.0	-0.6	0.58358984	0.02898550724637683	6.5	0.3548626577579807	0.053452115812917596	0.9992581602373887	1.3083135567639066	8.0	-2.2256091340199906	5	0	1	0	0	0.048833819241982504	3	2.0	0.506
MITHRIL.16960	0.0	-0.374	0.57987809	0.02898550724637683	3.3999999999999986	0.10838901262063845	0.23904974016332592	0.9992581602373887	1.7065575002954863	7.0	-0.06461725734768609	4	0	1	0	0	0.023323615160349854	4	1.0	0.468
MITHRIL.16961	0.0	-0.374	0.57987809	0.02898550724637683	4.5	0.10838901262063845	0.5256124721603563	0.9992581602373887	1.7065575002954863	7.0	1.0720714146206942	4	0	1	0	0	0.023323615160349854	4	1.0	0.468
MITHRIL.16962	0.0	-0.374	0.57987809	0.0	-0.6000000000000014	0.10838901262063845	0.12694877505567928	0.9992581602373887	1.7065575002954863	7.0	-0.9776816205764054	4	0	1	0	0	0.023323615160349854	4	1.0	0.468
MITHRIL.16963	0.934	2.039	0.57945561	0.02898550724637683	6.0	0.8515219005196734	0.017817371937639197	0.9992581602373887	0.7056111454271036	13.0	-3.810571634741147	3	0	1	0	0	0.007288629737609329	5	2.0	0.437
MITHRIL.16964	0.934	2.039	0.57945561	0.02898550724637683	6.0	0.8515219005196734	0.002969561989606533	0.9992581602373887	0.7056111454271036	13.0	-6.395534135462303	3	0	1	0	0	0.007288629737609329	5	2.0	0.437
MITHRIL.16965	0.934	2.039	0.57945561	0.02898550724637683	6.0	0.8515219005196734	0.1276911655530809	0.9992581602373887	0.7056111454271036	13.0	-0.9692693807602053	3	0	1	0	0	0.007288629737609329	5	2.0	0.437
MITHRIL.16966	0.994	2.494	0.57652846	0.02898550724637683	6.6	0.8902077151335311	0.02596439169139466	1.0	0.6511634970582336	9.0	-3.267321764236892	2	0	1	0	0	0.0029133284777858705	6	3.0	0.293
MITHRIL.16967	0.994	2.494	0.57652846	0.02898550724637683	6.6	0.8902077151335311	0.019287833827893175	1.0	0.6511634970582336	9.0	-3.6961650630407665	2	0	1	0	0	0.0029133284777858705	6	3.0	0.293
MITHRIL.16968	0.994	2.494	0.57652846	0.02898550724637683	6.6	0.8902077151335311	0.064540059347181	1.0	0.6511634970582336	9.0	-1.9536612853331303	2	0	1	0	0	0.0029133284777858705	6	3.0	0.293
MITHRIL.16969	1.0	3.926	0.57580421	0.02898550724637683	3.799999999999999	0.7759643916913946	0.01112759643916914	1.0	0.8491535550023857	5.0	-4.48971418557334	1	0	1	0	0	0.0007283321194464676	7	4.0	0.358
MITHRIL.16970	1.0	3.926	0.57580421	0.0	0.29999999999999893	0.7759643916913946	0.21068249258160238	1.0	0.8491535550023857	5.0	-0.24685766167717638	1	0	1	0	0	0.0007283321194464676	7	4.0	0.358
MITHRIL.16971	1.0	3.926	0.57580421	0.02898550724637683	4.199999999999999	0.7759643916913946	0.002225519287833828	1.0	0.8491535550023857	5.0	-6.811642280460703	1	0	1	0	0	0.0007283321194464676	7	4.0	0.358
MITHRIL.16972	0.0	-1.092	0.58036091	0.02898550724637683	1.0999999999999996	0.7299703264094956	0.012611275964391691	1.0	0.9223447601748983	3.0	-4.309141939931519	0	0	1	0	0	0.00873998543335761	8	5.0	0.47
MITHRIL.16973	0.0	-1.092	0.58036091	0.0	-0.40000000000000036	0.7299703264094956	0.25667655786350146	1.0	0.9223447601748983	3.0	0.03802344645486606	0	0	1	0	0	0.00873998543335761	8	5.0	0.47
MITHRIL.16974	0.0	-1.092	0.58036091	0.02898550724637683	1.0	0.7299703264094956	0.000741839762611276	1.0	0.9223447601748983	3.0	-8.396604781181859	0	0	1	0	0	0.00873998543335761	8	5.0	0.47
MITHRIL.16978	0.993	3.115	0.60181665	0.0	0.1999999999999993	0.8473566641846612	0.05584512285927029	0.9955522609340252	0.7751041361878683	11.0	-2.1624248989315613	77	1	0	0	0	1.0	18	10.0	0.779
MITHRIL.16979	0.993	3.115	0.60181665	0.0	0.3000000000000007	0.8473566641846612	0.0014892032762472078	0.9955522609340252	0.7751041361878683	11.0	-7.391243589427442	77	1	0	0	0	1.0	18	10.0	0.779
MITHRIL.16980	0.993	3.115	0.60181665	0.0	0.0	0.8473566641846612	0.0953090096798213	0.9955522609340252	0.7751041361878683	11.0	-1.3912435894274424	77	1	0	0	0	1.0	18	10.0	0.779
MITHRIL.16981	1.0	7.684	0.61280101	0.0273972602739726	1.5999999999999996	0.9524870081662955	0.013363028953229399	0.9985174203113417	0.35204381842295196	14.0	-4.225609134019991	76	0	1	0	0	0.016751638747268753	17	9.0	0.267
MITHRIL.16982	1.0	7.684	0.61280101	0.0	0.3000000000000007	0.9524870081662955	0.015590200445434299	0.9985174203113417	0.35204381842295196	14.0	-4.0032167126835425	76	0	1	0	0	0.016751638747268753	17	9.0	0.267
MITHRIL.16983	1.0	7.684	0.61280101	0.0273972602739726	1.5999999999999996	0.9524870081662955	0.01855976243504083	0.9985174203113417	0.35204381842295196	14.0	-3.7516779456875784	76	0	1	0	0	0.016751638747268753	17	9.0	0.267
MITHRIL.16984	1.0	7.144	0.62100911	0.0273972602739726	4.6	0.8264094955489614	0.01483679525222552	0.9992587101556709	0.8378809440317458	14.0	-4.074676686294496	75	0	1	0	0	0.008733624454148471	16	8.0	0.168
MITHRIL.16985	1.0	7.144	0.62100911	0.0273972602739726	4.6	0.8264094955489614	0.024480712166172106	0.9992587101556709	0.8378809440317458	14.0	-3.3522106618234053	75	0	1	0	0	0.008733624454148471	16	8.0	0.168
MITHRIL.16986	1.0	7.144	0.62100911	0.0273972602739726	4.6	0.8264094955489614	0.13427299703264095	0.9992587101556709	0.8378809440317458	14.0	-0.8967588940986531	75	0	1	0	0	0.008733624454148471	16	8.0	0.168
MITHRIL.16987	1.0	4.386	0.62698413	0.0	2.5999999999999996	0.8117123795404003	0.1586360266864344	1.0	0.8458183297234384	14.0	-0.6562076465471206	74	0	1	0	0	0.002909090909090909	15	7.0	0.358
MITHRIL.16988	1.0	4.386	0.62698413	0.0273972602739726	3.8	0.8117123795404003	0.014825796886582653	1.0	0.8458183297234384	14.0	-4.075746538060906	74	0	1	0	0	0.002909090909090909	15	7.0	0.358
MITHRIL.16989	1.0	4.386	0.62698413	0.0273972602739726	6.4	0.8117123795404003	0.014825796886582653	1.0	0.8458183297234384	14.0	-4.075746538060906	74	0	1	0	0	0.002909090909090909	15	7.0	0.358
MITHRIL.16990	0.984	2.8	0.63129941	0.0273972602739726	5.3	0.8487768717568569	0.014084507042253521	1.0	0.7459520257344172	5.0	-4.149747119504682	73	0	1	0	0	0.017454545454545455	14	6.0	0.288
MITHRIL.16991	0.984	2.8	0.63129941	0.0273972602739726	5.0	0.8487768717568569	0.12305411415863603	1.0	0.7459520257344172	5.0	-1.0226352016013427	73	0	1	0	0	0.017454545454545455	14	6.0	0.288
MITHRIL.16992	0.984	2.8	0.63129941	0.0273972602739726	5.7	0.8487768717568569	0.014084507042253521	1.0	0.7459520257344172	5.0	-4.149747119504682	73	0	1	0	0	0.017454545454545455	14	6.0	0.288
MITHRIL.16993	0.0	-1.484	0.63591647	0.0273972602739726	3.0999999999999996	0.2883617494440326	0.05930318754633061	1.0	1.2864017506812604	2.0	-2.0757465380609053	72	0	1	0	0	0.017454545454545455	13	5.0	0.369
MITHRIL.16994	0.0	-1.484	0.63591647	0.0273972602739726	3.8	0.2883617494440326	0.01927353595255745	1.0	1.2864017506812604	2.0	-3.6972349148071753	72	0	1	0	0	0.017454545454545455	13	5.0	0.369
MITHRIL.16995	0.0	-1.484	0.63591647	0.0	-0.5	0.2883617494440326	0.6330615270570793	1.0	1.2864017506812604	2.0	1.3404176266722228	72	0	1	0	0	0.017454545454545455	13	5.0	0.369
MITHRIL.16996	0.0	0.379	0.64204237	0.0273972602739726	2.0999999999999996	0.05263157894736842	0.3335804299481097	1.0	1.794951343266968	2.0	0.4161065582687695	71	0	1	0	0	0.03418181818181818	12	4.0	0.677
MITHRIL.16997	0.0	0.379	0.64204237	0.0273972602739726	2.0999999999999996	0.05263157894736842	0.28169014084507044	1.0	1.794951343266968	2.0	0.17218097538268035	71	0	1	0	0	0.03418181818181818	12	4.0	0.677
MITHRIL.16998	0.0	0.379	0.64204237	0.0	-1.4000000000000004	0.05263157894736842	0.33209785025945143	1.0	1.794951343266968	2.0	0.4096802891093365	71	0	1	0	0	0.03418181818181818	12	4.0	0.677
MITHRIL.16999	0.004	1.485	0.65097471	0.0273972602739726	-0.40000000000000036	0.279466271312083	0.0007412898443291327	1.0	0.927553559196242	3.0	-8.397674632948268	70	0	1	0	0	0.008727272727272728	11	3.0	0.358
MITHRIL.17000	0.004	1.485	0.65097471	0.0	-2.6999999999999993	0.279466271312083	0.7116382505559674	1.0	0.927553559196242	3.0	1.509215962660251	70	0	1	0	0	0.008727272727272728	11	3.0	0.358
MITHRIL.17001	0.004	1.485	0.65097471	0.0273972602739726	-0.09999999999999964	0.279466271312083	0.00815418828762046	1.0	0.927553559196242	3.0	-4.93824301431097	70	0	1	0	0	0.008727272727272728	11	3.0	0.358
MITHRIL.17002	0.0	-0.362	0.66177802	0.0273972602739726	1.3000000000000007	0.21775417298937785	0.0007587253414264037	0.9770200148257969	0.7807102639014429	7.0	-8.363039630256514	69	0	0	1	0	0.0014892032762472078	10	4.0	0.26
MITHRIL.17003	0.0	-0.362	0.66177802	0.0	-2.0	0.21775417298937785	0.7807283763277694	0.9770200148257969	0.7807102639014429	7.0	1.6439876366374542	69	0	0	1	0	0.0014892032762472078	10	4.0	0.26
MITHRIL.17004	0.0	-0.362	0.66177802	0.0273972602739726	1.8000000000000007	0.21775417298937785	0.0	0.9770200148257969	0.7807102639014429	7.0	-44.50699332842307	69	0	0	1	0	0.0014892032762472078	10	4.0	0.26
MITHRIL.17005	0.0	-1.468	0.6774398	0.0273972602739726	4.6	0.3191811978771797	0.4275966641394996	0.977761304670126	1.6328165596935666	7.0	0.7743225031472487	68	0	0	1	0	0.27232142857142855	9	5.0	0.654
MITHRIL.17006	0.0	-1.468	0.6774398	0.0	3.4000000000000004	0.3191811978771797	0.23730098559514784	0.977761304670126	1.6328165596935666	7.0	-0.07521000231892637	68	0	0	1	0	0.27232142857142855	9	5.0	0.654
MITHRIL.17007	0.0	-1.468	0.6774398	0.0273972602739726	4.7	0.3191811978771797	0.01592115238817286	0.977761304670126	1.6328165596935666	7.0	-3.9729114264727845	68	0	0	1	0	0.27232142857142855	9	5.0	0.654
MITHRIL.17008	0.958	1.83	0.69177379	0.0	2.3000000000000007	0.41008276899924756	0.5553047404063205	0.9851742031134173	1.204436780856863	9.0	1.1513516167842215	67	0	0	1	0	0.0014771048744460858	8	4.0	0.509
MITHRIL.17009	0.958	1.83	0.69177379	0.0273972602739726	4.0	0.41008276899924756	0.018811136192626036	0.9851742031134173	1.204436780856863	9.0	-3.7322691995014496	67	0	0	1	0	0.0014771048744460858	8	4.0	0.509
MITHRIL.17010	0.958	1.83	0.69177379	0.0273972602739726	6.6	0.41008276899924756	0.01580135440180587	0.9851742031134173	1.204436780856863	9.0	-3.983807966497414	67	0	0	1	0	0.0014771048744460858	8	4.0	0.509
MITHRIL.17011	1.0	4.02	0.70305993	0.0	3.0	0.8204936424831712	0.09199700822737472	0.9911045218680504	0.9190696550067297	10.0	-1.442269244754113	66	0	0	1	0	0.02347762289068232	7	3.0	0.438
MITHRIL.17012	1.0	4.02	0.70305993	0.0273972602739726	4.4	0.8204936424831712	0.014210919970082274	0.9911045218680504	0.9190696550067297	10.0	-4.136856236649767	66	0	0	1	0	0.02347762289068232	7	3.0	0.438
MITHRIL.17013	1.0	4.02	0.70305993	0.0273972602739726	7.1	0.8204936424831712	0.07329842931937172	0.9911045218680504	0.9190696550067297	10.0	-1.7700739059781447	66	0	0	1	0	0.02347762289068232	7	3.0	0.438
MITHRIL.17014	1.0	6.337	0.71392359	0.0	2.4000000000000004	0.8272251308900523	0.07554225878833208	0.9911045218680504	0.8980020676753289	10.0	-1.7265722673415582	65	0	0	1	0	0.08290535583272193	6	2.0	0.349
MITHRIL.17015	1.0	6.337	0.71392359	0.0273972602739726	3.0999999999999996	0.8272251308900523	0.014210919970082274	0.9911045218680504	0.8980020676753289	10.0	-4.136856236649767	65	0	0	1	0	0.08290535583272193	6	2.0	0.349
MITHRIL.17016	1.0	6.337	0.71392359	0.0273972602739726	2.8000000000000007	0.8272251308900523	0.08302169035153328	0.9911045218680504	0.8980020676753289	10.0	-1.590367883743247	65	0	0	1	0	0.08290535583272193	6	2.0	0.349
MITHRIL.17017	0.004	0.229	0.72412336	0.0	0.5	0.09165154264972777	0.8457350272232305	0.8169014084507042	0.8897392058920985	7.0	1.7582776360831225	62	0	0	0	1	1.0	5	3.0	1.067
MITHRIL.17018	0.004	0.229	0.72412336	0.0	0.5999999999999996	0.09165154264972777	0.0054446460980036296	0.8169014084507042	0.8897392058920985	7.0	-5.520946007850002	62	0	0	0	1	1.0	5	3.0	1.067
MITHRIL.17019	0.004	0.229	0.72412336	0.0	0.5	0.09165154264972777	0.05716878402903811	0.8169014084507042	0.8897392058920985	7.0	-2.128628585071241	62	0	0	0	1	1.0	5	3.0	1.067
MITHRIL.17020	0.0	-0.615	0.73148651	0.0	0.0	0.6916890080428955	0.06881143878462913	0.8295033358042995	1.2045133925365081	5.0	-1.8612077802814928	61	0	0	0	1	1.0	4	4.0	1.193
MITHRIL.17021	0.0	-0.615	0.73148651	0.0	0.0	0.6916890080428955	0.008936550491510277	0.8295033358042995	1.2045133925365081	5.0	-4.8060662260890314	61	0	0	0	1	1.0	4	4.0	1.193
MITHRIL.17022	0.0	-0.615	0.73148651	0.0	0.0	0.6916890080428955	0.23056300268096513	0.8295033358042995	1.2045133925365081	5.0	-0.11676706555313993	61	0	0	0	1	1.0	4	4.0	1.193
MITHRIL.17023	0.0	0.175	0.73577162	0.0	0.0	0.8541666666666666	0.05555555555555555	0.8539659006671608	0.8558417374598617	7.0	-2.1699250014423126	60	0	0	0	1	1.0	3	3.0	0.694
MITHRIL.17024	0.0	0.175	0.73577162	0.0	0.0	0.8541666666666666	0.08333333333333333	0.8539659006671608	0.8558417374598617	7.0	-1.5849625007211563	60	0	0	0	1	1.0	3	3.0	0.694
MITHRIL.17025	0.0	0.175	0.73577162	0.0	0.0	0.8541666666666666	0.006944444444444444	0.8539659006671608	0.8558417374598617	7.0	-5.169925001442312	60	0	0	0	1	1.0	3	3.0	0.694
MITHRIL.17026	0.0	-1.271	0.74002656	0.0	0.0	0.21951219512195122	0.05550883095037847	0.8813936249073387	1.1378365375578963	0.0	-2.1711388803872023	59	0	0	0	1	1.0	2	2.0	0.905
MITHRIL.17027	0.0	-1.271	0.74002656	0.0	0.0	0.21951219512195122	0.7174095878889823	0.8813936249073387	1.1378365375578963	0.0	1.5208689315726345	59	0	0	0	1	1.0	2	2.0	0.905
MITHRIL.17028	0.0	-1.271	0.74002656	0.0	0.0	0.21951219512195122	0.007569386038687973	0.8813936249073387	1.1378365375578963	0.0	-5.0456079983033435	59	0	0	0	1	1.0	2	2.0	0.905
MITHRIL.17029	0.001	-0.005	0.74868731	0.0	0.0	0.1493139628732849	0.03470540758676352	0.9184581171237954	1.4200706503792826	5.0	-2.8486957174385035	58	0	0	0	1	0.9992094861660079	1	1.0	1.115
MITHRIL.17030	0.001	-0.005	0.74868731	0.0	0.0	0.1493139628732849	0.6440677966101694	0.9184581171237954	1.4200706503792826	5.0	1.365284464081744	58	0	0	0	1	0.9992094861660079	1	1.0	1.115
MITHRIL.17031	0.001	-0.005	0.74868731	0.0	0.0	0.1493139628732849	0.17191283292978207	0.9184581171237954	1.4200706503792826	5.0	-0.5402508519147634	58	0	0	0	1	0.9992094861660079	1	1.0	1.115
MITHRIL.17032	0.532	4.668	0.75958115	0.0	0.0	0.8466211085801063	0.05315110098709187	0.9762787249814677	0.8368214625855932	10.0	-2.233756613311548	57	0	0	0	1	0.9992553983618764	0	0.0	1.064
MITHRIL.17033	0.532	4.668	0.75958115	0.0	0.0	0.8466211085801063	0.015186028853454821	0.9762787249814677	0.8368214625855932	10.0	-4.0411115353691525	57	0	0	0	1	0.9992553983618764	0	0.0	1.064
MITHRIL.17034	0.532	4.668	0.75958115	0.0	0.0	0.8466211085801063	0.085041761579347	0.9762787249814677	0.8368214625855932	10.0	-1.5556847081989105	57	0	0	0	1	0.9992553983618764	0	0.0	1.064
MITHRIL.17035	0.18	-0.426	0.76890579	0.0	0.09999999999999964	0.17197924388435878	0.07561156412157154	1.0	1.1196197349656591	7.0	-1.7252492909767718	56	0	0	0	1	0.9992727272727273	0	0.0	0.637
MITHRIL.17036	0.18	-0.426	0.76890579	0.0	1.0999999999999996	0.17197924388435878	0.012601927353595256	1.0	1.1196197349656591	7.0	-4.310211791697928	56	0	0	0	1	0.9992727272727273	0	0.0	0.637
MITHRIL.17037	0.18	-0.426	0.76890579	0.0	0.09999999999999964	0.17197924388435878	0.7398072646404744	1.0	1.1196197349656591	7.0	1.565221372388993	56	0	0	0	1	0.9992727272727273	0	0.0	0.637
MITHRIL.17038	1.0	5.861	0.77491098	0.0273972602739726	4.3	0.8361153262518968	0.10242792109256449	0.9770200148257969	0.8422510684805706	11.0	-1.287319057957221	55	0	0	1	0	0.08265078183172003	1	1.0	0.225
MITHRIL.17039	1.0	5.861	0.77491098	0.0273972602739726	4.6	0.8361153262518968	0.006069802731411229	0.9770200148257969	0.8422510684805706	11.0	-5.364134655008051	55	0	0	1	0	0.08265078183172003	1	1.0	0.225
MITHRIL.17040	1.0	5.861	0.77491098	0.0273972602739726	3.8	0.8361153262518968	0.05538694992412747	0.9770200148257969	0.8422510684805706	11.0	-2.1743100961280346	55	0	0	1	0	0.08265078183172003	1	1.0	0.225
MITHRIL.17041	1.0	3.185	0.78082564	0.0273972602739726	7.2	0.8286580742987112	0.07354056103108415	0.977761304670126	0.8924844804879952	10.0	-1.7653160070644172	54	0	0	1	0	0.023065476190476192	2	2.0	0.572
MITHRIL.17042	1.0	3.185	0.78082564	0.0273972602739726	7.1	0.8286580742987112	0.011372251705837756	0.977761304670126	0.8924844804879952	10.0	-4.458338253643026	54	0	0	1	0	0.023065476190476192	2	2.0	0.572
MITHRIL.17043	1.0	3.185	0.78082564	0.0273972602739726	6.9	0.8286580742987112	0.08642911296436695	0.977761304670126	0.8924844804879952	10.0	-1.532338835086803	54	0	0	1	0	0.023065476190476192	2	2.0	0.572
MITHRIL.17044	0.988	1.384	0.78598588	0.0273972602739726	6.6	0.41384499623777277	0.021068472535741158	0.9851742031134173	1.2278215381965618	9.0	-3.5687704672185703	53	0	0	1	0	0.0022156573116691287	3	3.0	0.521
MITHRIL.17045	0.988	1.384	0.78598588	0.0273972602739726	6.6	0.41384499623777277	0.01805869074492099	0.9851742031134173	1.2278215381965618	9.0	-3.7911628885550184	53	0	0	1	0	0.0022156573116691287	3	3.0	0.521
MITHRIL.17046	0.988	1.384	0.78598588	0.0273972602739726	6.6	0.41384499623777277	0.547027840481565	0.9851742031134173	1.2278215381965618	9.0	1.1296861646434198	53	0	0	1	0	0.0022156573116691287	3	3.0	0.521
MITHRIL.17047	0.937	2.283	0.79205142	0.0273972602739726	4.7	0.7165295437546746	0.037397157816005985	0.9911045218680504	1.2611519672685794	9.0	-2.740927560318628	52	0	0	1	0	0.2692589875275128	4	4.0	0.383
MITHRIL.17048	0.937	2.283	0.79205142	0.0273972602739726	4.0	0.7165295437546746	0.10022438294689603	0.9911045218680504	1.2611519672685794	9.0	-1.3186945596355804	52	0	0	1	0	0.2692589875275128	4	4.0	0.383
MITHRIL.17049	0.937	2.283	0.79205142	0.0273972602739726	4.1	0.7165295437546746	0.14584891548242335	0.9911045218680504	1.2611519672685794	9.0	-0.777453436343742	52	0	0	1	0	0.2692589875275128	4	4.0	0.383
MITHRIL.17050	0.0	-0.838	0.79835838	0.0273972602739726	1.0999999999999996	0.8593866866118175	0.0	0.9911045218680504	0.6000743797571947	5.0	-44.50699332842307	51	0	0	1	0	0.001467351430667645	5	5.0	0.409
MITHRIL.17051	0.0	-0.838	0.79835838	0.0273972602739726	1.0999999999999996	0.8593866866118175	0.0007479431563201197	0.9911045218680504	0.6000743797571947	5.0	-8.384783750093353	51	0	0	1	0	0.001467351430667645	5	5.0	0.409
MITHRIL.17052	0.0	-0.838	0.79835838	0.0	0.3000000000000007	0.8593866866118175	0.13986537023186238	0.9911045218680504	0.6000743797571947	5.0	-0.8378892902057161	51	0	0	1	0	0.001467351430667645	5	5.0	0.409
MITHRIL.17053	0.003	0.106	0.80137606	0.0	-0.1999999999999993	0.782371294851794	0.0	0.9503335804299481	0.9041133372594632	7.0	-44.50699332842307	50	1	0	0	0	1.0	6	6.0	0.914
MITHRIL.17054	0.003	0.106	0.80137606	0.0	-0.09999999999999964	0.782371294851794	0.18798751950078002	0.9503335804299481	0.9041133372594632	7.0	-0.41016542411168505	50	1	0	0	0	1.0	6	6.0	0.914
MITHRIL.17055	0.003	0.106	0.80137606	0.0	-0.1999999999999993	0.782371294851794	0.028861154446177848	0.9503335804299481	0.9041133372594632	7.0	-3.113601394712697	50	1	0	0	0	1.0	6	6.0	0.914
MITHRIL.17056	0.654	5.852	0.80753214	0.0	0.0	0.8833208676140614	0.02318623784592371	0.9911045218680504	0.6893150646636006	10.0	-3.4305874397064775	49	1	0	0	0	1.0	7	6.0	1.073
MITHRIL.17057	0.654	5.852	0.80753214	0.0	0.0	0.8833208676140614	0.025430067314884067	0.9911045218680504	0.6893150646636006	10.0	-3.2973209088430133	49	1	0	0	0	1.0	7	6.0	1.073
MITHRIL.17058	0.654	5.852	0.80753214	0.0	0.0	0.8833208676140614	0.06806282722513089	0.9911045218680504	0.6893150646636006	10.0	-1.8769891098946565	49	1	0	0	0	1.0	7	6.0	1.073
MITHRIL.17059	0.008	0.335	0.81260185	0.0	0.0	0.675392670157068	0.07778608825729244	0.9911045218680504	1.2866520492744673	9.0	-1.6843440319522607	48	1	0	0	0	1.0	6	5.0	0.311
MITHRIL.17060	0.008	0.335	0.81260185	0.0	0.0	0.675392670157068	0.025430067314884067	0.9911045218680504	1.2866520492744673	9.0	-3.2973209088430133	48	1	0	0	0	1.0	6	5.0	0.311
MITHRIL.17061	0.008	0.335	0.81260185	0.0	0.0	0.675392670157068	0.22139117427075541	0.9911045218680504	1.2866520492744673	9.0	-0.17533038446440308	48	1	0	0	0	1.0	6	5.0	0.311
MITHRIL.17062	0.0	-0.778	0.81625324	0.0	0.0	0.38219895287958117	0.41361256544502617	0.9911045218680504	1.6532850890723996	4.0	0.7263519201413542	47	1	0	0	0	1.0	5	4.0	0.964
MITHRIL.17063	0.0	-0.778	0.81625324	0.0	0.0	0.38219895287958117	0.032909498878085267	0.9911045218680504	1.6532850890723996	4.0	-2.9253521314560555	47	1	0	0	0	1.0	5	4.0	0.964
MITHRIL.17064	0.0	-0.778	0.81625324	0.0	0.0	0.38219895287958117	0.1712789827973074	0.9911045218680504	1.6532850890723996	4.0	-0.5455799619964088	47	1	0	0	0	1.0	5	4.0	0.964
MITHRIL.17065	0.0	-1.201	0.81724908	0.0	-0.3000000000000007	0.16155572176514585	0.11892296185489903	0.9911045218680504	1.2737407734106105	8.0	-1.0719007948089974	46	1	0	0	0	0.7857666911225238	4	3.0	1.085
MITHRIL.17066	0.0	-1.201	0.81724908	0.0	0.0	0.16155572176514585	0.02169035153328347	0.9911045218680504	1.2737407734106105	8.0	-3.5268027549657806	46	1	0	0	0	0.7857666911225238	4	3.0	1.085
MITHRIL.17067	0.0	-1.201	0.81724908	0.0	-0.1999999999999993	0.16155572176514585	0.6978309648466716	0.9911045218680504	1.2737407734106105	8.0	1.4809495207584058	46	1	0	0	0	0.7857666911225238	4	3.0	1.085
MITHRIL.17068	0.024	0.139	0.81972358	0.0273972602739726	2.9000000000000004	0.44477611940298506	0.05447761194029851	0.9933283914010378	1.2911228393537584	2.0	-2.1981927264651175	45	0	0	1	0	0.01903367496339678	3	2.0	0.593
MITHRIL.17069	0.024	0.139	0.81972358	0.0273972602739726	3.0	0.44477611940298506	0.0052238805970149255	0.9933283914010378	1.2911228393537584	2.0	-5.580662363287531	45	0	0	1	0	0.01903367496339678	3	2.0	0.593
MITHRIL.17070	0.024	0.139	0.81972358	0.0273972602739726	2.6999999999999993	0.44477611940298506	0.4955223880597015	0.9933283914010378	1.2911228393537584	2.0	0.9870221460017901	45	0	0	1	0	0.01903367496339678	3	2.0	0.593
MITHRIL.17071	0.999	3.151	0.8221679	0.0273972602739726	3.8	0.7694588584136397	0.11193476649369903	1.0	1.0778687305620682	5.0	-1.1592698936231887	44	0	0	1	0	0.005818181818181818	2	1.0	0.697
MITHRIL.17072	0.999	3.151	0.8221679	0.0	0.3000000000000007	0.7694588584136397	0.10229799851742032	1.0	1.0778687305620682	5.0	-1.2891501761700985	44	0	0	1	0	0.005818181818181818	2	1.0	0.697
MITHRIL.17073	0.999	3.151	0.8221679	0.0273972602739726	4.2	0.7694588584136397	0.01630837657524092	1.0	1.0778687305620682	5.0	-3.93824301431097	44	0	0	1	0	0.005818181818181818	2	1.0	0.697
MITHRIL.17074	1.0	3.982	0.82506488	0.0273972602739726	3.9000000000000004	0.9584877687175686	0.018532246108228317	1.0	0.3092822596581667	14.0	-3.7538184431735426	43	0	0	1	0	0.0	1	1.0	0.389
MITHRIL.17075	1.0	3.982	0.82506488	0.0	-0.09999999999999964	0.9584877687175686	0.01704966641957005	1.0	0.3092822596581667	14.0	-3.874112676891255	43	0	0	1	0	0.0	1	1.0	0.389
MITHRIL.17076	1.0	3.982	0.82506488	0.0273972602739726	4.1	0.9584877687175686	0.005930318754633061	1.0	0.3092822596581667	14.0	-5.397674632948267	43	0	0	1	0	0.0	1	1.0	0.389
MITHRIL.17077	1.0	5.948	0.83016477	0.0273972602739726	4.6	0.8295033358042995	0.10007412898443291	1.0	0.8955634390490964	14.0	-1.3208590358974368	42	0	0	1	0	0.008727272727272728	0	0.0	0.291
MITHRIL.17078	1.0	5.948	0.83016477	0.0273972602739726	4.6	0.8295033358042995	0.0385470719051149	1.0	0.8955634390490964	14.0	-2.6972349148071753	42	0	0	1	0	0.008727272727272728	0	0.0	0.291
MITHRIL.17079	1.0	5.948	0.83016477	0.0273972602739726	4.6	0.8295033358042995	0.03187546330615271	1.0	0.8955634390490964	14.0	-2.9714098782461695	42	0	0	1	0	0.008727272727272728	0	0.0	0.291
MITHRIL.17080	1.0	4.69	0.83275997	0.0	2.5	0.7924388435878429	0.20607857672349889	1.0	0.7509786066766979	14.0	-0.27873356022476015	41	0	0	1	0	0.005818181818181818	1	1.0	0.394
MITHRIL.17081	1.0	4.69	0.83275997	0.0273972602739726	2.5	0.7924388435878429	0.0007412898443291327	1.0	0.7509786066766979	14.0	-8.397674632948268	41	0	0	1	0	0.005818181818181818	1	1.0	0.394
MITHRIL.17082	1.0	4.69	0.83275997	0.0273972602739726	2.4000000000000004	0.7924388435878429	0.0007412898443291327	1.0	0.7509786066766979	14.0	-8.397674632948268	41	0	0	1	0	0.005818181818181818	1	1.0	0.394
MITHRIL.17083	1.0	4.826	0.83565695	0.0	0.5999999999999996	0.9933283914010378	0.002223869532987398	1.0	0.0639401445353863	18.0	-6.812712132227111	40	0	0	0	1	1.0	1	1.0	0.403
MITHRIL.17084	1.0	4.826	0.83565695	0.0	0.0	0.9933283914010378	0.0	1.0	0.0639401445353863	18.0	-44.50699332842307	40	0	0	0	1	1.0	1	1.0	0.403
MITHRIL.17085	1.0	4.826	0.83565695	0.0	0.40000000000000036	0.9933283914010378	0.004447739065974796	1.0	0.0639401445353863	18.0	-5.812712132227111	40	0	0	0	1	1.0	1	1.0	0.403
MITHRIL.17086	1.0	4.845	0.83686402	0.0	0.0	0.994069681245367	0.0	1.0	0.052400790936478425	14.0	-44.50699332842307	39	0	0	0	1	1.0	0	0.0	0.44
MITHRIL.17087	1.0	4.845	0.83686402	0.0	0.0	0.994069681245367	0.005930318754633061	1.0	0.052400790936478425	14.0	-5.397674632948267	39	0	0	0	1	1.0	0	0.0	0.44
MITHRIL.17088	1.0	4.845	0.83686402	0.0	0.0	0.994069681245367	0.0	1.0	0.052400790936478425	14.0	-44.50699332842307	39	0	0	0	1	1.0	0	0.0	0.44
MITHRIL.17089	1.0	8.859	0.83626049	0.0	0.0	1.0	0.0	1.0	-1.601713251907458e-15	27.0	-44.50699332842307	38	0	0	0	1	1.0	1	1.0	0.047
MITHRIL.17090	1.0	8.859	0.83626049	0.0	0.0	1.0	0.0	1.0	-1.601713251907458e-15	27.0	-44.50699332842307	38	0	0	0	1	1.0	1	1.0	0.047
MITHRIL.17091	1.0	8.859	0.83626049	0.0	0.0	1.0	0.0	1.0	-1.601713251907458e-15	27.0	-44.50699332842307	38	0	0	0	1	1.0	1	1.0	0.047
MITHRIL.17092	1.0	5.919	0.83396705	0.0	0.0	1.0	0.0	1.0	-1.601713251907458e-15	27.0	-44.50699332842307	37	0	0	0	1	1.0	1	1.0	0.044
MITHRIL.17093	1.0	5.919	0.83396705	0.0	0.0	1.0	0.0	1.0	-1.601713251907458e-15	27.0	-44.50699332842307	37	0	0	0	1	1.0	1	1.0	0.044
MITHRIL.17094	1.0	5.919	0.83396705	0.0	0.0	1.0	0.0	1.0	-1.601713251907458e-15	27.0	-44.50699332842307	37	0	0	0	1	1.0	1	1.0	0.044
MITHRIL.17095	1.0	5.845	0.82681514	0.0	0.0	1.0	0.0	1.0	-1.601713251907458e-15	27.0	-44.50699332842307	36	0	0	0	1	1.0	0	0.0	0.319
MITHRIL.17096	1.0	5.845	0.82681514	0.0	0.0	1.0	0.0	1.0	-1.601713251907458e-15	27.0	-44.50699332842307	36	0	0	0	1	1.0	0	0.0	0.319
MITHRIL.17097	1.0	5.845	0.82681514	0.0	0.0	1.0	0.0	1.0	-1.601713251907458e-15	27.0	-44.50699332842307	36	0	0	0	1	1.0	0	0.0	0.319
MITHRIL.17098	1.0	7.089	0.81993482	0.0	0.0	0.9881393624907339	0.0007412898443291327	1.0	0.09689037890991707	15.0	-8.397674632948268	35	0	0	0	1	1.0	1	1.0	0.615
MITHRIL.17099	1.0	7.089	0.81993482	0.0	0.0	0.9881393624907339	0.01111934766493699	1.0	0.09689037890991707	15.0	-4.490784037339749	35	0	0	0	1	1.0	1	1.0	0.615
MITHRIL.17100	1.0	7.089	0.81993482	0.0	0.0	0.9881393624907339	0.0	1.0	0.09689037890991707	15.0	-44.50699332842307	35	0	0	0	1	1.0	1	1.0	0.615
MITHRIL.17101	1.0	4.664	0.81730943	0.0	0.0	0.9369903632320237	0.061527057079318014	1.0	0.3494113723866229	10.0	-2.022635201601343	34	0	0	0	1	0.9992727272727273	2	2.0	0.546
MITHRIL.17102	1.0	4.664	0.81730943	0.0	-1.4000000000000004	0.9369903632320237	0.0	1.0	0.3494113723866229	10.0	-44.50699332842307	34	0	0	0	1	0.9992727272727273	2	2.0	0.546
MITHRIL.17103	1.0	4.664	0.81730943	0.0	0.0	0.9369903632320237	0.0014825796886582653	1.0	0.3494113723866229	10.0	-7.397674632948267	34	0	0	0	1	0.9992727272727273	2	2.0	0.546
MITHRIL.17104	1.0	3.854	0.81245096	0.0273972602739726	3.3000000000000007	0.8298507462686567	0.0052238805970149255	0.9933283914010378	0.7035366299868807	14.0	-5.580662363287531	33	0	0	1	0	0.005124450951683748	3	2.0	0.376
MITHRIL.17105	1.0	3.854	0.81245096	0.0273972602739726	3.4000000000000004	0.8298507462686567	0.0007462686567164179	0.9933283914010378	0.7035366299868807	14.0	-8.388017285345136	33	0	0	1	0	0.005124450951683748	3	2.0	0.376
MITHRIL.17106	1.0	3.854	0.81245096	0.0273972602739726	3.0999999999999996	0.8298507462686567	0.16417910447761194	0.9933283914010378	0.7035366299868807	14.0	-0.6066575718204752	33	0	0	1	0	0.005124450951683748	3	2.0	0.376
MITHRIL.17107	1.0	5.965	0.81045929	0.0273972602739726	4.6	0.821349147516679	0.040770941438102296	1.0	0.9353877144171276	14.0	-2.616314919423608	32	0	0	1	0	0.008727272727272728	2	1.0	0.432
MITHRIL.17108	1.0	5.965	0.81045929	0.0	0.3000000000000007	0.821349147516679	0.04002965159377316	1.0	0.9353877144171276	14.0	-2.642787130784799	32	0	0	1	0	0.008727272727272728	2	1.0	0.432
MITHRIL.17109	1.0	5.965	0.81045929	0.0273972602739726	4.6	0.821349147516679	0.09785025945144551	1.0	0.9353877144171276	14.0	-1.353280513589814	32	0	0	1	0	0.008727272727272728	2	1.0	0.432
MITHRIL.17110	1.0	8.926	0.80765285	0.0273972602739726	4.1	0.9644180874722016	0.014084507042253521	1.0	0.27192626472815945	18.0	-4.149747119504682	31	0	0	1	0	0.0	1	1.0	0.517
MITHRIL.17111	1.0	8.926	0.80765285	0.0273972602739726	4.1	0.9644180874722016	0.004447739065974796	1.0	0.27192626472815945	18.0	-5.812712132227111	31	0	0	1	0	0.0	1	1.0	0.517
MITHRIL.17112	1.0	8.926	0.80765285	0.0273972602739726	4.1	0.9644180874722016	0.01704966641957005	1.0	0.27192626472815945	18.0	-3.874112676891255	31	0	0	1	0	0.0	1	1.0	0.517
MITHRIL.17113	1.0	4.795	0.80505764	0.0273972602739726	4.2	0.7983691623424759	0.02001482579688658	1.0	0.9982041407393936	14.0	-3.642787130784799	30	0	0	1	0	0.005818181818181818	0	0.0	0.376
MITHRIL.17114	1.0	4.795	0.80505764	0.0273972602739726	4.2	0.7983691623424759	0.07783543365455893	1.0	0.9982041407393936	14.0	-1.683429115282145	30	0	0	1	0	0.005818181818181818	0	0.0	0.376
MITHRIL.17115	1.0	4.795	0.80505764	0.0273972602739726	4.2	0.7983691623424759	0.10378057820607858	1.0	0.9982041407393936	14.0	-1.268391616003301	30	0	0	1	0	0.005818181818181818	0	0.0	0.376
MITHRIL.17116	0.962	1.607	0.8015873	0.0	2.5	0.4099332839140104	0.5396590066716086	1.0	1.2698489356824005	2.0	1.1101200072504287	29	0	0	1	0	0.019636363636363636	1	1.0	0.455
MITHRIL.17117	0.962	1.607	0.8015873	0.0273972602739726	2.9000000000000004	0.4099332839140104	0.015567086730911787	1.0	1.2698489356824005	2.0	-4.005357210169508	29	0	0	1	0	0.019636363636363636	1	1.0	0.455
MITHRIL.17118	0.962	1.607	0.8015873	0.0273972602739726	2.9000000000000004	0.4099332839140104	0.034840622683469234	1.0	1.2698489356824005	2.0	-2.8430857812706303	29	0	0	1	0	0.019636363636363636	1	1.0	0.455
MITHRIL.17119	0.0	-2.93	0.79497857	0.0	0.1999999999999993	0.5819125277983692	0.07042253521126761	1.0	1.317592581092885	5.0	-1.8278190246173196	27	1	0	0	0	0.7876363636363637	2	2.0	1.354
MITHRIL.17120	0.0	-2.93	0.79497857	0.0	-0.09999999999999964	0.5819125277983692	0.009636767976278725	1.0	1.317592581092885	5.0	-4.697234914807176	27	1	0	0	0	0.7876363636363637	2	2.0	1.354
MITHRIL.17121	0.0	-2.93	0.79497857	0.0	-0.5	0.5819125277983692	0.3380281690140845	1.0	1.317592581092885	5.0	0.4352153812164741	27	1	0	0	0	0.7876363636363637	2	2.0	1.354
MITHRIL.17122	0.986	2.725	0.79108576	0.0273972602739726	1.0999999999999996	0.3402520385470719	0.0014825796886582653	1.0	0.9732680137377576	5.0	-7.397674632948267	26	0	0	1	0	0.005818181818181818	3	1.0	0.449
MITHRIL.17123	0.986	2.725	0.79108576	0.0	-2.3000000000000007	0.3402520385470719	0.6545589325426242	1.0	0.9732680137377576	5.0	1.3885949947001985	26	0	0	1	0	0.005818181818181818	3	1.0	0.449
MITHRIL.17124	0.986	2.725	0.79108576	0.0273972602739726	1.1999999999999993	0.3402520385470719	0.0037064492216456633	1.0	0.9732680137377576	5.0	-6.075746538060906	26	0	0	1	0	0.005818181818181818	3	1.0	0.449
MITHRIL.17125	0.99	4.72	0.79030116	0.0273972602739726	7.0	0.9466271312083024	0.020756115641215715	1.0	0.372629143852142	6.0	-3.5903197108906637	25	0	0	1	0	0.009454545454545455	4	2.0	0.16
MITHRIL.17126	0.99	4.72	0.79030116	0.0273972602739726	7.0	0.9466271312083024	0.005189028910303929	1.0	0.372629143852142	6.0	-5.590319710890664	25	0	0	1	0	0.009454545454545455	4	2.0	0.16
MITHRIL.17127	0.99	4.72	0.79030116	0.0273972602739726	7.0	0.9466271312083024	0.02742772424017791	1.0	0.372629143852142	6.0	-3.1882212673193178	25	0	0	1	0	0.009454545454545455	4	2.0	0.16
MITHRIL.17128	0.125	0.569	0.79015028	0.0273972602739726	4.1	0.6300963676797627	0.0029651593773165306	1.0	0.9755047958245007	13.0	-6.397674632948267	24	0	0	1	0	0.004363636363636364	4	3.0	0.343
MITHRIL.17129	0.125	0.569	0.79015028	0.0273972602739726	3.8	0.6300963676797627	0.0	1.0	0.9755047958245007	13.0	-44.50699332842307	24	0	0	1	0	0.004363636363636364	4	3.0	0.343
MITHRIL.17130	0.125	0.569	0.79015028	0.0273972602739726	3.9000000000000004	0.6300963676797627	0.3669384729429207	1.0	0.9755047958245007	13.0	0.5536100820187045	24	0	0	1	0	0.004363636363636364	4	3.0	0.343
MITHRIL.17131	0.012	0.375	0.7899994	0.0273972602739726	-2.9000000000000004	0.7027427724240178	0.04225352112676056	1.0	1.1158416971640768	5.0	-2.5647846187835257	23	0	0	0	1	0.37236363636363634	3	3.0	0.269
MITHRIL.17132	0.012	0.375	0.7899994	0.0	-0.09999999999999964	0.7027427724240178	0.010378057820607857	1.0	1.1158416971640768	5.0	-4.590319710890664	23	0	0	0	1	0.37236363636363634	3	3.0	0.269
MITHRIL.17133	0.012	0.375	0.7899994	0.0	-0.09999999999999964	0.7027427724240178	0.2446256486286138	1.0	1.1158416971640768	5.0	-0.031352418702451694	23	0	0	0	1	0.37236363636363634	3	3.0	0.269
MITHRIL.17134	0.004	0.019	0.7909047	0.0	0.0	0.3297769156159069	0.5897187196896218	0.7642698295033358	1.2994760758799278	4.0	1.238098896075477	20	0	0	0	1	1.0	2	2.0	1.998
MITHRIL.17135	0.004	0.019	0.7909047	0.0	0.0	0.3297769156159069	0.07080504364694472	0.7642698295033358	1.2994760758799278	4.0	-1.820004058488091	20	0	0	0	1	1.0	2	2.0	1.998
MITHRIL.17136	0.004	0.019	0.7909047	0.0	0.0	0.3297769156159069	0.009699321047526674	0.7642698295033358	1.2994760758799278	4.0	-4.687900522480746	20	0	0	0	1	1.0	2	2.0	1.998
MITHRIL.17137	0.094	3.418	0.79190054	0.0	0.0	0.9054545454545454	0.02727272727272727	0.815418828762046	0.7021100477309811	4.0	-3.1950850753407125	19	0	0	0	1	1.0	1	1.0	0.47
MITHRIL.17138	0.094	3.418	0.79190054	0.0	0.0	0.9054545454545454	0.008181818181818182	0.815418828762046	0.7021100477309811	4.0	-4.932050669506919	19	0	0	0	1	1.0	1	1.0	0.47
MITHRIL.17139	0.094	3.418	0.79190054	0.0	0.0	0.9054545454545454	0.05818181818181818	0.815418828762046	0.7021100477309811	4.0	-2.101975670949231	19	0	0	0	1	1.0	1	1.0	0.47
MITHRIL.17140	0.0	-0.615	0.79220231	0.0	0.0	0.5604575163398693	0.08251633986928104	0.9073387694588584	1.6268019238572093	2.0	-1.599176359940857	18	0	0	0	1	1.0	0	0.0	1.966
MITHRIL.17141	0.0	-0.615	0.79220231	0.0	0.0	0.5604575163398693	0.17647058823529413	0.9073387694588584	1.6268019238572093	2.0	-0.5025003405291831	18	0	0	0	1	1.0	0	0.0	1.966
MITHRIL.17142	0.0	-0.615	0.79220231	0.0	0.0	0.5604575163398693	0.18055555555555555	0.9073387694588584	1.6268019238572093	2.0	-0.46948528330122025	18	0	0	0	1	1.0	0	0.0	1.966
MITHRIL.17143	0.0	-0.998	0.7998974	0.0	0.0	0.2010502625656414	0.10352588147036759	0.9881393624907339	1.2492490512213206	4.0	-1.2719366083108041	17	0	0	0	1	1.0	1	1.0	1.567
MITHRIL.17144	0.0	-0.998	0.7998974	0.0	0.0	0.2010502625656414	0.6849212303075769	0.9881393624907339	1.2492490512213206	4.0	1.4540099848952488	17	0	0	0	1	1.0	1	1.0	1.567
MITHRIL.17145	0.0	-0.998	0.7998974	0.0	0.0	0.2010502625656414	0.010502625656414103	0.9881393624907339	1.2492490512213206	4.0	-4.573106143031369	17	0	0	0	1	1.0	1	1.0	1.567
MITHRIL.17146	0.0	0.394	0.806144	0.0	0.0	0.7610156833457804	0.10082150858849888	0.9925871015567087	1.1094938201901778	4.0	-1.3101246482734796	16	0	0	0	1	1.0	2	2.0	0.654
MITHRIL.17147	0.0	0.394	0.806144	0.0	0.0	0.7610156833457804	0.018670649738610903	0.9925871015567087	1.1094938201901778	4.0	-3.743084055549586	16	0	0	0	1	1.0	2	2.0	0.654
MITHRIL.17148	0.0	0.394	0.806144	0.0	0.0	0.7610156833457804	0.11949215832710978	0.9925871015567087	1.1094938201901778	4.0	-1.065012150436948	16	0	0	0	1	1.0	2	2.0	0.654
MITHRIL.17149	0.0	0.886	0.80677772	0.0	0.0	0.7827380952380952	0.043154761904761904	0.9962935507783544	1.0151539187277754	5.0	-2.5343364276511884	15	0	0	0	1	1.0	3	3.0	1.028
MITHRIL.17150	0.0	0.886	0.80677772	0.0	0.0	0.7827380952380952	0.024553571428571428	0.9962935507783544	1.0151539187277754	5.0	-3.347923303420307	15	0	0	0	1	1.0	3	3.0	1.028
MITHRIL.17151	0.0	0.886	0.80677772	0.0	0.0	0.7827380952380952	0.14955357142857142	0.9962935507783544	1.0151539187277754	5.0	-0.7412657315998317	15	0	0	0	1	1.0	3	3.0	1.028
MITHRIL.17152	0.0	-0.167	0.80668719	0.0	0.0	0.30438010393466963	0.020786933927245732	0.9985174203113417	1.618817755735766	2.0	-3.588179213404699	14	0	0	0	1	1.0	4	4.0	0.615
MITHRIL.17153	0.0	-0.167	0.80668719	0.0	0.0	0.30438010393466963	0.46993318485523383	0.9985174203113417	1.618817755735766	2.0	0.9105275539660381	14	0	0	0	1	1.0	4	4.0	0.615
MITHRIL.17154	0.0	-0.167	0.80668719	0.0	0.0	0.30438010393466963	0.20489977728285078	0.9985174203113417	1.618817755735766	2.0	-0.2870096786841341	14	0	0	0	1	1.0	4	4.0	0.615
MITHRIL.17155	0.016	0.627	0.80704931	0.0	0.0	0.7294292068198666	0.026686434395848776	1.0	0.975266455913075	3.0	-3.2277496315059553	13	0	0	0	1	1.0	4	4.0	0.585
MITHRIL.17156	0.016	0.627	0.80704931	0.0	0.0	0.7294292068198666	0.0007412898443291327	1.0	0.975266455913075	3.0	-8.397674632948268	13	0	0	0	1	1.0	4	4.0	0.585
MITHRIL.17157	0.016	0.627	0.80704931	0.0	0.0	0.7294292068198666	0.24314306893995552	1.0	0.975266455913075	3.0	-0.040122628330183874	13	0	0	0	1	1.0	4	4.0	0.585
MITHRIL.17158	0.998	2.039	0.80442392	0.0273972602739726	-2.5999999999999996	0.3647146034099333	0.1267605633802817	1.0	1.451154374476182	6.0	-0.9798221180623697	12	0	0	0	1	0.37163636363636365	3	3.0	0.391
MITHRIL.17159	0.998	2.039	0.80442392	0.0	-1.0	0.3647146034099333	0.005930318754633061	1.0	1.451154374476182	6.0	-5.397674632948267	12	0	0	0	1	0.37163636363636365	3	3.0	0.391
MITHRIL.17160	0.998	2.039	0.80442392	0.0273972602739726	-5.199999999999999	0.3647146034099333	0.502594514455152	1.0	1.451154374476182	6.0	1.0074668301880765	12	0	0	0	1	0.37163636363636365	3	3.0	0.391
MITHRIL.17161	1.0	3.475	0.80019917	0.0	2.0	0.4788732394366197	0.5181616011860638	1.0	1.0250897017031146	13.0	1.051474012427169	11	0	0	1	0	0.004363636363636364	2	2.0	0.179
MITHRIL.17162	1.0	3.475	0.80019917	0.0273972602739726	2.5	0.4788732394366197	0.0	1.0	1.0250897017031146	13.0	-44.50699332842307	11	0	0	1	0	0.004363636363636364	2	2.0	0.179
MITHRIL.17163	1.0	3.475	0.80019917	0.0273972602739726	3.5	0.4788732394366197	0.0029651593773165306	1.0	1.0250897017031146	13.0	-6.397674632948267	11	0	0	1	0	0.004363636363636364	2	2.0	0.179
MITHRIL.17164	1.0	5.519	0.79558211	0.0	5.6	0.9406968124536694	0.04151223128243143	1.0	0.39327332185887015	6.0	-2.5903197108906637	10	0	0	1	0	0.009454545454545455	1	1.0	0.048
MITHRIL.17165	1.0	5.519	0.79558211	0.0273972602739726	4.4	0.9406968124536694	0.005930318754633061	1.0	0.39327332185887015	6.0	-5.397674632948267	10	0	0	1	0	0.009454545454545455	1	1.0	0.048
MITHRIL.17166	1.0	5.519	0.79558211	0.0273972602739726	7.0	0.9406968124536694	0.011860637509266123	1.0	0.39327332185887015	6.0	-4.397674632948267	10	0	0	1	0	0.009454545454545455	1	1.0	0.048
MITHRIL.17167	1.0	2.574	0.791297	0.0273972602739726	1.8000000000000007	0.9140103780578206	0.005189028910303929	1.0	0.4572962639662318	6.0	-5.590319710890664	9	0	0	1	0	0.005818181818181818	0	0.0	0.231
MITHRIL.17168	1.0	2.574	0.791297	0.0273972602739726	1.5	0.9140103780578206	0.0007412898443291327	1.0	0.4572962639662318	6.0	-8.397674632948268	9	0	0	1	0	0.005818181818181818	0	0.0	0.231
MITHRIL.17169	1.0	2.574	0.791297	0.0	-0.3000000000000007	0.9140103780578206	0.08005930318754632	1.0	0.4572962639662318	6.0	-1.6427871307847992	9	0	0	1	0	0.005818181818181818	0	0.0	0.231
MITHRIL.17170	1.0	0.709	0.78716277	0.0	-0.3000000000000007	0.5983606557377049	0.38002980625931443	0.9948109710896961	1.0997779512635533	5.0	0.6041844806586743	8	1	0	0	0	1.0	0	0.0	0.26
MITHRIL.17171	1.0	0.709	0.78716277	0.0	-0.3000000000000007	0.5983606557377049	0.020864381520119227	0.9948109710896961	1.0997779512635533	5.0	-3.5828140341425794	8	1	0	0	0	1.0	0	0.0	0.26
MITHRIL.17172	1.0	0.709	0.78716277	0.0	-0.3000000000000007	0.5983606557377049	0.0007451564828614009	0.9948109710896961	1.0997779512635533	5.0	-8.390168956200183	8	1	0	0	0	1.0	0	0.0	0.26
MITHRIL.17173	1.0	4.849	0.78402438	0.0	0.40000000000000036	0.9280948851000741	0.05856189770200148	1.0	0.4314325855784171	14.0	-2.093893884771165	7	1	0	0	0	1.0	1	1.0	0.287
MITHRIL.17174	1.0	4.849	0.78402438	0.0	0.0	0.9280948851000741	0.01111934766493699	1.0	0.4314325855784171	14.0	-4.490784037339749	7	1	0	0	0	1.0	1	1.0	0.287
MITHRIL.17175	1.0	4.849	0.78402438	0.0	0.3000000000000007	0.9280948851000741	0.002223869532987398	1.0	0.4314325855784171	14.0	-6.812712132227111	7	1	0	0	0	1.0	1	1.0	0.287
MITHRIL.17176	0.998	2.044	0.7798298	0.0273972602739726	0.1999999999999993	0.7371937639198218	0.013363028953229399	0.9985174203113417	0.9152430925048567	5.0	-4.225609134019991	6	0	1	0	0	0.008011653313911144	2	2.0	0.501
MITHRIL.17177	0.998	2.044	0.7798298	0.0273972602739726	0.1999999999999993	0.7371937639198218	0.0007423904974016332	0.9985174203113417	0.9152430925048567	5.0	-8.395534135462302	6	0	1	0	0	0.008011653313911144	2	2.0	0.501
MITHRIL.17178	0.998	2.044	0.7798298	0.0	-1.3000000000000007	0.7371937639198218	0.24870081662954716	0.9985174203113417	0.9152430925048567	5.0	-0.007516850117168263	6	0	1	0	0	0.008011653313911144	2	2.0	0.501
MITHRIL.17179	0.972	0.931	0.77611805	0.0273972602739726	-0.5	0.3961424332344214	0.38130563798219586	0.9992587101556709	1.639034912807944	5.0	0.6090197680120196	5	0	1	0	0	0.033478893740902474	3	3.0	0.506
MITHRIL.17180	0.972	0.931	0.77611805	0.0	-2.6999999999999993	0.3961424332344214	0.020029673590504452	0.9992587101556709	1.639034912807944	5.0	-3.64171727901839	5	0	1	0	0	0.033478893740902474	3	3.0	0.506
MITHRIL.17181	0.972	0.931	0.77611805	0.0273972602739726	2.0999999999999996	0.3961424332344214	0.20252225519287834	0.9992587101556709	1.639034912807944	5.0	-0.303847640262006	5	0	1	0	0	0.033478893740902474	3	3.0	0.506
MITHRIL.17182	0.957	0.766	0.77316072	0.0273972602739726	1.1999999999999993	0.7383246849518161	0.026686434395848776	1.0	1.1117038656156468	3.0	-3.2277496315059553	4	0	1	0	0	0.016727272727272726	4	4.0	0.468
MITHRIL.17183	0.957	0.766	0.77316072	0.0	-2.4000000000000004	0.7383246849518161	0.19347664936990364	1.0	1.1117038656156468	3.0	-0.36976863637838303	4	0	1	0	0	0.016727272727272726	4	4.0	0.468
MITHRIL.17184	0.957	0.766	0.77316072	0.0273972602739726	3.8	0.7383246849518161	0.04151223128243143	1.0	1.1117038656156468	3.0	-2.5903197108906637	4	0	1	0	0	0.016727272727272726	4	4.0	0.468
MITHRIL.17185	0.959	0.367	0.77379444	0.0273972602739726	5.3	0.7716827279466272	0.021497405485544848	1.0	0.9372427833140156	5.0	-3.5396936378206956	3	0	1	0	0	0.016727272727272726	5	5.0	0.437
MITHRIL.17186	0.959	0.367	0.77379444	0.0	3.5999999999999996	0.7716827279466272	0.19644180874722017	1.0	0.9372427833140156	5.0	-0.347826083497706	3	0	1	0	0	0.016727272727272726	5	5.0	0.437
MITHRIL.17187	0.959	0.367	0.77379444	0.0273972602739726	5.0	0.7716827279466272	0.010378057820607857	1.0	0.9372427833140156	5.0	-4.590319710890664	3	0	1	0	0	0.016727272727272726	5	5.0	0.437
MITHRIL.17188	0.996	1.951	0.77421691	0.0273972602739726	6.4	0.8243143068939955	0.017790956263899184	1.0	0.8143938462034477	14.0	-3.8127121322271114	2	0	1	0	0	0.002909090909090909	6	6.0	0.293
MITHRIL.17189	0.996	1.951	0.77421691	0.0273972602739726	6.4	0.8243143068939955	0.011860637509266123	1.0	0.8143938462034477	14.0	-4.397674632948267	2	0	1	0	0	0.002909090909090909	6	6.0	0.293
MITHRIL.17190	0.996	1.951	0.77421691	0.0273972602739726	6.4	0.8243143068939955	0.14603409933283915	1.0	0.8143938462034477	14.0	-0.7756228134918912	2	0	1	0	0	0.002909090909090909	6	6.0	0.293
MITHRIL.17191	1.0	1.982	0.77246665	0.0273972602739726	4.6	0.7954040029651593	0.14232765011119347	1.0	0.9561495458947162	3.0	-0.8127121322271115	1	0	1	0	0	0.008727272727272728	7	7.0	0.358
MITHRIL.17192	1.0	1.982	0.77246665	0.0	0.3000000000000007	0.7954040029651593	0.050407709414381024	1.0	0.9561495458947162	3.0	-2.310211791697928	1	0	1	0	0	0.008727272727272728	7	7.0	0.358
MITHRIL.17193	1.0	1.982	0.77246665	0.0273972602739726	4.6	0.7954040029651593	0.011860637509266123	1.0	0.9561495458947162	3.0	-4.397674632948267	1	0	1	0	0	0.008727272727272728	7	7.0	0.358
MITHRIL.17194	1.0	6.846	0.77403585	0.0273972602739726	1.0	0.9436619718309859	0.022979985174203115	1.0	0.3966152808176051	14.0	-3.443478322561392	0	0	1	0	0	0.016727272727272726	8	8.0	0.47
MITHRIL.17195	1.0	6.846	0.77403585	0.0273972602739726	1.3000000000000007	0.9436619718309859	0.023721275018532245	1.0	0.3966152808176051	14.0	-3.3976746329482674	0	0	1	0	0	0.016727272727272726	8	8.0	0.47
MITHRIL.17196	1.0	6.846	0.77403585	0.0273972602739726	1.0999999999999996	0.9436619718309859	0.009636767976278725	1.0	0.3966152808176051	14.0	-4.697234914807176	0	0	1	0	0	0.016727272727272726	8	8.0	0.47
MITHRIL.17290	1.0	4.969	0.57571368	0.0	-0.5999999999999996	0.9948148148148148	0.0014814814814814814	1.0	0.05489552297284041	10.0	-7.3987436919381935	77	1	0	0	0	1.0	14	10.0	0.779
MITHRIL.17291	1.0	4.969	0.57571368	0.0	0.0	0.9948148148148148	0.0014814814814814814	1.0	0.05489552297284041	10.0	-7.3987436919381935	77	1	0	0	0	1.0	14	10.0	0.779
MITHRIL.17292	1.0	4.969	0.57571368	0.0	-0.5999999999999996	0.9948148148148148	0.0022222222222222222	1.0	0.05489552297284041	10.0	-6.813781191217037	77	1	0	0	0	1.0	14	10.0	0.779
MITHRIL.17293	1.0	4.296	0.54997284	0.030303030303030276	0.3000000000000007	0.8666666666666667	0.006666666666666667	1.0	0.6511289824251175	10.0	-5.22881869049588	76	0	1	0	0	0.01308139534883721	13	9.0	0.267
MITHRIL.17294	1.0	4.296	0.54997284	0.030303030303030276	0.6999999999999993	0.8666666666666667	0.11777777777777777	1.0	0.6511289824251175	10.0	-1.085860736653838	76	0	1	0	0	0.01308139534883721	13	9.0	0.267
MITHRIL.17295	1.0	4.296	0.54997284	0.030303030303030276	0.1999999999999993	0.8666666666666667	0.008888888888888889	1.0	0.6511289824251175	10.0	-4.813781191217037	76	0	1	0	0	0.01308139534883721	13	9.0	0.267
MITHRIL.17296	1.0	1.023	0.52746092	0.0	2.4000000000000004	0.8533333333333334	0.1362962962962963	1.0	0.6652414941134084	10.0	-0.8751817358811803	75	0	1	0	0	0.0029069767441860465	12	8.0	0.168
MITHRIL.17297	1.0	1.023	0.52746092	0.030303030303030276	4.1	0.8533333333333334	0.003703703703703704	1.0	0.6652414941134084	10.0	-6.076815597050831	75	0	1	0	0	0.0029069767441860465	12	8.0	0.168
MITHRIL.17298	1.0	1.023	0.52746092	0.030303030303030276	6.699999999999999	0.8533333333333334	0.006666666666666667	1.0	0.6652414941134084	10.0	-5.22881869049588	75	0	1	0	0	0.0029069767441860465	12	8.0	0.168
MITHRIL.17299	1.0	2.048	0.50099584	0.030303030303030276	6.699999999999999	0.837037037037037	0.02148148148148148	1.0	0.7917626784706033	7.0	-3.540762696810621	74	0	1	0	0	0.00436046511627907	11	7.0	0.358
MITHRIL.17300	1.0	2.048	0.50099584	0.030303030303030276	6.699999999999999	0.837037037037037	0.011851851851851851	1.0	0.7917626784706033	7.0	-4.3987436919381935	74	0	1	0	0	0.00436046511627907	11	7.0	0.358
MITHRIL.17301	1.0	2.048	0.50099584	0.030303030303030276	6.699999999999999	0.837037037037037	0.12962962962962962	1.0	0.7917626784706033	7.0	-0.9475325801058645	74	0	1	0	0	0.00436046511627907	11	7.0	0.358
MITHRIL.17302	0.998	2.022	0.47818215	0.030303030303030276	3.5	0.8340740740740741	0.017777777777777778	1.0	0.8060776181799296	9.0	-3.813781191217037	73	0	1	0	0	0.002180232558139535	10	6.0	0.288
MITHRIL.17303	0.998	2.022	0.47818215	0.030303030303030276	3.5999999999999996	0.8340740740740741	0.017037037037037038	1.0	0.8060776181799296	9.0	-3.8751817358811804	73	0	1	0	0	0.002180232558139535	10	6.0	0.288
MITHRIL.17304	0.998	2.022	0.47818215	0.0	-0.9000000000000004	0.8340740740740741	0.13111111111111112	1.0	0.8060776181799296	9.0	-0.9311381418551957	73	0	1	0	0	0.002180232558139535	10	6.0	0.288
MITHRIL.17305	0.971	1.885	0.4560927	0.030303030303030276	6.0	0.7755555555555556	0.03481481481481481	1.0	0.9564121400966724	9.0	-2.844154840260556	72	0	1	0	0	0.015261627906976744	9	5.0	0.369
MITHRIL.17306	0.971	1.885	0.4560927	0.030303030303030276	6.0	0.7755555555555556	0.008148148148148147	1.0	0.9564121400966724	9.0	-4.939312073300896	72	0	1	0	0	0.015261627906976744	9	5.0	0.369
MITHRIL.17307	0.971	1.885	0.4560927	0.030303030303030276	6.0	0.7755555555555556	0.1814814814814815	1.0	0.9564121400966724	9.0	-0.46210575293562256	72	0	1	0	0	0.015261627906976744	9	5.0	0.369
MITHRIL.17308	0.699	-0.066	0.43527069	0.030303030303030276	6.199999999999999	0.7103703703703703	0.04962962962962963	1.0	1.1589445400794474	8.0	-2.332654501480421	71	0	1	0	0	0.0377906976744186	8	4.0	0.677
MITHRIL.17309	0.699	-0.066	0.43527069	0.030303030303030276	6.199999999999999	0.7103703703703703	0.02	1.0	1.1589445400794474	8.0	-3.643856189774725	71	0	1	0	0	0.0377906976744186	8	4.0	0.677
MITHRIL.17310	0.699	-0.066	0.43527069	0.030303030303030276	6.199999999999999	0.7103703703703703	0.22	1.0	1.1589445400794474	8.0	-0.18442457113742744	71	0	1	0	0	0.0377906976744186	8	4.0	0.677
MITHRIL.17311	0.999	2.297	0.41456938	0.0	2.0	0.7948148148148149	0.1948148148148148	1.0	0.7975493858016856	9.0	-0.359824702645891	70	0	1	0	0	0.007267441860465116	7	3.0	0.358
MITHRIL.17312	0.999	2.297	0.41456938	0.030303030303030276	1.9000000000000004	0.7948148148148149	0.0014814814814814814	1.0	0.7975493858016856	9.0	-7.3987436919381935	70	0	1	0	0	0.007267441860465116	7	3.0	0.358
MITHRIL.17313	0.999	2.297	0.41456938	0.030303030303030276	2.0	0.7948148148148149	0.008888888888888889	1.0	0.7975493858016856	9.0	-4.813781191217037	70	0	1	0	0	0.007267441860465116	7	3.0	0.358
MITHRIL.17314	1.0	3.334	0.39742893	0.0	1.6999999999999993	0.8912363067292645	0.10485133020344288	0.9466666666666667	0.5702538686371276	14.0	-1.253582930489222	69	0	0	1	0	0.003834355828220859	6	4.0	0.26
MITHRIL.17315	1.0	3.334	0.39742893	0.030303030303030276	3.1999999999999993	0.8912363067292645	0.000782472613458529	0.9466666666666667	0.5702538686371276	14.0	-8.319672120946995	69	0	0	1	0	0.003834355828220859	6	4.0	0.26
MITHRIL.17316	1.0	3.334	0.39742893	0.030303030303030276	3.5	0.8912363067292645	0.003129890453834116	0.9466666666666667	0.5702538686371276	14.0	-6.319672120946994	69	0	0	1	0	0.003834355828220859	6	4.0	0.26
MITHRIL.17317	0.996	0.964	0.37494719	0.030303030303030276	6.699999999999999	0.7357310398749023	0.05394839718530102	0.9474074074074074	1.1915632342666616	9.0	-2.2122760921034677	68	0	0	1	0	0.014559386973180077	5	5.0	0.654
MITHRIL.17318	0.996	0.964	0.37494719	0.030303030303030276	6.699999999999999	0.7357310398749023	0.04300234558248632	0.9474074074074074	1.1915632342666616	9.0	-2.5394408353569773	68	0	0	1	0	0.014559386973180077	5	5.0	0.654
MITHRIL.17319	0.996	0.964	0.37494719	0.030303030303030276	6.699999999999999	0.7357310398749023	0.1673182173573104	0.9474074074074074	1.1915632342666616	9.0	-0.5793335624804901	68	0	0	1	0	0.014559386973180077	5	5.0	0.654
MITHRIL.17320	0.994	3.485	0.3557849	0.030303030303030276	4.699999999999999	0.7981927710843374	0.04141566265060241	0.9837037037037037	0.9483180111298708	10.0	-2.593679717822265	67	0	0	1	0	0.033973412112259974	4	4.0	0.509
MITHRIL.17321	0.994	3.485	0.3557849	0.030303030303030276	4.699999999999999	0.7981927710843374	0.14683734939759036	0.9837037037037037	0.9483180111298708	10.0	-0.7677091175973141	67	0	0	1	0	0.033973412112259974	4	4.0	0.509
MITHRIL.17322	0.994	3.485	0.3557849	0.030303030303030276	5.1	0.7981927710843374	0.01355421686746988	0.9837037037037037	0.9483180111298708	10.0	-4.205114429904612	67	0	0	1	0	0.033973412112259974	4	4.0	0.509
MITHRIL.17323	0.446	0.631	0.33683385	0.0	2.0	0.6507105459985041	0.15033657442034407	0.9903703703703703	1.463979075842618	10.0	-0.7337320589144241	66	0	0	1	0	0.03888481291269259	3	3.0	0.438
MITHRIL.17324	0.446	0.631	0.33683385	0.030303030303030276	2.6999999999999993	0.6507105459985041	0.1286462228870606	0.9903703703703703	1.463979075842618	10.0	-0.9585189953912547	66	0	0	1	0	0.03888481291269259	3	3.0	0.438
MITHRIL.17325	0.446	0.631	0.33683385	0.030303030303030276	2.5999999999999996	0.6507105459985041	0.07030665669409125	0.9903703703703703	1.463979075842618	10.0	-1.8301948984157155	66	0	0	1	0	0.03888481291269259	3	3.0	0.438
MITHRIL.17326	0.0	-2.484	0.32171525	0.0	0.1999999999999993	0.3986537023186238	0.4405385190725505	0.9903703703703703	1.6325127318670858	5.0	0.8173400737371079	65	0	0	0	1	0.27586206896551724	2	2.0	0.349
MITHRIL.17327	0.0	-2.484	0.32171525	0.030303030303030276	-3.8000000000000007	0.3986537023186238	0.0762902019446522	0.9903703703703703	1.6325127318670858	5.0	-1.7123584081218572	65	0	0	0	1	0.27586206896551724	2	2.0	0.349
MITHRIL.17328	0.0	-2.484	0.32171525	0.0	-0.40000000000000036	0.3986537023186238	0.08451757666417352	0.9903703703703703	1.6325127318670858	5.0	-1.5646047876781652	65	0	0	0	1	0.27586206896551724	2	2.0	0.349
MITHRIL.17329	0.0	-4.289	0.30264349	0.0	0.0	0.28095238095238095	0.29619047619047617	0.7777777777777778	1.822686624595503	3.0	0.24459715757711745	61	0	0	0	1	1.0	1	1.0	1.193
MITHRIL.17330	0.0	-4.289	0.30264349	0.0	0.0	0.28095238095238095	0.1961904761904762	0.7777777777777778	1.822686624595503	3.0	-0.3496730853702666	61	0	0	0	1	1.0	1	1.0	1.193
MITHRIL.17331	0.0	-4.289	0.30264349	0.0	0.0	0.28095238095238095	0.22666666666666666	0.7777777777777778	1.822686624595503	3.0	-0.14135584924554154	61	0	0	0	1	1.0	1	1.0	1.193
MITHRIL.17332	0.0	-1.252	0.29226266	0.0	0.0	0.37455516014234874	0.29359430604982206	0.8325925925925926	1.7576435487028235	5.0	0.2318958940248897	60	0	0	0	1	1.0	0	0.0	0.694
MITHRIL.17333	0.0	-1.252	0.29226266	0.0	0.0	0.37455516014234874	0.08274021352313167	0.8325925925925926	1.7576435487028235	5.0	-1.5952675091128947	60	0	0	0	1	1.0	0	0.0	0.694
MITHRIL.17334	0.0	-1.252	0.29226266	0.0	0.0	0.37455516014234874	0.2491103202846975	0.8325925925925926	1.7576435487028235	5.0	-0.005143303275959627	60	0	0	0	1	1.0	0	0.0	0.694
MITHRIL.17335	0.0	-0.987	0.28154988	0.0	0.0	0.7191666666666666	0.08166666666666667	0.8888888888888888	1.2396417163088607	5.0	-1.6141088463806728	59	0	0	0	1	1.0	1	1.0	0.905
MITHRIL.17336	0.0	-0.987	0.28154988	0.0	0.0	0.7191666666666666	0.16833333333333333	0.8888888888888888	1.2396417163088607	5.0	-0.5706072077440861	59	0	0	0	1	1.0	1	1.0	0.905
MITHRIL.17337	0.0	-0.987	0.28154988	0.0	0.0	0.7191666666666666	0.030833333333333334	0.8888888888888888	1.2396417163088607	5.0	-3.019365324866931	59	0	0	0	1	1.0	1	1.0	0.905
MITHRIL.17338	0.0	-5.353	0.27310037	0.0	0.0	0.21112006446414183	0.1200644641418211	0.9192592592592592	1.6506832266232399	3.0	-1.058118879668195	58	0	0	0	1	1.0	2	2.0	1.115
MITHRIL.17339	0.0	-5.353	0.27310037	0.0	0.0	0.21112006446414183	0.11603545527800162	0.9192592592592592	1.6506832266232399	3.0	-1.1073623986880443	58	0	0	0	1	1.0	2	2.0	1.115
MITHRIL.17340	0.0	-5.353	0.27310037	0.0	0.0	0.21112006446414183	0.5527800161160354	0.9192592592592592	1.6506832266232399	3.0	1.1447773660424556	58	0	0	0	1	1.0	2	2.0	1.115
MITHRIL.17341	0.0	-0.505	0.26277989	0.0	0.0	0.7966101694915254	0.062403697996918334	0.9614814814814815	1.0126956110824819	5.0	-2.0022246651145137	57	0	0	0	1	1.0	3	3.0	1.064
MITHRIL.17342	0.0	-0.505	0.26277989	0.0	0.0	0.7966101694915254	0.02157164869029276	0.9614814814814815	1.0126956110824819	5.0	-3.5347197459415343	57	0	0	0	1	1.0	3	3.0	1.064
MITHRIL.17343	0.0	-0.505	0.26277989	0.0	0.0	0.7966101694915254	0.11941448382126348	0.9614814814814815	1.0126956110824819	5.0	-1.0659502627249011	57	0	0	0	1	1.0	3	3.0	1.064
MITHRIL.17344	0.0	0.119	0.25095057	0.0	0.0	0.5434298440979956	0.08389012620638456	0.9977777777777778	1.6305629631078564	5.0	-1.5753551730471154	56	0	0	0	1	1.0	4	4.0	0.637
MITHRIL.17345	0.0	0.119	0.25095057	0.0	0.0	0.5434298440979956	0.2657757980697847	0.9977777777777778	1.6305629631078564	5.0	0.08828164180195318	56	0	0	0	1	1.0	4	4.0	0.637
MITHRIL.17346	0.0	0.119	0.25095057	0.0	0.0	0.5434298440979956	0.10690423162583519	0.9977777777777778	1.6305629631078564	5.0	-1.2256091340199908	56	0	0	0	1	1.0	4	4.0	0.637
MITHRIL.17347	0.0	-1.1	0.24078098	0.0	-0.3000000000000007	0.19796557120500782	0.1134585289514867	0.9466666666666667	1.8523403638876172	5.0	-1.1397630309320599	55	0	0	0	1	0.2883435582822086	5	5.0	0.225
MITHRIL.17348	0.0	-1.1	0.24078098	0.030303030303030276	-3.8000000000000007	0.19796557120500782	0.33411580594679186	0.9466666666666667	1.8523403638876172	5.0	0.4184201386734959	55	0	0	0	1	0.2883435582822086	5	5.0	0.225
MITHRIL.17349	0.0	-1.1	0.24078098	0.0	-0.8000000000000007	0.19796557120500782	0.3544600938967136	0.9466666666666667	1.8523403638876172	5.0	0.5036951190992407	55	0	0	0	1	0.2883435582822086	5	5.0	0.225
MITHRIL.17350	0.003	0.353	0.22997767	0.030303030303030276	3.5	0.6919468334636435	0.08444096950742767	0.9474074074074074	1.3769733688798078	13.0	-1.5659130467181686	54	0	0	1	0	0.04061302681992337	6	4.0	0.572
MITHRIL.17351	0.003	0.353	0.22997767	0.030303030303030276	3.5999999999999996	0.6919468334636435	0.11415168100078187	0.9474074074074074	1.3769733688798078	13.0	-1.1309759900016196	54	0	0	1	0	0.04061302681992337	6	4.0	0.572
MITHRIL.17352	0.003	0.353	0.22997767	0.030303030303030276	3.3000000000000007	0.6919468334636435	0.10946051602814699	0.9474074074074074	1.3769733688798078	13.0	-1.1915175319366704	54	0	0	1	0	0.04061302681992337	6	4.0	0.572
MITHRIL.17353	0.105	2.88	0.22219205	0.030303030303030276	4.6	0.7793674698795181	0.02786144578313253	0.9837037037037037	1.0333267370182215	14.0	-3.165586065717975	53	0	0	1	0	0.033973412112259974	7	5.0	0.521
MITHRIL.17354	0.105	2.88	0.22219205	0.0	0.6999999999999993	0.7793674698795181	0.15135542168674698	0.9837037037037037	1.0333267370182215	14.0	-0.7239877401679962	53	0	0	1	0	0.033973412112259974	7	5.0	0.521
MITHRIL.17355	0.105	2.88	0.22219205	0.030303030303030276	4.699999999999999	0.7793674698795181	0.04141566265060241	0.9837037037037037	1.0333267370182215	14.0	-2.593679717822265	53	0	0	1	0	0.033973412112259974	7	5.0	0.521
MITHRIL.17356	0.018	0.254	0.21576438	0.0	2.0	0.5923709798055348	0.3029169783096485	0.9903703703703703	1.4150848702679548	5.0	0.27699434767863435	52	0	0	1	0	0.013939838591342627	8	6.0	0.383
MITHRIL.17357	0.018	0.254	0.21576438	0.030303030303030276	4.1	0.5923709798055348	0.05011219147344802	0.9903703703703703	1.4150848702679548	5.0	-2.3186945596355804	52	0	0	1	0	0.013939838591342627	8	6.0	0.383
MITHRIL.17358	0.018	0.254	0.21576438	0.030303030303030276	6.699999999999999	0.5923709798055348	0.054599850411368736	0.9903703703703703	1.4150848702679548	5.0	-2.1949591912133357	52	0	0	1	0	0.013939838591342627	8	6.0	0.383
MITHRIL.17359	0.016	1.557	0.2098799	0.030303030303030276	3.9000000000000004	0.906507105459985	0.004487658937920718	0.9903703703703703	0.5019646794734889	14.0	-5.799821249372196	51	0	0	1	0	0.003668378576669112	9	5.0	0.409
MITHRIL.17360	0.016	1.557	0.2098799	0.030303030303030276	3.6999999999999993	0.906507105459985	0.0029917726252804786	0.9903703703703703	0.5019646794734889	14.0	-6.384783750093352	51	0	0	1	0	0.003668378576669112	9	5.0	0.409
MITHRIL.17361	0.016	1.557	0.2098799	0.030303030303030276	3.3000000000000007	0.906507105459985	0.08601346297681377	0.9903703703703703	0.5019646794734889	14.0	-1.5392936991489774	51	0	0	1	0	0.003668378576669112	9	5.0	0.409
MITHRIL.17362	0.003	0.39	0.20429718	0.0	0.1999999999999993	0.49327354260089684	0.3116591928251121	0.9911111111111112	1.644340137204296	9.0	0.31804117280320277	49	1	0	0	0	1.0	8	5.0	0.914
MITHRIL.17363	0.003	0.39	0.20429718	0.0	0.0	0.49327354260089684	0.04932735426008968	0.9911111111111112	1.644340137204296	9.0	-2.3414682812830074	49	1	0	0	0	1.0	8	5.0	0.914
MITHRIL.17364	0.003	0.39	0.20429718	0.0	-0.09999999999999964	0.49327354260089684	0.14573991031390135	0.9911111111111112	1.644340137204296	9.0	-0.7785320868918502	49	1	0	0	0	1.0	8	5.0	0.914
MITHRIL.17365	0.002	-0.212	0.19940853	0.0	0.0	0.6973094170403588	0.10239162929745889	0.9911111111111112	1.2120323036258804	3.0	-1.2878303176809343	48	1	0	0	0	1.0	7	4.0	0.311
MITHRIL.17366	0.002	-0.212	0.19940853	0.0	0.0	0.6973094170403588	0.19282511210762332	0.9911111111111112	1.2120323036258804	3.0	-0.3746351452182068	48	1	0	0	0	1.0	7	4.0	0.311
MITHRIL.17367	0.002	-0.212	0.19940853	0.0	0.0	0.6973094170403588	0.007473841554559043	0.9911111111111112	1.2120323036258804	3.0	-5.063934305754099	48	1	0	0	0	1.0	7	4.0	0.311
MITHRIL.17368	0.498	3.856	0.19693403	0.0	0.0	0.8811659192825112	0.020179372197309416	0.9911111111111112	0.6544765779704184	9.0	-3.6309748984779926	47	1	0	0	0	1.0	6	3.0	0.964
MITHRIL.17369	0.498	3.856	0.19693403	0.0	0.0	0.8811659192825112	0.008968609865470852	0.9911111111111112	0.6544765779704184	9.0	-4.800899899920305	47	1	0	0	0	1.0	6	3.0	0.964
MITHRIL.17370	0.498	3.856	0.19693403	0.0	0.0	0.8811659192825112	0.08968609865470852	0.9911111111111112	0.6544765779704184	9.0	-1.4789718050329426	47	1	0	0	0	1.0	6	3.0	0.964
MITHRIL.17371	0.441	1.321	0.19533466	0.0	0.1999999999999993	0.8363228699551569	0.09043348281016443	0.9911111111111112	0.8822048888398165	5.0	-1.4669991633668662	46	1	0	0	0	0.8137829912023461	5	2.0	1.085
MITHRIL.17372	0.441	1.321	0.19533466	0.0	0.0	0.8363228699551569	0.042600896860986545	0.9911111111111112	0.8822048888398165	5.0	-2.552972386476719	46	1	0	0	0	0.8137829912023461	5	2.0	1.085
MITHRIL.17373	0.441	1.321	0.19533466	0.0	0.1999999999999993	0.8363228699551569	0.030642750373692077	0.9911111111111112	0.8822048888398165	5.0	-3.028310396023377	46	1	0	0	0	0.8137829912023461	5	2.0	1.085
MITHRIL.17374	0.008	0.112	0.19400688	0.030303030303030276	1.5	0.7237037037037037	0.10518518518518519	1.0	1.1853602380377404	9.0	-1.2489965724335113	45	0	0	1	0	0.0806686046511628	4	1.0	0.593
MITHRIL.17375	0.008	0.112	0.19400688	0.0	1.3000000000000007	0.7237037037037037	0.15703703703703703	1.0	1.1853602380377404	9.0	-0.6708232373749942	45	0	0	1	0	0.0806686046511628	4	1.0	0.593
MITHRIL.17376	0.008	0.112	0.19400688	0.030303030303030276	1.4000000000000004	0.7237037037037037	0.014074074074074074	1.0	1.1853602380377404	9.0	-4.150816178494607	45	0	0	1	0	0.0806686046511628	4	1.0	0.593
MITHRIL.17377	0.003	-0.313	0.19295069	0.030303030303030276	3.9000000000000004	0.3237037037037037	0.14222222222222222	1.0	1.536743147620465	2.0	-0.8137811912170371	44	0	0	1	0	0.040697674418604654	3	1.0	0.697
MITHRIL.17378	0.003	-0.313	0.19295069	0.030303030303030276	3.9000000000000004	0.3237037037037037	0.02074074074074074	1.0	1.536743147620465	2.0	-3.5913887698805893	44	0	0	1	0	0.040697674418604654	3	1.0	0.697
MITHRIL.17379	0.003	-0.313	0.19295069	0.0	-0.3000000000000007	0.3237037037037037	0.5133333333333333	1.0	1.536743147620465	2.0	1.0379678501990204	44	0	0	1	0	0.040697674418604654	3	1.0	0.697
MITHRIL.17380	0.859	1.471	0.19575714	0.0	2.8000000000000007	0.40296296296296297	0.5725925925925925	1.0	1.1348857047040086	5.0	1.195580911986654	43	0	0	1	0	0.010174418604651164	2	2.0	0.389
MITHRIL.17381	0.859	1.471	0.19575714	0.030303030303030276	3.0999999999999996	0.40296296296296297	0.003703703703703704	1.0	1.1348857047040086	5.0	-6.076815597050831	43	0	0	1	0	0.010174418604651164	2	2.0	0.389
MITHRIL.17382	0.859	1.471	0.19575714	0.030303030303030276	5.699999999999999	0.40296296296296297	0.02074074074074074	1.0	1.1348857047040086	5.0	-3.5913887698805893	43	0	0	1	0	0.010174418604651164	2	2.0	0.389
MITHRIL.17383	1.0	4.732	0.19796005	0.030303030303030276	4.5	0.4414814814814815	0.008148148148148147	1.0	1.1380455140962398	8.0	-4.939312073300896	42	0	0	1	0	0.003633720930232558	1	1.0	0.291
MITHRIL.17384	1.0	4.732	0.19796005	0.030303030303030276	4.5	0.4414814814814815	0.5377777777777778	1.0	1.1380455140962398	8.0	1.1050820460575574	42	0	0	1	0	0.003633720930232558	1	1.0	0.291
MITHRIL.17385	1.0	4.732	0.19796005	0.030303030303030276	4.5	0.4414814814814815	0.012592592592592593	1.0	1.1380455140962398	8.0	-4.3112808506878535	42	0	0	1	0	0.003633720930232558	1	1.0	0.291
MITHRIL.17386	1.0	5.018	0.20031384	0.030303030303030276	1.0999999999999996	0.7874074074074074	0.008888888888888889	1.0	0.9177095011411787	14.0	-4.813781191217037	41	0	0	1	0	0.05377906976744186	0	0.0	0.394
MITHRIL.17387	1.0	5.018	0.20031384	0.030303030303030276	0.9000000000000004	0.7874074074074074	0.17555555555555555	1.0	0.9177095011411787	14.0	-0.5100004430399342	41	0	0	1	0	0.05377906976744186	0	0.0	0.394
MITHRIL.17388	1.0	5.018	0.20031384	0.030303030303030276	1.0999999999999996	0.7874074074074074	0.028148148148148148	1.0	0.9177095011411787	14.0	-3.150816178494608	41	0	0	1	0	0.05377906976744186	0	0.0	0.394
MITHRIL.17389	1.0	0.71	0.20203392	0.0	-1.1000000000000014	0.825925925925926	0.06592592592592593	1.0	0.8752493638097204	5.0	-1.9230102609717954	40	0	0	0	1	1.0	1	1.0	0.403
MITHRIL.17390	1.0	0.71	0.20203392	0.0	0.0	0.825925925925926	0.1	1.0	0.8752493638097204	5.0	-1.3219280948873622	40	0	0	0	1	1.0	1	1.0	0.403
MITHRIL.17391	1.0	0.71	0.20203392	0.0	-0.1999999999999993	0.825925925925926	0.008148148148148147	1.0	0.8752493638097204	5.0	-4.939312073300896	40	0	0	0	1	1.0	1	1.0	0.403
MITHRIL.17392	1.0	4.791	0.20471966	0.0	0.0	0.9874074074074074	0.0007407407407407407	1.0	0.1080343818104781	10.0	-8.398743691938193	39	0	0	0	1	1.0	0	0.0	0.44
MITHRIL.17393	1.0	4.791	0.20471966	0.0	0.0	0.9874074074074074	0.01037037037037037	1.0	0.1080343818104781	10.0	-4.591388769880589	39	0	0	0	1	1.0	0	0.0	0.44
MITHRIL.17394	1.0	4.791	0.20471966	0.0	0.0	0.9874074074074074	0.0014814814814814814	1.0	0.1080343818104781	10.0	-7.3987436919381935	39	0	0	0	1	1.0	0	0.0	0.44
MITHRIL.17395	1.0	3.962	0.20743557	0.0	0.0	1.0	0.0	1.0	-1.601713251907458e-15	27.0	-44.50699332842307	38	0	0	0	1	1.0	1	1.0	0.047
MITHRIL.17396	1.0	3.962	0.20743557	0.0	0.0	1.0	0.0	1.0	-1.601713251907458e-15	27.0	-44.50699332842307	38	0	0	0	1	1.0	1	1.0	0.047
MITHRIL.17397	1.0	3.962	0.20743557	0.0	0.0	1.0	0.0	1.0	-1.601713251907458e-15	27.0	-44.50699332842307	38	0	0	0	1	1.0	1	1.0	0.047
MITHRIL.17398	1.0	9.571	0.20770716	0.0	0.0	0.9985185185185185	0.0	1.0	0.01605980672845323	10.0	-44.50699332842307	37	0	0	0	1	1.0	2	2.0	0.044
MITHRIL.17399	1.0	9.571	0.20770716	0.0	0.0	0.9985185185185185	0.0014814814814814814	1.0	0.01605980672845323	10.0	-7.3987436919381935	37	0	0	0	1	1.0	2	2.0	0.044
MITHRIL.17400	1.0	9.571	0.20770716	0.0	0.0	0.9985185185185185	0.0	1.0	0.01605980672845323	10.0	-44.50699332842307	37	0	0	0	1	1.0	2	2.0	0.044
MITHRIL.17401	1.0	3.163	0.20785805	0.0	0.0	0.9985185185185185	0.0	1.0	0.01605980672845323	10.0	-44.50699332842307	36	0	0	0	1	1.0	2	2.0	0.319
MITHRIL.17402	1.0	3.163	0.20785805	0.0	0.0	0.9985185185185185	0.0014814814814814814	1.0	0.01605980672845323	10.0	-7.3987436919381935	36	0	0	0	1	1.0	2	2.0	0.319
MITHRIL.17403	1.0	3.163	0.20785805	0.0	0.0	0.9985185185185185	0.0	1.0	0.01605980672845323	10.0	-44.50699332842307	36	0	0	0	1	1.0	2	2.0	0.319
MITHRIL.17404	1.0	5.912	0.20800893	0.0	0.0	0.9992592592592593	0.0	1.0	0.008771040199514064	18.0	-44.50699332842307	35	0	0	0	1	1.0	1	1.0	0.615
MITHRIL.17405	1.0	5.912	0.20800893	0.0	0.0	0.9992592592592593	0.0	1.0	0.008771040199514064	18.0	-44.50699332842307	35	0	0	0	1	1.0	1	1.0	0.615
MITHRIL.17406	1.0	5.912	0.20800893	0.0	0.0	0.9992592592592593	0.0007407407407407407	1.0	0.008771040199514064	18.0	-8.398743691938193	35	0	0	0	1	1.0	1	1.0	0.615
MITHRIL.17407	1.0	4.855	0.20888406	0.0	-1.1000000000000014	0.8888888888888888	0.008148148148148147	1.0	0.6025383007261469	6.0	-4.939312073300896	34	0	0	0	1	1.0	0	0.0	0.546
MITHRIL.17408	1.0	4.855	0.20888406	0.0	0.0	0.8888888888888888	0.08962962962962963	1.0	0.6025383007261469	6.0	-1.4798804546635989	34	0	0	0	1	1.0	0	0.0	0.546
MITHRIL.17409	1.0	4.855	0.20888406	0.0	-0.1999999999999993	0.8888888888888888	0.013333333333333334	1.0	0.6025383007261469	6.0	-4.22881869049588	34	0	0	0	1	1.0	0	0.0	0.546
MITHRIL.17410	1.0	3.93	0.21129821	0.030303030303030276	0.1999999999999993	0.8274074074074074	0.03259259259259259	1.0	0.8290872947034224	14.0	-2.939312073300896	33	0	0	1	0	0.05377906976744186	1	1.0	0.376
MITHRIL.17411	1.0	3.93	0.21129821	0.0	0.3000000000000007	0.8274074074074074	0.13185185185185186	1.0	0.8290872947034224	14.0	-0.9230102609717954	33	0	0	1	0	0.05377906976744186	1	1.0	0.376
MITHRIL.17412	1.0	3.93	0.21129821	0.030303030303030276	1.1999999999999993	0.8274074074074074	0.008148148148148147	1.0	0.8290872947034224	14.0	-4.939312073300896	33	0	0	1	0	0.05377906976744186	1	1.0	0.376
MITHRIL.17413	0.993	2.244	0.21310882	0.030303030303030276	4.5	0.4274074074074074	0.016296296296296295	1.0	1.1289474537617532	8.0	-3.939312073300896	32	0	0	1	0	0.003633720930232558	2	2.0	0.432
MITHRIL.17414	0.993	2.244	0.21310882	0.0	0.5	0.4274074074074074	0.5518518518518518	1.0	1.1289474537617532	8.0	1.1423529234113305	32	0	0	1	0	0.003633720930232558	2	2.0	0.432
MITHRIL.17415	0.993	2.244	0.21310882	0.030303030303030276	4.5	0.4274074074074074	0.0044444444444444444	1.0	1.1289474537617532	8.0	-5.813781191217037	32	0	0	1	0	0.003633720930232558	2	2.0	0.432
MITHRIL.17416	0.575	1.05	0.21636792	0.030303030303030276	5.699999999999999	0.4088888888888889	0.025925925925925925	1.0	1.1561443830678453	5.0	-3.2694606749932267	31	0	0	1	0	0.010174418604651164	1	1.0	0.517
MITHRIL.17417	0.575	1.05	0.21636792	0.030303030303030276	5.699999999999999	0.4088888888888889	0.002962962962962963	1.0	1.1561443830678453	5.0	-6.3987436919381935	31	0	0	1	0	0.010174418604651164	1	1.0	0.517
MITHRIL.17418	0.575	1.05	0.21636792	0.030303030303030276	5.699999999999999	0.4088888888888889	0.5622222222222222	1.0	1.1561443830678453	5.0	1.169212383477273	31	0	0	1	0	0.010174418604651164	1	1.0	0.517
MITHRIL.17419	0.001	-0.147	0.2193856	0.030303030303030276	1.3000000000000007	0.6037037037037037	0.03185185185185185	1.0	1.4365390791488069	9.0	-2.972478937236095	30	0	0	1	0	0.040697674418604654	0	0.0	0.376
MITHRIL.17420	0.001	-0.147	0.2193856	0.0	-2.1000000000000014	0.6037037037037037	0.2651851851851852	1.0	1.4365390791488069	9.0	0.08507208532606321	30	0	0	1	0	0.040697674418604654	0	0.0	0.376
MITHRIL.17421	0.001	-0.147	0.2193856	0.030303030303030276	3.9000000000000004	0.6037037037037037	0.09925925925925926	1.0	1.4365390791488069	9.0	-1.332654501480421	30	0	0	1	0	0.040697674418604654	0	0.0	0.376
MITHRIL.17422	0.0	1.089	0.2210755	0.030303030303030276	1.3000000000000007	0.8437037037037037	0.035555555555555556	1.0	0.8569140766288045	10.0	-2.813781191217037	29	0	0	1	0	0.0806686046511628	0	0.0	0.455
MITHRIL.17423	0.0	1.089	0.2210755	0.030303030303030276	1.0999999999999996	0.8437037037037037	0.08074074074074074	1.0	0.8569140766288045	10.0	-1.630559367161267	29	0	0	1	0	0.0806686046511628	0	0.0	0.455
MITHRIL.17424	0.0	1.089	0.2210755	0.030303030303030276	1.8000000000000007	0.8437037037037037	0.04	1.0	0.8569140766288045	10.0	-2.643856189774725	29	0	0	1	0	0.0806686046511628	0	0.0	0.455
MITHRIL.17425	0.0	-6.237	0.22276541	0.0	0.1999999999999993	0.46142433234421365	0.08827893175074183	0.9985185185185185	1.405481798698471	3.0	-1.501787017873915	27	1	0	0	0	0.8173216885007278	1	1.0	1.354
MITHRIL.17426	0.0	-6.237	0.22276541	0.0	0.3000000000000007	0.46142433234421365	0.4413946587537092	0.9985185185185185	1.405481798698471	3.0	0.8201410770134474	27	1	0	0	0	0.8173216885007278	1	1.0	1.354
MITHRIL.17427	0.0	-6.237	0.22276541	0.0	0.1999999999999993	0.46142433234421365	0.008902077151335312	0.9985185185185185	1.405481798698471	3.0	-4.811642280460703	27	1	0	0	0	0.8173216885007278	1	1.0	1.354
MITHRIL.17428	0.0	-0.262	0.22385177	0.030303030303030276	1.6999999999999993	0.6325439266615738	0.0015278838808250573	0.9696296296296296	1.0015933577103322	4.0	-7.354249381945241	26	0	0	1	0	0.04868913857677903	2	2.0	0.449
MITHRIL.17429	0.0	-0.262	0.22385177	0.0	-1.6000000000000014	0.6325439266615738	0.36287242169595113	0.9696296296296296	1.0015933577103322	4.0	0.5375343212730695	26	0	0	1	0	0.04868913857677903	2	2.0	0.449
MITHRIL.17430	0.0	-0.262	0.22385177	0.030303030303030276	1.6999999999999993	0.6325439266615738	0.0030557677616501145	0.9696296296296296	1.0015933577103322	4.0	-6.354249381945241	26	0	0	1	0	0.04868913857677903	2	2.0	0.449
MITHRIL.17431	1.0	5.778	0.22689963	0.030303030303030276	4.6	0.9809160305343512	0.0007633587786259542	0.9703703703703703	0.18848558178823258	11.0	-8.355351096424812	25	0	0	1	0	0.002245508982035928	3	3.0	0.16
MITHRIL.17432	1.0	5.778	0.22689963	0.0	3.4000000000000004	0.9809160305343512	0.01603053435114504	0.9703703703703703	0.18848558178823258	11.0	-3.963033673646052	25	0	0	1	0	0.002245508982035928	3	3.0	0.16
MITHRIL.17433	1.0	5.778	0.22689963	0.030303030303030276	4.699999999999999	0.9809160305343512	0.0022900763358778627	0.9703703703703703	0.18848558178823258	11.0	-6.770388595703657	25	0	0	1	0	0.002245508982035928	3	3.0	0.16
MITHRIL.17434	1.0	6.266	0.23076227	0.0	2.1999999999999993	0.7961832061068702	0.03435114503816794	0.9703703703703703	1.042885248213272	11.0	-2.863498000095138	24	0	0	1	0	0.0187125748502994	4	4.0	0.343
MITHRIL.17435	1.0	6.266	0.23076227	0.030303030303030276	3.8000000000000007	0.7961832061068702	0.09236641221374046	0.9703703703703703	1.042885248213272	11.0	-1.436487859150218	24	0	0	1	0	0.0187125748502994	4	4.0	0.343
MITHRIL.17436	1.0	6.266	0.23076227	0.030303030303030276	6.4	0.7961832061068702	0.07709923664122137	0.9703703703703703	1.042885248213272	11.0	-1.697139613673018	24	0	0	1	0	0.0187125748502994	4	4.0	0.343
MITHRIL.17437	0.011	0.354	0.23498702	0.030303030303030276	0.9000000000000004	0.4580152671755725	0.09083969465648854	0.9703703703703703	1.5759950539597618	8.0	-1.4605333331168693	23	0	0	0	1	0.21107784431137724	5	5.0	0.269
MITHRIL.17438	0.011	0.354	0.23498702	0.030303030303030276	0.6999999999999993	0.4580152671755725	0.051908396946564885	0.9703703703703703	1.5759950539597618	8.0	-2.2678882551744732	23	0	0	0	1	0.21107784431137724	5	5.0	0.269
MITHRIL.17439	0.011	0.354	0.23498702	0.030303030303030276	1.0999999999999996	0.4580152671755725	0.39923664122137403	0.9703703703703703	1.5759950539597618	8.0	0.6753160398221287	23	0	0	0	1	0.21107784431137724	5	5.0	0.269
MITHRIL.17440	0.0	-3.047	0.24129398	0.0	0.0	0.4897229669347632	0.09204647006255585	0.8288888888888889	1.4945356169472206	3.0	-1.4414937937931755	15	0	0	0	1	1.0	6	6.0	1.998
MITHRIL.17441	0.0	-3.047	0.24129398	0.0	0.0	0.4897229669347632	0.03842716711349419	0.8288888888888889	1.4945356169472206	3.0	-2.701729566274296	15	0	0	0	1	1.0	6	6.0	1.998
MITHRIL.17442	0.0	-3.047	0.24129398	0.0	0.0	0.4897229669347632	0.37980339588918677	0.8288888888888889	1.4945356169472206	3.0	0.6033247100486702	15	0	0	0	1	1.0	6	6.0	1.998
MITHRIL.17443	0.0	-1.629	0.24751041	0.0	0.0	0.38020424194815394	0.20581304006284368	0.942962962962963	1.7785010435057593	6.0	-0.2805937023639076	14	0	0	0	1	1.0	6	6.0	0.615
MITHRIL.17444	0.0	-1.629	0.24751041	0.0	0.0	0.38020424194815394	0.07148468185388845	0.942962962962963	1.7785010435057593	6.0	-1.8062220637026616	14	0	0	0	1	1.0	6	6.0	0.615
MITHRIL.17445	0.0	-1.629	0.24751041	0.0	0.0	0.38020424194815394	0.3424980361351139	0.942962962962963	1.7785010435057593	6.0	0.4541676208755685	14	0	0	0	1	1.0	6	6.0	0.615
MITHRIL.17446	0.0	-1.088	0.2530026	0.0	0.0	0.2529673590504451	0.030415430267062313	0.9985185185185185	1.210293526933745	2.0	-3.039052776563775	13	0	0	0	1	1.0	5	5.0	0.585
MITHRIL.17447	0.0	-1.088	0.2530026	0.0	0.0	0.2529673590504451	0.037091988130563795	0.9985185185185185	1.210293526933745	2.0	-2.752748591407134	13	0	0	0	1	1.0	5	5.0	0.585
MITHRIL.17448	0.0	-1.088	0.2530026	0.0	0.0	0.2529673590504451	0.6795252225519288	0.9985185185185185	1.210293526933745	2.0	1.4425990069150856	13	0	0	0	1	1.0	5	5.0	0.585
MITHRIL.17449	0.032	0.281	0.2604261	0.030303030303030276	0.5999999999999996	0.45836516424751717	0.4881588999236058	0.9696296296296296	1.2713557369208466	4.0	0.9654227390017536	12	0	0	0	1	0.21123595505617979	4	4.0	0.391
MITHRIL.17450	0.032	0.281	0.2604261	0.0	0.9000000000000004	0.45836516424751717	0.04965622612681436	0.9696296296296296	1.2713557369208466	4.0	-2.331881568916786	12	0	0	0	1	0.21123595505617979	4	4.0	0.391
MITHRIL.17451	0.032	0.281	0.2604261	0.030303030303030276	1.6999999999999993	0.45836516424751717	0.0038197097020626434	0.9696296296296296	1.2713557369208466	4.0	-6.032321287057878	12	0	0	0	1	0.21123595505617979	4	4.0	0.391
MITHRIL.17452	1.0	4.673	0.26929809	0.030303030303030276	6.4	0.8007633587786259	0.07099236641221374	0.9703703703703703	1.0378173802149426	11.0	-1.8161922853167813	11	0	0	1	0	0.0187125748502994	3	3.0	0.179
MITHRIL.17453	1.0	4.673	0.26929809	0.030303030303030276	6.4	0.8007633587786259	0.08473282442748091	0.9703703703703703	1.0378173802149426	11.0	-1.5609352300747068	11	0	0	1	0	0.0187125748502994	3	3.0	0.179
MITHRIL.17454	1.0	4.673	0.26929809	0.030303030303030276	6.4	0.8007633587786259	0.04351145038167939	0.9703703703703703	1.0378173802149426	11.0	-2.522461082260071	11	0	0	1	0	0.0187125748502994	3	3.0	0.179
MITHRIL.17455	1.0	7.027	0.27599734	0.030303030303030276	4.699999999999999	0.983206106870229	0.003816793893129771	0.9703703703703703	0.17410132492719116	11.0	-6.03342300153745	10	0	0	1	0	0.0014970059880239522	2	2.0	0.048
MITHRIL.17456	1.0	7.027	0.27599734	0.030303030303030276	4.0	0.983206106870229	0.012977099236641221	0.9703703703703703	0.17410132492719116	11.0	-4.267888255174474	10	0	0	1	0	0.0014970059880239522	2	2.0	0.048
MITHRIL.17457	1.0	7.027	0.27599734	0.030303030303030276	4.1	0.983206106870229	0.0	0.9703703703703703	0.17410132492719116	11.0	-44.50699332842307	10	0	0	1	0	0.0014970059880239522	2	2.0	0.048
MITHRIL.17458	1.0	5.78	0.28049369	0.030303030303030276	1.6999999999999993	0.9396946564885497	0.048091603053435114	0.9703703703703703	0.4035655400267894	11.0	-2.378071172924896	9	0	0	1	0	0.04940119760479042	1	1.0	0.231
MITHRIL.17459	1.0	5.78	0.28049369	0.030303030303030276	1.6999999999999993	0.9396946564885497	0.0	0.9703703703703703	0.4035655400267894	11.0	-44.50699332842307	9	0	0	1	0	0.04940119760479042	1	1.0	0.231
MITHRIL.17460	1.0	5.78	0.28049369	0.0	0.3000000000000007	0.9396946564885497	0.012213740458015267	0.9703703703703703	0.4035655400267894	11.0	-4.355351096424813	9	0	0	1	0	0.04940119760479042	1	1.0	0.231
MITHRIL.17461	0.0	-0.574	0.2880379	0.0	0.3000000000000007	0.6160714285714286	0.009672619047619048	0.9955555555555555	1.0577096312409682	4.0	-4.691877704637668	8	1	0	0	0	1.0	0	0.0	0.26
MITHRIL.17462	0.0	-0.574	0.2880379	0.0	0.3000000000000007	0.6160714285714286	0.003720238095238095	0.9955555555555555	1.0577096312409682	4.0	-6.070389327891398	8	1	0	0	0	1.0	0	0.0	0.26
MITHRIL.17463	0.0	-0.574	0.2880379	0.0	0.09999999999999964	0.6160714285714286	0.3705357142857143	0.9955555555555555	1.0577096312409682	4.0	0.5676845092893207	8	1	0	0	0	1.0	0	0.0	0.26
MITHRIL.17464	0.0	0.544	0.29666848	0.0	0.5	0.26241660489251295	0.6508524833209784	0.9992592592592593	1.2676656805070081	8.0	1.3804024965870905	7	1	0	0	0	1.0	1	1.0	0.287
MITHRIL.17465	0.0	0.544	0.29666848	0.0	0.0	0.26241660489251295	0.07412898443291327	0.9992592592592593	1.2676656805070081	8.0	-1.7538184431735429	7	1	0	0	0	1.0	1	1.0	0.287
MITHRIL.17466	0.0	0.544	0.29666848	0.0	0.8000000000000007	0.26241660489251295	0.012601927353595256	0.9992592592592593	1.2676656805070081	8.0	-4.310211791697928	7	1	0	0	0	1.0	1	1.0	0.287
MITHRIL.17467	0.003	1.288	0.30532923	0.030303030303030276	2.5	0.8081481481481482	0.014814814814814815	1.0	0.8023169876273892	9.0	-4.076815597050831	6	0	1	0	0	0.007267441860465116	2	2.0	0.501
MITHRIL.17468	0.003	1.288	0.30532923	0.030303030303030276	2.8000000000000007	0.8081481481481482	0.002962962962962963	1.0	0.8023169876273892	9.0	-6.3987436919381935	6	0	1	0	0	0.007267441860465116	2	2.0	0.501
MITHRIL.17469	0.003	1.288	0.30532923	0.030303030303030276	2.4000000000000004	0.8081481481481482	0.17407407407407408	1.0	0.8023169876273892	9.0	-0.5222267453731935	6	0	1	0	0	0.007267441860465116	2	2.0	0.501
MITHRIL.17470	0.0	-0.238	0.31202849	0.0	2.1999999999999993	0.26296296296296295	0.6896296296296296	1.0	1.1282784094737748	0.0	1.4638936656206003	5	0	1	0	0	0.0377906976744186	3	3.0	0.506
MITHRIL.17471	0.0	-0.238	0.31202849	0.030303030303030276	4.300000000000001	0.26296296296296295	0.015555555555555555	1.0	1.1282784094737748	0.0	-4.006426269159433	5	0	1	0	0	0.0377906976744186	3	3.0	0.506
MITHRIL.17472	0.0	-0.238	0.31202849	0.030303030303030276	6.199999999999999	0.26296296296296295	0.03185185185185185	1.0	1.1282784094737748	0.0	-2.972478937236095	5	0	1	0	0	0.0377906976744186	3	3.0	0.506
MITHRIL.17473	0.0	0.366	0.32044782	0.0	2.8000000000000007	0.6377777777777778	0.32222222222222224	1.0	1.1640999753017869	8.0	0.3661278987978975	4	0	1	0	0	0.015261627906976744	4	4.0	0.468
MITHRIL.17474	0.0	0.366	0.32044782	0.030303030303030276	3.4000000000000004	0.6377777777777778	0.014814814814814815	1.0	1.1640999753017869	8.0	-4.076815597050831	4	0	1	0	0	0.015261627906976744	4	4.0	0.468
MITHRIL.17475	0.0	0.366	0.32044782	0.030303030303030276	6.0	0.6377777777777778	0.025185185185185185	1.0	1.1640999753017869	8.0	-3.311280850687854	4	0	1	0	0	0.015261627906976744	4	4.0	0.468
MITHRIL.17476	0.0	-1.319	0.3302553	0.030303030303030276	1.4000000000000004	0.35703703703703704	0.022222222222222223	1.0	1.168371112455276	3.0	-3.4918530963296748	3	0	1	0	0	0.002180232558139535	5	5.0	0.437
MITHRIL.17477	0.0	-1.319	0.3302553	0.0	-3.0	0.35703703703703704	0.6081481481481481	1.0	1.168371112455276	3.0	1.2824947198396115	3	0	1	0	0	0.002180232558139535	5	5.0	0.437
MITHRIL.17478	0.0	-1.319	0.3302553	0.030303030303030276	4.1	0.35703703703703704	0.012592592592592593	1.0	1.168371112455276	3.0	-4.3112808506878535	3	0	1	0	0	0.002180232558139535	5	5.0	0.437
MITHRIL.17479	0.001	0.078	0.34428752	0.0	2.5	0.7044444444444444	0.26296296296296295	1.0	1.0563325454009749	4.0	0.07293152245385112	2	0	1	0	0	0.00436046511627907	6	6.0	0.293
MITHRIL.17480	0.001	0.078	0.34428752	0.030303030303030276	6.199999999999999	0.7044444444444444	0.015555555555555555	1.0	1.0563325454009749	4.0	-4.006426269159433	2	0	1	0	0	0.00436046511627907	6	6.0	0.293
MITHRIL.17481	0.001	0.078	0.34428752	0.030303030303030276	7.0	0.7044444444444444	0.017037037037037038	1.0	1.0563325454009749	4.0	-3.8751817358811804	2	0	1	0	0	0.00436046511627907	6	6.0	0.293
MITHRIL.17482	0.095	3.021	0.35723339	0.030303030303030276	6.699999999999999	0.8888888888888888	0.008148148148148147	1.0	0.5646649645293509	14.0	-4.939312073300896	1	0	1	0	0	0.0029069767441860465	7	7.0	0.358
MITHRIL.17483	0.095	3.021	0.35723339	0.030303030303030276	6.699999999999999	0.8888888888888888	0.002962962962962963	1.0	0.5646649645293509	14.0	-6.3987436919381935	1	0	1	0	0	0.0029069767441860465	7	7.0	0.358
MITHRIL.17484	0.095	3.021	0.35723339	0.030303030303030276	6.699999999999999	0.8888888888888888	0.1	1.0	0.5646649645293509	14.0	-1.3219280948873622	1	0	1	0	0	0.0029069767441860465	7	7.0	0.358
MITHRIL.17485	1.0	5.156	0.36867041	0.030303030303030276	0.5	0.677037037037037	0.011851851851851851	1.0	1.0273436005091294	8.0	-4.3987436919381935	0	0	1	0	0	0.01308139534883721	8	8.0	0.47
MITHRIL.17486	1.0	5.156	0.36867041	0.0	0.0	0.677037037037037	0.30444444444444446	1.0	1.0273436005091294	8.0	0.2842508917434897	0	0	1	0	0	0.01308139534883721	8	8.0	0.47
MITHRIL.17487	1.0	5.156	0.36867041	0.030303030303030276	0.3000000000000007	0.677037037037037	0.006666666666666667	1.0	1.0273436005091294	8.0	-5.22881869049588	0	0	1	0	0	0.01308139534883721	8	8.0	0.47
MITHRIL.17491	1.0	6.405	0.38837588	0.0	1.700000000000001	0.8575712143928036	0.11019490254872563	0.9881481481481481	0.7408881142170818	10.0	-1.1818706063482207	76	0	1	0	0	0.014695077149155033	22	9.0	0.267
MITHRIL.17492	1.0	6.405	0.38837588	0.03076923076923077	1.700000000000001	0.8575712143928036	0.017241379310344827	0.9881481481481481	0.7408881142170818	10.0	-3.8579809951275723	76	0	1	0	0	0.014695077149155033	22	9.0	0.267
MITHRIL.17493	1.0	6.405	0.38837588	0.03076923076923077	1.9000000000000004	0.8575712143928036	0.014992503748125937	0.9881481481481481	0.7408881142170818	10.0	-4.059614856297222	76	0	1	0	0	0.014695077149155033	22	9.0	0.267
MITHRIL.17494	0.98	0.564	0.4084133	0.0	2.5999999999999996	0.4814264487369985	0.4933135215453195	0.997037037037037	1.1653693276989165	5.0	0.9805767367366077	75	0	1	0	0	0.004369992716678805	21	8.0	0.168
MITHRIL.17495	0.98	0.564	0.4084133	0.03076923076923077	4.1	0.4814264487369985	0.019316493313521546	0.997037037037037	1.1653693276989165	5.0	-3.694022976469225	75	0	1	0	0	0.004369992716678805	21	8.0	0.168
MITHRIL.17496	0.98	0.564	0.4084133	0.03076923076923077	6.7	0.4814264487369985	0.005943536404160475	0.997037037037037	1.1653693276989165	5.0	-5.394462694610318	75	0	1	0	0	0.004369992716678805	21	8.0	0.168
MITHRIL.17497	0.978	0.661	0.42618746	0.03076923076923077	4.7	0.8558692421991084	0.017087667161961365	0.997037037037037	0.7430739833622686	4.0	-3.8709007385533045	74	0	1	0	0	0.016751638747268753	20	7.0	0.358
MITHRIL.17498	0.978	0.661	0.42618746	0.0	0.0	0.8558692421991084	0.11069836552748885	0.997037037037037	0.7430739833622686	4.0	-1.1752941741481555	74	0	1	0	0	0.016751638747268753	20	7.0	0.358
MITHRIL.17499	0.978	0.661	0.42618746	0.03076923076923077	4.7	0.8558692421991084	0.01634472511144131	0.997037037037037	0.7430739833622686	4.0	-3.93503107597302	74	0	1	0	0	0.016751638747268753	20	7.0	0.358
MITHRIL.17500	1.0	8.764	0.44353914	0.03076923076923077	4.1	0.9146884272997032	0.012611275964391691	0.9985185185185185	0.5397766899889351	9.0	-4.309141939931519	73	0	1	0	0	0.010181818181818183	19	6.0	0.288
MITHRIL.17501	1.0	8.764	0.44353914	0.03076923076923077	4.1	0.9146884272997032	0.04896142433234421	0.9985185185185185	0.5397766899889351	9.0	-2.3522106618234053	73	0	1	0	0	0.010181818181818183	19	6.0	0.288
MITHRIL.17502	1.0	8.764	0.44353914	0.03076923076923077	4.1	0.9146884272997032	0.02373887240356083	0.9985185185185185	0.5397766899889351	9.0	-3.3966047811818583	73	0	1	0	0	0.010181818181818183	19	6.0	0.288
MITHRIL.17503	1.0	4.962	0.46037781	0.03076923076923077	3.700000000000001	0.7613046701260193	0.01630837657524092	0.9992592592592593	0.948917166580096	8.0	-3.93824301431097	72	0	1	0	0	0.007994186046511628	18	5.0	0.369
MITHRIL.17504	1.0	4.962	0.46037781	0.03076923076923077	3.700000000000001	0.7613046701260193	0.20978502594514456	0.9992592592592593	0.948917166580096	8.0	-0.25301639011638516	72	0	1	0	0	0.007994186046511628	18	5.0	0.369
MITHRIL.17505	1.0	4.962	0.46037781	0.03076923076923077	3.700000000000001	0.7613046701260193	0.012601927353595256	0.9992592592592593	0.948917166580096	8.0	-4.310211791697928	72	0	1	0	0	0.007994186046511628	18	5.0	0.369
MITHRIL.17506	1.0	1.489	0.47757861	0.03076923076923077	3.700000000000001	0.40296296296296297	0.024444444444444446	1.0	1.241451354498008	9.0	-3.3543495725797396	71	0	1	0	0	0.007988380537400145	17	4.0	0.677
MITHRIL.17507	1.0	1.489	0.47757861	0.03076923076923077	3.700000000000001	0.40296296296296297	0.5533333333333333	1.0	1.241451354498008	9.0	1.1462207408510439	71	0	1	0	0	0.007988380537400145	17	4.0	0.677
MITHRIL.17508	1.0	1.489	0.47757861	0.03076923076923077	3.700000000000001	0.40296296296296297	0.01925925925925926	1.0	1.241451354498008	9.0	-3.698303973797101	71	0	1	0	0	0.007988380537400145	17	4.0	0.677
MITHRIL.17509	1.0	5.671	0.49342145	0.03076923076923077	0.7000000000000011	0.8325925925925926	0.005925925925925926	1.0	0.7601167611220165	9.0	-5.3987436919381935	70	0	1	0	0	0.011619462599854757	16	3.0	0.358
MITHRIL.17510	1.0	5.671	0.49342145	0.03076923076923077	0.7000000000000011	0.8325925925925926	0.14666666666666667	1.0	0.7601167611220165	9.0	-0.7693870718585836	70	0	1	0	0	0.011619462599854757	16	3.0	0.358
MITHRIL.17511	1.0	5.671	0.49342145	0.03076923076923077	0.7000000000000011	0.8325925925925926	0.014814814814814815	1.0	0.7601167611220165	9.0	-4.076815597050831	70	0	1	0	0	0.011619462599854757	16	3.0	0.358
MITHRIL.17512	1.0	1.65	0.5118595	0.03076923076923077	1.0	0.8001508295625943	0.0	0.9822222222222222	0.7342159878482046	5.0	-44.50699332842307	69	0	0	1	0	0.0	15	2.0	0.26
MITHRIL.17513	1.0	1.65	0.5118595	0.03076923076923077	1.200000000000001	0.8001508295625943	0.19984917043740574	0.9822222222222222	0.7342159878482046	5.0	-0.32301651066202614	69	0	0	1	0	0.0	15	2.0	0.26
MITHRIL.17514	1.0	1.65	0.5118595	0.03076923076923077	0.9000000000000004	0.8001508295625943	0.0	0.9822222222222222	0.7342159878482046	5.0	-44.50699332842307	69	0	0	1	0	0.0	15	2.0	0.26
MITHRIL.17515	0.999	1.264	0.52746092	0.0	2.5	0.724812030075188	0.26090225563909775	0.9851851851851852	0.95132919358933	8.0	0.06158132218970897	68	0	0	1	0	0.00663716814159292	14	3.0	0.654
MITHRIL.17516	0.999	1.264	0.52746092	0.03076923076923077	2.9000000000000004	0.724812030075188	0.006766917293233083	0.9851851851851852	0.95132919358933	8.0	-5.207285528946239	68	0	0	1	0	0.00663716814159292	14	3.0	0.654
MITHRIL.17517	0.999	1.264	0.52746092	0.03076923076923077	5.5	0.724812030075188	0.007518796992481203	0.9851851851851852	0.95132919358933	8.0	-5.05528243550119	68	0	0	1	0	0.00663716814159292	14	3.0	0.654
MITHRIL.17518	0.994	0.634	0.54245881	0.03076923076923077	1.4000000000000004	0.7694610778443114	0.008233532934131737	0.9896296296296296	0.9355973886724122	5.0	-4.924272673836755	67	0	0	1	0	0.016874541452677916	13	4.0	0.509
MITHRIL.17519	0.994	0.634	0.54245881	0.0	-3.0	0.7694610778443114	0.20134730538922155	0.9896296296296296	0.9355973886724122	5.0	-0.31224192991742816	67	0	0	1	0	0.016874541452677916	13	4.0	0.509
MITHRIL.17520	0.994	0.634	0.54245881	0.03076923076923077	4.1	0.7694610778443114	0.020958083832335328	0.9896296296296296	0.9355973886724122	5.0	-3.576349370416448	67	0	0	1	0	0.016874541452677916	13	4.0	0.509
MITHRIL.17521	1.0	6.375	0.55646086	0.0	2.8000000000000007	0.8088125466766244	0.11501120238984316	0.9918518518518519	0.9429794044188441	8.0	-1.1201537046294092	66	0	0	1	0	0.021961932650073207	12	5.0	0.438
MITHRIL.17522	1.0	6.375	0.55646086	0.03076923076923077	4.0	0.8088125466766244	0.012696041822255415	0.9918518518518519	0.9429794044188441	8.0	-4.299477404073971	66	0	0	1	0	0.021961932650073207	12	5.0	0.438
MITHRIL.17523	1.0	6.375	0.55646086	0.03076923076923077	6.6000000000000005	0.8088125466766244	0.06348020911127707	0.9918518518518519	0.9429794044188441	8.0	-1.977549309186609	66	0	0	1	0	0.021961932650073207	12	5.0	0.438
MITHRIL.17524	0.997	2.46	0.57055344	0.0	2.8000000000000007	0.7908887229275579	0.1135175504107543	0.9918518518518519	1.0177780675555128	9.0	-1.139012731880725	65	0	0	1	0	0.08565153733528551	11	6.0	0.349
MITHRIL.17525	0.997	2.46	0.57055344	0.03076923076923077	2.5	0.7908887229275579	0.017923823749066467	0.9918518518518519	1.0177780675555128	9.0	-3.801977744603154	65	0	0	1	0	0.08565153733528551	11	6.0	0.349
MITHRIL.17526	0.997	2.46	0.57055344	0.03076923076923077	2.200000000000001	0.7908887229275579	0.07766990291262135	0.9918518518518519	1.0177780675555128	9.0	-1.6865005271832185	65	0	0	1	0	0.08565153733528551	11	6.0	0.349
MITHRIL.17527	0.0	-4.257	0.58443479	0.0	-0.5	0.09571558796718323	0.04375569735642662	0.8125925925925926	0.8826407119680967	3.0	-2.5143853096820368	60	0	0	0	1	0.9991087344028521	10	7.0	1.193
MITHRIL.17528	0.0	-4.257	0.58443479	0.0	0.09999999999999964	0.09571558796718323	0.010027347310847767	0.8125925925925926	0.8826407119680967	3.0	-4.639916191765896	60	0	0	0	1	0.9991087344028521	10	7.0	1.193
MITHRIL.17529	0.0	-4.257	0.58443479	0.0	0.0	0.09571558796718323	0.8505013673655424	0.8125925925925926	0.8826407119680967	3.0	1.7663854604485658	60	0	0	0	1	0.9991087344028521	10	7.0	1.193
MITHRIL.17530	0.0	0.075	0.60260124	0.0	0.0	0.2538593481989708	0.06174957118353345	0.8637037037037038	1.2690462053309841	0.0	-2.017427071758184	59	0	0	0	1	0.9991610738255033	9	8.0	0.694
MITHRIL.17531	0.0	0.075	0.60260124	0.0	0.0	0.2538593481989708	0.02058319039451115	0.8637037037037038	1.2690462053309841	0.0	-3.60238957247934	59	0	0	0	1	0.9991610738255033	9	8.0	0.694
MITHRIL.17532	0.0	0.075	0.60260124	0.0	0.0	0.2538593481989708	0.6638078902229846	0.8637037037037038	1.2690462053309841	0.0	1.408837682943914	59	0	0	0	1	0.9991610738255033	9	8.0	0.694
MITHRIL.17533	0.0	-7.14	0.62357414	0.0	0.0	0.2391304347826087	0.5273752012882448	0.92	1.6518506516182097	2.0	1.0769016382043313	58	0	0	0	1	0.9992119779353822	8	8.0	0.905
MITHRIL.17534	0.0	-7.14	0.62357414	0.0	0.0	0.2391304347826087	0.06924315619967794	0.92	1.6518506516182097	2.0	-1.8521847035183834	58	0	0	0	1	0.9992119779353822	8	8.0	0.905
MITHRIL.17535	0.0	-7.14	0.62357414	0.0	0.0	0.2391304347826087	0.1642512077294686	0.92	1.6518506516182097	2.0	-0.6060241162489858	58	0	0	0	1	0.9992119779353822	8	8.0	0.905
MITHRIL.17536	0.0	-0.091	0.63999034	0.0	0.0	0.8124042879019908	0.058958652373660034	0.9674074074074074	0.9775969066648316	3.0	-2.084152640851529	57	0	0	0	1	1.0	7	7.0	1.115
MITHRIL.17537	0.0	-0.091	0.63999034	0.0	0.0	0.8124042879019908	0.028330781010719754	0.9674074074074074	0.9775969066648316	3.0	-3.141485815917481	57	0	0	0	1	1.0	7	7.0	1.115
MITHRIL.17538	0.0	-0.091	0.63999034	0.0	0.0	0.8124042879019908	0.1003062787136294	0.9674074074074074	0.9775969066648316	3.0	-1.3175161800089805	57	0	0	0	1	1.0	7	7.0	1.115
MITHRIL.17539	0.0	0.876	0.65616513	0.0	-1.0999999999999996	0.8598061148396718	0.028337061894108874	0.9933333333333333	0.753067834182574	2.0	-3.140089771901549	56	0	0	0	1	1.0	6	6.0	1.064
MITHRIL.17540	0.0	0.876	0.65616513	0.0	0.0	0.8598061148396718	0.014914243102162566	0.9933333333333333	0.753067834182574	2.0	-4.066089190457772	56	0	0	0	1	1.0	6	6.0	1.064
MITHRIL.17541	0.0	0.876	0.65616513	0.0	-0.1999999999999993	0.8598061148396718	0.09619686800894854	0.9933333333333333	0.753067834182574	2.0	-1.3767900299218807	56	0	0	0	1	1.0	6	6.0	1.064
MITHRIL.17542	0.001	0.628	0.67318486	0.03076923076923077	3.700000000000001	0.8182503770739065	0.08220211161387632	0.9822222222222222	0.9244377354288275	6.0	-1.6046807353356614	55	0	0	1	0	0.08727810650887574	5	5.0	0.225
MITHRIL.17543	0.001	0.628	0.67318486	0.03076923076923077	4.0	0.8182503770739065	0.011312217194570135	0.9822222222222222	0.9244377354288275	6.0	-4.465974464504069	55	0	0	1	0	0.08727810650887574	5	5.0	0.225
MITHRIL.17544	0.001	0.628	0.67318486	0.03076923076923077	3.200000000000001	0.8182503770739065	0.08823529411764706	0.9822222222222222	0.9244377354288275	6.0	-1.5025003405291832	55	0	0	1	0	0.08727810650887574	5	5.0	0.225
MITHRIL.17545	0.012	2.569	0.68688515	0.03076923076923077	6.6000000000000005	0.8300751879699249	0.06917293233082707	0.9851851851851852	0.8753932628489772	9.0	-1.8536485743315392	54	0	0	1	0	0.022861356932153392	4	4.0	0.572
MITHRIL.17546	0.012	2.569	0.68688515	0.03076923076923077	6.6000000000000005	0.8300751879699249	0.009022556390977444	0.9851851851851852	0.8753932628489772	9.0	-4.7922480296673955	54	0	0	1	0	0.022861356932153392	4	4.0	0.572
MITHRIL.17547	0.012	2.569	0.68688515	0.03076923076923077	6.6000000000000005	0.8300751879699249	0.09172932330827067	0.9851851851851852	0.8753932628489772	9.0	-1.4464731928256658	54	0	0	1	0	0.022861356932153392	4	4.0	0.572
MITHRIL.17548	0.0	-1.13	0.698805	0.03076923076923077	3.5	0.24476047904191617	0.02470059880239521	0.9896296296296296	1.0430795844867629	2.0	-3.339310173115599	53	0	0	1	0	0.016874541452677916	3	3.0	0.521
MITHRIL.17549	0.0	-1.13	0.698805	0.03076923076923077	3.5999999999999996	0.24476047904191617	0.010479041916167664	0.9896296296296296	1.0430795844867629	2.0	-4.576349370416448	53	0	0	1	0	0.016874541452677916	3	3.0	0.521
MITHRIL.17550	0.0	-1.13	0.698805	0.0	-0.9000000000000004	0.24476047904191617	0.7200598802395209	0.9896296296296296	1.0430795844867629	2.0	1.5261887912959897	53	0	0	1	0	0.016874541452677916	3	3.0	0.521
MITHRIL.17551	0.674	1.443	0.71159998	0.03076923076923077	5.5	0.7834204630321135	0.014189693801344288	0.9918518518518519	0.8691344718823824	8.0	-4.139012731880725	52	0	0	1	0	0.006588579795021962	2	2.0	0.383
MITHRIL.17552	0.674	1.443	0.71159998	0.03076923076923077	5.5	0.7834204630321135	0.005227781926811053	0.9918518518518519	0.8691344718823824	8.0	-5.5795853232667065	52	0	0	1	0	0.006588579795021962	2	2.0	0.383
MITHRIL.17553	0.674	1.443	0.71159998	0.03076923076923077	5.5	0.7834204630321135	0.19716206123973115	0.9918518518518519	0.8691344718823824	8.0	-0.34254612596585704	52	0	0	1	0	0.006588579795021962	2	2.0	0.383
MITHRIL.17554	0.786	0.657	0.72430442	0.03076923076923077	1.0	0.7640029873039582	0.0	0.9918518518518519	0.7936037610754083	5.0	-44.50699332842307	51	0	0	1	0	0.0	1	1.0	0.409
MITHRIL.17555	0.786	0.657	0.72430442	0.0	0.0	0.7640029873039582	0.2359970126960418	0.9918518518518519	0.7936037610754083	5.0	-0.08315949714720768	51	0	0	1	0	0.0	1	1.0	0.409
MITHRIL.17556	0.786	0.657	0.72430442	0.03076923076923077	3.0999999999999996	0.7640029873039582	0.0	0.9918518518518519	0.7936037610754083	5.0	-44.50699332842307	51	0	0	1	0	0.0	1	1.0	0.409
MITHRIL.17557	1.0	3.219	0.73480596	0.0	0.09999999999999964	0.6724008975317876	0.26028421839940163	0.9903703703703703	1.2199610049924152	5.0	0.05815974575537544	49	1	0	0	0	0.999266862170088	0	0.0	0.914
MITHRIL.17558	1.0	3.219	0.73480596	0.0	-0.09999999999999964	0.6724008975317876	0.04038893044128646	0.9903703703703703	1.2199610049924152	5.0	-2.629896247929884	49	1	0	0	0	0.999266862170088	0	0.0	0.914
MITHRIL.17559	1.0	3.219	0.73480596	0.0	-0.09999999999999964	0.6724008975317876	0.02692595362752431	0.9903703703703703	1.2199610049924152	5.0	-3.2148587486510403	49	1	0	0	0	0.999266862170088	0	0.0	0.914
MITHRIL.17560	1.0	7.684	0.74328565	0.0	0.0	0.9723467862481315	0.011210762331838564	0.9911111111111112	0.23147024064692853	10.0	-4.478971805032942	48	1	0	0	0	0.9992673992673993	1	1.0	0.311
MITHRIL.17561	1.0	7.684	0.74328565	0.0	0.0	0.9723467862481315	0.013452914798206279	0.9911111111111112	0.23147024064692853	10.0	-4.215937399199149	48	1	0	0	0	0.9992673992673993	1	1.0	0.311
MITHRIL.17562	1.0	7.684	0.74328565	0.0	0.0	0.9723467862481315	0.0029895366218236174	0.9911111111111112	0.23147024064692853	10.0	-6.385862400641461	48	1	0	0	0	0.9992673992673993	1	1.0	0.311
MITHRIL.17563	0.0	-4.353	0.75212747	0.0	0.0	0.33532486930545186	0.3898431665421957	0.9918518518518519	1.807452390871056	3.0	0.6409657512455741	47	1	0	0	0	1.0	2	2.0	0.964
MITHRIL.17564	0.0	-4.353	0.75212747	0.0	0.0	0.33532486930545186	0.08065720687079911	0.9918518518518519	1.807452390871056	3.0	-1.6320527431608418	47	1	0	0	0	1.0	2	2.0	0.964
MITHRIL.17565	0.0	-4.353	0.75212747	0.0	0.0	0.33532486930545186	0.1941747572815534	0.9918518518518519	1.807452390871056	3.0	-0.36457243229585606	47	1	0	0	0	1.0	2	2.0	0.964
MITHRIL.17566	0.0	-1.99	0.76057698	0.0	0.20000000000000107	0.48693054518297235	0.2867811799850635	0.9918518518518519	1.6390936524667095	3.0	0.1980222553968456	46	1	0	0	0	0.6998535871156661	3	2.0	1.085
MITHRIL.17567	0.0	-1.99	0.76057698	0.0	0.0	0.48693054518297235	0.1941747572815534	0.9918518518518519	1.6390936524667095	3.0	-0.36457243229585606	46	1	0	0	0	0.6998535871156661	3	2.0	1.085
MITHRIL.17568	0.0	-1.99	0.76057698	0.0	0.20000000000000107	0.48693054518297235	0.03211351755041075	0.9918518518518519	1.6390936524667095	3.0	-2.960675490622213	46	1	0	0	0	0.6998535871156661	3	2.0	1.085
MITHRIL.17569	0.945	1.789	0.76721589	0.03076923076923077	0.9000000000000004	0.35259259259259257	0.5311111111111111	1.0	1.4579714380402855	9.0	1.0870856167637115	45	0	0	1	0	0.24255628177196806	4	1.0	0.593
MITHRIL.17570	0.945	1.789	0.76721589	0.0	0.8000000000000007	0.35259259259259257	0.022222222222222223	1.0	1.4579714380402855	9.0	-3.4918530963296748	45	0	0	1	0	0.24255628177196806	4	1.0	0.593
MITHRIL.17571	0.945	1.789	0.76721589	0.03076923076923077	1.0	0.35259259259259257	0.09407407407407407	1.0	1.4579714380402855	9.0	-1.4100590051660273	45	0	0	1	0	0.24255628177196806	4	1.0	0.593
MITHRIL.17572	0.998	1.745	0.77316072	0.03076923076923077	3.8000000000000007	0.6859259259259259	0.14666666666666667	1.0	1.254672791870836	5.0	-0.7693870718585836	44	0	0	1	0	0.09586056644880174	3	1.0	0.697
MITHRIL.17573	0.998	1.745	0.77316072	0.0	0.9000000000000004	0.6859259259259259	0.16	1.0	1.254672791870836	5.0	-0.6438561897747247	44	0	0	1	0	0.09586056644880174	3	1.0	0.697
MITHRIL.17574	0.998	1.745	0.77316072	0.03076923076923077	3.8000000000000007	0.6859259259259259	0.007407407407407408	1.0	1.254672791870836	5.0	-5.076815597050831	44	0	0	1	0	0.09586056644880174	3	1.0	0.697
MITHRIL.17575	1.0	4.71	0.78164041	0.03076923076923077	1.700000000000001	0.49925925925925924	0.012592592592592593	1.0	1.1213573575885767	8.0	-4.3112808506878535	43	0	0	1	0	0.0007262164124909223	2	2.0	0.389
MITHRIL.17576	1.0	4.71	0.78164041	0.0	-2.299999999999999	0.49925925925925924	0.4837037037037037	1.0	1.1213573575885767	8.0	0.9521954896082375	43	0	0	1	0	0.0007262164124909223	2	2.0	0.389
MITHRIL.17577	1.0	4.71	0.78164041	0.03076923076923077	4.300000000000001	0.49925925925925924	0.0044444444444444444	1.0	1.1213573575885767	8.0	-5.813781191217037	43	0	0	1	0	0.0007262164124909223	2	2.0	0.389
MITHRIL.17578	1.0	7.607	0.79030116	0.0	2.700000000000001	0.857037037037037	0.1288888888888889	1.0	0.662474690589294	10.0	-0.955800196089465	42	0	0	1	0	0.0014524328249818446	1	1.0	0.291
MITHRIL.17579	1.0	7.607	0.79030116	0.03076923076923077	3.8000000000000007	0.857037037037037	0.013333333333333334	1.0	0.662474690589294	10.0	-4.22881869049588	42	0	0	1	0	0.0014524328249818446	1	1.0	0.291
MITHRIL.17580	1.0	7.607	0.79030116	0.03076923076923077	6.4	0.857037037037037	0.0007407407407407407	1.0	0.662474690589294	10.0	-8.398743691938193	42	0	0	1	0	0.0014524328249818446	1	1.0	0.291
MITHRIL.17581	1.0	3.224	0.79639689	0.03076923076923077	1.5999999999999996	0.4711111111111111	0.0022222222222222222	1.0	1.0790029710858513	5.0	-6.813781191217037	41	0	0	1	0	0.1859114015976761	0	0.0	0.394
MITHRIL.17582	1.0	3.224	0.79639689	0.03076923076923077	1.4000000000000004	0.4711111111111111	0.5185185185185185	1.0	1.0790029710858513	5.0	1.0524674198941355	41	0	0	1	0	0.1859114015976761	0	0.0	0.394
MITHRIL.17583	1.0	3.224	0.79639689	0.03076923076923077	1.8000000000000007	0.4711111111111111	0.008148148148148147	1.0	1.0790029710858513	5.0	-4.939312073300896	41	0	0	1	0	0.1859114015976761	0	0.0	0.394
MITHRIL.17584	1.0	1.546	0.80083288	0.0	-0.09999999999999964	0.46370370370370373	0.1274074074074074	1.0	1.434538039630638	14.0	-0.9724789372360952	40	0	0	0	1	0.9992737835875091	1	1.0	0.403
MITHRIL.17585	1.0	1.546	0.80083288	0.0	0.0	0.46370370370370373	0.0014814814814814814	1.0	1.434538039630638	14.0	-7.3987436919381935	40	0	0	0	1	0.9992737835875091	1	1.0	0.403
MITHRIL.17586	1.0	1.546	0.80083288	0.0	-0.09999999999999964	0.46370370370370373	0.4074074074074074	1.0	1.434538039630638	14.0	0.7045441164738286	40	0	0	0	1	0.9992737835875091	1	1.0	0.403
MITHRIL.17587	1.0	2.438	0.80493693	0.0	0.0	0.4414814814814815	0.0	1.0	0.9900965393455821	14.0	-44.50699332842307	39	0	0	0	1	0.9992737835875091	0	0.0	0.44
MITHRIL.17588	1.0	2.438	0.80493693	0.0	0.0	0.4414814814814815	0.5585185185185185	1.0	0.9900965393455821	14.0	1.159677021330471	39	0	0	0	1	0.9992737835875091	0	0.0	0.44
MITHRIL.17589	1.0	2.438	0.80493693	0.0	0.0	0.4414814814814815	0.0	1.0	0.9900965393455821	14.0	-44.50699332842307	39	0	0	0	1	0.9992737835875091	0	0.0	0.44
MITHRIL.17590	1.0	7.684	0.80955399	0.0	0.0	1.0	0.0	1.0	-1.601713251907458e-15	27.0	-44.50699332842307	38	0	0	0	1	1.0	1	1.0	0.047
MITHRIL.17591	1.0	7.684	0.80955399	0.0	0.0	1.0	0.0	1.0	-1.601713251907458e-15	27.0	-44.50699332842307	38	0	0	0	1	1.0	1	1.0	0.047
MITHRIL.17592	1.0	7.684	0.80955399	0.0	0.0	1.0	0.0	1.0	-1.601713251907458e-15	27.0	-44.50699332842307	38	0	0	0	1	1.0	1	1.0	0.047
MITHRIL.17593	1.0	7.112	0.81308468	0.0	0.0	1.0	0.0	1.0	-1.601713251907458e-15	27.0	-44.50699332842307	37	0	0	0	1	1.0	1	1.0	0.044
MITHRIL.17594	1.0	7.112	0.81308468	0.0	0.0	1.0	0.0	1.0	-1.601713251907458e-15	27.0	-44.50699332842307	37	0	0	0	1	1.0	1	1.0	0.044
MITHRIL.17595	1.0	7.112	0.81308468	0.0	0.0	1.0	0.0	1.0	-1.601713251907458e-15	27.0	-44.50699332842307	37	0	0	0	1	1.0	1	1.0	0.044
MITHRIL.17596	1.0	3.885	0.81755085	0.0	0.0	0.9992592592592593	0.0	1.0	0.008771040199514064	27.0	-44.50699332842307	36	0	0	0	1	1.0	0	0.0	0.319
MITHRIL.17597	1.0	3.885	0.81755085	0.0	0.0	0.9992592592592593	0.0	1.0	0.008771040199514064	27.0	-44.50699332842307	36	0	0	0	1	1.0	0	0.0	0.319
MITHRIL.17598	1.0	3.885	0.81755085	0.0	0.0	0.9992592592592593	0.0007407407407407407	1.0	0.008771040199514064	27.0	-8.398743691938193	36	0	0	0	1	1.0	0	0.0	0.319
MITHRIL.17599	1.0	8.926	0.81736979	0.0	0.0	0.9962962962962963	0.0	1.0	0.035247539540709805	18.0	-44.50699332842307	35	0	0	0	1	1.0	1	1.0	0.615
MITHRIL.17600	1.0	8.926	0.81736979	0.0	0.0	0.9962962962962963	0.003703703703703704	1.0	0.035247539540709805	18.0	-6.076815597050831	35	0	0	0	1	1.0	1	1.0	0.615
MITHRIL.17601	1.0	8.926	0.81736979	0.0	0.0	0.9962962962962963	0.0	1.0	0.035247539540709805	18.0	-44.50699332842307	35	0	0	0	1	1.0	1	1.0	0.615
MITHRIL.17602	1.0	3.523	0.81504617	0.0	0.0	0.41703703703703704	0.5822222222222222	1.0	0.9882422098074972	14.0	1.2196418103204132	34	0	0	0	1	1.0	2	2.0	0.546
MITHRIL.17603	1.0	3.523	0.81504617	0.0	-1.0999999999999996	0.41703703703703704	0.0007407407407407407	1.0	0.9882422098074972	14.0	-8.398743691938193	34	0	0	0	1	1.0	2	2.0	0.546
MITHRIL.17604	1.0	3.523	0.81504617	0.0	-0.1999999999999993	0.41703703703703704	0.0	1.0	0.9882422098074972	14.0	-44.50699332842307	34	0	0	0	1	1.0	2	2.0	0.546
MITHRIL.17605	1.0	1.606	0.80943328	0.03076923076923077	1.3000000000000007	0.5925925925925926	0.025925925925925925	1.0	1.1830289588178473	3.0	-3.2694606749932267	33	0	0	1	0	0.18663761801016704	3	1.0	0.376
MITHRIL.17606	1.0	1.606	0.80943328	0.0	0.9000000000000004	0.5925925925925926	0.3711111111111111	1.0	1.1830289588178473	3.0	0.5699231012570152	33	0	0	1	0	0.18663761801016704	3	1.0	0.376
MITHRIL.17607	1.0	1.606	0.80943328	0.03076923076923077	2.4000000000000004	0.5925925925925926	0.01037037037037037	1.0	1.1830289588178473	3.0	-4.591388769880589	33	0	0	1	0	0.18663761801016704	3	1.0	0.376
MITHRIL.17608	1.0	5.835	0.80077253	0.03076923076923077	6.4	0.8718518518518519	0.0007407407407407407	1.0	0.622781750591778	10.0	-8.398743691938193	32	0	0	1	0	0.002178649237472767	2	2.0	0.432
MITHRIL.17609	1.0	5.835	0.80077253	0.03076923076923077	6.4	0.8718518518518519	0.014074074074074074	1.0	0.622781750591778	10.0	-4.150816178494607	32	0	0	1	0	0.002178649237472767	2	2.0	0.432
MITHRIL.17610	1.0	5.835	0.80077253	0.03076923076923077	6.4	0.8718518518518519	0.11333333333333333	1.0	0.622781750591778	10.0	-1.1413558492455416	32	0	0	1	0	0.002178649237472767	2	2.0	0.432
MITHRIL.17611	1.0	2.892	0.78933551	0.03076923076923077	4.300000000000001	0.5088888888888888	0.008148148148148147	1.0	1.1235514556718091	3.0	-4.939312073300896	31	0	0	1	0	0.0007262164124909223	1	1.0	0.517
MITHRIL.17612	1.0	2.892	0.78933551	0.03076923076923077	4.300000000000001	0.5088888888888888	0.008888888888888889	1.0	1.1235514556718091	3.0	-4.813781191217037	31	0	0	1	0	0.0007262164124909223	1	1.0	0.517
MITHRIL.17613	1.0	2.892	0.78933551	0.0	-0.29999999999999893	0.5088888888888888	0.4740740740740741	1.0	1.1235514556718091	3.0	0.9231844029491691	31	0	0	1	0	0.0007262164124909223	1	1.0	0.517
MITHRIL.17614	1.0	4.907	0.77967892	0.03076923076923077	3.8000000000000007	0.845925925925926	0.014074074074074074	1.0	0.813273633756082	14.0	-4.150816178494607	30	0	0	1	0	0.09586056644880174	0	0.0	0.376
MITHRIL.17615	1.0	4.907	0.77967892	0.03076923076923077	3.8000000000000007	0.845925925925926	0.0962962962962963	1.0	0.813273633756082	14.0	-1.3763758789097387	30	0	0	1	0	0.09586056644880174	0	0.0	0.376
MITHRIL.17616	1.0	4.907	0.77967892	0.03076923076923077	3.8000000000000007	0.845925925925926	0.0437037037037037	1.0	0.813273633756082	14.0	-2.516100642576352	30	0	0	1	0	0.09586056644880174	0	0.0	0.376
MITHRIL.17617	1.0	2.322	0.76754783	0.03076923076923077	0.9000000000000004	0.32592592592592595	0.5414814814814815	1.0	1.4826807428396487	10.0	1.114983904014244	29	0	0	1	0	0.24183006535947713	0	0.0	0.455
MITHRIL.17618	1.0	2.322	0.76754783	0.03076923076923077	0.7000000000000011	0.32592592592592595	0.023703703703703703	1.0	1.4826807428396487	10.0	-3.3987436919381935	29	0	0	1	0	0.24183006535947713	0	0.0	0.455
MITHRIL.17619	1.0	2.322	0.76754783	0.03076923076923077	0.9000000000000004	0.32592592592592595	0.10888888888888888	1.0	1.4826807428396487	10.0	-1.1990713471018288	29	0	0	1	0	0.24183006535947713	0	0.0	0.455
MITHRIL.17620	1.0	3.097	0.75258012	0.0	0.20000000000000107	0.25862068965517243	0.01649175412293853	0.9881481481481481	0.953015540115227	9.0	-3.9221113325472876	27	1	0	0	0	0.6987509184423218	1	1.0	1.354
MITHRIL.17621	1.0	3.097	0.75258012	0.0	-0.1999999999999993	0.25862068965517243	0.7241379310344828	0.9881481481481481	0.953015540115227	9.0	1.5343364276511882	27	1	0	0	0	0.6987509184423218	1	1.0	1.354
MITHRIL.17622	1.0	3.097	0.75258012	0.0	0.20000000000000107	0.25862068965517243	0.0007496251874062968	0.9881481481481481	0.953015540115227	9.0	-8.381542951184585	27	1	0	0	0	0.6987509184423218	1	1.0	1.354
MITHRIL.17623	1.0	2.335	0.73625445	0.0	1.700000000000001	0.8385185185185186	0.14666666666666667	1.0	0.7162071055030652	5.0	-0.7693870718585836	26	0	0	1	0	0.004357298474945534	2	1.0	0.449
MITHRIL.17624	1.0	2.335	0.73625445	0.03076923076923077	3.4000000000000004	0.8385185185185186	0.013333333333333334	1.0	0.7162071055030652	5.0	-4.22881869049588	26	0	0	1	0	0.004357298474945534	2	1.0	0.449
MITHRIL.17625	1.0	2.335	0.73625445	0.03076923076923077	3.5	0.8385185185185186	0.0014814814814814814	1.0	0.7162071055030652	5.0	-7.3987436919381935	26	0	0	1	0	0.004357298474945534	2	1.0	0.449
MITHRIL.17626	1.0	5.857	0.7144366	0.03076923076923077	6.7	0.9651851851851851	0.003703703703703704	1.0	0.26278261866911357	9.0	-6.076815597050831	25	0	0	1	0	0.0	3	2.0	0.16
MITHRIL.17627	1.0	5.857	0.7144366	0.03076923076923077	6.7	0.9651851851851851	0.00962962962962963	1.0	0.26278261866911357	9.0	-4.698303973797101	25	0	0	1	0	0.0	3	2.0	0.16
MITHRIL.17628	1.0	5.857	0.7144366	0.03076923076923077	6.7	0.9651851851851851	0.02148148148148148	1.0	0.26278261866911357	9.0	-3.540762696810621	25	0	0	1	0	0.0	3	2.0	0.16
MITHRIL.17629	0.0	-0.593	0.69376547	0.03076923076923077	1.5999999999999996	0.562962962962963	0.04518518518518518	1.0	1.1981556997669474	2.0	-2.4680063543753072	24	0	0	1	0	0.013798111837327523	4	3.0	0.343
MITHRIL.17630	0.0	-0.593	0.69376547	0.0	0.5999999999999996	0.562962962962963	0.39185185185185184	1.0	1.1981556997669474	2.0	0.6483802201758324	24	0	0	1	0	0.013798111837327523	4	3.0	0.343
MITHRIL.17631	0.0	-0.593	0.69376547	0.03076923076923077	2.3000000000000007	0.562962962962963	0.0	1.0	1.1981556997669474	2.0	-44.50699332842307	24	0	0	1	0	0.013798111837327523	4	3.0	0.343
MITHRIL.17632	0.006	1.608	0.67028789	0.03076923076923077	0.40000000000000036	0.9222222222222223	0.035555555555555556	1.0	0.48422525029882957	5.0	-2.813781191217037	23	0	0	0	1	0.9150326797385621	5	4.0	0.269
MITHRIL.17633	0.006	1.608	0.67028789	0.0	0.0	0.9222222222222223	0.04	1.0	0.48422525029882957	5.0	-2.643856189774725	23	0	0	0	1	0.9150326797385621	5	4.0	0.269
MITHRIL.17634	0.006	1.608	0.67028789	0.03076923076923077	-1.6999999999999993	0.9222222222222223	0.0022222222222222222	1.0	0.48422525029882957	5.0	-6.813781191217037	23	0	0	0	1	0.9150326797385621	5	4.0	0.269
MITHRIL.17635	0.001	-2.473	0.64463758	0.0	0.0	0.4800347222222222	0.2960069444444444	0.8533333333333334	1.6040787237621412	2.0	0.24370292758186	16	0	0	0	1	1.0	6	5.0	1.998
MITHRIL.17636	0.001	-2.473	0.64463758	0.0	0.0	0.4800347222222222	0.034722222222222224	0.8533333333333334	1.6040787237621412	2.0	-2.84799690655495	16	0	0	0	1	1.0	6	5.0	1.998
MITHRIL.17637	0.001	-2.473	0.64463758	0.0	0.0	0.4800347222222222	0.1892361111111111	0.8533333333333334	1.6040787237621412	2.0	-0.40174067666538604	16	0	0	0	1	1.0	6	5.0	1.998
MITHRIL.17638	0.0	0.206	0.62221619	0.0	0.0	0.5622222222222222	0.1622222222222222	1.0	1.6263435915432558	7.0	-0.6239566323370199	15	0	0	0	1	1.0	6	6.0	1.028
MITHRIL.17639	0.0	0.206	0.62221619	0.0	0.0	0.5622222222222222	0.0674074074074074	1.0	1.6263435915432558	7.0	-1.8909490517394971	15	0	0	0	1	1.0	6	6.0	1.028
MITHRIL.17640	0.0	0.206	0.62221619	0.0	0.0	0.5622222222222222	0.20814814814814814	1.0	1.6263435915432558	7.0	-0.2643173717172672	15	0	0	0	1	1.0	6	6.0	1.028
MITHRIL.17641	0.966	1.505	0.59505703	0.0	0.0	0.6948148148148148	0.08814814814814814	1.0	1.1951648783638325	5.0	-1.5039259286302498	14	0	0	0	1	1.0	5	5.0	0.615
MITHRIL.17642	0.966	1.505	0.59505703	0.0	0.0	0.6948148148148148	0.006666666666666667	1.0	1.1951648783638325	5.0	-5.22881869049588	14	0	0	0	1	1.0	5	5.0	0.615
MITHRIL.17643	0.966	1.505	0.59505703	0.0	0.0	0.6948148148148148	0.21037037037037037	1.0	1.1951648783638325	5.0	-0.24899657243351114	14	0	0	0	1	1.0	5	5.0	0.615
MITHRIL.17644	1.0	7.684	0.56973867	0.0	0.0	0.98	0.0022222222222222222	1.0	0.16783096850940762	15.0	-6.813781191217037	13	0	0	0	1	1.0	4	4.0	0.585
MITHRIL.17645	1.0	7.684	0.56973867	0.0	0.0	0.98	0.005925925925925926	1.0	0.16783096850940762	15.0	-5.3987436919381935	13	0	0	0	1	1.0	4	4.0	0.585
MITHRIL.17646	1.0	7.684	0.56973867	0.0	0.0	0.98	0.011851851851851851	1.0	0.16783096850940762	15.0	-4.3987436919381935	13	0	0	0	1	1.0	4	4.0	0.585
MITHRIL.17647	1.0	4.759	0.54870541	0.03076923076923077	0.3000000000000007	0.9474074074074074	0.04518518518518518	1.0	0.3355598693012813	15.0	-2.4680063543753072	12	0	0	0	1	0.915758896151053	3	3.0	0.391
MITHRIL.17648	1.0	4.759	0.54870541	0.0	1.3000000000000007	0.9474074074074074	0.003703703703703704	1.0	0.3355598693012813	15.0	-6.076815597050831	12	0	0	0	1	0.915758896151053	3	3.0	0.391
MITHRIL.17649	1.0	4.759	0.54870541	0.0	1.0	0.9474074074074074	0.003703703703703704	1.0	0.3355598693012813	15.0	-6.076815597050831	12	0	0	0	1	0.915758896151053	3	3.0	0.391
MITHRIL.17650	0.987	0.464	0.52936206	0.03076923076923077	1.4000000000000004	0.6874074074074074	0.008888888888888889	1.0	1.1147804618974804	3.0	-4.813781191217037	11	0	0	1	0	0.013798111837327523	2	2.0	0.179
MITHRIL.17651	0.987	0.464	0.52936206	0.03076923076923077	2.700000000000001	0.6874074074074074	0.2674074074074074	1.0	1.1147804618974804	3.0	0.09711133494897785	11	0	0	1	0	0.013798111837327523	2	2.0	0.179
MITHRIL.17652	0.987	0.464	0.52936206	0.03076923076923077	2.200000000000001	0.6874074074074074	0.0362962962962963	1.0	1.1147804618974804	3.0	-2.784033847822985	11	0	0	1	0	0.013798111837327523	2	2.0	0.179
MITHRIL.17653	1.0	7.733	0.51140684	0.0	2.4000000000000004	0.9496296296296296	0.037037037037037035	1.0	0.33409247819358157	9.0	-2.7548875021634687	10	0	0	1	0	0.0	1	1.0	0.048
MITHRIL.17654	1.0	7.733	0.51140684	0.03076923076923077	4.1	0.9496296296296296	0.012592592592592593	1.0	0.33409247819358157	9.0	-4.3112808506878535	10	0	0	1	0	0.0	1	1.0	0.048
MITHRIL.17655	1.0	7.733	0.51140684	0.03076923076923077	6.7	0.9496296296296296	0.0007407407407407407	1.0	0.33409247819358157	9.0	-8.398743691938193	10	0	0	1	0	0.0	1	1.0	0.048
MITHRIL.17656	1.0	7.576	0.48657131	0.03076923076923077	4.300000000000001	0.9607407407407408	0.017777777777777778	1.0	0.2856697898565759	10.0	-3.813781191217037	9	0	0	1	0	0.004357298474945534	0	0.0	0.231
MITHRIL.17657	1.0	7.576	0.48657131	0.03076923076923077	4.1	0.9607407407407408	0.0014814814814814814	1.0	0.2856697898565759	10.0	-7.3987436919381935	9	0	0	1	0	0.004357298474945534	0	0.0	0.231
MITHRIL.17658	1.0	7.576	0.48657131	0.03076923076923077	3.700000000000001	0.9607407407407408	0.02	1.0	0.2856697898565759	10.0	-3.643856189774725	9	0	0	1	0	0.004357298474945534	0	0.0	0.231
MITHRIL.17659	1.0	7.576	0.46402921	0.0	-0.09999999999999964	0.9215686274509803	0.0	0.9822222222222222	0.41499517963324384	15.0	-44.50699332842307	8	1	0	0	0	1.0	0	0.0	0.26
MITHRIL.17660	1.0	7.576	0.46402921	0.0	-0.09999999999999964	0.9215686274509803	0.0	0.9822222222222222	0.41499517963324384	15.0	-44.50699332842307	8	1	0	0	0	1.0	0	0.0	0.26
MITHRIL.17661	1.0	7.576	0.46402921	0.0	-0.09999999999999964	0.9215686274509803	0.0784313725490196	0.9822222222222222	0.41499517963324384	15.0	-1.6724253419714956	8	1	0	0	0	1.0	0	0.0	0.26
MITHRIL.17662	1.0	7.078	0.44221136	0.0	-0.1999999999999993	0.9939984996249063	0.0007501875468867217	0.9874074074074074	0.07864177785458604	15.0	-8.380461065088973	7	1	0	0	0	1.0	1	1.0	0.287
MITHRIL.17663	1.0	7.078	0.44221136	0.0	0.09999999999999964	0.9939984996249063	0.003000750187546887	0.9874074074074074	0.07864177785458604	15.0	-6.380461065088973	7	1	0	0	0	1.0	1	1.0	0.287
MITHRIL.17664	1.0	7.078	0.44221136	0.0	-0.1999999999999993	0.9939984996249063	0.002250562640660165	0.9874074074074074	0.07864177785458604	15.0	-6.795498564367817	7	1	0	0	0	1.0	1	1.0	0.287
MITHRIL.17665	1.0	1.523	0.42069527	0.03076923076923077	0.9000000000000004	0.7184684684684685	0.024774774774774775	0.9866666666666667	1.002546464075726	9.0	-3.333900736553438	6	0	1	0	0	0.01177336276674025	2	2.0	0.501
MITHRIL.17666	1.0	1.523	0.42069527	0.0	0.5	0.7184684684684685	0.25375375375375375	0.9866666666666667	1.002546464075726	9.0	0.022584580370292564	6	0	1	0	0	0.01177336276674025	2	2.0	0.501
MITHRIL.17667	1.0	1.523	0.42069527	0.03076923076923077	1.0	0.7184684684684685	0.0022522522522522522	0.9866666666666667	1.002546464075726	9.0	-6.793332355190736	6	0	1	0	0	0.01177336276674025	2	2.0	0.501
MITHRIL.17668	0.993	1.172	0.39655381	0.03076923076923077	3.3000000000000007	0.35267857142857145	0.04389880952380952	0.9955555555555555	1.1961751240071345	8.0	-2.509674373416919	5	0	1	0	0	0.006564551422319475	3	3.0	0.506
MITHRIL.17669	0.993	1.172	0.39655381	0.0	-0.09999999999999964	0.35267857142857145	0.6004464285714286	0.9955555555555555	1.1961751240071345	8.0	1.26410744049902	5	0	1	0	0	0.006564551422319475	3	3.0	0.506
MITHRIL.17670	0.993	1.172	0.39655381	0.03076923076923077	3.700000000000001	0.35267857142857145	0.002976190476190476	0.9955555555555555	1.1961751240071345	8.0	-6.392317422778761	5	0	1	0	0	0.006564551422319475	3	3.0	0.506
MITHRIL.17671	0.954	1.427	0.36927395	0.03076923076923077	3.3000000000000007	0.6304832713754647	0.020074349442379184	0.9962962962962963	1.0836131101350224	5.0	-3.6385029552805177	4	0	1	0	0	0.006559766763848397	4	4.0	0.468
MITHRIL.17672	0.954	1.427	0.36927395	0.0	-0.09999999999999964	0.6304832713754647	0.34721189591078067	0.9962962962962963	1.0836131101350224	5.0	0.4738882822656754	4	0	1	0	0	0.006559766763848397	4	4.0	0.468
MITHRIL.17673	0.954	1.427	0.36927395	0.03076923076923077	3.700000000000001	0.6304832713754647	0.0022304832713754648	0.9962962962962963	1.0836131101350224	5.0	-6.80842795672283	4	0	1	0	0	0.006559766763848397	4	4.0	0.468
MITHRIL.17674	1.0	7.684	0.34959865	0.03076923076923077	3.9000000000000004	0.9190193164933135	0.02600297176820208	0.997037037037037	0.5185632339353977	9.0	-3.2651796776653503	3	0	1	0	0	0.009468317552804079	5	5.0	0.437
MITHRIL.17675	1.0	7.684	0.34959865	0.0	-0.09999999999999964	0.9190193164933135	0.045319465081723624	0.997037037037037	0.5185632339353977	9.0	-2.463725357047431	3	0	1	0	0	0.009468317552804079	5	5.0	0.437
MITHRIL.17676	1.0	7.684	0.34959865	0.03076923076923077	4.1	0.9190193164933135	0.009658246656760773	0.997037037037037	0.5185632339353977	9.0	-4.694022976469225	3	0	1	0	0	0.009468317552804079	5	5.0	0.437
MITHRIL.17677	1.0	4.952	0.32729797	0.03076923076923077	4.7	0.9443207126948775	0.01855976243504083	0.9977777777777778	0.3962192330721992	9.0	-3.7516779456875784	2	0	1	0	0	0.01601164483260553	6	6.0	0.293
MITHRIL.17678	1.0	4.952	0.32729797	0.03076923076923077	4.7	0.9443207126948775	0.025983667409057165	0.9977777777777778	0.3962192330721992	9.0	-3.2662511185173364	2	0	1	0	0	0.01601164483260553	6	6.0	0.293
MITHRIL.17679	1.0	4.952	0.32729797	0.03076923076923077	4.7	0.9443207126948775	0.011135857461024499	0.9977777777777778	0.3962192330721992	9.0	-4.4886435398537845	2	0	1	0	0	0.01601164483260553	6	6.0	0.293
MITHRIL.17680	1.0	5.692	0.30508781	0.03076923076923077	6.7	0.8525925925925926	0.01925925925925926	1.0	0.7561809868345037	8.0	-3.698303973797101	1	0	1	0	0	0.002904865649963689	7	7.0	0.358
MITHRIL.17681	1.0	5.692	0.30508781	0.03076923076923077	6.7	0.8525925925925926	0.016296296296296295	1.0	0.7561809868345037	8.0	-3.939312073300896	1	0	1	0	0	0.002904865649963689	7	7.0	0.358
MITHRIL.17682	1.0	5.692	0.30508781	0.03076923076923077	6.7	0.8525925925925926	0.11185185185185186	1.0	0.7561809868345037	8.0	-1.1603389526131143	1	0	1	0	0	0.002904865649963689	7	7.0	0.358
MITHRIL.17683	0.556	0.77	0.28429597	0.03076923076923077	2.5	0.8770370370370371	0.015555555555555555	1.0	0.6494077180764521	11.0	-4.006426269159433	0	0	1	0	0	0.013071895424836602	8	8.0	0.47
MITHRIL.17684	0.556	0.77	0.28429597	0.03076923076923077	2.200000000000001	0.8770370370370371	0.008888888888888889	1.0	0.6494077180764521	11.0	-4.813781191217037	0	0	1	0	0	0.013071895424836602	8	8.0	0.47
MITHRIL.17685	0.556	0.77	0.28429597	0.03076923076923077	2.3000000000000007	0.8770370370370371	0.09851851851851852	1.0	0.6494077180764521	11.0	-1.3434612564370036	0	0	1	0	0	0.013071895424836602	8	8.0	0.47
MITHRIL.22348	0.001	0.85	0.558362	0.0	0.5999999999999996	0.6736059479553903	0.19107806691449813	0.9970348406226834	1.2476636331046933	5.0	-0.3877659082501084	77	1	0	0	0	1.0	15	13.0	0.779
MITHRIL.22349	0.001	0.85	0.558362	0.0	0.5999999999999996	0.6736059479553903	0.0022304832713754648	0.9970348406226834	1.2476636331046933	5.0	-6.80842795672283	77	1	0	0	0	1.0	15	13.0	0.779
MITHRIL.22350	0.001	0.85	0.558362	0.0	0.0	0.6736059479553903	0.13308550185873605	0.9970348406226834	1.2476636331046933	5.0	-0.9095746801797302	77	1	0	0	0	1.0	15	13.0	0.779
MITHRIL.22351	0.004	1.257	0.56177198	0.02898550724637683	0.8000000000000007	0.5475482912332839	0.007429420505200594	0.9977761304670126	1.0692087568560478	5.0	-5.072534599722955	76	0	1	0	0	0.369533527696793	14	12.0	0.267
MITHRIL.22352	0.004	1.257	0.56177198	0.0	-2.5999999999999996	0.5475482912332839	0.4427934621099554	0.9977761304670126	1.0692087568560478	5.0	0.8247058258518444	76	0	1	0	0	0.369533527696793	14	12.0	0.267
MITHRIL.22353	0.004	1.257	0.56177198	0.02898550724637683	0.9000000000000004	0.5475482912332839	0.002228826151560178	0.9977761304670126	1.0692087568560478	5.0	-6.809500193889161	76	0	1	0	0	0.369533527696793	14	12.0	0.267
MITHRIL.22354	1.0	5.989	0.56647957	0.02898550724637683	4.1000000000000005	0.8693392724573126	0.011135857461024499	0.9985174203113417	0.6461894460925427	10.0	-4.4886435398537845	75	0	1	0	0	0.003641660597232338	13	11.0	0.168
MITHRIL.22355	1.0	5.989	0.56647957	0.05797101449275366	2.200000000000001	0.8693392724573126	0.11432813659985153	0.9985174203113417	0.6461894460925427	10.0	-1.1287475947674017	75	0	1	0	0	0.003641660597232338	13	11.0	0.168
MITHRIL.22356	1.0	5.989	0.56647957	0.02898550724637683	4.1000000000000005	0.8693392724573126	0.005196733481811433	0.9985174203113417	0.6461894460925427	10.0	-5.588179213404699	75	0	1	0	0	0.003641660597232338	13	11.0	0.168
MITHRIL.22357	1.0	5.562	0.56916531	0.02898550724637683	3.7	0.07498144023756496	0.030438010393466965	0.9985174203113417	1.09523649852407	7.0	-3.0379821308442194	74	0	1	0	0	0.003641660597232338	12	10.0	0.358
MITHRIL.22358	1.0	5.562	0.56916531	0.02898550724637683	3.7	0.07498144023756496	0.771343726800297	0.9985174203113417	1.09523649852407	7.0	1.6254458034419086	74	0	1	0	0	0.003641660597232338	12	10.0	0.358
MITHRIL.22359	1.0	5.562	0.56916531	0.02898550724637683	3.7	0.07498144023756496	0.12323682256867112	0.9985174203113417	1.09523649852407	7.0	-1.0204947041153785	74	0	1	0	0	0.003641660597232338	12	10.0	0.358
MITHRIL.22360	1.0	7.18	0.56829018	0.02898550724637683	3.7	0.7728285077951003	0.03637713437268003	0.9985174203113417	1.082984467733468	14.0	-2.780824291347095	73	0	1	0	0	0.01529497450837582	11	9.0	0.288
MITHRIL.22361	1.0	7.18	0.56829018	0.02898550724637683	3.7	0.7728285077951003	0.05493689680772086	0.9985174203113417	1.082984467733468	14.0	-2.1860807698333535	73	0	1	0	0	0.01529497450837582	11	9.0	0.288
MITHRIL.22362	1.0	7.18	0.56829018	0.02898550724637683	3.7	0.7728285077951003	0.1358574610244989	0.9985174203113417	1.082984467733468	14.0	-0.8798342971782607	73	0	1	0	0	0.01529497450837582	11	9.0	0.288
MITHRIL.22363	1.0	5.055	0.56349206	0.02898550724637683	3.7	0.9229058561897702	0.006671608598962194	1.0	0.49105094578374	9.0	-5.226679779739547	72	0	1	0	0	0.009454545454545455	10	8.0	0.369
MITHRIL.22364	1.0	5.055	0.56349206	0.02898550724637683	3.7	0.9229058561897702	0.040770941438102296	1.0	0.49105094578374	9.0	-2.6152450676571988	72	0	1	0	0	0.009454545454545455	10	8.0	0.369
MITHRIL.22365	1.0	5.055	0.56349206	0.02898550724637683	3.7	0.9229058561897702	0.028910303928836176	1.0	0.49105094578374	9.0	-3.11120256231961	72	0	1	0	0	0.009454545454545455	10	8.0	0.369
MITHRIL.22366	1.0	5.943	0.55621945	0.02898550724637683	4.2	0.8821349147516679	0.02001482579688658	1.0	0.6979284730882283	11.0	-3.642787130784799	71	0	1	0	0	0.008727272727272728	9	7.0	0.677
MITHRIL.22367	1.0	5.943	0.55621945	0.02898550724637683	4.2	0.8821349147516679	0.04447739065974796	1.0	0.6979284730882283	11.0	-2.490784037339749	71	0	1	0	0	0.008727272727272728	9	7.0	0.677
MITHRIL.22368	1.0	5.943	0.55621945	0.02898550724637683	4.2	0.8821349147516679	0.05337286879169755	1.0	0.6979284730882283	11.0	-2.2277496315059553	71	0	1	0	0	0.008727272727272728	9	7.0	0.677
MITHRIL.22369	1.0	4.861	0.54988231	0.0	2.200000000000001	0.7553743513713862	0.07190511489992588	1.0	1.096689314976199	14.0	-1.7977617907611398	70	0	1	0	0	0.02909090909090909	8	6.0	0.358
MITHRIL.22370	1.0	4.861	0.54988231	0.02898550724637683	2.200000000000001	0.7553743513713862	0.01704966641957005	1.0	1.096689314976199	14.0	-3.874112676891255	70	0	1	0	0	0.02909090909090909	8	6.0	0.358
MITHRIL.22371	1.0	4.861	0.54988231	0.02898550724637683	2.4000000000000004	0.7553743513713862	0.15567086730911786	1.0	1.096689314976199	14.0	-0.683429115282145	70	0	1	0	0	0.02909090909090909	8	6.0	0.358
MITHRIL.22372	1.0	9.631	0.54393747	0.0	2.0999999999999996	0.8060921248142645	0.1738484398216939	0.9977761304670126	0.8215856328060543	15.0	-0.5240979750269126	69	0	0	1	0	0.0007288629737609329	7	6.0	0.26
MITHRIL.22373	1.0	9.631	0.54393747	0.02898550724637683	2.0999999999999996	0.8060921248142645	0.005943536404160475	0.9977761304670126	0.8215856328060543	15.0	-5.394462694610318	69	0	0	1	0	0.0007288629737609329	7	6.0	0.26
MITHRIL.22374	1.0	9.631	0.54393747	0.02898550724637683	1.8000000000000007	0.8060921248142645	0.01411589895988113	0.9977761304670126	0.8215856328060543	15.0	-4.1465351811667315	69	0	0	1	0	0.0007288629737609329	7	6.0	0.26
MITHRIL.22375	1.0	2.127	0.5353069	0.02898550724637683	0.5999999999999996	0.611441307578009	0.008915304606240713	0.9977761304670126	1.1597156206193981	5.0	-4.809500193889161	68	0	0	1	0	0.013119533527696793	6	5.0	0.654
MITHRIL.22376	1.0	2.127	0.5353069	0.0	-2.799999999999999	0.611441307578009	0.35438335809806837	0.9977761304670126	1.1597156206193981	5.0	0.5033827613951946	68	0	0	1	0	0.013119533527696793	6	5.0	0.654
MITHRIL.22377	1.0	2.127	0.5353069	0.02898550724637683	3.2	0.611441307578009	0.02526002971768202	0.9977761304670126	1.1597156206193981	5.0	-3.3069998533599776	68	0	0	1	0	0.013119533527696793	6	5.0	0.654
MITHRIL.22378	1.0	1.59	0.52915082	0.02898550724637683	1.200000000000001	0.7731653076352853	0.014084507042253521	1.0	0.9418781384486681	5.0	-4.149747119504682	67	0	0	1	0	0.01309090909090909	5	4.0	0.509
MITHRIL.22379	1.0	1.59	0.52915082	0.0	-2.799999999999999	0.7731653076352853	0.19347664936990364	1.0	0.9418781384486681	5.0	-0.36976863637838303	67	0	0	1	0	0.01309090909090909	5	4.0	0.509
MITHRIL.22380	1.0	1.59	0.52915082	0.02898550724637683	3.8000000000000007	0.7731653076352853	0.01927353595255745	1.0	0.9418781384486681	5.0	-3.6972349148071753	67	0	0	1	0	0.01309090909090909	5	4.0	0.509
MITHRIL.22381	1.0	5.587	0.52157644	0.0	2.8000000000000007	0.8339510748702743	0.1178650852483321	1.0	0.8290919805338699	5.0	-1.0847916776639122	66	0	0	1	0	0.009454545454545455	4	3.0	0.438
MITHRIL.22382	1.0	5.587	0.52157644	0.02898550724637683	4.0	0.8339510748702743	0.010378057820607857	1.0	0.8290919805338699	5.0	-4.590319710890664	66	0	0	1	0	0.009454545454545455	4	3.0	0.438
MITHRIL.22383	1.0	5.587	0.52157644	0.02898550724637683	6.6000000000000005	0.8339510748702743	0.03780578206078577	1.0	0.8290919805338699	5.0	-2.725249290976772	66	0	0	1	0	0.009454545454545455	4	3.0	0.438
MITHRIL.22384	1.0	9.613	0.51442453	0.0	2.4000000000000004	0.9095626389918459	0.05114899925871016	1.0	0.5512922425428404	14.0	-2.2891501761700983	65	0	0	1	0	0.024	3	2.0	0.349
MITHRIL.22385	1.0	9.613	0.51442453	0.02898550724637683	3.1000000000000005	0.9095626389918459	0.005930318754633061	1.0	0.5512922425428404	14.0	-5.397674632948267	65	0	0	1	0	0.024	3	2.0	0.349
MITHRIL.22386	1.0	9.613	0.51442453	0.02898550724637683	2.8000000000000007	0.9095626389918459	0.033358042994810974	1.0	0.5512922425428404	14.0	-2.9058215366185927	65	0	0	1	0	0.024	3	2.0	0.349
MITHRIL.22387	1.0	8.965	0.50555254	0.0	0.5	0.9736191261335532	0.00741962077493817	0.899184581171238	0.3331973164792508	10.0	-5.074438833678198	62	0	0	0	1	1.0	2	2.0	1.067
MITHRIL.22388	1.0	8.965	0.50555254	0.0	0.5999999999999996	0.9736191261335532	0.008244023083264633	0.899184581171238	0.3331973164792508	10.0	-4.922435740233148	62	0	0	0	1	1.0	2	2.0	1.067
MITHRIL.22389	1.0	8.965	0.50555254	0.0	0.5	0.9736191261335532	0.010717230008244023	0.899184581171238	0.3331973164792508	10.0	-4.543924116979418	62	0	0	0	1	1.0	2	2.0	1.067
MITHRIL.22390	0.936	0.211	0.49677108	0.0	0.0	0.7384855581576893	0.02810304449648712	0.949592290585619	1.1969205978790518	5.0	-3.1531297588993343	61	0	0	0	1	1.0	1	1.0	1.193
MITHRIL.22391	0.936	0.211	0.49677108	0.0	0.0	0.7384855581576893	0.13739266198282593	0.949592290585619	1.1969205978790518	5.0	-0.8636231417043492	61	0	0	0	1	1.0	1	1.0	1.193
MITHRIL.22392	0.936	0.211	0.49677108	0.0	0.0	0.7384855581576893	0.09601873536299765	0.949592290585619	1.1969205978790518	5.0	-1.3805402550024068	61	0	0	0	1	1.0	1	1.0	1.193
MITHRIL.22393	0.997	6.005	0.49149013	0.0	0.0	0.9443173150266971	0.03508771929824561	0.971830985915493	0.412346103917182	14.0	-2.8328900141647417	60	0	0	0	1	1.0	0	0.0	0.694
MITHRIL.22394	0.997	6.005	0.49149013	0.0	0.0	0.9443173150266971	0.008390541571319604	0.971830985915493	0.412346103917182	14.0	-4.897020351584457	60	0	0	0	1	1.0	0	0.0	0.694
MITHRIL.22395	0.997	6.005	0.49149013	0.0	0.0	0.9443173150266971	0.012204424103737605	0.971830985915493	0.412346103917182	14.0	-4.356451970221754	60	0	0	0	1	1.0	0	0.0	0.694
MITHRIL.22396	0.445	-0.213	0.48536423	0.0	0.0	0.46009036144578314	0.021837349397590362	0.9844329132690882	1.1637114450116972	5.0	-3.5170584362193527	59	0	0	0	1	1.0	1	1.0	0.905
MITHRIL.22397	0.445	-0.213	0.48536423	0.0	0.0	0.46009036144578314	0.0037650602409638554	0.9844329132690882	1.1637114450116972	5.0	-6.053111336459563	59	0	0	0	1	1.0	1	1.0	0.905
MITHRIL.22398	0.445	-0.213	0.48536423	0.0	0.0	0.46009036144578314	0.5143072289156626	0.9844329132690882	1.1637114450116972	5.0	1.0407023369431656	59	0	0	0	1	1.0	1	1.0	0.905
MITHRIL.22399	1.0	4.012	0.47691472	0.0	0.0	0.8325892857142857	0.07514880952380952	0.9962935507783544	0.8647026124916617	14.0	-1.7341059400269656	58	0	0	0	1	1.0	1	1.0	1.115
MITHRIL.22400	1.0	4.012	0.47691472	0.0	0.0	0.8325892857142857	0.009672619047619048	0.9962935507783544	0.8647026124916617	14.0	-4.691877704637668	58	0	0	0	1	1.0	1	1.0	1.115
MITHRIL.22401	1.0	4.012	0.47691472	0.0	0.0	0.8325892857142857	0.08258928571428571	0.9962935507783544	0.8647026124916617	14.0	-1.5979015564286543	58	0	0	0	1	1.0	1	1.0	1.115
MITHRIL.22402	1.0	8.981	0.46427063	0.0	0.0	0.9316493313521546	0.010401188707280832	0.9977761304670126	0.439915639451064	14.0	-4.587107772552713	57	0	0	0	1	1.0	0	0.0	1.064
MITHRIL.22403	1.0	8.981	0.46427063	0.0	0.0	0.9316493313521546	0.008915304606240713	0.9977761304670126	0.439915639451064	14.0	-4.809500193889161	57	0	0	0	1	1.0	0	0.0	1.064
MITHRIL.22404	1.0	8.981	0.46427063	0.0	0.0	0.9316493313521546	0.04903417533432392	0.9977761304670126	0.439915639451064	14.0	-2.3500685752518637	57	0	0	0	1	1.0	0	0.0	1.064
MITHRIL.22405	1.0	5.047	0.45132476	0.0	0.09999999999999964	0.9406087602078693	0.011135857461024499	0.9985174203113417	0.40996773441936585	14.0	-4.4886435398537845	56	0	0	0	1	1.0	0	0.0	0.637
MITHRIL.22406	1.0	5.047	0.45132476	0.0	1.0999999999999996	0.9406087602078693	0.014105419450631032	0.9985174203113417	0.40996773441936585	14.0	-4.147606622018718	56	0	0	0	1	1.0	0	0.0	0.637
MITHRIL.22407	1.0	5.047	0.45132476	0.0	0.09999999999999964	0.9406087602078693	0.03414996288047513	0.9985174203113417	0.40996773441936585	14.0	-2.87197217940529	56	0	0	0	1	1.0	0	0.0	0.637
MITHRIL.22408	1.0	3.932	0.43605528	0.02898550724637683	4.300000000000001	0.9086181277860327	0.043833580980683504	0.9977761304670126	0.5579871569349327	14.0	-2.511819645248476	55	0	0	1	0	0.024052478134110787	1	1.0	0.225
MITHRIL.22409	1.0	3.932	0.43605528	0.02898550724637683	4.6000000000000005	0.9086181277860327	0.005200594353640416	0.9977761304670126	0.5579871569349327	14.0	-5.587107772552713	55	0	0	1	0	0.024052478134110787	1	1.0	0.225
MITHRIL.22410	1.0	3.932	0.43605528	0.02898550724637683	3.8000000000000007	0.9086181277860327	0.04234769687964339	0.9977761304670126	0.5579871569349327	14.0	-2.5615726804455754	55	0	0	1	0	0.024052478134110787	1	1.0	0.225
MITHRIL.22411	1.0	4.791	0.41852254	0.02898550724637683	6.6000000000000005	0.8387815750371471	0.03789004457652303	0.9977761304670126	0.8088410094014672	9.0	-2.7220373526388215	54	0	0	1	0	0.009475218658892129	2	2.0	0.572
MITHRIL.22412	1.0	4.791	0.41852254	0.02898550724637683	6.6000000000000005	0.8387815750371471	0.008172362555720654	0.9977761304670126	0.8088410094014672	9.0	-4.935031075973019	54	0	0	1	0	0.009475218658892129	2	2.0	0.572
MITHRIL.22413	1.0	4.791	0.41852254	0.02898550724637683	6.6000000000000005	0.8387815750371471	0.1151560178306092	0.9977761304670126	0.8088410094014672	9.0	-1.1183382893360796	54	0	0	1	0	0.009475218658892129	2	2.0	0.572
MITHRIL.22414	0.628	0.156	0.40249864	0.02898550724637683	3.7	0.7783543365455893	0.029651593773165306	1.0	0.9433832296857964	3.0	-3.074676686294496	53	0	0	1	0	0.01309090909090909	3	3.0	0.521
MITHRIL.22415	0.628	0.156	0.40249864	0.02898550724637683	3.6000000000000005	0.7783543365455893	0.009636767976278725	1.0	0.9433832296857964	3.0	-4.696165063040766	53	0	0	1	0	0.01309090909090909	3	3.0	0.521
MITHRIL.22416	0.628	0.156	0.40249864	0.0	-0.7999999999999989	0.7783543365455893	0.1816160118606375	1.0	0.9433832296857964	3.0	-0.4599668421792879	53	0	0	1	0	0.01309090909090909	3	3.0	0.521
MITHRIL.22417	0.661	0.702	0.38599191	0.02898550724637683	2.7	0.7561156412157154	0.03558191252779837	1.0	0.9902336222264503	5.0	-2.8127121322271114	52	0	0	1	0	0.01309090909090909	4	4.0	0.383
MITHRIL.22418	0.661	0.702	0.38599191	0.02898550724637683	3.2	0.7561156412157154	0.006671608598962194	1.0	0.9902336222264503	5.0	-5.227749631505955	52	0	0	1	0	0.01309090909090909	4	4.0	0.383
MITHRIL.22419	0.661	0.702	0.38599191	0.0	-1.0	0.7561156412157154	0.2016308376575241	1.0	0.9902336222264503	5.0	-0.3102117916979281	52	0	0	1	0	0.01309090909090909	4	4.0	0.383
MITHRIL.22420	0.913	5.9	0.37280464	0.02898550724637683	2.5	0.8176426982950333	0.014825796886582653	1.0	0.7927607361490754	16.0	-4.075746538060906	51	0	0	1	0	0.0007272727272727272	5	5.0	0.409
MITHRIL.22421	0.913	5.9	0.37280464	0.02898550724637683	2.4000000000000004	0.8176426982950333	0.005189028910303929	1.0	0.7927607361490754	16.0	-5.590319710890664	51	0	0	1	0	0.0007272727272727272	5	5.0	0.409
MITHRIL.22422	0.913	5.9	0.37280464	0.02898550724637683	2.3000000000000007	0.8176426982950333	0.16234247590808007	1.0	0.7927607361490754	16.0	-0.6228875733470941	51	0	0	1	0	0.0007272727272727272	5	5.0	0.409
MITHRIL.22423	0.0	-3.325	0.35952683	0.0	0.20000000000000107	0.02967359050445104	0.49258160237388726	0.9992587101556709	1.601012037502662	2.0	0.9784346501650664	49	1	0	0	0	1.0	6	6.0	0.311
MITHRIL.22424	0.0	-3.325	0.35952683	0.0	-0.09999999999999964	0.02967359050445104	0.15875370919881307	0.9992587101556709	1.601012037502662	2.0	-0.6551377947807114	49	1	0	0	0	1.0	6	6.0	0.311
MITHRIL.22425	0.0	-3.325	0.35952683	0.0	0.0	0.02967359050445104	0.3189910979228487	0.9992587101556709	1.601012037502662	2.0	0.35158806840760193	49	1	0	0	0	1.0	6	6.0	0.311
MITHRIL.22426	0.0	-0.563	0.34808981	0.0	0.0	0.14899925871015568	0.10971089696071164	1.0	1.3219149194214566	5.0	-1.1882212673193178	48	1	0	0	0	1.0	7	5.0	0.964
MITHRIL.22427	0.0	-0.563	0.34808981	0.0	0.0	0.14899925871015568	0.04447739065974796	1.0	1.3219149194214566	5.0	-2.490784037339749	48	1	0	0	0	1.0	7	5.0	0.964
MITHRIL.22428	0.0	-0.563	0.34808981	0.0	0.0	0.14899925871015568	0.6968124536693847	1.0	1.3219149194214566	5.0	1.4788423136167321	48	1	0	0	0	1.0	7	5.0	0.964
MITHRIL.22429	0.0	-1.712	0.34401593	0.0	0.0	0.5315048183839881	0.16382505559673832	1.0	1.7302533468670511	5.0	-0.609772073556836	47	1	0	0	0	1.0	8	4.0	1.085
MITHRIL.22430	0.0	-1.712	0.34401593	0.0	0.0	0.5315048183839881	0.12157153446997776	1.0	1.7302533468670511	5.0	-1.0401226283301839	47	1	0	0	0	1.0	8	4.0	1.085
MITHRIL.22431	0.0	-1.712	0.34401593	0.0	0.0	0.5315048183839881	0.18309859154929578	1.0	1.7302533468670511	5.0	-0.4493074013635899	47	1	0	0	0	1.0	8	4.0	1.085
MITHRIL.22432	0.0	-0.558	0.34308045	0.0	-0.5999999999999996	0.3906597479614529	0.0793180133432172	1.0	1.6965448957729896	5.0	-1.6562076465471207	46	0	0	1	0	0.5621818181818182	7	3.0	0.47
MITHRIL.22433	0.0	-0.558	0.34308045	0.0	0.0	0.3906597479614529	0.11045218680504076	1.0	1.6965448957729896	5.0	-1.178506112486106	46	0	0	1	0	0.5621818181818182	7	3.0	0.47
MITHRIL.22434	0.0	-0.558	0.34308045	0.0	-0.40000000000000036	0.3906597479614529	0.4195700518902891	1.0	1.6965448957729896	5.0	0.7469836098836148	46	0	0	1	0	0.5621818181818182	7	3.0	0.47
MITHRIL.22435	0.0	-0.291	0.34377452	0.0	4.6000000000000005	0.3291233283803863	0.48588410104011887	0.9977761304670126	1.6012688584450276	4.0	0.9586841308877655	45	0	0	1	0	0.06851311953352769	6	2.0	0.593
MITHRIL.22436	0.0	-0.291	0.34377452	0.02898550724637683	3.2	0.3291233283803863	0.029717682020802376	0.9977761304670126	1.6012688584450276	4.0	-3.072534599722955	45	0	0	1	0	0.06851311953352769	6	2.0	0.593
MITHRIL.22437	0.0	-0.291	0.34377452	0.02898550724637683	3.2	0.3291233283803863	0.15527488855869243	0.9977761304670126	1.6012688584450276	4.0	-0.6871035625294343	45	0	0	1	0	0.06851311953352769	6	2.0	0.593
MITHRIL.22438	0.0	-0.836	0.34652061	0.02898550724637683	3.9000000000000004	0.46849518161601184	0.17197924388435878	1.0	1.6223530349517272	5.0	-0.5396936378206955	44	0	0	1	0	0.06545454545454546	5	1.0	0.697
MITHRIL.22439	0.0	-0.836	0.34652061	0.02898550724637683	4.300000000000001	0.46849518161601184	0.028169014084507043	1.0	1.6223530349517272	5.0	-3.1497471195046822	44	0	0	1	0	0.06545454545454546	5	1.0	0.697
MITHRIL.22440	0.0	-0.836	0.34652061	0.0	0.0	0.46849518161601184	0.3313565604151223	1.0	1.6223530349517272	5.0	0.4064563882350501	44	0	0	1	0	0.06545454545454546	5	1.0	0.697
MITHRIL.22441	0.997	3.307	0.35171103	0.02898550724637683	3.8000000000000007	0.8858413639733136	0.029651593773165306	1.0	0.6476939304926403	5.0	-3.0757465380609053	43	0	0	1	0	0.019636363636363636	4	2.0	0.389
MITHRIL.22442	0.997	3.307	0.35171103	0.0	0.8000000000000007	0.8858413639733136	0.07561156412157154	1.0	0.6476939304926403	5.0	-1.7252492909767718	43	0	0	1	0	0.019636363636363636	4	2.0	0.389
MITHRIL.22443	0.997	3.307	0.35171103	0.02898550724637683	3.9000000000000004	0.8858413639733136	0.008895478131949592	1.0	0.6476939304926403	5.0	-4.812712132227111	43	0	0	1	0	0.019636363636363636	4	2.0	0.389
MITHRIL.22444	0.997	0.611	0.3553926	0.0	2.3000000000000007	0.816160118606375	0.18309859154929578	1.0	0.6953692705496083	8.0	-0.4493074013635899	42	0	0	1	0	0.0036363636363636364	3	3.0	0.291
MITHRIL.22445	0.997	0.611	0.3553926	0.02898550724637683	4.0	0.816160118606375	0.0	1.0	0.6953692705496083	8.0	-44.50699332842307	42	0	0	1	0	0.0036363636363636364	3	3.0	0.291
MITHRIL.22446	0.997	0.611	0.3553926	0.02898550724637683	6.6000000000000005	0.816160118606375	0.0007412898443291327	1.0	0.6953692705496083	8.0	-8.397674632948268	42	0	0	1	0	0.0036363636363636364	3	3.0	0.291
MITHRIL.22447	1.0	4.707	0.35973807	0.0	2.8000000000000007	0.7257227575982209	0.09859154929577464	1.0	1.2633370601685112	5.0	-1.342392197447078	41	0	0	1	0	0.007272727272727273	2	2.0	0.394
MITHRIL.22448	1.0	4.707	0.35973807	0.02898550724637683	2.6000000000000005	0.7257227575982209	0.05485544848035582	1.0	1.2633370601685112	5.0	-2.1882212673193178	41	0	0	1	0	0.007272727272727273	2	2.0	0.394
MITHRIL.22449	1.0	4.707	0.35973807	0.02898550724637683	2.3000000000000007	0.7257227575982209	0.12083024462564863	1.0	1.2633370601685112	5.0	-1.04894647871719	41	0	0	1	0	0.007272727272727273	2	2.0	0.394
MITHRIL.22450	1.0	4.888	0.36420424	0.0	0.5999999999999996	0.9873980726464048	0.0029651593773165306	1.0	0.1171014347290984	14.0	-6.397674632948267	40	0	0	0	1	1.0	1	1.0	0.403
MITHRIL.22451	1.0	4.888	0.36420424	0.0	0.0	0.9873980726464048	0.005189028910303929	1.0	0.1171014347290984	14.0	-5.590319710890664	40	0	0	0	1	1.0	1	1.0	0.403
MITHRIL.22452	1.0	4.888	0.36420424	0.0	0.40000000000000036	0.9873980726464048	0.004447739065974796	1.0	0.1171014347290984	14.0	-5.812712132227111	40	0	0	0	1	1.0	1	1.0	0.403
MITHRIL.22453	1.0	7.73	0.36716157	0.0	0.0	1.0	0.0	1.0	-1.601713251907458e-15	27.0	-44.50699332842307	39	0	0	0	1	1.0	0	0.0	0.44
MITHRIL.22454	1.0	7.73	0.36716157	0.0	0.0	1.0	0.0	1.0	-1.601713251907458e-15	27.0	-44.50699332842307	39	0	0	0	1	1.0	0	0.0	0.44
MITHRIL.22455	1.0	7.73	0.36716157	0.0	0.0	1.0	0.0	1.0	-1.601713251907458e-15	27.0	-44.50699332842307	39	0	0	0	1	1.0	0	0.0	0.44
MITHRIL.22456	1.0	7.73	0.36909288	0.0	0.0	1.0	0.0	1.0	-1.601713251907458e-15	27.0	-44.50699332842307	38	0	0	0	1	1.0	1	1.0	0.047
MITHRIL.22457	1.0	7.73	0.36909288	0.0	0.0	1.0	0.0	1.0	-1.601713251907458e-15	27.0	-44.50699332842307	38	0	0	0	1	1.0	1	1.0	0.047
MITHRIL.22458	1.0	7.73	0.36909288	0.0	0.0	1.0	0.0	1.0	-1.601713251907458e-15	27.0	-44.50699332842307	38	0	0	0	1	1.0	1	1.0	0.047
MITHRIL.22459	1.0	5.895	0.37144668	0.0	0.0	1.0	0.0	1.0	-1.601713251907458e-15	27.0	-44.50699332842307	37	0	0	0	1	1.0	2	2.0	0.044
MITHRIL.22460	1.0	5.895	0.37144668	0.0	0.0	1.0	0.0	1.0	-1.601713251907458e-15	27.0	-44.50699332842307	37	0	0	0	1	1.0	2	2.0	0.044
MITHRIL.22461	1.0	5.895	0.37144668	0.0	0.0	1.0	0.0	1.0	-1.601713251907458e-15	27.0	-44.50699332842307	37	0	0	0	1	1.0	2	2.0	0.044
MITHRIL.22462	1.0	8.981	0.37377029	0.0	0.0	1.0	0.0	1.0	-1.601713251907458e-15	27.0	-44.50699332842307	36	0	0	0	1	1.0	2	2.0	0.319
MITHRIL.22463	1.0	8.981	0.37377029	0.0	0.0	1.0	0.0	1.0	-1.601713251907458e-15	27.0	-44.50699332842307	36	0	0	0	1	1.0	2	2.0	0.319
MITHRIL.22464	1.0	8.981	0.37377029	0.0	0.0	1.0	0.0	1.0	-1.601713251907458e-15	27.0	-44.50699332842307	36	0	0	0	1	1.0	2	2.0	0.319
MITHRIL.22465	1.0	8.981	0.37775364	0.0	0.0	1.0	0.0	1.0	-1.601713251907458e-15	27.0	-44.50699332842307	35	0	0	0	1	1.0	1	1.0	0.615
MITHRIL.22466	1.0	8.981	0.37775364	0.0	0.0	1.0	0.0	1.0	-1.601713251907458e-15	27.0	-44.50699332842307	35	0	0	0	1	1.0	1	1.0	0.615
MITHRIL.22467	1.0	8.981	0.37775364	0.0	0.0	1.0	0.0	1.0	-1.601713251907458e-15	27.0	-44.50699332842307	35	0	0	0	1	1.0	1	1.0	0.615
MITHRIL.22468	1.0	9.631	0.37699922	0.0	0.0	0.8243143068939955	0.17494440326167532	1.0	0.6774624516896013	14.0	-0.5150315835864263	34	0	0	0	1	1.0	0	0.0	0.546
MITHRIL.22469	1.0	9.631	0.37699922	0.0	-1.4000000000000004	0.8243143068939955	0.0007412898443291327	1.0	0.6774624516896013	14.0	-8.397674632948268	34	0	0	0	1	1.0	0	0.0	0.546
MITHRIL.22470	1.0	9.631	0.37699922	0.0	0.0	0.8243143068939955	0.0	1.0	0.6774624516896013	14.0	-44.50699332842307	34	0	0	0	1	1.0	0	0.0	0.546
MITHRIL.22471	1.0	3.797	0.37663709	0.02898550724637683	3.8000000000000007	0.7384843982169391	0.1575037147102526	0.9977761304670126	1.166388573374232	14.0	-0.6665422400471179	33	0	0	1	0	0.007288629737609329	1	1.0	0.376
MITHRIL.22472	1.0	3.797	0.37663709	0.02898550724637683	4.1000000000000005	0.7384843982169391	0.02526002971768202	0.9977761304670126	1.166388573374232	14.0	-3.3069998533599776	33	0	0	1	0	0.007288629737609329	1	1.0	0.376
MITHRIL.22473	1.0	3.797	0.37663709	0.02898550724637683	3.3000000000000007	0.7384843982169391	0.0787518573551263	0.9977761304670126	1.166388573374232	14.0	-1.666542240047118	33	0	0	1	0	0.007288629737609329	1	1.0	0.376
MITHRIL.22474	1.0	7.622	0.37482648	0.02898550724637683	6.6000000000000005	0.8895478131949592	0.0029651593773165306	1.0	0.520973931208291	14.0	-6.397674632948267	32	0	0	1	0	0.0036363636363636364	2	2.0	0.432
MITHRIL.22475	1.0	7.622	0.37482648	0.02898550724637683	6.6000000000000005	0.8895478131949592	0.0	1.0	0.520973931208291	14.0	-44.50699332842307	32	0	0	1	0	0.0036363636363636364	2	2.0	0.432
MITHRIL.22476	1.0	7.622	0.37482648	0.02898550724637683	6.6000000000000005	0.8895478131949592	0.10748702742772424	1.0	0.520973931208291	14.0	-1.217765542933333	32	0	0	1	0	0.0036363636363636364	2	2.0	0.432
MITHRIL.22477	1.0	7.155	0.37168809	0.02898550724637683	3.9000000000000004	0.9503335804299481	0.012601927353595256	1.0	0.35726944538175964	14.0	-4.310211791697928	31	0	0	1	0	0.019636363636363636	1	1.0	0.517
MITHRIL.22478	1.0	7.155	0.37168809	0.02898550724637683	4.0	0.9503335804299481	0.026686434395848776	1.0	0.35726944538175964	14.0	-3.2277496315059553	31	0	0	1	0	0.019636363636363636	1	1.0	0.517
MITHRIL.22479	1.0	7.155	0.37168809	0.02898550724637683	4.9	0.9503335804299481	0.010378057820607857	1.0	0.35726944538175964	14.0	-4.590319710890664	31	0	0	1	0	0.019636363636363636	1	1.0	0.517
MITHRIL.22480	0.001	-0.083	0.37042067	0.02898550724637683	1.700000000000001	0.5833951074870274	0.034840622683469234	1.0	1.4780249979632818	4.0	-2.8430857812706303	30	0	0	1	0	0.06327272727272727	0	0.0	0.376
MITHRIL.22481	0.001	-0.083	0.37042067	0.0	-2.4000000000000004	0.5833951074870274	0.27575982209043737	1.0	1.4780249979632818	4.0	0.14148417815976386	30	0	0	1	0	0.06327272727272727	0	0.0	0.376
MITHRIL.22482	0.001	-0.083	0.37042067	0.02898550724637683	4.300000000000001	0.5833951074870274	0.10600444773906598	1.0	1.4780249979632818	4.0	-1.2378032961698782	30	0	0	1	0	0.06327272727272727	0	0.0	0.376
MITHRIL.22483	0.0	-1.403	0.368942	0.02898550724637683	3.3000000000000007	0.5633802816901409	0.16901408450704225	1.0	1.5387113152032095	5.0	-0.5647846187835259	29	0	0	1	0	0.07054545454545455	1	1.0	0.455
MITHRIL.22484	0.0	-1.403	0.368942	0.02898550724637683	3.3000000000000007	0.5633802816901409	0.028169014084507043	1.0	1.5387113152032095	5.0	-3.1497471195046822	29	0	0	1	0	0.07054545454545455	1	1.0	0.455
MITHRIL.22485	0.0	-1.403	0.368942	0.02898550724637683	3.4000000000000004	0.5633802816901409	0.23943661971830985	1.0	1.5387113152032095	5.0	-0.06228427825434273	29	0	0	1	0	0.07054545454545455	1	1.0	0.455
MITHRIL.22486	0.0	-2.12	0.36728227	0.0	0.0	0.248	0.528	0.18532246108228317	0.7643699420464372	2.0	1.0786098346963664	28	0	0	1	0	0.45692883895131087	2	2.0	0.47
MITHRIL.22487	0.0	-2.12	0.36728227	0.0	-0.1999999999999993	0.248	0.108	0.18532246108228317	0.7643699420464372	2.0	-1.2108967824986185	28	0	0	1	0	0.45692883895131087	2	2.0	0.47
MITHRIL.22488	0.0	-2.12	0.36728227	0.0	0.0	0.248	0.116	0.18532246108228317	0.7643699420464372	2.0	-1.107803289534515	28	0	0	1	0	0.45692883895131087	2	2.0	0.47
MITHRIL.22489	0.0	-1.624	0.36909288	0.02898550724637683	1.0999999999999996	0.6301267710663684	0.04399701715137957	0.994069681245367	1.2303908758474442	5.0	-2.5053742359832936	27	1	0	0	0	0.6669106881405563	3	3.0	1.354
MITHRIL.22490	0.0	-1.624	0.36909288	0.02898550724637683	1.3000000000000007	0.6301267710663684	0.014168530947054437	0.994069681245367	1.2303908758474442	5.0	-4.1400897719015495	27	1	0	0	0	0.6669106881405563	3	3.0	1.354
MITHRIL.22491	0.0	-1.624	0.36909288	0.0	-0.9000000000000004	0.6301267710663684	0.31096196868008946	0.994069681245367	1.2303908758474442	5.0	0.31588628809952896	27	1	0	0	0	0.6669106881405563	3	3.0	1.354
MITHRIL.22492	0.436	1.267	0.37594303	0.05797101449275366	3.8000000000000007	0.17090069284064666	0.426481909160893	0.9629355077835434	1.6497095198882021	5.0	0.7705564506013073	26	0	0	1	0	0.01509433962264151	4	4.0	0.449
MITHRIL.22493	0.436	1.267	0.37594303	0.05797101449275366	3.8000000000000007	0.17090069284064666	0.36797536566589684	0.9629355077835434	1.6497095198882021	5.0	0.5576810925328675	26	0	0	1	0	0.01509433962264151	4	4.0	0.449
MITHRIL.22494	0.436	1.267	0.37594303	0.08695652173913049	3.0	0.17090069284064666	0.03464203233256351	0.9629355077835434	1.6497095198882021	5.0	-2.8513326191182067	26	0	0	1	0	0.01509433962264151	4	4.0	0.449
MITHRIL.22495	0.773	3.559	0.38294405	0.02898550724637683	4.4	0.17832436587240585	0.765564950038432	0.9644180874722016	1.02251049270296	2.0	1.6145966853502856	25	0	0	1	0	0.015825169555388093	5	5.0	0.16
MITHRIL.22496	0.773	3.559	0.38294405	0.02898550724637683	4.4	0.17832436587240585	0.009223674096848577	0.9644180874722016	1.02251049270296	2.0	-4.760442745996639	25	0	0	1	0	0.015825169555388093	5	5.0	0.16
MITHRIL.22497	0.773	3.559	0.38294405	0.02898550724637683	4.4	0.17832436587240585	0.04688700999231361	0.9644180874722016	1.02251049270296	2.0	-2.4146679091549093	25	0	0	1	0	0.015825169555388093	5	5.0	0.16
MITHRIL.22498	0.742	1.638	0.39326453	0.08695652173913049	4.2	0.3151421983089931	0.6548808608762491	0.9644180874722016	1.117507742277039	2.0	1.389304373508043	24	0	0	1	0	0.015825169555388093	6	6.0	0.343
MITHRIL.22499	0.742	1.638	0.39326453	0.0	-0.29999999999999893	0.3151421983089931	0.013835511145272867	0.9644180874722016	1.117507742277039	2.0	-4.175480245275483	24	0	0	1	0	0.015825169555388093	6	6.0	0.343
MITHRIL.22500	0.742	1.638	0.39326453	0.08695652173913049	1.5999999999999996	0.3151421983089931	0.01614142966948501	0.9644180874722016	1.117507742277039	2.0	-3.9530878239390352	24	0	0	1	0	0.015825169555388093	6	6.0	0.343
MITHRIL.22501	0.016	0.128	0.40636128	0.0	0.0	0.006917755572636433	0.22444273635664874	0.9644180874722016	1.0648370170206494	2.0	-0.1555806878377781	23	0	0	1	0	0.5056518462697814	7	7.0	0.269
MITHRIL.22502	0.016	0.128	0.40636128	0.0	-1.1999999999999993	0.006917755572636433	0.03996925441967717	0.9644180874722016	1.0648370170206494	2.0	-2.6449655285767033	23	0	0	1	0	0.5056518462697814	7	7.0	0.269
MITHRIL.22503	0.016	0.128	0.40636128	0.0	-1.1999999999999993	0.006917755572636433	0.7286702536510377	0.9644180874722016	1.0648370170206494	2.0	1.5433380021804637	23	0	0	1	0	0.5056518462697814	7	7.0	0.269
MITHRIL.22504	0.069	0.648	0.41906573	0.0	0.0	0.036393713813068655	0.228287841191067	0.8962194217939214	1.2958225486261306	2.0	-0.13107407247095457	17	0	0	0	1	1.0	8	8.0	1.966
MITHRIL.22505	0.069	0.648	0.41906573	0.0	0.0	0.036393713813068655	0.674937965260546	0.8962194217939214	1.2958225486261306	2.0	1.4328268127223722	17	0	0	0	1	1.0	8	8.0	1.966
MITHRIL.22506	0.069	0.648	0.41906573	0.0	0.0	0.036393713813068655	0.060380479735318446	0.8962194217939214	1.2958225486261306	2.0	-2.0497739703691065	17	0	0	0	1	1.0	8	8.0	1.966
MITHRIL.22507	1.0	5.901	0.43177017	0.0	0.0	0.7649769585253456	0.12135176651305683	0.9651593773165308	1.110488269294445	5.0	-1.0427329849885325	16	0	0	0	1	1.0	9	9.0	1.567
MITHRIL.22508	1.0	5.901	0.43177017	0.0	0.0	0.7649769585253456	0.020737327188940093	0.9651593773165308	1.110488269294445	5.0	-3.591626231002167	16	0	0	0	1	1.0	9	9.0	1.567
MITHRIL.22509	1.0	5.901	0.43177017	0.0	0.0	0.7649769585253456	0.09293394777265745	0.9651593773165308	1.110488269294445	5.0	-1.427650495891041	16	0	0	0	1	1.0	9	9.0	1.567
MITHRIL.22510	1.0	5.9	0.44405215	0.0	0.0	0.29257314328582146	0.43135783945986494	0.9881393624907339	1.8180116598873117	2.0	0.7869570807427644	15	0	0	0	1	1.0	10	10.0	0.654
MITHRIL.22511	1.0	5.9	0.44405215	0.0	0.0	0.29257314328582146	0.11027756939234809	0.9881393624907339	1.8180116598873117	2.0	-1.1807887202526086	15	0	0	0	1	1.0	10	10.0	0.654
MITHRIL.22512	1.0	5.9	0.44405215	0.0	0.0	0.29257314328582146	0.16579144786196548	0.9881393624907339	1.8180116598873117	2.0	-0.5925585056975416	15	0	0	0	1	1.0	10	10.0	0.654
MITHRIL.22513	0.0	-0.907	0.4568773	0.0	0.0	0.2751677852348993	0.20283370618941088	0.994069681245367	1.5500679425836073	2.0	-0.30163068065413456	14	0	0	0	1	1.0	11	10.0	0.615
MITHRIL.22514	0.0	-0.907	0.4568773	0.0	0.0	0.2751677852348993	0.5100671140939598	0.994069681245367	1.5500679425836073	2.0	1.028758992981424	14	0	0	0	1	1.0	11	10.0	0.615
MITHRIL.22515	0.0	-0.907	0.4568773	0.0	0.0	0.2751677852348993	0.011931394481730051	0.994069681245367	1.5500679425836073	2.0	-4.389093521904474	14	0	0	0	1	1.0	11	10.0	0.615
MITHRIL.22516	0.0	-0.689	0.47284085	0.0	0.0	0.20014825796886582	0.09488510007412898	1.0	1.170144511337969	5.0	-1.3976746329482677	13	0	0	0	1	1.0	12	9.0	0.585
MITHRIL.22517	0.0	-0.689	0.47284085	0.0	0.0	0.20014825796886582	0.0029651593773165306	1.0	1.170144511337969	5.0	-6.397674632948267	13	0	0	0	1	1.0	12	9.0	0.585
MITHRIL.22518	0.0	-0.689	0.47284085	0.0	0.0	0.20014825796886582	0.7020014825796886	1.0	1.170144511337969	5.0	1.4895459825201174	13	0	0	0	1	1.0	12	9.0	0.585
MITHRIL.22519	0.893	2.093	0.48847245	0.0	0.20000000000000107	0.5350269438029254	0.2617397998460354	0.9629355077835434	1.5100216531104083	2.0	0.06620522068982063	12	0	0	1	0	0.5064150943396226	13	8.0	0.391
MITHRIL.22520	0.893	2.093	0.48847245	0.0	0.20000000000000107	0.5350269438029254	0.010007698229407237	0.9629355077835434	1.5100216531104083	2.0	-4.642745997306789	12	0	0	1	0	0.5064150943396226	13	8.0	0.391
MITHRIL.22521	0.893	2.093	0.48847245	0.0	0.0	0.5350269438029254	0.19322555812163203	0.9629355077835434	1.5100216531104083	2.0	-0.37164216149710905	12	0	0	1	0	0.5064150943396226	13	8.0	0.391
MITHRIL.22522	1.0	4.456	0.5	0.02898550724637683	0.5999999999999996	0.3151421983089931	0.009223674096848577	0.9644180874722016	1.0834780083450242	2.0	-4.760442745996639	11	0	0	1	0	0.015825169555388093	14	7.0	0.179
MITHRIL.22523	1.0	4.456	0.5	0.08695652173913049	1.3000000000000007	0.3151421983089931	0.014604150653343582	0.9644180874722016	1.0834780083450242	2.0	-4.09747773327421	11	0	0	1	0	0.015825169555388093	14	7.0	0.179
MITHRIL.22524	1.0	4.456	0.5	0.02898550724637683	1.5	0.3151421983089931	0.6610299769408148	0.9644180874722016	1.0834780083450242	2.0	1.402787602871665	11	0	0	1	0	0.015825169555388093	14	7.0	0.179
MITHRIL.22525	1.0	2.698	0.51213109	0.02898550724637683	4.0	0.1813989239046887	0.05149884704073789	0.9644180874722016	1.0316790363987263	2.0	-2.279316056260023	10	0	0	1	0	0.014318010550113038	15	6.0	0.048
MITHRIL.22526	1.0	2.698	0.51213109	0.0	0.40000000000000036	0.1813989239046887	0.006917755572636433	0.9644180874722016	1.0316790363987263	2.0	-5.175480245275483	10	0	0	1	0	0.014318010550113038	15	6.0	0.048
MITHRIL.22527	1.0	2.698	0.51213109	0.05797101449275366	1.0	0.1813989239046887	0.760184473481937	0.9644180874722016	1.0316790363987263	2.0	1.6044214640413155	10	0	0	1	0	0.014318010550113038	15	6.0	0.048
MITHRIL.22528	1.0	2.814	0.52042972	0.0	2.0999999999999996	0.1652574942352037	0.04073789392774789	0.9644180874722016	1.6375009459236505	2.0	-2.6174847921545963	9	0	0	1	0	0.016578749058025623	16	5.0	0.231
MITHRIL.22529	1.0	2.814	0.52042972	0.08695652173913049	4.5	0.1652574942352037	0.4873174481168332	0.9644180874722016	1.6375009459236505	2.0	0.9629337834216118	9	0	0	1	0	0.016578749058025623	16	5.0	0.231
MITHRIL.22530	1.0	2.814	0.52042972	0.02898550724637683	5.5	0.1652574942352037	0.3066871637202152	0.9644180874722016	1.6375009459236505	2.0	0.2948396895045503	9	0	0	1	0	0.016578749058025623	16	5.0	0.231
MITHRIL.22531	0.95	0.252	0.52589173	0.02898550724637683	-0.09999999999999964	0.6331316187594553	0.06732223903177005	0.9799851742031134	1.254984982181321	2.0	-1.8927730305412938	7	1	0	0	0	1.0	17	4.0	0.26
MITHRIL.22532	0.95	0.252	0.52589173	0.0	-2.5999999999999996	0.6331316187594553	0.007564296520423601	0.9799851742031134	1.254984982181321	2.0	-5.046578366620329	7	1	0	0	0	1.0	17	4.0	0.26
MITHRIL.22533	0.95	0.252	0.52589173	0.02898550724637683	-0.29999999999999893	0.6331316187594553	0.291981845688351	0.9799851742031134	1.254984982181321	2.0	0.22395057576038885	7	1	0	0	0	1.0	17	4.0	0.26
MITHRIL.22534	1.0	5.882	0.53041825	0.02898550724637683	2.6000000000000005	0.7858736059479554	0.14869888475836432	0.9970348406226834	0.9742420513408764	10.0	-0.7495342676692617	6	0	1	0	0	0.028446389496717725	18	5.0	0.501
MITHRIL.22535	1.0	5.882	0.53041825	0.02898550724637683	2.7	0.7858736059479554	0.007434944237918215	0.9970348406226834	0.9742420513408764	10.0	-5.071462362556624	6	0	1	0	0	0.028446389496717725	18	5.0	0.501
MITHRIL.22536	1.0	5.882	0.53041825	0.02898550724637683	2.8000000000000007	0.7858736059479554	0.05799256505576208	0.9970348406226834	0.9742420513408764	10.0	-2.107988238581738	6	0	1	0	0	0.028446389496717725	18	5.0	0.501
MITHRIL.22537	1.0	1.5	0.53560867	0.02898550724637683	3.8000000000000007	0.849925705794948	0.0676077265973254	0.9977761304670126	0.8095119730351086	9.0	-1.886668054411621	5	0	1	0	0	0.008746355685131196	19	6.0	0.506
MITHRIL.22538	1.0	1.5	0.53560867	0.0	0.3000000000000007	0.849925705794948	0.07057949479940565	0.9977761304670126	0.8095119730351086	9.0	-1.8246070862793693	5	0	1	0	0	0.008746355685131196	19	6.0	0.506
MITHRIL.22539	1.0	1.5	0.53560867	0.02898550724637683	4.2	0.849925705794948	0.01188707280832095	0.9977761304670126	0.8095119730351086	9.0	-4.394462694610318	5	0	1	0	0	0.008746355685131196	19	6.0	0.506
MITHRIL.22540	1.0	1.236	0.54037661	0.02898550724637683	3.3000000000000007	0.8819599109131403	0.03192279138827023	0.9985174203113417	0.6429232611915173	8.0	-2.9692693807602053	4	0	1	0	0	0.008011653313911144	20	7.0	0.468
MITHRIL.22541	1.0	1.236	0.54037661	0.0	-0.09999999999999964	0.8819599109131403	0.08314773570898293	0.9985174203113417	0.6429232611915173	8.0	-1.588179213404699	4	0	1	0	0	0.008011653313911144	20	7.0	0.468
MITHRIL.22542	1.0	1.236	0.54037661	0.02898550724637683	3.7	0.8819599109131403	0.002969561989606533	0.9985174203113417	0.6429232611915173	8.0	-6.395534135462303	4	0	1	0	0	0.008011653313911144	20	7.0	0.468
MITHRIL.22543	1.0	4.897	0.54484278	0.02898550724637683	3.3000000000000007	0.7371937639198218	0.15664439495174462	0.9985174203113417	1.1735368243080586	11.0	-0.674434946755118	3	0	1	0	0	0.01529497450837582	21	8.0	0.437
MITHRIL.22544	1.0	4.897	0.54484278	0.0	-0.09999999999999964	0.7371937639198218	0.07943578322197475	0.9985174203113417	1.1735368243080586	11.0	-1.6540671490611563	3	0	1	0	0	0.01529497450837582	21	8.0	0.437
MITHRIL.22545	1.0	4.897	0.54484278	0.02898550724637683	3.7	0.7371937639198218	0.026726057906458798	0.9985174203113417	1.1735368243080586	11.0	-3.2256091340199906	3	0	1	0	0	0.01529497450837582	21	8.0	0.437
MITHRIL.22546	1.0	2.117	0.5517231	0.02898550724637683	3.3000000000000007	0.07349665924276169	0.12620638455827765	0.9985174203113417	1.0910571704914118	7.0	-0.9861431993246014	2	0	1	0	0	0.003641660597232338	22	9.0	0.293
MITHRIL.22547	1.0	2.117	0.5517231	0.0	-0.09999999999999964	0.07349665924276169	0.771343726800297	0.9985174203113417	1.0910571704914118	7.0	1.6254458034419086	2	0	1	0	0	0.003641660597232338	22	9.0	0.293
MITHRIL.22548	1.0	2.117	0.5517231	0.02898550724637683	3.7	0.07349665924276169	0.028953229398663696	0.9985174203113417	1.0910571704914118	7.0	-3.110131916600055	2	0	1	0	0	0.003641660597232338	22	9.0	0.293
MITHRIL.22549	1.0	4.906	0.55709457	0.02898550724637683	3.8000000000000007	0.8458117123795404	0.00815418828762046	1.0	0.7145985335749722	8.0	-4.93824301431097	1	0	1	0	0	0.0036363636363636364	23	10.0	0.358
MITHRIL.22550	1.0	4.906	0.55709457	0.0	0.40000000000000036	0.8458117123795404	0.13713862120088954	1.0	0.7145985335749722	8.0	-0.8662931724319555	1	0	1	0	0	0.0036363636363636364	23	10.0	0.358
MITHRIL.22551	1.0	4.906	0.55709457	0.02898550724637683	4.1000000000000005	0.8458117123795404	0.008895478131949592	1.0	0.7145985335749722	8.0	-4.812712132227111	1	0	1	0	0	0.0036363636363636364	23	10.0	0.358
MITHRIL.22552	0.0	-0.453	0.56337136	0.02898550724637683	1.5	0.25945144551519644	0.002223869532987398	1.0	0.8477556551993477	7.0	-6.812712132227111	0	0	1	0	0	0.368	24	11.0	0.47
MITHRIL.22553	0.0	-0.453	0.56337136	0.02898550724637683	1.4000000000000004	0.25945144551519644	0.0	1.0	0.8477556551993477	7.0	-44.50699332842307	0	0	1	0	0	0.368	24	11.0	0.47
MITHRIL.22554	0.0	-0.453	0.56337136	0.0	0.40000000000000036	0.25945144551519644	0.7383246849518161	1.0	0.8477556551993477	7.0	1.5623272991198134	0	0	1	0	0	0.368	24	11.0	0.47
MITHRIL.22564	0.003	0.1	0.60477398	0.02941176470588236	1.0	0.5960118168389956	0.0014771048744460858	1.0	1.0921762210420667	3.0	-7.4030120235749965	0	0	1	0	0	0.007251631617113851	8	8.0	0.47
MITHRIL.22565	0.003	0.1	0.60477398	0.0	-0.40000000000000036	0.5960118168389956	0.3847858197932053	1.0	1.0921762210420667	3.0	0.6221275387035115	0	0	1	0	0	0.007251631617113851	8	8.0	0.47
MITHRIL.22566	0.003	0.1	0.60477398	0.02941176470588236	1.0999999999999996	0.5960118168389956	0.01772525849335303	1.0	1.0921762210420667	3.0	-3.8180495228538405	0	0	1	0	0	0.007251631617113851	8	8.0	0.47
MITHRIL.22567	0.998	3.533	0.62321202	0.02941176470588236	4.199999999999999	0.8973412112259971	0.008862629246676515	1.0	0.5880244557734521	11.0	-4.8180495228538405	1	0	1	0	0	0.01015228426395939	7	7.0	0.358
MITHRIL.22568	0.998	3.533	0.62321202	0.0	0.2999999999999998	0.8973412112259971	0.07533234859675036	1.0	0.5880244557734521	11.0	-1.7305866816035012	1	0	1	0	0	0.01015228426395939	7	7.0	0.358
MITHRIL.22569	0.998	3.533	0.62321202	0.02941176470588236	3.8	0.8973412112259971	0.01846381093057607	1.0	0.5880244557734521	11.0	-3.759155833800272	1	0	1	0	0	0.01015228426395939	7	7.0	0.358
MITHRIL.22570	1.0	4.033	0.63712354	0.02941176470588236	5.5	0.7872968980797637	0.2016248153618907	1.0	0.8186725673435201	7.0	-0.3102548826551443	2	0	1	0	0	0.02030456852791878	6	6.0	0.293
MITHRIL.22571	1.0	4.033	0.63712354	0.02941176470588236	5.5	0.7872968980797637	0.0029542097488921715	1.0	0.8186725673435201	7.0	-6.4030120235749965	2	0	1	0	0	0.02030456852791878	6	6.0	0.293
MITHRIL.22572	1.0	4.033	0.63712354	0.02941176470588236	5.5	0.7872968980797637	0.00812407680945347	1.0	0.8186725673435201	7.0	-4.943580404937699	2	0	1	0	0	0.02030456852791878	6	6.0	0.293
MITHRIL.22573	0.0	-0.519	0.64898304	0.0	-0.6000000000000005	0.23872875092387288	0.7376201034737621	0.9992614475627769	0.9672685054068497	0.0	1.5609498813607234	3	0	1	0	0	0.07474600870827286	5	5.0	0.437
MITHRIL.22574	0.0	-0.519	0.64898304	0.02941176470588236	4.1	0.23872875092387288	0.015521064301552107	0.9992614475627769	0.9672685054068497	0.0	-4.0096287011977765	3	0	1	0	0	0.07474600870827286	5	5.0	0.437
MITHRIL.22575	0.0	-0.519	0.64898304	0.02941176470588236	3.6999999999999997	0.23872875092387288	0.008130081300813009	0.9992614475627769	0.9672685054068497	0.0	-4.94251450533924	3	0	1	0	0	0.07474600870827286	5	5.0	0.437
MITHRIL.22576	0.0	-0.073	0.65936387	0.02941176470588236	4.6	0.4334319526627219	0.17899408284023668	0.9985228951255539	1.6579448734485736	8.0	-0.4820161990075898	4	0	1	0	0	0.07262164124909223	4	4.0	0.468
MITHRIL.22577	0.0	-0.073	0.65936387	0.02941176470588236	4.6	0.4334319526627219	0.35502958579881655	0.9985228951255539	1.6579448734485736	8.0	0.5060111593263341	4	0	1	0	0	0.07262164124909223	4	4.0	0.468
MITHRIL.22578	0.0	-0.073	0.65936387	0.02941176470588236	4.6	0.4334319526627219	0.03254437869822485	0.9985228951255539	1.6579448734485736	8.0	-2.941447817644887	4	0	1	0	0	0.07262164124909223	4	4.0	0.468
MITHRIL.22579	0.006	0.156	0.66555012	0.02941176470588236	4.3	0.6124260355029586	0.05547337278106509	0.9985228951255539	1.5021544673475082	5.0	-2.1720607457863035	5	0	1	0	0	0.06971677559912855	3	3.0	0.506
MITHRIL.22580	0.006	0.156	0.66555012	0.0	0.0	0.6124260355029586	0.21671597633136094	0.9985228951255539	1.5021544673475082	5.0	-0.20612258185993648	5	0	1	0	0	0.06971677559912855	3	3.0	0.506
MITHRIL.22581	0.006	0.156	0.66555012	0.02941176470588236	3.9	0.6124260355029586	0.11538461538461539	0.9985228951255539	1.5021544673475082	5.0	-1.1154772174199359	5	0	1	0	0	0.06971677559912855	3	3.0	0.506
MITHRIL.22582	0.953	1.788	0.66820569	0.02941176470588236	0.7999999999999998	0.5909763313609467	0.011094674556213017	0.9985228951255539	1.1031094670012331	3.0	-4.493988840673666	6	0	1	0	0	0.005083514887436456	2	2.0	0.501
MITHRIL.22583	0.953	1.788	0.66820569	0.02941176470588236	1.0	0.5909763313609467	0.3905325443786982	0.9985228951255539	1.1031094670012331	3.0	0.6435146830762691	6	0	1	0	0	0.005083514887436456	2	2.0	0.501
MITHRIL.22584	0.953	1.788	0.66820569	0.02941176470588236	0.7999999999999998	0.5909763313609467	0.0073964497041420114	0.9985228951255539	1.1031094670012331	3.0	-5.078951341394822	6	0	1	0	0	0.005083514887436456	2	2.0	0.501
MITHRIL.22585	1.0	7.73	0.67240027	0.0	-0.2999999999999998	0.9977843426883308	0.0007385524372230429	1.0	0.026242483656970517	14.0	-8.403012023574997	7	1	0	0	0	1.0	1	1.0	0.287
MITHRIL.22586	1.0	7.73	0.67240027	0.0	0.0	0.9977843426883308	0.0007385524372230429	1.0	0.026242483656970517	14.0	-8.403012023574997	7	1	0	0	0	1.0	1	1.0	0.287
MITHRIL.22587	1.0	7.73	0.67240027	0.0	-0.2999999999999998	0.9977843426883308	0.0007385524372230429	1.0	0.026242483656970517	14.0	-8.403012023574997	7	1	0	0	0	1.0	1	1.0	0.287
MITHRIL.22588	1.0	7.176	0.67683626	0.0	0.0	0.9911373707533235	0.0	1.0	0.0768225944570776	18.0	-44.50699332842307	8	1	0	0	0	1.0	0	0.0	0.26
MITHRIL.22589	1.0	7.176	0.67683626	0.0	0.09999999999999964	0.9911373707533235	0.00812407680945347	1.0	0.0768225944570776	18.0	-4.943580404937699	8	1	0	0	0	1.0	0	0.0	0.26
MITHRIL.22590	1.0	7.176	0.67683626	0.0	0.0	0.9911373707533235	0.0007385524372230429	1.0	0.0768225944570776	18.0	-8.403012023574997	8	1	0	0	0	1.0	0	0.0	0.26
MITHRIL.22591	1.0	7.8	0.6774398	0.02941176470588236	3.6999999999999997	0.982274741506647	0.0155096011816839	1.0	0.1381054070334182	10.0	-4.010694600796237	9	0	0	1	0	0.002175489485134155	0	0.0	0.231
MITHRIL.22592	1.0	7.8	0.6774398	0.02941176470588236	3.8	0.982274741506647	0.0	1.0	0.1381054070334182	10.0	-44.50699332842307	9	0	0	1	0	0.002175489485134155	0	0.0	0.231
MITHRIL.22593	1.0	7.8	0.6774398	0.02941176470588236	3.9	0.982274741506647	0.0022156573116691287	1.0	0.1381054070334182	10.0	-6.8180495228538405	9	0	0	1	0	0.002175489485134155	0	0.0	0.231
MITHRIL.22594	1.0	3.997	0.67617237	0.02941176470588236	4.5	0.019940915805022157	0.0022156573116691287	1.0	0.20465449007017833	6.0	-6.8180495228538405	10	0	0	1	0	0.002175489485134155	1	1.0	0.048
MITHRIL.22595	1.0	3.997	0.67617237	0.0	0.5	0.019940915805022157	0.004431314623338257	1.0	0.20465449007017833	6.0	-5.8180495228538405	10	0	0	1	0	0.002175489485134155	1	1.0	0.048
MITHRIL.22596	1.0	3.997	0.67617237	0.02941176470588236	4.5	0.019940915805022157	0.9734121122599705	1.0	0.20465449007017833	6.0	1.961122631433055	10	0	0	1	0	0.002175489485134155	1	1.0	0.048
MITHRIL.22597	1.0	4.045	0.67230974	0.02941176470588236	3.6999999999999997	0.7607090103397341	0.0014771048744460858	1.0	0.8543072569822336	13.0	-7.4030120235749965	11	0	0	1	0	0.026831036983321246	2	2.0	0.179
MITHRIL.22598	1.0	4.045	0.67230974	0.0	-0.10000000000000053	0.7607090103397341	0.007385524372230428	1.0	0.8543072569822336	13.0	-5.081083928687635	11	0	0	1	0	0.026831036983321246	2	2.0	0.179
MITHRIL.22599	1.0	4.045	0.67230974	0.02941176470588236	3.3	0.7607090103397341	0.23042836041358936	1.0	0.8543072569822336	13.0	-0.11760980471274847	11	0	0	1	0	0.026831036983321246	2	2.0	0.179
MITHRIL.22600	1.0	5.89	0.66615366	0.02941176470588236	1.2999999999999998	0.8995568685376661	0.0022156573116691287	1.0	0.5149713180155604	8.0	-6.8180495228538405	12	0	0	1	0	0.029006526468455404	3	3.0	0.391
MITHRIL.22601	1.0	5.89	0.66615366	0.0	0.7999999999999998	0.8995568685376661	0.0051698670605613	1.0	0.5149713180155604	8.0	-5.595657101517393	12	0	0	1	0	0.029006526468455404	3	3.0	0.391
MITHRIL.22602	1.0	5.89	0.66615366	0.02941176470588236	0.2999999999999998	0.8995568685376661	0.0930576070901034	1.0	0.5149713180155604	8.0	-1.4257321000750802	12	0	0	1	0	0.029006526468455404	3	3.0	0.391
MITHRIL.22603	1.0	8.981	0.65981652	0.0	0.20000000000000018	0.9542097488921714	0.007385524372230428	1.0	0.3026890459871247	10.0	-5.081083928687635	13	0	0	0	1	1.0	4	4.0	0.585
MITHRIL.22604	1.0	8.981	0.65981652	0.0	-0.8999999999999995	0.9542097488921714	0.0007385524372230429	1.0	0.3026890459871247	10.0	-8.403012023574997	13	0	0	0	1	1.0	4	4.0	0.585
MITHRIL.22605	1.0	8.981	0.65981652	0.0	0.20000000000000018	0.9542097488921714	0.03766617429837518	1.0	0.3026890459871247	10.0	-2.7305866816035014	13	0	0	0	1	1.0	4	4.0	0.585
MITHRIL.22606	0.296	0.326	0.64641801	0.0	0.0	0.7799113737075333	0.0723781388478582	1.0	1.1000562509012468	5.0	-1.7883021794597886	14	0	0	0	1	1.0	5	5.0	0.615
MITHRIL.22607	0.296	0.326	0.64641801	0.0	0.0	0.7799113737075333	0.05243722304283604	1.0	1.1000562509012468	5.0	-2.2532649040703148	14	0	0	0	1	1.0	5	5.0	0.615
MITHRIL.22608	0.296	0.326	0.64641801	0.0	0.0	0.7799113737075333	0.09527326440177253	1.0	1.1000562509012468	5.0	-1.3917847681517426	14	0	0	0	1	1.0	5	5.0	0.615
MITHRIL.22609	0.0	-5.095	0.62629006	0.0	0.0	0.29416112342941614	0.2653362897265336	0.9992614475627769	1.6748011916299956	5.0	0.08589390984651413	15	0	0	0	1	1.0	6	6.0	0.654
MITHRIL.22610	0.0	-5.095	0.62629006	0.0	0.0	0.29416112342941614	0.022172949002217297	0.9992614475627769	1.6748011916299956	5.0	-3.4950555283680185	15	0	0	0	1	1.0	6	6.0	0.654
MITHRIL.22611	0.0	-5.095	0.62629006	0.0	0.0	0.29416112342941614	0.41832963784183297	0.9992614475627769	1.6748011916299956	5.0	0.7427121188553452	15	0	0	0	1	1.0	6	6.0	0.654
MITHRIL.22612	0.0	-11.875	0.60748989	0.0	0.0	0.15524034672970843	0.4657210401891253	0.9372230428360414	1.762283241893782	2.0	0.8975379663364266	16	0	0	0	1	1.0	7	6.0	1.567
MITHRIL.22613	0.0	-11.875	0.60748989	0.0	0.0	0.15524034672970843	0.10717100078802207	0.9372230428360414	1.762283241893782	2.0	-1.2220135125907665	16	0	0	0	1	1.0	7	6.0	1.567
MITHRIL.22614	0.0	-11.875	0.60748989	0.0	0.0	0.15524034672970843	0.2718676122931442	0.9372230428360414	1.762283241893782	2.0	0.12097619782442551	16	0	0	0	1	1.0	7	6.0	1.567
MITHRIL.22615	1.0	4.907	0.59339731	0.0	-0.20000000000000018	0.54207263064659	0.10363153232949512	0.8338257016248154	1.6291667819611293	5.0	-1.2704650511895963	17	0	0	0	1	1.0	6	5.0	1.998
MITHRIL.22616	1.0	4.907	0.59339731	0.0	0.0	0.54207263064659	0.21346324180690876	0.8338257016248154	1.6291667819611293	5.0	-0.22794043454303928	17	0	0	0	1	1.0	6	5.0	1.998
MITHRIL.22617	1.0	4.907	0.59339731	0.0	-0.20000000000000018	0.54207263064659	0.1408325952170062	0.8338257016248154	1.6291667819611293	5.0	-0.8279468154886456	17	0	0	0	1	1.0	6	5.0	1.998
MITHRIL.22618	1.0	4.814	0.58096445	0.02941176470588236	1.2000000000000002	0.9032496307237814	0.07163958641063516	1.0	0.5620505631763059	8.0	-1.803099181387869	23	0	0	1	0	0.029006526468455404	5	4.0	0.269
MITHRIL.22619	1.0	4.814	0.58096445	0.02941176470588236	1.0	0.9032496307237814	0.008862629246676515	1.0	0.5620505631763059	8.0	-4.8180495228538405	23	0	0	1	0	0.029006526468455404	5	4.0	0.269
MITHRIL.22620	1.0	4.814	0.58096445	0.02941176470588236	1.2000000000000002	0.9032496307237814	0.01624815361890694	1.0	0.5620505631763059	8.0	-3.9435804049376997	23	0	0	1	0	0.029006526468455404	5	4.0	0.269
MITHRIL.22621	1.0	3.853	0.56940672	0.02941176470588236	3.6999999999999997	0.7348596750369276	0.2466765140324963	1.0	0.9408409979823961	13.0	-0.019307731100944588	24	0	0	1	0	0.026831036983321246	4	3.0	0.343
MITHRIL.22622	1.0	3.853	0.56940672	0.02941176470588236	3.6999999999999997	0.7348596750369276	0.01624815361890694	1.0	0.9408409979823961	13.0	-3.9435804049376997	24	0	0	1	0	0.026831036983321246	4	3.0	0.343
MITHRIL.22623	1.0	3.853	0.56940672	0.02941176470588236	3.6999999999999997	0.7348596750369276	0.0022156573116691287	1.0	0.9408409979823961	13.0	-6.8180495228538405	24	0	0	1	0	0.026831036983321246	4	3.0	0.343
MITHRIL.22624	1.0	5.982	0.55422777	0.02941176470588236	4.4	0.019940915805022157	0.9711964549483013	1.0	0.2221435758241249	6.0	1.957835060604668	25	0	0	1	0	0.002175489485134155	3	2.0	0.16
MITHRIL.22625	1.0	5.982	0.55422777	0.02941176470588236	4.5	0.019940915805022157	0.0029542097488921715	1.0	0.2221435758241249	6.0	-6.4030120235749965	25	0	0	1	0	0.002175489485134155	3	2.0	0.16
MITHRIL.22626	1.0	5.982	0.55422777	0.02941176470588236	4.5	0.019940915805022157	0.005908419497784343	1.0	0.2221435758241249	6.0	-5.4030120235749965	25	0	0	1	0	0.002175489485134155	3	2.0	0.16
MITHRIL.22627	1.0	4.81	0.5414328	0.02941176470588236	3.3	0.8877400295420975	0.0	1.0	0.5066953018185167	10.0	-44.50699332842307	26	0	0	1	0	0.002175489485134155	2	1.0	0.449
MITHRIL.22628	1.0	4.81	0.5414328	0.02941176470588236	3.2	0.8877400295420975	0.0	1.0	0.5066953018185167	10.0	-44.50699332842307	26	0	0	1	0	0.002175489485134155	2	1.0	0.449
MITHRIL.22629	1.0	4.81	0.5414328	0.0	2.0999999999999996	0.8877400295420975	0.11225997045790251	1.0	0.5066953018185167	10.0	-1.1550845101314113	26	0	0	1	0	0.002175489485134155	2	1.0	0.449
MITHRIL.22630	1.0	2.319	0.52302493	0.0	0.2999999999999998	0.8529194382852919	0.051736881005173686	0.9992614475627769	0.8307674825158025	3.0	-2.272663107031571	27	1	0	0	0	0.9383164005805515	1	1.0	1.354
MITHRIL.22631	1.0	2.319	0.52302493	0.0	0.09999999999999964	0.8529194382852919	0.06060606060606061	0.9992614475627769	0.8307674825158025	3.0	-2.0443941193584534	27	1	0	0	0	0.9383164005805515	1	1.0	1.354
MITHRIL.22632	1.0	2.319	0.52302493	0.0	0.2999999999999998	0.8529194382852919	0.03473762010347376	0.9992614475627769	0.8307674825158025	3.0	-2.8473572722989	27	1	0	0	0	0.9383164005805515	1	1.0	1.354
MITHRIL.22633	0.994	2.448	0.50268574	0.02941176470588236	1.0999999999999996	0.6129985228951256	0.05391432791728213	1.0	1.2819031229324318	8.0	-2.2131874646949794	29	0	0	1	0	0.09354604786076867	0	0.0	0.455
MITHRIL.22634	0.994	2.448	0.50268574	0.02941176470588236	1.2999999999999998	0.6129985228951256	0.3168389955686854	1.0	1.2819031229324318	8.0	0.3418218139245489	29	0	0	1	0	0.09354604786076867	0	0.0	0.455
MITHRIL.22635	0.994	2.448	0.50268574	0.02941176470588236	1.0	0.6129985228951256	0.01624815361890694	1.0	1.2819031229324318	8.0	-3.9435804049376997	29	0	0	1	0	0.09354604786076867	0	0.0	0.455
MITHRIL.22636	0.002	0.128	0.48427787	0.02941176470588236	4.1	0.34047267355982275	0.11742983751846381	1.0	1.68033182625607	3.0	-1.0901290682906415	30	0	0	1	0	0.02030456852791878	1	1.0	0.376
MITHRIL.22637	0.002	0.128	0.48427787	0.0	-0.10000000000000053	0.34047267355982275	0.07311669128508123	1.0	1.68033182625607	3.0	-1.7736554034953873	30	0	0	1	0	0.02030456852791878	1	1.0	0.376
MITHRIL.22638	0.002	0.128	0.48427787	0.02941176470588236	3.9	0.34047267355982275	0.4689807976366322	1.0	1.68033182625607	3.0	0.9076007580845314	30	0	0	1	0	0.02030456852791878	1	1.0	0.376
MITHRIL.22639	0.0	0.337	0.4695214	0.02941176470588236	4.3	0.5007385524372231	0.011816838995568686	1.0	1.2472310819146863	5.0	-4.4030120235749965	31	0	0	1	0	0.023205221174764323	2	2.0	0.517
MITHRIL.22640	0.0	0.337	0.4695214	0.0	0.0	0.5007385524372231	0.4564254062038405	1.0	1.2472310819146863	5.0	0.8684510043293778	31	0	0	1	0	0.023205221174764323	2	2.0	0.517
MITHRIL.22641	0.0	0.337	0.4695214	0.02941176470588236	3.9	0.5007385524372231	0.0310192023633678	1.0	1.2472310819146863	5.0	-3.0106946007962363	31	0	0	1	0	0.023205221174764323	2	2.0	0.517
MITHRIL.22642	0.0	0.688	0.45428209	0.02941176470588236	6.199999999999999	0.7292899408284024	0.08875739644970414	0.9985228951255539	1.2456302746302517	5.0	-1.4939888406736659	32	0	0	1	0	0.0944081336238199	3	3.0	0.432
MITHRIL.22643	0.0	0.688	0.45428209	0.02941176470588236	3.5999999999999996	0.7292899408284024	0.1309171597633136	0.9985228951255539	1.2456302746302517	5.0	-0.9332738861991868	32	0	0	1	0	0.0944081336238199	3	3.0	0.432
MITHRIL.22644	0.0	0.688	0.45428209	0.0	2.3	0.7292899408284024	0.05103550295857988	0.9985228951255539	1.2456302746302517	5.0	-2.2923549795040152	32	0	0	1	0	0.0944081336238199	3	3.0	0.432
MITHRIL.22645	0.002	-0.017	0.44015933	0.02941176470588236	1.2000000000000002	0.39526276831976315	0.0540340488527017	0.9977843426883308	1.3548588232147254	5.0	-2.209987400445667	33	0	0	1	0	0.06177325581395349	3	3.0	0.376
MITHRIL.22646	0.002	-0.017	0.44015933	0.02941176470588236	1.7000000000000002	0.39526276831976315	0.5307179866765359	0.9977843426883308	1.3548588232147254	5.0	1.0860173493762202	33	0	0	1	0	0.06177325581395349	3	3.0	0.376
MITHRIL.22647	0.002	-0.017	0.44015933	0.02941176470588236	0.39999999999999947	0.39526276831976315	0.01998519615099926	0.9977843426883308	1.3548588232147254	5.0	-3.644924457162216	33	0	0	1	0	0.06177325581395349	3	3.0	0.376
MITHRIL.22648	1.0	3.281	0.42434667	0.0	-0.2999999999999998	0.8840472673559823	0.05760709010339734	1.0	0.6561865856907995	10.0	-2.1176098047127483	34	0	0	0	1	1.0	2	2.0	0.546
MITHRIL.22649	1.0	3.281	0.42434667	0.0	0.0	0.8840472673559823	0.05391432791728213	1.0	0.6561865856907995	10.0	-2.2131874646949794	34	0	0	0	1	1.0	2	2.0	0.546
MITHRIL.22650	1.0	3.281	0.42434667	0.0	-1.2999999999999998	0.8840472673559823	0.004431314623338257	1.0	0.6561865856907995	10.0	-5.8180495228538405	34	0	0	0	1	1.0	2	2.0	0.546
MITHRIL.22651	1.0	5.99	0.41061621	0.0	0.0	0.9874446085672083	0.0	1.0	0.10134594242668171	5.0	-44.50699332842307	35	0	0	0	1	1.0	1	1.0	0.615
MITHRIL.22652	1.0	5.99	0.41061621	0.0	0.0	0.9874446085672083	0.011816838995568686	1.0	0.10134594242668171	5.0	-4.4030120235749965	35	0	0	0	1	1.0	1	1.0	0.615
MITHRIL.22653	1.0	5.99	0.41061621	0.0	0.0	0.9874446085672083	0.0007385524372230429	1.0	0.10134594242668171	5.0	-8.403012023574997	35	0	0	0	1	1.0	1	1.0	0.615
MITHRIL.22654	1.0	9.631	0.39945078	0.0	0.0	0.9992614475627769	0.0007385524372230429	1.0	0.008748282260182465	18.0	-8.403012023574997	36	0	0	0	1	1.0	0	0.0	0.319
MITHRIL.22655	1.0	9.631	0.39945078	0.0	0.0	0.9992614475627769	0.0	1.0	0.008748282260182465	18.0	-44.50699332842307	36	0	0	0	1	1.0	0	0.0	0.319
MITHRIL.22656	1.0	9.631	0.39945078	0.0	0.0	0.9992614475627769	0.0	1.0	0.008748282260182465	18.0	-44.50699332842307	36	0	0	0	1	1.0	0	0.0	0.319
MITHRIL.22657	1.0	5.975	0.38173698	0.0	0.0	1.0	0.0	1.0	-1.601713251907458e-15	27.0	-44.50699332842307	37	0	0	0	1	1.0	1	1.0	0.044
MITHRIL.22658	1.0	5.975	0.38173698	0.0	0.0	1.0	0.0	1.0	-1.601713251907458e-15	27.0	-44.50699332842307	37	0	0	0	1	1.0	1	1.0	0.044
MITHRIL.22659	1.0	5.975	0.38173698	0.0	0.0	1.0	0.0	1.0	-1.601713251907458e-15	27.0	-44.50699332842307	37	0	0	0	1	1.0	1	1.0	0.044
MITHRIL.22660	1.0	3.839	0.36667874	0.0	0.0	1.0	0.0	1.0	-1.601713251907458e-15	27.0	-44.50699332842307	38	0	0	0	1	1.0	2	2.0	0.047
MITHRIL.22661	1.0	3.839	0.36667874	0.0	0.0	1.0	0.0	1.0	-1.601713251907458e-15	27.0	-44.50699332842307	38	0	0	0	1	1.0	2	2.0	0.047
MITHRIL.22662	1.0	3.839	0.36667874	0.0	0.0	1.0	0.0	1.0	-1.601713251907458e-15	27.0	-44.50699332842307	38	0	0	0	1	1.0	2	2.0	0.047
MITHRIL.22663	0.97	1.492	0.35334058	0.0	0.0	0.8884785819793205	0.0007385524372230429	1.0	0.5580057554108505	5.0	-8.403012023574997	39	0	0	0	1	1.0	3	3.0	0.44
MITHRIL.22664	0.97	1.492	0.35334058	0.0	0.0	0.8884785819793205	0.10118168389955687	1.0	0.5580057554108505	5.0	-1.30497994061447	39	0	0	0	1	1.0	3	3.0	0.44
MITHRIL.22665	0.97	1.492	0.35334058	0.0	0.0	0.8884785819793205	0.009601181683899557	1.0	0.5580057554108505	5.0	-4.702572305433905	39	0	0	0	1	1.0	3	3.0	0.44
MITHRIL.22666	0.921	2.27	0.33918764	0.0	0.09999999999999964	0.8183161004431314	0.00812407680945347	1.0	0.9049078114518825	8.0	-4.943580404937699	40	0	0	0	1	1.0	4	4.0	0.403
MITHRIL.22667	0.921	2.27	0.33918764	0.0	0.0	0.8183161004431314	0.0827178729689808	1.0	0.9049078114518825	8.0	-1.5956571015173926	40	0	0	0	1	1.0	4	4.0	0.403
MITHRIL.22668	0.921	2.27	0.33918764	0.0	-0.7000000000000002	0.8183161004431314	0.09084194977843427	1.0	0.9049078114518825	8.0	-1.460497518235757	40	0	0	0	1	1.0	4	4.0	0.403
MITHRIL.22669	0.016	0.156	0.33052689	0.02941176470588236	1.2999999999999998	0.26809453471196454	0.019940915805022157	1.0	1.232695783678752	2.0	-3.6481245214115283	41	0	0	1	0	0.06163886874546773	5	4.0	0.394
MITHRIL.22670	0.016	0.156	0.33052689	0.0	0.0	0.26809453471196454	0.6617429837518464	1.0	1.232695783678752	2.0	1.4043428984826074	41	0	0	1	0	0.06163886874546773	5	4.0	0.394
MITHRIL.22671	0.016	0.156	0.33052689	0.02941176470588236	0.5999999999999996	0.26809453471196454	0.050221565731166914	1.0	1.232695783678752	2.0	-2.3155491823246575	41	0	0	1	0	0.06163886874546773	5	4.0	0.394
MITHRIL.22672	0.007	0.627	0.32246967	0.02941176470588236	6.199999999999999	0.6617429837518464	0.13367799113737075	1.0	1.4493201310387098	5.0	-0.9031661364917914	42	0	0	1	0	0.09427121102248005	6	4.0	0.291
MITHRIL.22673	0.007	0.627	0.32246967	0.02941176470588236	6.199999999999999	0.6617429837518464	0.12259970457902511	1.0	1.4493201310387098	5.0	-1.027972592228072	42	0	0	1	0	0.09427121102248005	6	4.0	0.291
MITHRIL.22674	0.007	0.627	0.32246967	0.02941176470588236	6.199999999999999	0.6617429837518464	0.08197932053175776	1.0	1.4493201310387098	5.0	-1.6085961572248908	42	0	0	1	0	0.09427121102248005	6	4.0	0.291
MITHRIL.22675	0.004	0.179	0.31172672	0.02941176470588236	4.3	0.4844903988183161	0.024372230428360415	1.0	1.2474516272011935	5.0	-3.358617904216543	43	0	0	1	0	0.023205221174764323	7	3.0	0.389
MITHRIL.22676	0.004	0.179	0.31172672	0.02941176470588236	4.3	0.4844903988183161	0.4741506646971935	1.0	1.2474516272011935	5.0	0.9234174635473065	43	0	0	1	0	0.023205221174764323	7	3.0	0.389
MITHRIL.22677	0.004	0.179	0.31172672	0.02941176470588236	4.3	0.4844903988183161	0.016986706056129987	1.0	1.2474516272011935	5.0	-3.879450067517984	43	0	0	1	0	0.023205221174764323	7	3.0	0.389
MITHRIL.22678	0.025	0.307	0.30031987	0.02941176470588236	4.1	0.3646449704142012	0.4578402366863905	0.9985228951255539	1.6514126086728236	5.0	0.8729161629320803	44	0	0	1	0	0.020334059549745823	8	2.0	0.697
MITHRIL.22679	0.025	0.307	0.30031987	0.02941176470588236	4.1	0.3646449704142012	0.058431952662721894	0.9985228951255539	1.6514126086728236	5.0	-2.0970986881050813	44	0	0	1	0	0.020334059549745823	8	2.0	0.697
MITHRIL.22680	0.025	0.307	0.30031987	0.02941176470588236	4.1	0.3646449704142012	0.11908284023668639	0.9985228951255539	1.6514126086728236	5.0	-1.0699625581675674	44	0	0	1	0	0.020334059549745823	8	2.0	0.697
MITHRIL.22681	0.56	1.394	0.29144788	0.02941176470588236	1.5999999999999996	0.6787564766839378	0.008142116950407105	0.9977843426883308	1.1737953295729457	8.0	-4.940380340688387	45	0	0	1	0	0.09375	9	1.0	0.593
MITHRIL.22682	0.56	1.394	0.29144788	0.0	0.7999999999999998	0.6787564766839378	0.25684678016284235	0.9977843426883308	1.1737953295729457	8.0	0.03897989325257643	45	0	0	1	0	0.09375	9	1.0	0.593
MITHRIL.22683	0.56	1.394	0.29144788	0.02941176470588236	1.5999999999999996	0.6787564766839378	0.056254626202812734	0.9977843426883308	1.1737953295729457	8.0	-2.151884445882099	45	0	0	1	0	0.09375	9	1.0	0.593
MITHRIL.22684	0.706	3.927	0.28016175	0.0	0.20000000000000018	0.9456035767511177	0.005961251862891207	0.9911373707533235	0.3777843288507545	10.0	-5.390168956200183	46	1	0	0	0	0.9378654970760234	10	2.0	1.085
MITHRIL.22685	0.706	3.927	0.28016175	0.0	0.0	0.9456035767511177	0.010432190760059613	0.9911373707533235	0.3777843288507545	10.0	-4.582814034142579	46	1	0	0	0	0.9378654970760234	10	2.0	1.085
MITHRIL.22686	0.706	3.927	0.28016175	0.0	0.20000000000000018	0.9456035767511177	0.038002980625931444	0.9911373707533235	0.3777843288507545	10.0	-2.717743614228688	46	1	0	0	0	0.9378654970760234	10	2.0	1.085
MITHRIL.22687	0.53	0.116	0.27243648	0.0	0.0	0.7533532041728763	0.005216095380029807	0.9911373707533235	0.9247064619841453	3.0	-5.582814034142579	47	1	0	0	0	1.0	11	3.0	0.964
MITHRIL.22688	0.53	0.116	0.27243648	0.0	0.0	0.7533532041728763	0.22727272727272727	0.9911373707533235	0.9247064619841453	3.0	-0.13750352374993496	47	1	0	0	0	1.0	11	3.0	0.964
MITHRIL.22689	0.53	0.116	0.27243648	0.0	0.0	0.7533532041728763	0.014157973174366617	0.9911373707533235	0.9247064619841453	3.0	-4.142241442756598	47	1	0	0	0	1.0	11	3.0	0.964
MITHRIL.22690	0.798	2.005	0.26694429	0.0	0.0	0.8994038748137109	0.07228017883755589	0.9911373707533235	0.5929401443061053	8.0	-1.790256114013056	48	1	0	0	0	1.0	12	4.0	0.311
MITHRIL.22691	0.798	2.005	0.26694429	0.0	0.0	0.8994038748137109	0.013412816691505217	0.9911373707533235	0.5929401443061053	8.0	-4.220243954757871	48	1	0	0	0	1.0	12	4.0	0.311
MITHRIL.22692	0.798	2.005	0.26694429	0.0	0.0	0.8994038748137109	0.014903129657228018	0.9911373707533235	0.5929401443061053	8.0	-4.068240861312821	48	1	0	0	0	1.0	12	4.0	0.311
MITHRIL.22693	0.793	0.273	0.26102963	0.0	-0.20000000000000018	0.7459016393442623	0.07377049180327869	0.9911373707533235	1.059291204243253	5.0	-1.7608123361205739	49	1	0	0	0	1.0	13	5.0	0.914
MITHRIL.22694	0.793	0.273	0.26102963	0.0	0.0	0.7459016393442623	0.1780923994038748	0.9911373707533235	1.059291204243253	5.0	-0.489302148219435	49	1	0	0	0	1.0	13	5.0	0.914
MITHRIL.22695	0.793	0.273	0.26102963	0.0	-0.2999999999999998	0.7459016393442623	0.0022354694485842027	0.9911373707533235	1.059291204243253	5.0	-6.805206455479027	49	1	0	0	0	1.0	13	5.0	0.914
MITHRIL.22696	0.884	4.603	0.25656346	0.02941176470588236	1.0999999999999996	0.5447093889716841	0.007451564828614009	0.9911373707533235	1.0781391954597077	10.0	-5.068240861312821	51	0	0	1	0	0.0021929824561403508	14	5.0	0.409
MITHRIL.22697	0.884	4.603	0.25656346	0.0	-0.2999999999999998	0.5447093889716841	0.44485842026825634	0.9911373707533235	1.0781391954597077	10.0	0.8314181650646215	51	0	0	1	0	0.0021929824561403508	14	5.0	0.409
MITHRIL.22698	0.884	4.603	0.25656346	0.02941176470588236	1.0999999999999996	0.5447093889716841	0.0029806259314456036	0.9911373707533235	1.0781391954597077	10.0	-6.390168956200183	51	0	0	1	0	0.0021929824561403508	14	5.0	0.409
MITHRIL.22699	0.005	-1.207	0.2554771	0.02941176470588236	4.3	0.5998509687034277	0.01639344262295082	0.9911373707533235	1.1255573627063338	2.0	-3.9307373375628862	52	0	0	1	0	0.07748538011695906	15	6.0	0.383
MITHRIL.22700	0.005	-1.207	0.2554771	0.02941176470588236	4.3	0.5998509687034277	0.37630402384500744	0.9911373707533235	1.1255573627063338	2.0	0.5899706214389735	52	0	0	1	0	0.07748538011695906	15	6.0	0.383
MITHRIL.22701	0.005	-1.207	0.2554771	0.02941176470588236	4.3	0.5998509687034277	0.007451564828614009	0.9911373707533235	1.1255573627063338	2.0	-5.068240861312821	52	0	0	1	0	0.07748538011695906	15	6.0	0.383
MITHRIL.22702	0.968	2.253	0.2530026	0.02941176470588236	4.6	0.49588631264023936	0.048616305160807775	0.9874446085672083	1.6557908098114134	2.0	-2.3624159370648985	53	0	0	1	0	0.05429200293470286	16	7.0	0.521
MITHRIL.22703	0.968	2.253	0.2530026	0.0	0.2999999999999998	0.49588631264023936	0.2931937172774869	0.9874446085672083	1.6557908098114134	2.0	0.2299260940218553	53	0	0	1	0	0.05429200293470286	16	7.0	0.521
MITHRIL.22704	0.968	2.253	0.2530026	0.02941176470588236	4.6	0.49588631264023936	0.16230366492146597	0.9874446085672083	1.6557908098114134	2.0	-0.6232325176488734	53	0	0	1	0	0.05429200293470286	16	7.0	0.521
MITHRIL.22705	0.998	1.558	0.24793289	0.02941176470588236	6.6	0.6947608200455581	0.24525436598329536	0.9726735598227474	1.1553935248863825	6.0	-0.02764927556258949	54	0	0	1	0	0.06329113924050633	17	8.0	0.572
MITHRIL.22706	0.998	1.558	0.24793289	0.02941176470588236	6.6	0.6947608200455581	0.011389521640091117	0.9726735598227474	1.1553935248863825	6.0	-4.4561490346479955	54	0	0	1	0	0.06329113924050633	17	8.0	0.572
MITHRIL.22707	0.998	1.558	0.24793289	0.02941176470588236	6.6	0.6947608200455581	0.04859529233105543	0.9726735598227474	1.1553935248863825	6.0	-2.363039630256514	54	0	0	1	0	0.06329113924050633	17	8.0	0.572
MITHRIL.22708	1.0	4.005	0.24210876	0.02941176470588236	2.3999999999999995	0.8001519756838906	0.10486322188449848	0.9719350073855244	1.0131309622515714	6.0	-1.2534193169570724	55	0	0	1	0	0.08122205663189269	18	9.0	0.225
MITHRIL.22709	1.0	4.005	0.24210876	0.02941176470588236	3.2	0.8001519756838906	0.025835866261398176	0.9719350073855244	1.0131309622515714	6.0	-3.2744809324849022	55	0	0	1	0	0.08122205663189269	18	9.0	0.225
MITHRIL.22710	1.0	4.005	0.24210876	0.02941176470588236	2.8999999999999995	0.8001519756838906	0.06914893617021277	0.9719350073855244	1.0131309622515714	6.0	-1.8541491335365452	55	0	0	1	0	0.08122205663189269	18	9.0	0.225
MITHRIL.22711	0.0	-0.255	0.23465508	0.0	-1.0000000000000009	0.0835181079083518	0.11899482631189948	0.9992614475627769	1.0271546104834341	2.0	-1.0710292458619202	56	0	0	0	1	1.0	19	10.0	0.637
MITHRIL.22712	0.0	-0.255	0.23465508	0.0	-1.0000000000000009	0.0835181079083518	0.014042867701404288	0.9992614475627769	1.0271546104834341	2.0	-4.154018610532952	56	0	0	0	1	1.0	19	10.0	0.637
MITHRIL.22713	0.0	-0.255	0.23465508	0.0	-1.1000000000000005	0.0835181079083518	0.7834441980783444	0.9992614475627769	1.0271546104834341	2.0	1.6479024254740244	56	0	0	0	1	1.0	19	10.0	0.637
MITHRIL.22714	0.0	0.061	0.23314624	0.0	0.0	0.6732522796352584	0.08282674772036475	0.9719350073855244	1.361902928184323	3.0	-1.5937594489583151	57	0	0	0	1	0.9992542878448919	20	11.0	1.064
MITHRIL.22715	0.0	0.061	0.23314624	0.0	0.0	0.6732522796352584	0.05167173252279635	0.9719350073855244	1.361902928184323	3.0	-2.2744809324849022	57	0	0	0	1	0.9992542878448919	20	11.0	1.064
MITHRIL.22716	0.0	0.061	0.23314624	0.0	0.0	0.6732522796352584	0.19224924012158054	0.9719350073855244	1.361902928184323	3.0	-0.3789501990409314	57	0	0	0	1	0.9992542878448919	20	11.0	1.064
MITHRIL.22717	0.0	-0.868	0.23374977	0.0	0.0	0.7387247278382582	0.0645412130637636	0.9497784342688331	1.2136182842182306	4.0	-1.9536354959810227	58	0	0	0	1	0.9992372234935164	21	12.0	1.115
MITHRIL.22718	0.0	-0.868	0.23374977	0.0	0.0	0.7387247278382582	0.052099533437014	0.9497784342688331	1.2136182842182306	4.0	-2.2625857368701747	58	0	0	0	1	0.9992372234935164	21	12.0	1.115
MITHRIL.22719	0.0	-0.868	0.23374977	0.0	0.0	0.7387247278382582	0.14463452566096424	0.9497784342688331	1.2136182842182306	4.0	-0.7895161162199158	58	0	0	0	1	0.9992372234935164	21	12.0	1.115
MITHRIL.22720	0.241	2.678	0.24026797	0.0	0.0	0.7852512155591572	0.02674230145867099	0.9113737075332349	1.0713372855399421	3.0	-3.224732559790964	59	0	0	0	1	0.9992050874403816	22	11.0	0.905
MITHRIL.22721	0.241	2.678	0.24026797	0.0	0.0	0.7852512155591572	0.12317666126418152	0.9113737075332349	1.0713372855399421	3.0	-1.0211991657058326	59	0	0	0	1	0.9992050874403816	22	11.0	0.905
MITHRIL.22722	0.241	2.678	0.24026797	0.0	0.0	0.7852512155591572	0.06482982171799027	0.9113737075332349	1.0713372855399421	3.0	-1.9471985842620556	59	0	0	0	1	0.9992050874403816	22	11.0	0.905
MITHRIL.22723	0.0	-10.743	0.24841572	0.0	0.0	0.9051724137931034	0.026724137931034484	0.8567208271787297	0.6922337732633634	2.0	-3.225712779628059	60	0	0	0	1	0.9991554054054054	23	10.0	0.694
MITHRIL.22724	0.0	-10.743	0.24841572	0.0	0.0	0.9051724137931034	0.014655172413793103	0.8567208271787297	0.6922337732633634	2.0	-4.092446248764595	60	0	0	0	1	0.9991554054054054	23	10.0	0.694
MITHRIL.22725	0.0	-10.743	0.24841572	0.0	0.0	0.9051724137931034	0.05344827586206897	0.8567208271787297	0.6922337732633634	2.0	-2.225712779628059	60	0	0	0	1	0.9991554054054054	23	10.0	0.694
MITHRIL.22726	0.0	-5.783	0.25783089	0.0	-0.6000000000000005	0.13566936208445643	0.3710691823899371	0.8220088626292467	1.6841893294944774	2.0	0.571056898695938	61	0	0	0	1	1.0	24	9.0	1.193
MITHRIL.22727	0.0	-5.783	0.25783089	0.0	-0.20000000000000018	0.13566936208445643	0.40071877807726863	0.8220088626292467	1.6841893294944774	2.0	0.6819588271967973	61	0	0	0	1	1.0	24	9.0	1.193
MITHRIL.22728	0.0	-5.783	0.25783089	0.0	-0.6000000000000005	0.13566936208445643	0.09164420485175202	0.8220088626292467	1.6841893294944774	2.0	-1.4465157307520118	61	0	0	0	1	1.0	24	9.0	1.193
MITHRIL.22729	0.019	2.401	0.26963003	0.02941176470588236	1.3999999999999995	0.7965722801788375	0.06929955290611028	0.9911373707533235	1.017567610577378	6.0	-1.8510101450921521	65	0	0	1	0	0.07894736842105263	25	8.0	0.349
MITHRIL.22730	0.019	2.401	0.26963003	0.02941176470588236	1.7000000000000002	0.7965722801788375	0.026825633383010434	0.9911373707533235	1.017567610577378	6.0	-3.220243954757871	65	0	0	1	0	0.07894736842105263	25	8.0	0.349
MITHRIL.22731	0.019	2.401	0.26963003	0.0	2.0999999999999996	0.7965722801788375	0.10730253353204174	0.9911373707533235	1.017567610577378	6.0	-1.2202439547578712	65	0	0	1	0	0.07894736842105263	25	8.0	0.349
MITHRIL.22732	0.012	0.866	0.27871326	0.02941176470588236	6.6	0.7265275707898659	0.044709388971684055	0.9911373707533235	1.1396641915852634	9.0	-2.483278360591665	66	0	0	1	0	0.062134502923976605	26	7.0	0.438
MITHRIL.22733	0.012	0.866	0.27871326	0.02941176470588236	4.0	0.7265275707898659	0.02533532041728763	0.9911373707533235	1.1396641915852634	9.0	-3.302706114949844	66	0	0	1	0	0.062134502923976605	26	7.0	0.438
MITHRIL.22734	0.012	0.866	0.27871326	0.0	2.7	0.7265275707898659	0.20342771982116245	0.9911373707533235	1.1396641915852634	9.0	-0.29741181528033106	66	0	0	1	0	0.062134502923976605	26	7.0	0.438
MITHRIL.22735	0.0	-0.025	0.28936568	0.02941176470588236	4.6	0.5048616305160808	0.13986537023186238	0.9874446085672083	1.6151750050247056	2.0	-0.8378892902057161	67	0	0	1	0	0.05355832721936904	27	6.0	0.509
MITHRIL.22736	0.0	-0.025	0.28936568	0.02941176470588236	4.6	0.5048616305160808	0.31114435302916976	0.9874446085672083	1.6151750050247056	2.0	0.31565596804773927	67	0	0	1	0	0.05355832721936904	27	6.0	0.509
MITHRIL.22737	0.0	-0.025	0.28936568	0.02941176470588236	4.6	0.5048616305160808	0.044128646222887064	0.9874446085672083	1.6151750050247056	2.0	-2.5021407007315113	67	0	0	1	0	0.05355832721936904	27	6.0	0.509
MITHRIL.22738	0.0	-2.613	0.29694007	0.02941176470588236	4.3	0.2870159453302961	0.006074411541381929	0.9726735598227474	1.3042349699473514	2.0	-5.363039630256514	68	0	0	1	0	0.0781831720029784	28	5.0	0.654
MITHRIL.22739	0.0	-2.613	0.29694007	0.0	0.0	0.2870159453302961	0.6180713743356112	0.9726735598227474	1.3042349699473514	2.0	1.3058453540097326	68	0	0	1	0	0.0781831720029784	28	5.0	0.654
MITHRIL.22740	0.0	-2.613	0.29694007	0.02941176470588236	3.9	0.2870159453302961	0.0888382687927107	0.9726735598227474	1.3042349699473514	2.0	-1.4926749106731099	68	0	0	1	0	0.0781831720029784	28	5.0	0.654
MITHRIL.22741	0.956	2.831	0.30584224	0.02941176470588236	0.8999999999999995	0.5759878419452887	0.0022796352583586625	0.9719350073855244	1.0645238187840596	14.0	-6.776981273014085	69	0	0	1	0	0.0014903129657228018	29	4.0	0.26
MITHRIL.22742	0.956	2.831	0.30584224	0.02941176470588236	1.2000000000000002	0.5759878419452887	0.4148936170212766	0.9719350073855244	1.0645238187840596	14.0	0.7308133671846109	69	0	0	1	0	0.0014903129657228018	29	4.0	0.26
MITHRIL.22743	0.956	2.831	0.30584224	0.02941176470588236	0.8999999999999995	0.5759878419452887	0.006838905775075988	0.9719350073855244	1.0645238187840596	14.0	-5.192018772292929	69	0	0	1	0	0.0014903129657228018	29	4.0	0.26
MITHRIL.22744	0.957	2.706	0.31214919	0.02941176470588236	1.0999999999999996	0.5775480059084195	0.0051698670605613	1.0	1.1218958299734094	3.0	-5.595657101517393	70	0	1	0	0	0.005076142131979695	30	3.0	0.358
MITHRIL.22745	0.957	2.706	0.31214919	0.0	-0.2999999999999998	0.5775480059084195	0.4010339734121123	1.0	1.1218958299734094	3.0	0.6817963642293648	70	0	1	0	0	0.005076142131979695	30	3.0	0.358
MITHRIL.22746	0.957	2.706	0.31214919	0.02941176470588236	1.0999999999999996	0.5775480059084195	0.01624815361890694	1.0	1.1218958299734094	3.0	-3.9435804049376997	70	0	1	0	0	0.005076142131979695	30	3.0	0.358
MITHRIL.22747	0.598	0.889	0.31715855	0.02941176470588236	4.3	0.6469719350073855	0.07902511078286559	1.0	1.3958631151902954	10.0	-1.6615450371738498	71	0	1	0	0	0.06889050036258158	31	4.0	0.677
MITHRIL.22748	0.598	0.889	0.31715855	0.02941176470588236	4.3	0.6469719350073855	0.22378138847858198	1.0	1.3958631151902954	10.0	-0.15983804010204586	71	0	1	0	0	0.06889050036258158	31	4.0	0.677
MITHRIL.22749	0.598	0.889	0.31715855	0.02941176470588236	4.3	0.6469719350073855	0.050221565731166914	1.0	1.3958631151902954	10.0	-2.3155491823246575	71	0	1	0	0	0.06889050036258158	31	4.0	0.677
MITHRIL.22750	0.113	0.593	0.3208703	0.02941176470588236	4.6	0.4527326440177253	0.03545051698670606	1.0	1.6529655639159122	8.0	-2.8180495228538405	72	0	1	0	0	0.07179115300942712	32	5.0	0.369
MITHRIL.22751	0.113	0.593	0.3208703	0.0	3.0	0.4527326440177253	0.3412112259970458	1.0	1.6529655639159122	8.0	0.4487370178410608	72	0	1	0	0	0.07179115300942712	32	5.0	0.369
MITHRIL.22752	0.113	0.593	0.3208703	0.02941176470588236	4.3	0.4527326440177253	0.1706056129985229	1.0	1.6529655639159122	8.0	-0.5512629821589392	72	0	1	0	0	0.07179115300942712	32	5.0	0.369
MITHRIL.22753	0.0	-1.848	0.32259038	0.02941176470588236	4.1	0.7184035476718403	0.028824833702882482	0.9992614475627769	1.0543920246920075	8.0	-3.116543905114289	73	0	1	0	0	0.07474600870827286	33	6.0	0.288
MITHRIL.22754	0.0	-1.848	0.32259038	0.0	-2.6000000000000005	0.7184035476718403	0.24242424242424243	0.9992614475627769	1.0543920246920075	8.0	-0.044394119358453395	73	0	1	0	0	0.07474600870827286	33	6.0	0.288
MITHRIL.22755	0.0	-1.848	0.32259038	0.02941176470588236	1.5	0.7184035476718403	0.010347376201034738	0.9992614475627769	1.0543920246920075	8.0	-4.594591201918933	73	0	1	0	0	0.07474600870827286	33	6.0	0.288
MITHRIL.22756	0.94	2.575	0.32666425	0.02941176470588236	5.5	0.779009608277901	0.0066518847006651885	0.9992614475627769	0.8280014732198954	7.0	-5.232021122534225	74	0	1	0	0	0.02104499274310595	34	7.0	0.358
MITHRIL.22757	0.94	2.575	0.32666425	0.02941176470588236	2.8999999999999995	0.779009608277901	0.0029563932002956393	0.9992614475627769	0.8280014732198954	7.0	-6.401946123976537	74	0	1	0	0	0.02104499274310595	34	7.0	0.358
MITHRIL.22758	0.94	2.575	0.32666425	0.0	2.5	0.779009608277901	0.21138211382113822	0.9992614475627769	0.8280014732198954	7.0	-0.24207478719814762	74	0	1	0	0	0.02104499274310595	34	7.0	0.358
MITHRIL.22759	0.977	3.253	0.32844469	0.02941176470588236	4.199999999999999	0.9016272189349113	0.015532544378698224	0.9985228951255539	0.5677041081705089	14.0	-4.008562013503424	75	0	1	0	0	0.010167029774872912	35	8.0	0.168
MITHRIL.22760	0.977	3.253	0.32844469	0.02941176470588236	4.199999999999999	0.9016272189349113	0.07396449704142012	0.9985228951255539	0.5677041081705089	14.0	-1.7570232465074596	75	0	1	0	0	0.010167029774872912	35	8.0	0.168
MITHRIL.22761	0.977	3.253	0.32844469	0.02941176470588236	4.199999999999999	0.9016272189349113	0.008875739644970414	0.9985228951255539	0.5677041081705089	14.0	-4.815916935561028	75	0	1	0	0	0.010167029774872912	35	8.0	0.168
MITHRIL.22762	0.699	0.81	0.32889734	0.02941176470588236	0.5999999999999996	0.6797337278106509	0.016272189349112426	0.9985228951255539	0.9981466323748707	8.0	-3.941447817644887	76	0	1	0	0	0.007262164124909223	36	9.0	0.267
MITHRIL.22763	0.699	0.81	0.32889734	0.02941176470588236	0.8999999999999995	0.6797337278106509	0.3039940828402367	0.9985228951255539	0.9981466323748707	8.0	0.2821151473994987	76	0	1	0	0	0.007262164124909223	36	9.0	0.267
MITHRIL.22764	0.699	0.81	0.32889734	0.02941176470588236	0.5	0.6797337278106509	0.0	0.9985228951255539	0.9981466323748707	8.0	-44.50699332842307	76	0	1	0	0	0.007262164124909223	36	9.0	0.267
MITHRIL.22765	0.0	-3.459	0.32944052	0.0	0.5999999999999996	0.511094674556213	0.06582840236686391	0.9985228951255539	1.701029599935982	7.0	-1.9251460053157865	77	1	0	0	0	0.9992737835875091	37	10.0	0.779
MITHRIL.22766	0.0	-3.459	0.32944052	0.0	0.0	0.511094674556213	0.21227810650887574	0.9985228951255539	1.701029599935982	7.0	-0.23597250960649652	77	1	0	0	0	0.9992737835875091	37	10.0	0.779
MITHRIL.22767	0.0	-3.459	0.32944052	0.0	0.5999999999999996	0.511094674556213	0.21079881656804733	0.9985228951255539	1.701029599935982	7.0	-0.24606132723008034	77	1	0	0	0	0.9992737835875091	37	10.0	0.779
MITHRIL.24895	0.612	4.324	0.1010924	0.02857142857142858	2.5999999999999996	0.9193786982248521	0.036242603550295856	1.0	0.5235031667610591	8.0	-2.786169592166976	0	0	1	0	0	0.005904059040590406	8	8.0	0.47
MITHRIL.24896	0.612	4.324	0.1010924	0.02857142857142858	2.5	0.9193786982248521	0.013313609467455622	1.0	0.5235031667610591	8.0	-4.230954434839872	0	0	1	0	0	0.005904059040590406	8	8.0	0.47
MITHRIL.24897	0.612	4.324	0.1010924	0.0	1.9000000000000004	0.9193786982248521	0.03106508875739645	1.0	0.5235031667610591	8.0	-3.008562013503424	0	0	1	0	0	0.005904059040590406	8	8.0	0.47
MITHRIL.24898	0.537	1.814	0.11038687	0.02857142857142858	4.9	0.7736686390532544	0.016272189349112426	1.0	0.9936551168973182	5.0	-3.941447817644887	1	0	1	0	0	0.012546125461254613	7	7.0	0.358
MITHRIL.24899	0.537	1.814	0.11038687	0.0	0.40000000000000036	0.7736686390532544	0.17455621301775148	1.0	0.9936551168973182	5.0	-0.518236386920343	1	0	1	0	0	0.012546125461254613	7	7.0	0.358
MITHRIL.24900	0.537	1.814	0.11038687	0.02857142857142858	4.199999999999999	0.7736686390532544	0.03550295857988166	1.0	0.9936551168973182	5.0	-2.8159169355610283	1	0	1	0	0	0.012546125461254613	7	7.0	0.358
MITHRIL.24901	0.003	-1.303	0.12106947	0.02857142857142858	6.2	0.5370370370370371	0.014814814814814815	0.9985207100591716	1.2278145765184623	3.0	-4.076815597050831	2	0	1	0	0	0.016999260901699925	6	6.0	0.293
MITHRIL.24902	0.003	-1.303	0.12106947	0.02857142857142858	3.5999999999999996	0.5370370370370371	0.024444444444444446	0.9985207100591716	1.2278145765184623	3.0	-3.3543495725797396	2	0	1	0	0	0.016999260901699925	6	6.0	0.293
MITHRIL.24903	0.003	-1.303	0.12106947	0.0	2.3000000000000007	0.5370370370370371	0.4237037037037037	0.9985207100591716	1.2278145765184623	3.0	0.7611276448401961	2	0	1	0	0	0.016999260901699925	6	6.0	0.293
MITHRIL.24904	0.971	2.931	0.13440763	0.02857142857142858	5.1	0.8822222222222222	0.024444444444444446	0.9985207100591716	0.6555833400866877	8.0	-3.3543495725797396	3	0	1	0	0	0.016260162601626018	5	5.0	0.437
MITHRIL.24905	0.971	2.931	0.13440763	0.02857142857142858	4.699999999999999	0.8822222222222222	0.0837037037037037	0.9985207100591716	0.6555833400866877	8.0	-1.5785647295230056	3	0	1	0	0	0.016260162601626018	5	5.0	0.437
MITHRIL.24906	0.971	2.931	0.13440763	0.02857142857142858	4.699999999999999	0.8822222222222222	0.00962962962962963	0.9985207100591716	0.6555833400866877	8.0	-4.698303973797101	3	0	1	0	0	0.016260162601626018	5	5.0	0.437
MITHRIL.24907	0.97	0.899	0.14919428	0.02857142857142858	6.2	0.11489992587101557	0.8443291326908822	0.9977810650887574	0.7923545782575898	8.0	1.7558773987598444	4	0	1	0	0	0.036242603550295856	4	4.0	0.468
MITHRIL.24908	0.97	0.899	0.14919428	0.02857142857142858	6.2	0.11489992587101557	0.014084507042253521	0.9977810650887574	0.7923545782575898	8.0	-4.149747119504682	4	0	1	0	0	0.036242603550295856	4	4.0	0.468
MITHRIL.24909	0.97	0.899	0.14919428	0.02857142857142858	6.2	0.11489992587101557	0.026686434395848776	0.9977810650887574	0.7923545782575898	8.0	-3.2277496315059553	4	0	1	0	0	0.036242603550295856	4	4.0	0.468
MITHRIL.24910	1.0	2.394	0.16530871	0.02857142857142858	4.699999999999999	0.08080059303187546	0.6397331356560415	0.9977810650887574	1.349175681055803	3.0	1.3555421162306875	5	0	1	0	0	0.11538461538461539	3	3.0	0.506
MITHRIL.24911	1.0	2.394	0.16530871	0.02857142857142858	4.699999999999999	0.08080059303187546	0.02742772424017791	0.9977810650887574	1.349175681055803	3.0	-3.1882212673193178	5	0	1	0	0	0.11538461538461539	3	3.0	0.506
MITHRIL.24912	1.0	2.394	0.16530871	0.02857142857142858	4.699999999999999	0.08080059303187546	0.2520385470719051	0.9977810650887574	1.349175681055803	3.0	0.011716303189434086	5	0	1	0	0	0.11538461538461539	3	3.0	0.506
MITHRIL.24913	1.0	2.895	0.17888829	0.02857142857142858	1.8000000000000007	0.21667907669396871	0.0007446016381236039	0.9933431952662722	0.8892077213125452	7.0	-8.391243589427443	6	0	1	0	0	0.02451708766716196	2	2.0	0.501
MITHRIL.24914	1.0	2.895	0.17888829	0.0	0.3000000000000007	0.21667907669396871	0.7647058823529411	0.9933431952662722	0.8892077213125452	7.0	1.6129768768907526	6	0	1	0	0	0.02451708766716196	2	2.0	0.501
MITHRIL.24915	1.0	2.895	0.17888829	0.02857142857142858	1.8000000000000007	0.21667907669396871	0.017870439314966492	0.9933431952662722	0.8892077213125452	7.0	-3.806281088706286	6	0	1	0	0	0.02451708766716196	2	2.0	0.501
MITHRIL.24916	1.0	4.752	0.19445953	0.0	0.3000000000000007	0.7655325443786982	0.005917159763313609	1.0	0.9306197150626369	4.0	-5.400879436282184	7	1	0	0	0	1.0	1	1.0	0.287
MITHRIL.24917	1.0	4.752	0.19445953	0.0	0.0	0.7655325443786982	0.022189349112426034	1.0	0.9306197150626369	4.0	-3.4939888406736657	7	1	0	0	0	1.0	1	1.0	0.287
MITHRIL.24918	1.0	4.752	0.19445953	0.0	0.1999999999999993	0.7655325443786982	0.20636094674556213	1.0	0.9306197150626369	4.0	-0.27675812445299675	7	1	0	0	0	1.0	1	1.0	0.287
MITHRIL.24919	1.0	5.483	0.21338041	0.0	0.0	0.8572485207100592	0.0	1.0	0.6333758019098765	11.0	-44.50699332842307	8	1	0	0	0	1.0	0	0.0	0.26
MITHRIL.24920	1.0	5.483	0.21338041	0.0	0.09999999999999964	0.8572485207100592	0.13535502958579881	1.0	0.6333758019098765	11.0	-0.8851795979981419	8	1	0	0	0	1.0	0	0.0	0.26
MITHRIL.24921	1.0	5.483	0.21338041	0.0	0.0	0.8572485207100592	0.0073964497041420114	1.0	0.6333758019098765	11.0	-5.078951341394822	8	1	0	0	0	1.0	0	0.0	0.26
MITHRIL.24922	1.0	6.239	0.23115457	0.02857142857142858	3.8000000000000007	0.8698224852071006	0.11612426035502958	1.0	0.6221954437829358	11.0	-1.1062586873905573	9	0	0	1	0	0.011808118081180811	0	0.0	0.231
MITHRIL.24923	1.0	6.239	0.23115457	0.02857142857142858	4.199999999999999	0.8698224852071006	0.0	1.0	0.6221954437829358	11.0	-44.50699332842307	9	0	0	1	0	0.011808118081180811	0	0.0	0.231
MITHRIL.24924	1.0	6.239	0.23115457	0.02857142857142858	4.4	0.8698224852071006	0.014053254437869823	1.0	0.6221954437829358	11.0	-4.152951922838599	9	0	0	1	0	0.011808118081180811	0	0.0	0.231
MITHRIL.24925	1.0	4.557	0.25086004	0.02857142857142858	6.7	0.9859467455621301	0.0	1.0	0.12039988926397631	10.0	-44.50699332842307	10	0	0	1	0	0.004428044280442804	1	1.0	0.048
MITHRIL.24926	1.0	4.557	0.25086004	0.02857142857142858	4.1	0.9859467455621301	0.008136094674556213	1.0	0.12039988926397631	10.0	-4.941447817644887	10	0	0	1	0	0.004428044280442804	1	1.0	0.048
MITHRIL.24927	1.0	4.557	0.25086004	0.0	2.4000000000000004	0.9859467455621301	0.005917159763313609	1.0	0.12039988926397631	10.0	-5.400879436282184	10	0	0	1	0	0.004428044280442804	1	1.0	0.048
MITHRIL.24928	1.0	4.6	0.26963003	0.02857142857142858	4.6	0.9718934911242604	0.0	1.0	0.18480534769165086	11.0	-44.50699332842307	11	0	0	1	0	0.014022140221402213	2	2.0	0.179
MITHRIL.24929	1.0	4.6	0.26963003	0.02857142857142858	4.6	0.9718934911242604	0.028106508875739646	1.0	0.18480534769165086	11.0	-3.1529519228385987	11	0	0	1	0	0.014022140221402213	2	2.0	0.179
MITHRIL.24930	1.0	4.6	0.26963003	0.02857142857142858	4.6	0.9718934911242604	0.0	1.0	0.18480534769165086	11.0	-44.50699332842307	11	0	0	1	0	0.014022140221402213	2	2.0	0.179
MITHRIL.24931	0.999	1.858	0.28450721	0.02857142857142858	1.0999999999999996	0.6997041420118343	0.015532544378698224	1.0	1.2538718102602355	5.0	-4.008562013503424	12	0	0	0	1	0.5350553505535055	3	3.0	0.391
MITHRIL.24932	0.999	1.858	0.28450721	0.0	0.3000000000000007	0.6997041420118343	0.15088757396449703	1.0	1.2538718102602355	5.0	-0.7284540943106887	12	0	0	0	1	0.5350553505535055	3	3.0	0.391
MITHRIL.24933	0.999	1.858	0.28450721	0.02857142857142858	0.1999999999999993	0.6997041420118343	0.1338757396449704	1.0	1.2538718102602355	5.0	-0.901033549198979	12	0	0	0	1	0.5350553505535055	3	3.0	0.391
MITHRIL.24934	0.0	-2.752	0.30044058	0.0	0.0	0.7566568047337278	0.022928994082840236	1.0	1.0208402596588855	5.0	-3.446683125895309	13	0	0	0	1	1.0	4	4.0	0.585
MITHRIL.24935	0.0	-2.752	0.30044058	0.0	0.0	0.7566568047337278	0.02440828402366864	1.0	1.0208402596588855	5.0	-3.356485316923731	13	0	0	0	1	1.0	4	4.0	0.585
MITHRIL.24936	0.0	-2.752	0.30044058	0.0	0.0	0.7566568047337278	0.19600591715976332	1.0	1.0208402596588855	5.0	-0.35103088683162276	13	0	0	0	1	1.0	4	4.0	0.585
MITHRIL.24937	0.0	-5.553	0.32234896	0.0	0.0	0.08226415094339623	0.6535849056603774	0.9800295857988166	1.4597014395836332	3.0	1.3864465703888011	14	0	0	0	1	1.0	5	5.0	0.615
MITHRIL.24938	0.0	-5.553	0.32234896	0.0	0.0	0.08226415094339623	0.10415094339622641	0.9800295857988166	1.4597014395836332	3.0	-1.2632521875597549	14	0	0	0	1	1.0	5	5.0	0.615
MITHRIL.24939	0.0	-5.553	0.32234896	0.0	0.0	0.08226415094339623	0.16	0.9800295857988166	1.4597014395836332	3.0	-0.6438561897747247	14	0	0	0	1	1.0	5	5.0	0.615
MITHRIL.24940	0.0	-12.507	0.34667149	0.0	0.0	0.29000812347684807	0.3647441104792851	0.9105029585798816	1.7764291582028742	2.0	0.5449565882566896	15	0	0	0	1	1.0	6	5.0	1.998
MITHRIL.24941	0.0	-12.507	0.34667149	0.0	0.0	0.29000812347684807	0.2818846466287571	0.9105029585798816	1.7764291582028742	2.0	0.17317680609380362	15	0	0	0	1	1.0	6	5.0	1.998
MITHRIL.24942	0.0	-12.507	0.34667149	0.0	0.0	0.29000812347684807	0.06336311941510966	0.9105029585798816	1.7764291582028742	2.0	-1.980212827622209	15	0	0	0	1	1.0	6	5.0	1.998
MITHRIL.24943	0.0	-4.895	0.37322711	0.02857142857142858	0.5999999999999996	0.35428994082840237	0.36168639053254437	1.0	1.743198674301987	5.0	0.5328112186700493	23	0	0	0	1	0.5365313653136531	5	4.0	0.269
MITHRIL.24944	0.0	-4.895	0.37322711	0.02857142857142858	0.8000000000000007	0.35428994082840237	0.2440828402366864	1.0	1.743198674301987	5.0	-0.03455722203636855	23	0	0	0	1	0.5365313653136531	5	4.0	0.269
MITHRIL.24945	0.0	-4.895	0.37322711	0.02857142857142858	0.5999999999999996	0.35428994082840237	0.03994082840236687	1.0	1.743198674301987	5.0	-2.6459919341187157	23	0	0	0	1	0.5365313653136531	5	4.0	0.269
MITHRIL.24946	1.0	5.65	0.40599916	0.02857142857142858	4.6	0.9807692307692307	0.0007396449704142012	1.0	0.14905917393114115	8.0	-8.400879436282183	24	0	0	1	0	0.015498154981549815	4	3.0	0.343
MITHRIL.24947	1.0	5.65	0.40599916	0.0	0.3000000000000007	0.9807692307692307	0.017011834319526627	1.0	0.14905917393114115	8.0	-3.8773174802251713	24	0	0	1	0	0.015498154981549815	4	3.0	0.343
MITHRIL.24948	1.0	5.65	0.40599916	0.02857142857142858	4.6	0.9807692307692307	0.0014792899408284023	1.0	0.14905917393114115	8.0	-7.400879436282184	24	0	0	1	0	0.015498154981549815	4	3.0	0.343
MITHRIL.24949	1.0	7.314	0.43204176	0.02857142857142858	6.7	0.9881656804733728	0.004437869822485207	1.0	0.10935672197029925	11.0	-5.815916935561028	25	0	0	1	0	0.004428044280442804	3	2.0	0.16
MITHRIL.24950	1.0	7.314	0.43204176	0.02857142857142858	6.7	0.9881656804733728	0.005917159763313609	1.0	0.10935672197029925	11.0	-5.400879436282184	25	0	0	1	0	0.004428044280442804	3	2.0	0.16
MITHRIL.24951	1.0	7.314	0.43204176	0.02857142857142858	6.7	0.9881656804733728	0.0014792899408284023	1.0	0.10935672197029925	11.0	-7.400879436282184	25	0	0	1	0	0.004428044280442804	3	2.0	0.16
MITHRIL.24952	0.998	3.823	0.45446315	0.02857142857142858	3.5999999999999996	0.8572485207100592	0.008875739644970414	1.0	0.6709861189321514	11.0	-4.815916935561028	26	0	0	1	0	0.012546125461254613	2	1.0	0.449
MITHRIL.24953	0.998	3.823	0.45446315	0.02857142857142858	3.5	0.8572485207100592	0.005177514792899409	1.0	0.6709861189321514	11.0	-5.59352451422458	26	0	0	1	0	0.012546125461254613	2	1.0	0.449
MITHRIL.24954	0.998	3.823	0.45446315	0.0	1.9000000000000004	0.8572485207100592	0.128698224852071	1.0	0.6709861189321514	11.0	-0.9579359404334561	26	0	0	1	0	0.012546125461254613	2	1.0	0.449
MITHRIL.24955	0.0	-1.368	0.47613012	0.0	0.3000000000000007	0.46016381236038717	0.007446016381236039	0.9933431952662722	1.132356888695585	2.0	-5.06931549454008	27	1	0	0	0	0.8893016344725111	1	1.0	1.354
MITHRIL.24956	0.0	-1.368	0.47613012	0.0	0.09999999999999964	0.46016381236038717	0.5212211466865228	0.9933431952662722	1.132356888695585	2.0	1.0599675224048866	27	1	0	0	0	0.8893016344725111	1	1.0	1.354
MITHRIL.24957	0.0	-1.368	0.47613012	0.0	0.3000000000000007	0.46016381236038717	0.011169024571854059	0.9933431952662722	1.132356888695585	2.0	-4.4843529938189235	27	1	0	0	0	0.8893016344725111	1	1.0	1.354
MITHRIL.24958	0.015	0.116	0.50042248	0.02857142857142858	0.9000000000000004	0.6738165680473372	0.10133136094674557	1.0	1.281265502623645	9.0	-1.3028473533216576	29	0	0	1	0	0.1011070110701107	0	0.0	0.455
MITHRIL.24959	0.015	0.116	0.50042248	0.02857142857142858	0.6999999999999993	0.6738165680473372	0.21005917159763313	1.0	1.281265502623645	9.0	-0.2511323167775023	29	0	0	1	0	0.1011070110701107	0	0.0	0.455
MITHRIL.24960	0.015	0.116	0.50042248	0.02857142857142858	0.9000000000000004	0.6738165680473372	0.014792899408284023	1.0	1.281265502623645	9.0	-4.078951341394822	29	0	0	1	0	0.1011070110701107	0	0.0	0.455
MITHRIL.24961	0.997	2.642	0.52453377	0.02857142857142858	4.1	0.875	0.03328402366863906	1.0	0.6767974896131943	10.0	-2.9090263399525096	30	0	0	1	0	0.002952029520295203	0	0.0	0.376
MITHRIL.24962	0.997	2.642	0.52453377	0.02857142857142858	4.1	0.875	0.08653846153846154	1.0	0.6767974896131943	10.0	-1.5305147166987798	30	0	0	1	0	0.002952029520295203	0	0.0	0.376
MITHRIL.24963	0.997	2.642	0.52453377	0.02857142857142858	4.1	0.875	0.005177514792899409	1.0	0.6767974896131943	10.0	-5.59352451422458	30	0	0	1	0	0.002952029520295203	0	0.0	0.376
MITHRIL.24964	1.0	7.128	0.54466172	0.02857142857142858	4.1	0.7825443786982249	0.0007396449704142012	1.0	0.7804758692532335	14.0	-8.400879436282183	31	0	0	1	0	0.0051660516605166054	1	1.0	0.517
MITHRIL.24965	1.0	7.128	0.54466172	0.0	-0.09999999999999964	0.7825443786982249	0.21449704142011836	1.0	0.7804758692532335	14.0	-0.22097034626724976	31	0	0	1	0	0.0051660516605166054	1	1.0	0.517
MITHRIL.24966	1.0	7.128	0.54466172	0.02857142857142858	3.9000000000000004	0.7825443786982249	0.0022189349112426036	1.0	0.7804758692532335	14.0	-6.815916935561028	31	0	0	1	0	0.0051660516605166054	1	1.0	0.517
MITHRIL.24967	1.0	2.941	0.56385419	0.02857142857142858	4.300000000000001	0.23224852071005916	0.0	1.0	0.809897127511756	5.0	-44.50699332842307	32	0	0	1	0	0.0007380073800738007	2	2.0	0.432
MITHRIL.24968	1.0	2.941	0.56385419	0.0	0.0	0.23224852071005916	0.764792899408284	1.0	0.809897127511756	5.0	1.6131410340327503	32	0	0	1	0	0.0007380073800738007	2	2.0	0.432
MITHRIL.24969	1.0	2.941	0.56385419	0.02857142857142858	3.9000000000000004	0.23224852071005916	0.0029585798816568047	1.0	0.809897127511756	5.0	-6.400879436282184	32	0	0	1	0	0.0007380073800738007	2	2.0	0.432
MITHRIL.24970	1.0	5.869	0.57906331	0.02857142857142858	3.3000000000000007	0.7847633136094675	0.05917159763313609	1.0	1.0298069821166043	10.0	-2.078951341394822	33	0	0	1	0	0.008856088560885609	3	3.0	0.376
MITHRIL.24971	1.0	5.869	0.57906331	0.02857142857142858	2.5	0.7847633136094675	0.023668639053254437	1.0	1.0298069821166043	10.0	-3.4008794362821844	33	0	0	1	0	0.008856088560885609	3	3.0	0.376
MITHRIL.24972	1.0	5.869	0.57906331	0.0	1.5999999999999996	0.7847633136094675	0.13239644970414202	1.0	1.0298069821166043	10.0	-0.9170636590179277	33	0	0	1	0	0.008856088560885609	3	3.0	0.376
MITHRIL.24973	1.0	5.85	0.58881043	0.0	-0.5	0.9637573964497042	0.005177514792899409	1.0	0.2512775428738768	18.0	-5.59352451422458	34	0	0	0	1	0.9985239852398524	2	2.0	0.546
MITHRIL.24974	1.0	5.85	0.58881043	0.0	-1.3000000000000007	0.9637573964497042	0.0007396449704142012	1.0	0.2512775428738768	18.0	-8.400879436282183	34	0	0	0	1	0.9985239852398524	2	2.0	0.546
MITHRIL.24975	1.0	5.85	0.58881043	0.0	0.0	0.9637573964497042	0.030325443786982247	1.0	0.2512775428738768	18.0	-3.0433274316641006	34	0	0	0	1	0.9985239852398524	2	2.0	0.546
MITHRIL.24976	1.0	4.816	0.59514756	0.0	0.0	0.9970414201183432	0.0	1.0	0.029116681080150978	14.0	-44.50699332842307	35	0	0	0	1	0.9992619926199262	1	1.0	0.615
MITHRIL.24977	1.0	4.816	0.59514756	0.0	0.0	0.9970414201183432	0.0029585798816568047	1.0	0.029116681080150978	14.0	-6.400879436282184	35	0	0	0	1	0.9992619926199262	1	1.0	0.615
MITHRIL.24978	1.0	4.816	0.59514756	0.0	0.0	0.9970414201183432	0.0	1.0	0.029116681080150978	14.0	-44.50699332842307	35	0	0	0	1	0.9992619926199262	1	1.0	0.615
MITHRIL.24979	1.0	4.856	0.60549822	0.0	0.0	0.8735207100591716	0.0	1.0	0.5477029513831198	24.0	-44.50699332842307	36	0	0	0	1	1.0	0	0.0	0.319
MITHRIL.24980	1.0	4.856	0.60549822	0.0	0.0	0.8735207100591716	0.1264792899408284	1.0	0.5477029513831198	24.0	-0.9830269213962863	36	0	0	0	1	1.0	0	0.0	0.319
MITHRIL.24981	1.0	4.856	0.60549822	0.0	0.0	0.8735207100591716	0.0	1.0	0.5477029513831198	24.0	-44.50699332842307	36	0	0	0	1	1.0	0	0.0	0.319
MITHRIL.24982	1.0	5.949	0.61222765	0.0	0.0	1.0	0.0	1.0	-1.601713251907458e-15	27.0	-44.50699332842307	37	0	0	0	1	1.0	1	1.0	0.044
MITHRIL.24983	1.0	5.949	0.61222765	0.0	0.0	1.0	0.0	1.0	-1.601713251907458e-15	27.0	-44.50699332842307	37	0	0	0	1	1.0	1	1.0	0.044
MITHRIL.24984	1.0	5.949	0.61222765	0.0	0.0	1.0	0.0	1.0	-1.601713251907458e-15	27.0	-44.50699332842307	37	0	0	0	1	1.0	1	1.0	0.044
MITHRIL.24985	1.0	4.834	0.61690506	0.0	0.0	1.0	0.0	1.0	-1.601713251907458e-15	27.0	-44.50699332842307	38	0	0	0	1	0.9992619926199262	1	1.0	0.047
MITHRIL.24986	1.0	4.834	0.61690506	0.0	0.0	1.0	0.0	1.0	-1.601713251907458e-15	27.0	-44.50699332842307	38	0	0	0	1	0.9992619926199262	1	1.0	0.047
MITHRIL.24987	1.0	4.834	0.61690506	0.0	0.0	1.0	0.0	1.0	-1.601713251907458e-15	27.0	-44.50699332842307	38	0	0	0	1	0.9992619926199262	1	1.0	0.047
MITHRIL.24988	1.0	5.931	0.62001328	0.0	0.0	0.996301775147929	0.0	1.0	0.035203311324963224	20.0	-44.50699332842307	39	0	0	0	1	0.9992619926199262	0	0.0	0.44
MITHRIL.24989	1.0	5.931	0.62001328	0.0	0.0	0.996301775147929	0.0036982248520710057	1.0	0.035203311324963224	20.0	-6.078951341394822	39	0	0	0	1	0.9992619926199262	0	0.0	0.44
MITHRIL.24990	1.0	5.931	0.62001328	0.0	0.0	0.996301775147929	0.0	1.0	0.035203311324963224	20.0	-44.50699332842307	39	0	0	0	1	0.9992619926199262	0	0.0	0.44
MITHRIL.24991	1.0	5.866	0.62028487	0.0	-0.09999999999999964	0.985207100591716	0.014792899408284023	1.0	0.11110832175801835	25.0	-4.078951341394822	40	0	0	0	1	0.9985239852398524	1	1.0	0.403
MITHRIL.24992	1.0	5.866	0.62028487	0.0	0.0	0.985207100591716	0.0	1.0	0.11110832175801835	25.0	-44.50699332842307	40	0	0	0	1	0.9985239852398524	1	1.0	0.403
MITHRIL.24993	1.0	5.866	0.62028487	0.0	0.1999999999999993	0.985207100591716	0.0	1.0	0.11110832175801835	25.0	-44.50699332842307	40	0	0	0	1	0.9985239852398524	1	1.0	0.403
MITHRIL.24994	1.0	5.238	0.61560746	0.02857142857142858	3.5	0.783284023668639	0.13165680473372782	1.0	1.0361187683297395	10.0	-0.9251460053157865	41	0	0	1	0	0.008856088560885609	2	2.0	0.394
MITHRIL.24995	1.0	5.238	0.61560746	0.02857142857142858	3.4000000000000004	0.783284023668639	0.023668639053254437	1.0	1.0361187683297395	10.0	-3.4008794362821844	41	0	0	1	0	0.008856088560885609	2	2.0	0.394
MITHRIL.24996	1.0	5.238	0.61560746	0.02857142857142858	3.4000000000000004	0.783284023668639	0.0613905325443787	1.0	1.0361187683297395	10.0	-2.0258400049352594	41	0	0	1	0	0.008856088560885609	2	2.0	0.394
MITHRIL.24997	1.0	1.516	0.60776148	0.02857142857142858	4.300000000000001	0.2551775147928994	0.0022189349112426036	1.0	0.8496388844250862	5.0	-6.815916935561028	42	0	0	1	0	0.0007380073800738007	3	3.0	0.291
MITHRIL.24998	1.0	1.516	0.60776148	0.02857142857142858	4.300000000000001	0.2551775147928994	0.7418639053254438	1.0	0.8496388844250862	5.0	1.5692264543299963	42	0	0	1	0	0.0007380073800738007	3	3.0	0.291
MITHRIL.24999	1.0	1.516	0.60776148	0.02857142857142858	4.300000000000001	0.2551775147928994	0.0007396449704142012	1.0	0.8496388844250862	5.0	-8.400879436282183	42	0	0	1	0	0.0007380073800738007	3	3.0	0.291
MITHRIL.25000	1.0	3.216	0.59964391	0.02857142857142858	4.1	0.7788461538461539	0.0029585798816568047	1.0	0.7920563995795372	11.0	-6.400879436282184	43	0	0	1	0	0.0051660516605166054	4	2.0	0.389
MITHRIL.25001	1.0	3.216	0.59964391	0.02857142857142858	4.1	0.7788461538461539	0.21745562130177515	1.0	0.7920563995795372	11.0	-0.2012070914458199	43	0	0	1	0	0.0051660516605166054	4	2.0	0.389
MITHRIL.25002	1.0	3.216	0.59964391	0.02857142857142858	4.1	0.7788461538461539	0.0007396449704142012	1.0	0.7920563995795372	11.0	-8.400879436282183	43	0	0	1	0	0.0051660516605166054	4	2.0	0.389
MITHRIL.25003	1.0	3.643	0.58739212	0.02857142857142858	4.1	0.8594674556213018	0.004437869822485207	1.0	0.7256219769220967	10.0	-5.815916935561028	44	0	0	1	0	0.002952029520295203	5	1.0	0.697
MITHRIL.25004	1.0	3.643	0.58739212	0.0	-0.09999999999999964	0.8594674556213018	0.10133136094674557	1.0	0.7256219769220967	10.0	-1.3028473533216576	44	0	0	1	0	0.002952029520295203	5	1.0	0.697
MITHRIL.25005	1.0	3.643	0.58739212	0.02857142857142858	3.9000000000000004	0.8594674556213018	0.03476331360946745	1.0	0.7256219769220967	10.0	-2.846290584604547	44	0	0	1	0	0.002952029520295203	5	1.0	0.697
MITHRIL.25006	0.868	0.832	0.57369183	0.02857142857142858	1.0	0.6871301775147929	0.019970414201183433	1.0	1.2679154860805424	9.0	-3.6459919341187157	45	0	0	1	0	0.1018450184501845	6	1.0	0.593
MITHRIL.25007	0.868	0.832	0.57369183	0.0	0.8000000000000007	0.6871301775147929	0.1997041420118343	1.0	1.2679154860805424	9.0	-0.32406383923135346	45	0	0	1	0	0.1018450184501845	6	1.0	0.593
MITHRIL.25008	0.868	0.832	0.57369183	0.02857142857142858	0.9000000000000004	0.6871301775147929	0.09319526627218935	1.0	1.2679154860805424	9.0	-1.4235995127822678	45	0	0	1	0	0.1018450184501845	6	1.0	0.593
MITHRIL.25009	0.899	4.155	0.56074597	0.0	0.1999999999999993	0.8461538461538461	0.040680473372781065	1.0	0.8045411165857024	10.0	-2.619519722757525	46	1	0	0	0	0.8907749077490775	7	2.0	1.085
MITHRIL.25010	0.899	4.155	0.56074597	0.0	0.0	0.8461538461538461	0.01257396449704142	1.0	0.8045411165857024	10.0	-4.313416595031845	46	1	0	0	0	0.8907749077490775	7	2.0	1.085
MITHRIL.25011	0.899	4.155	0.56074597	0.0	0.1999999999999993	0.8461538461538461	0.10059171597633136	1.0	0.8045411165857024	10.0	-1.3134165950318448	46	1	0	0	0	0.8907749077490775	7	2.0	1.085
MITHRIL.25012	0.386	0.299	0.55096868	0.0	0.0	0.6812130177514792	0.1797337278106509	1.0	1.294705706325819	5.0	-0.4760669326764034	47	1	0	0	0	0.9985239852398524	8	3.0	0.964
MITHRIL.25013	0.386	0.299	0.55096868	0.0	0.0	0.6812130177514792	0.01775147928994083	1.0	1.294705706325819	5.0	-3.8159169355610283	47	1	0	0	0	0.9985239852398524	8	3.0	0.964
MITHRIL.25014	0.386	0.299	0.55096868	0.0	0.0	0.6812130177514792	0.12130177514792899	1.0	1.294705706325819	5.0	-1.0433274316641006	47	1	0	0	0	0.9985239852398524	8	3.0	0.964
MITHRIL.25015	0.013	1.179	0.54508419	0.0	0.0	0.8001480384900074	0.02146558105107328	0.9992603550295858	0.9360111928068843	9.0	-3.5418309641981125	48	1	0	0	0	0.9992614475627769	9	4.0	0.311
MITHRIL.25016	0.013	1.179	0.54508419	0.0	0.0	0.8001480384900074	0.029607698001480384	0.9992603550295858	0.9360111928068843	9.0	-3.077883864438322	48	1	0	0	0	0.9992614475627769	9	4.0	0.311
MITHRIL.25017	0.013	1.179	0.54508419	0.0	0.0	0.8001480384900074	0.14877868245743894	0.9992603550295858	0.9360111928068843	9.0	-0.7487602681467558	48	1	0	0	0	0.9992614475627769	9	4.0	0.311
MITHRIL.25018	0.0	-6.244	0.53808317	0.0	0.0	0.4614814814814815	0.27111111111111114	0.9985207100591716	1.6725925286148868	3.0	0.11695614634584935	49	1	0	0	0	0.9985218033998522	10	5.0	1.073
MITHRIL.25019	0.0	-6.244	0.53808317	0.0	0.0	0.4614814814814815	0.2362962962962963	0.9985207100591716	1.6725925286148868	3.0	-0.08133107817332379	49	1	0	0	0	0.9985218033998522	10	5.0	1.073
MITHRIL.25020	0.0	-6.244	0.53808317	0.0	0.0	0.4614814814814815	0.03111111111111111	0.9985207100591716	1.6725925286148868	3.0	-3.006426269159433	49	1	0	0	0	0.9985218033998522	10	5.0	1.073
MITHRIL.25021	0.0	-0.679	0.5283964	0.0	-0.1999999999999993	0.7544014084507042	0.176056338028169	0.8402366863905325	1.0918010439514525	5.0	-0.5058909297299574	50	1	0	0	0	1.0	11	6.0	0.914
MITHRIL.25022	0.0	-0.679	0.5283964	0.0	-0.09999999999999964	0.7544014084507042	0.0625	0.8402366863905325	1.0918010439514525	5.0	-2.0	50	1	0	0	0	1.0	11	6.0	0.914
MITHRIL.25023	0.0	-0.679	0.5283964	0.0	-0.1999999999999993	0.7544014084507042	0.007042253521126761	0.8402366863905325	1.0918010439514525	5.0	-5.149747119504682	50	1	0	0	0	1.0	11	6.0	0.914
MITHRIL.25024	0.0	0.025	0.52085219	0.02857142857142858	0.8000000000000007	0.1497405485544848	0.002223869532987398	0.9977810650887574	0.6554933986531682	5.0	-6.812712132227111	51	0	0	1	0	0.0029585798816568047	10	5.0	0.409
MITHRIL.25025	0.0	0.025	0.52085219	0.0	-0.40000000000000036	0.1497405485544848	0.8458117123795404	0.9977810650887574	0.6554933986531682	5.0	1.7584084433404141	51	0	0	1	0	0.0029585798816568047	10	5.0	0.409
MITHRIL.25026	0.0	0.025	0.52085219	0.02857142857142858	0.9000000000000004	0.1497405485544848	0.002223869532987398	0.9977810650887574	0.6554933986531682	5.0	-6.812712132227111	51	0	0	1	0	0.0029585798816568047	10	5.0	0.409
MITHRIL.25027	0.0	-0.333	0.5078158	0.02857142857142858	4.199999999999999	0.279466271312083	0.0029651593773165306	0.9977810650887574	1.1149897342687232	5.0	-6.397674632948267	52	0	0	1	0	0.023668639053254437	9	6.0	0.383
MITHRIL.25028	0.0	-0.333	0.5078158	0.0	0.3000000000000007	0.279466271312083	0.6753150481838399	0.9977810650887574	1.1149897342687232	5.0	1.4336326108537834	52	0	0	1	0	0.023668639053254437	9	6.0	0.383
MITHRIL.25029	0.0	-0.333	0.5078158	0.02857142857142858	3.8000000000000007	0.279466271312083	0.04225352112676056	0.9977810650887574	1.1149897342687232	5.0	-2.5647846187835257	52	0	0	1	0	0.023668639053254437	9	6.0	0.383
MITHRIL.25030	0.003	1.379	0.49173155	0.02857142857142858	6.4	0.3107302533532042	0.04992548435171386	0.992603550295858	1.2518518206206717	7.0	-2.324079765742411	53	0	0	1	0	0.010408921933085501	8	7.0	0.521
MITHRIL.25031	0.003	1.379	0.49173155	0.02857142857142858	6.4	0.3107302533532042	0.014157973174366617	0.992603550295858	1.2518518206206717	7.0	-4.142241442756598	53	0	0	1	0	0.010408921933085501	8	7.0	0.521
MITHRIL.25032	0.003	1.379	0.49173155	0.02857142857142858	6.4	0.3107302533532042	0.6251862891207154	0.992603550295858	1.2518518206206717	7.0	1.3223580442396399	53	0	0	1	0	0.010408921933085501	8	7.0	0.521
MITHRIL.25033	0.0	0.397	0.4749834	0.02857142857142858	4.5	0.36384096024006	0.012003000750187547	0.9859467455621301	1.1955687397029204	5.0	-4.380461065088973	54	0	0	1	0	0.033682634730538924	7	6.0	0.572
MITHRIL.25034	0.0	0.397	0.4749834	0.0	0.9000000000000004	0.36384096024006	0.5971492873218305	0.9859467455621301	1.1955687397029204	5.0	1.2561635554546757	54	0	0	1	0	0.033682634730538924	7	6.0	0.572
MITHRIL.25035	0.0	0.397	0.4749834	0.02857142857142858	4.4	0.36384096024006	0.02700675168792198	0.9859467455621301	1.1955687397029204	5.0	-3.2105360636466607	54	0	0	1	0	0.033682634730538924	7	6.0	0.572
MITHRIL.25036	0.0	0.02	0.45398032	0.02857142857142858	3.3000000000000007	0.3140495867768595	0.4996243425995492	0.9844674556213018	1.6486396039402083	5.0	0.9989156744766601	55	0	0	1	0	0.5119940029985007	6	5.0	0.225
MITHRIL.25037	0.0	0.02	0.45398032	0.02857142857142858	3.5999999999999996	0.3140495867768595	0.11945905334335086	0.9844674556213018	1.6486396039402083	5.0	-1.0654119006275364	55	0	0	1	0	0.5119940029985007	6	5.0	0.225
MITHRIL.25038	0.0	0.02	0.45398032	0.02857142857142858	3.5	0.3140495867768595	0.06686701728024042	0.9844674556213018	1.6486396039402083	5.0	-1.902561424945494	55	0	0	1	0	0.5119940029985007	6	5.0	0.225
MITHRIL.25039	0.0	-1.286	0.43228318	0.0	0.8000000000000007	0.17381656804733728	0.5251479289940828	1.0	1.6035394397077272	2.0	1.07079577810986	56	0	0	0	1	0.9985239852398524	5	5.0	0.47
MITHRIL.25040	0.0	-1.286	0.43228318	0.0	0.0	0.17381656804733728	0.03476331360946745	1.0	1.6035394397077272	2.0	-2.846290584604547	56	0	0	0	1	0.9985239852398524	5	5.0	0.47
MITHRIL.25041	0.0	-1.286	0.43228318	0.0	0.5	0.17381656804733728	0.26627218934911245	1.0	1.6035394397077272	2.0	0.09097366004749054	56	0	0	0	1	0.9985239852398524	5	5.0	0.47
MITHRIL.25042	0.0	-2.793	0.41791901	0.0	0.0	0.14617691154422788	0.2623688155922039	0.9866863905325444	1.5928511070520752	5.0	0.06966816064774368	57	0	0	0	1	0.9985041136873598	4	4.0	0.637
MITHRIL.25043	0.0	-2.793	0.41791901	0.0	0.0	0.14617691154422788	0.046476761619190406	0.9866863905325444	1.5928511070520752	5.0	-2.4273466407977096	57	0	0	0	1	0.9985041136873598	4	4.0	0.637
MITHRIL.25044	0.0	-2.793	0.41791901	0.0	0.0	0.14617691154422788	0.5449775112443778	0.9866863905325444	1.5928511070520752	5.0	1.1242686027350093	57	0	0	0	1	0.9985041136873598	4	4.0	0.637
MITHRIL.25045	0.0	-15.955	0.40319271	0.0	0.0	0.4885145482388974	0.23966309341500766	0.9659763313609467	1.6420805101858849	2.0	-0.06092033461381241	58	0	0	0	1	0.9992360580595875	3	3.0	1.064
MITHRIL.25046	0.0	-15.955	0.40319271	0.0	0.0	0.4885145482388974	0.03139356814701378	0.9659763313609467	1.6420805101858849	2.0	-2.9933871769283473	58	0	0	0	1	0.9992360580595875	3	3.0	1.064
MITHRIL.25047	0.0	-15.955	0.40319271	0.0	0.0	0.4885145482388974	0.24042879019908117	0.9659763313609467	1.6420805101858849	2.0	-0.05631843265480372	58	0	0	0	1	0.9992360580595875	3	3.0	1.064
MITHRIL.25048	0.0	-8.04	0.3820991	0.0	0.0	0.5696302124311565	0.2911093627065303	0.9400887573964497	1.4657719893911958	5.0	0.21963314551135335	59	0	0	0	1	0.9992150706436421	2	2.0	1.115
MITHRIL.25049	0.0	-8.04	0.3820991	0.0	0.0	0.5696302124311565	0.024390243902439025	0.9400887573964497	1.4657719893911958	5.0	-3.357552004618084	59	0	0	0	1	0.9992150706436421	2	2.0	1.115
MITHRIL.25050	0.0	-8.04	0.3820991	0.0	0.0	0.5696302124311565	0.11487018095987411	0.9400887573964497	1.4657719893911958	5.0	-1.1219237561249418	59	0	0	0	1	0.9992150706436421	2	2.0	1.115
MITHRIL.25051	0.0	-2.403	0.36197115	0.0	0.0	0.2342857142857143	0.5779591836734694	0.9060650887573964	1.5655197511482077	2.0	1.2090395161930647	60	0	0	0	1	0.9983753046303818	1	1.0	0.905
MITHRIL.25052	0.0	-2.403	0.36197115	0.0	0.0	0.2342857142857143	0.10775510204081633	0.9060650887573964	1.5655197511482077	2.0	-1.2141719145314795	60	0	0	0	1	0.9983753046303818	1	1.0	0.905
MITHRIL.25053	0.0	-2.403	0.36197115	0.0	0.0	0.2342857142857143	0.08	0.9060650887573964	1.5655197511482077	2.0	-1.6438561897747246	60	0	0	0	1	0.9983753046303818	1	1.0	0.905
MITHRIL.25054	0.0	-3.403	0.34564548	0.0	0.0	0.5622807017543859	0.2	0.8431952662721893	1.5935896299274863	0.0	-0.3219280948873623	61	0	0	0	1	0.9982532751091703	0	0.0	0.694
MITHRIL.25055	0.0	-3.403	0.34564548	0.0	0.0	0.5622807017543859	0.1570175438596491	0.8431952662721893	1.5935896299274863	0.0	-0.6710023317878477	61	0	0	0	1	0.9982532751091703	0	0.0	0.694
MITHRIL.25056	0.0	-3.403	0.34564548	0.0	0.0	0.5622807017543859	0.08070175438596491	0.8431952662721893	1.5935896299274863	0.0	-1.631256152995091	61	0	0	0	1	0.9982532751091703	0	0.0	0.694
MITHRIL.25057	0.0	-1.613	0.32772044	0.0	0.0	0.16666666666666666	0.7140039447731755	0.75	1.2573547696369576	4.0	1.5140039500798648	62	0	0	0	1	0.9990167158308751	1	1.0	1.193
MITHRIL.25058	0.0	-1.613	0.32772044	0.0	0.0	0.16666666666666666	0.05128205128205128	0.75	1.2573547696369576	4.0	-2.2854022188622483	62	0	0	0	1	0.9990167158308751	1	1.0	1.193
MITHRIL.25059	0.0	-1.613	0.32772044	0.0	0.0	0.16666666666666666	0.06804733727810651	0.75	1.2573547696369576	4.0	-1.8773174802251715	62	0	0	0	1	0.9990167158308751	1	1.0	1.193
MITHRIL.25060	0.0	-2.192	0.31700766	0.0	0.0	0.5154639175257731	0.31958762886597936	0.14349112426035504	0.6224991735204617	3.0	0.35428346819974743	63	0	0	0	1	1.0	2	2.0	1.067
MITHRIL.25061	0.0	-2.192	0.31700766	0.0	0.0	0.5154639175257731	0.020618556701030927	0.14349112426035504	0.6224991735204617	3.0	-3.599912842187128	63	0	0	0	1	1.0	2	2.0	1.067
MITHRIL.25062	0.0	-2.192	0.31700766	0.0	0.0	0.5154639175257731	0.14432989690721648	0.14349112426035504	0.6224991735204617	3.0	-0.7925579201295238	63	0	0	0	1	1.0	2	2.0	1.067
MITHRIL.25063	0.0	-5.618	0.31456334	0.0	0.40000000000000036	0.7115384615384616	0.1346153846153846	0.038461538461538464	0.2251808222662673	3.0	-0.8930847960834881	64	0	0	0	1	1.0	3	3.0	0.47
MITHRIL.25064	0.0	-5.618	0.31456334	0.0	0.1999999999999993	0.7115384615384616	0.0	0.038461538461538464	0.2251808222662673	3.0	-44.50699332842307	64	0	0	0	1	1.0	3	3.0	0.47
MITHRIL.25065	0.0	-5.618	0.31456334	0.0	0.0	0.7115384615384616	0.15384615384615385	0.038461538461538464	0.2251808222662673	3.0	-0.7004397181410921	64	0	0	0	1	1.0	3	3.0	0.47
MITHRIL.25066	0.0	-3.47	0.31540829	0.02857142857142858	2.5999999999999996	0.6975537435137139	0.09562638991845812	0.9977810650887574	1.2674867626178732	5.0	-1.3864473775250135	65	0	0	1	0	0.5044378698224852	4	4.0	0.349
MITHRIL.25067	0.0	-3.47	0.31540829	0.02857142857142858	2.6999999999999993	0.6975537435137139	0.025203854707190512	0.9977810650887574	1.2674867626178732	5.0	-3.310211791697928	65	0	0	1	0	0.5044378698224852	4	4.0	0.349
MITHRIL.25068	0.0	-3.47	0.31540829	0.0	2.5	0.6975537435137139	0.1816160118606375	0.9977810650887574	1.2674867626178732	5.0	-0.4610366939456971	65	0	0	1	0	0.5044378698224852	4	4.0	0.349
MITHRIL.25069	0.053	0.642	0.31251132	0.05714285714285716	6.3	0.3469236471460341	0.02446256486286138	0.9977810650887574	1.18368705779113	5.0	-3.353280513589814	66	0	0	1	0	0.03328402366863906	5	5.0	0.438
MITHRIL.25070	0.053	0.642	0.31251132	0.02857142857142858	4.800000000000001	0.3469236471460341	0.6137879911045219	0.9977810650887574	1.18368705779113	5.0	1.2958123245510578	66	0	0	1	0	0.03328402366863906	5	5.0	0.438
MITHRIL.25071	0.053	0.642	0.31251132	0.05714285714285716	6.3	0.3469236471460341	0.014825796886582653	0.9977810650887574	1.18368705779113	5.0	-4.075746538060906	66	0	0	1	0	0.03328402366863906	5	5.0	0.438
MITHRIL.25072	0.352	4.767	0.30937293	0.02857142857142858	6.4	0.3137108792846498	0.6192250372578242	0.992603550295858	1.270521413123959	7.0	1.3085357105701612	67	0	0	1	0	0.009665427509293681	6	6.0	0.509
MITHRIL.25073	0.352	4.767	0.30937293	0.02857142857142858	3.8000000000000007	0.3137108792846498	0.01713859910581222	0.992603550295858	1.270521413123959	7.0	-3.8666070001431705	67	0	0	1	0	0.009665427509293681	6	6.0	0.509
MITHRIL.25074	0.352	4.767	0.30937293	0.0	2.5999999999999996	0.3137108792846498	0.04992548435171386	0.992603550295858	1.270521413123959	7.0	-2.324079765742411	67	0	0	1	0	0.009665427509293681	6	6.0	0.509
MITHRIL.25075	0.039	-0.532	0.30548011	0.02857142857142858	4.199999999999999	0.2865716429107277	0.03150787696924231	0.9859467455621301	1.0996645206117033	5.0	-2.988143642310213	68	0	0	1	0	0.02245508982035928	7	5.0	0.654
MITHRIL.25076	0.039	-0.532	0.30548011	0.02857142857142858	4.199999999999999	0.2865716429107277	0.6766691672918229	0.9859467455621301	1.0996645206117033	5.0	1.4365225581664076	68	0	0	1	0	0.02245508982035928	7	5.0	0.654
MITHRIL.25077	0.039	-0.532	0.30548011	0.02857142857142858	4.199999999999999	0.2865716429107277	0.005251312828207052	0.9859467455621301	1.0996645206117033	5.0	-5.573106143031369	68	0	0	1	0	0.02245508982035928	7	5.0	0.654
MITHRIL.25078	0.983	4.74	0.29971634	0.02857142857142858	0.5999999999999996	0.16078136739293764	0.002253944402704733	0.9844674556213018	0.6928145961199157	5.0	-6.793332355190736	69	0	0	1	0	0.0014992503748125937	8	4.0	0.26
MITHRIL.25079	0.983	4.74	0.29971634	0.05714285714285716	0.5999999999999996	0.16078136739293764	0.8347107438016529	0.9844674556213018	0.6928145961199157	5.0	1.7393482454772002	69	0	0	1	0	0.0014992503748125937	8	4.0	0.26
MITHRIL.25080	0.983	4.74	0.29971634	0.02857142857142858	0.5	0.16078136739293764	0.002253944402704733	0.9844674556213018	0.6928145961199157	5.0	-6.793332355190736	69	0	0	1	0	0.0014992503748125937	8	4.0	0.26
MITHRIL.25081	0.979	3.069	0.29639689	0.02857142857142858	1.0	0.246301775147929	0.01849112426035503	1.0	0.9523950690905576	7.0	-3.7570232465074596	70	0	1	0	0	0.024354243542435424	9	3.0	0.358
MITHRIL.25082	0.979	3.069	0.29639689	0.02857142857142858	1.5	0.246301775147929	0.7329881656804734	1.0	0.9523950690905576	7.0	1.5518618109043039	70	0	1	0	0	0.024354243542435424	9	3.0	0.358
MITHRIL.25083	0.979	3.069	0.29639689	0.02857142857142858	0.9000000000000004	0.246301775147929	0.0022189349112426036	1.0	0.9523950690905576	7.0	-6.815916935561028	70	0	1	0	0	0.024354243542435424	9	3.0	0.358
MITHRIL.25084	0.86	0.227	0.29060293	0.02857142857142858	4.699999999999999	0.057692307692307696	0.33357988165680474	1.0	1.4227763566066316	2.0	0.4161041869731967	71	0	1	0	0	0.11586715867158671	10	4.0	0.677
MITHRIL.25085	0.86	0.227	0.29060293	0.0	0.0	0.057692307692307696	0.04215976331360947	1.0	1.4227763566066316	2.0	-2.5679894221174426	71	0	1	0	0	0.11586715867158671	10	4.0	0.677
MITHRIL.25086	0.86	0.227	0.29060293	0.02857142857142858	4.699999999999999	0.057692307692307696	0.5665680473372781	1.0	1.4227763566066316	2.0	1.1803211456427727	71	0	1	0	0	0.11586715867158671	10	4.0	0.677
MITHRIL.25087	0.867	0.444	0.28351138	0.02857142857142858	6.2	0.10510732790525537	0.029607698001480384	0.9992603550295858	0.7633728224553039	5.0	-3.077883864438322	72	0	1	0	0	0.03692762186115214	11	5.0	0.369
MITHRIL.25088	0.867	0.444	0.28351138	0.02857142857142858	3.5999999999999996	0.10510732790525537	0.011843079200592153	0.9992603550295858	0.7633728224553039	5.0	-4.399811959325684	72	0	1	0	0	0.03692762186115214	11	5.0	0.369
MITHRIL.25089	0.867	0.444	0.28351138	0.0	1.9000000000000004	0.10510732790525537	0.8534418948926721	0.9992603550295858	0.7633728224553039	5.0	1.7713648383260874	72	0	1	0	0	0.03692762186115214	11	5.0	0.369
MITHRIL.25090	0.932	3.415	0.27623876	0.02857142857142858	4.699999999999999	0.8711111111111111	0.006666666666666667	0.9985207100591716	0.6944999236727318	5.0	-5.22881869049588	73	0	1	0	0	0.016260162601626018	12	6.0	0.288
MITHRIL.25091	0.932	3.415	0.27623876	0.0	0.6999999999999993	0.8711111111111111	0.09037037037037036	0.9985207100591716	0.6944999236727318	5.0	-1.468006354375307	73	0	1	0	0	0.016260162601626018	12	6.0	0.288
MITHRIL.25092	0.932	3.415	0.27623876	0.02857142857142858	4.6	0.8711111111111111	0.03185185185185185	0.9985207100591716	0.6944999236727318	5.0	-2.972478937236095	73	0	1	0	0	0.016260162601626018	12	6.0	0.288
MITHRIL.25093	0.885	0.028	0.27285895	0.02857142857142858	6.2	0.5585185185185185	0.4022222222222222	0.9985207100591716	1.2202946921161486	3.0	0.6860646958661683	74	0	1	0	0	0.017738359201773836	13	7.0	0.358
MITHRIL.25094	0.885	0.028	0.27285895	0.02857142857142858	6.2	0.5585185185185185	0.022222222222222223	0.9985207100591716	1.2202946921161486	3.0	-3.4918530963296748	74	0	1	0	0	0.017738359201773836	13	7.0	0.358
MITHRIL.25095	0.885	0.028	0.27285895	0.02857142857142858	6.2	0.5585185185185185	0.017037037037037038	0.9985207100591716	1.2202946921161486	3.0	-3.8751817358811804	74	0	1	0	0	0.017738359201773836	13	7.0	0.358
MITHRIL.25096	0.999	2.426	0.26800048	0.02857142857142858	5.199999999999999	0.8354336545589326	0.02001482579688658	0.9977810650887574	0.8121894956578075	5.0	-3.642787130784799	75	0	1	0	0	0.013313609467455622	14	8.0	0.168
MITHRIL.25097	0.999	2.426	0.26800048	0.02857142857142858	3.9000000000000004	0.8354336545589326	0.1267605633802817	0.9977810650887574	0.8121894956578075	5.0	-0.9798221180623697	75	0	1	0	0	0.013313609467455622	14	8.0	0.168
MITHRIL.25098	0.999	2.426	0.26800048	0.02857142857142858	4.800000000000001	0.8354336545589326	0.017790956263899184	0.9977810650887574	0.8121894956578075	5.0	-3.8127121322271114	75	0	1	0	0	0.013313609467455622	14	8.0	0.168
MITHRIL.25099	1.0	5.171	0.26142193	0.02857142857142858	2.9000000000000004	0.9300074460163812	0.022338049143708117	0.9933431952662722	0.4518123410309618	14.0	-3.484352993818924	76	0	1	0	0	0.005943536404160475	15	9.0	0.267
MITHRIL.25100	1.0	5.171	0.26142193	0.02857142857142858	3.0999999999999996	0.9300074460163812	0.0029784065524944155	0.9933431952662722	0.4518123410309618	14.0	-6.391243589427442	76	0	1	0	0	0.005943536404160475	15	9.0	0.267
MITHRIL.25101	1.0	5.171	0.26142193	0.02857142857142858	3.0999999999999996	0.9300074460163812	0.044676098287416234	0.9933431952662722	0.4518123410309618	14.0	-2.484352993818924	76	0	1	0	0	0.005943536404160475	15	9.0	0.267
MITHRIL.25102	0.014	0.405	0.2518257	0.0	0.6999999999999993	0.8554778554778555	0.006216006216006216	0.9519230769230769	0.7612550168859459	5.0	-5.329796338220702	77	1	0	0	0	0.9976744186046511	16	10.0	0.779
MITHRIL.25103	0.014	0.405	0.2518257	0.0	-0.1999999999999993	0.8554778554778555	0.11266511266511267	0.9519230769230769	0.7612550168859459	5.0	-1.1498872482057672	77	1	0	0	0	0.9976744186046511	16	10.0	0.779
MITHRIL.25104	0.014	0.405	0.2518257	0.0	0.5	0.8554778554778555	0.02564102564102564	0.9519230769230769	0.7612550168859459	5.0	-3.2854022188622483	77	1	0	0	0	0.9976744186046511	16	10.0	0.779
MITHRIL.30124	0.91	1.174	0.38369847	0.02941176470588236	1.4000000000000004	0.7777777777777778	0.0007407407407407407	1.0	0.8285131646525483	7.0	-8.398743691938193	0	0	1	0	0	0.005809731299927378	8	8.0	0.47
MITHRIL.30125	0.91	1.174	0.38369847	0.0	-0.29999999999999893	0.7777777777777778	0.21185185185185185	1.0	0.8285131646525483	7.0	-0.23887235515980385	0	0	1	0	0	0.005809731299927378	8	8.0	0.47
MITHRIL.30126	0.91	1.174	0.38369847	0.02941176470588236	1.7000000000000002	0.7777777777777778	0.00962962962962963	1.0	0.8285131646525483	7.0	-4.698303973797101	0	0	1	0	0	0.005809731299927378	8	8.0	0.47
MITHRIL.30127	0.026	0.012	0.38644457	0.02941176470588236	6.2	0.28169014084507044	0.013343217197924388	0.9992592592592593	1.0032674031972422	5.0	-4.227749631505955	1	0	1	0	0	0.00944767441860465	7	7.0	0.358
MITHRIL.30128	0.026	0.012	0.38644457	0.02941176470588236	3.6000000000000005	0.28169014084507044	0.005930318754633061	0.9992592592592593	1.0032674031972422	5.0	-5.397674632948267	1	0	1	0	0	0.00944767441860465	7	7.0	0.358
MITHRIL.30129	0.026	0.012	0.38644457	0.0	2.3000000000000007	0.28169014084507044	0.6990363232023721	0.9992592592592593	1.0032674031972422	5.0	1.483439327726829	1	0	1	0	0	0.00944767441860465	7	7.0	0.358
MITHRIL.30130	0.032	1.684	0.3927817	0.02941176470588236	5.4	0.4395848776871757	0.02742772424017791	0.9992592592592593	1.252757677074261	5.0	-3.1882212673193178	2	0	1	0	0	0.029796511627906978	6	6.0	0.293
MITHRIL.30131	0.032	1.684	0.3927817	0.02941176470588236	4.800000000000001	0.4395848776871757	0.5166790214974055	0.9992592592592593	1.252757677074261	5.0	1.0473402129201557	2	0	1	0	0	0.029796511627906978	6	6.0	0.293
MITHRIL.30132	0.032	1.684	0.3927817	0.02941176470588236	4.4	0.4395848776871757	0.01630837657524092	0.9992592592592593	1.252757677074261	5.0	-3.93824301431097	2	0	1	0	0	0.029796511627906978	6	6.0	0.293
MITHRIL.30133	0.018	0.149	0.40479208	0.02941176470588236	6.4	0.25796886582653816	0.014084507042253521	0.9992592592592593	0.9582717244194667	9.0	-4.149747119504682	3	0	1	0	0	0.007267441860465116	5	5.0	0.437
MITHRIL.30134	0.018	0.149	0.40479208	0.02941176470588236	3.8000000000000007	0.25796886582653816	0.0037064492216456633	0.9992592592592593	0.9582717244194667	9.0	-6.075746538060906	3	0	1	0	0	0.007267441860465116	5	5.0	0.437
MITHRIL.30135	0.018	0.149	0.40479208	0.0	2.6000000000000005	0.25796886582653816	0.7242401779095626	0.9992592592592593	0.9582717244194667	9.0	1.5345401190201178	3	0	1	0	0	0.007267441860465116	5	5.0	0.437
MITHRIL.30136	0.036	0.68	0.4153238	0.02941176470588236	4.2	0.7856083086053413	0.0897626112759644	0.9985185185185185	1.0041979556174598	7.0	-1.4777415439072639	4	0	1	0	0	0.02327272727272727	4	4.0	0.468
MITHRIL.30137	0.036	0.68	0.4153238	0.02941176470588236	4.2	0.7856083086053413	0.11646884272997032	0.9985185185185185	1.0041979556174598	7.0	-1.1019840322902315	4	0	1	0	0	0.02327272727272727	4	4.0	0.468
MITHRIL.30138	0.036	0.68	0.4153238	0.02941176470588236	4.2	0.7856083086053413	0.008160237388724036	0.9985185185185185	1.0041979556174598	7.0	-4.937173162544561	4	0	1	0	0	0.02327272727272727	4	4.0	0.468
MITHRIL.30139	0.069	0.292	0.42908443	0.02941176470588236	3.7	0.836053412462908	0.039317507418397624	0.9985185185185185	0.8485822915716543	6.0	-2.6686843266186595	5	0	1	0	0	0.02618181818181818	3	3.0	0.506
MITHRIL.30140	0.069	0.292	0.42908443	0.02941176470588236	3.7	0.836053412462908	0.10682492581602374	0.9985185185185185	0.8485822915716543	6.0	-1.2266797797395461	5	0	1	0	0	0.02618181818181818	3	3.0	0.506
MITHRIL.30141	0.069	0.292	0.42908443	0.02941176470588236	3.7	0.836053412462908	0.017804154302670624	0.9985185185185185	0.8485822915716543	6.0	-3.811642280460702	5	0	1	0	0	0.02618181818181818	3	3.0	0.506
MITHRIL.30142	0.792	1.316	0.44000845	0.02941176470588236	0.6000000000000005	0.37537091988130566	0.07047477744807122	0.9985185185185185	1.31979724861623	9.0	-1.8267491728509104	6	0	1	0	0	0.005818181818181818	2	2.0	0.501
MITHRIL.30143	0.792	1.316	0.44000845	0.02941176470588236	0.9000000000000004	0.37537091988130566	0.548219584569733	0.9985185185185185	1.31979724861623	9.0	1.1328257729642925	6	0	1	0	0	0.005818181818181818	2	2.0	0.501
MITHRIL.30144	0.792	1.316	0.44000845	0.02941176470588236	0.5	0.37537091988130566	0.005934718100890208	0.9985185185185185	1.31979724861623	9.0	-5.396604781181859	6	0	1	0	0	0.005818181818181818	2	2.0	0.501
MITHRIL.30145	1.0	7.73	0.44782425	0.0	-0.29999999999999893	0.9822090437361009	0.006671608598962194	0.9992592592592593	0.15608749174731454	9.0	-5.227749631505955	7	1	0	0	0	1.0	1	1.0	0.287
MITHRIL.30146	1.0	7.73	0.44782425	0.0	0.0	0.9822090437361009	0.0029651593773165306	0.9992592592592593	0.15608749174731454	9.0	-6.397674632948267	7	1	0	0	0	1.0	1	1.0	0.287
MITHRIL.30147	1.0	7.73	0.44782425	0.0	-0.40000000000000036	0.9822090437361009	0.00815418828762046	0.9992592592592593	0.15608749174731454	9.0	-4.93824301431097	7	1	0	0	0	1.0	1	1.0	0.287
MITHRIL.30148	1.0	7.123	0.45542881	0.0	-0.09999999999999964	0.9977761304670126	0.0	0.9992592592592593	0.025895150725281493	14.0	-44.50699332842307	8	1	0	0	0	1.0	0	0.0	0.26
MITHRIL.30149	1.0	7.123	0.45542881	0.0	0.0	0.9977761304670126	0.0007412898443291327	0.9992592592592593	0.025895150725281493	14.0	-8.397674632948268	8	1	0	0	0	1.0	0	0.0	0.26
MITHRIL.30150	1.0	7.123	0.45542881	0.0	0.20000000000000107	0.9977761304670126	0.0014825796886582653	0.9992592592592593	0.025895150725281493	14.0	-7.397674632948267	8	1	0	0	0	1.0	0	0.0	0.26
MITHRIL.30151	1.0	2.866	0.46061923	0.02941176470588236	3.1000000000000005	0.9325925925925926	0.05703703703703704	1.0	0.39792420653036986	11.0	-2.131957151243292	9	0	0	1	0	0.008714596949891068	0	0.0	0.231
MITHRIL.30152	1.0	2.866	0.46061923	0.02941176470588236	3.0	0.9325925925925926	0.0	1.0	0.39792420653036986	11.0	-44.50699332842307	9	0	0	1	0	0.008714596949891068	0	0.0	0.231
MITHRIL.30153	1.0	2.866	0.46061923	0.02941176470588236	3.0	0.9325925925925926	0.01037037037037037	1.0	0.39792420653036986	11.0	-4.591388769880589	9	0	0	1	0	0.008714596949891068	0	0.0	0.231
MITHRIL.30154	1.0	5.998	0.46209789	0.02941176470588236	4.7	0.9948148148148148	0.0014814814814814814	1.0	0.049233407276710994	10.0	-7.397674632948267	10	0	0	1	0	0.0007262164124909223	1	1.0	0.048
MITHRIL.30155	1.0	5.998	0.46209789	0.02941176470588236	4.7	0.9948148148148148	0.0014814814814814814	1.0	0.049233407276710994	10.0	-7.397674632948267	10	0	0	1	0	0.0007262164124909223	1	1.0	0.048
MITHRIL.30156	1.0	5.998	0.46209789	0.02941176470588236	4.7	0.9948148148148148	0.0014814814814814814	1.0	0.049233407276710994	10.0	-7.397674632948267	10	0	0	1	0	0.0007262164124909223	1	1.0	0.048
MITHRIL.30157	1.0	5.973	0.46055888	0.02941176470588236	4.6000000000000005	0.9814814814814815	0.0	1.0	0.14048741139221818	18.0	-44.50699332842307	11	0	0	1	0	0.0014524328249818446	2	2.0	0.179
MITHRIL.30158	1.0	5.973	0.46055888	0.0	3.0	0.9814814814814815	0.0014814814814814814	1.0	0.14048741139221818	18.0	-7.3987436919381935	11	0	0	1	0	0.0014524328249818446	2	2.0	0.179
MITHRIL.30159	1.0	5.973	0.46055888	0.02941176470588236	4.300000000000001	0.9814814814814815	0.017037037037037038	1.0	0.14048741139221818	18.0	-3.8751817358811804	11	0	0	1	0	0.0014524328249818446	2	2.0	0.179
MITHRIL.30160	0.053	0.27	0.45388979	0.02941176470588236	1.9000000000000004	0.86	0.016296296296296295	1.0	0.6568889640314408	8.0	-3.939312073300896	12	0	0	1	0	0.10820624546114742	3	3.0	0.391
MITHRIL.30161	0.053	0.27	0.45388979	0.0	-1.799999999999999	0.86	0.1237037037037037	1.0	0.6568889640314408	8.0	-1.015039399464141	12	0	0	1	0	0.10820624546114742	3	3.0	0.391
MITHRIL.30162	0.053	0.27	0.45388979	0.02941176470588236	1.1000000000000005	0.86	0.0	1.0	0.6568889640314408	8.0	-44.50699332842307	12	0	0	1	0	0.10820624546114742	3	3.0	0.391
MITHRIL.30163	0.0	-1.064	0.45256201	0.0	0.3000000000000007	0.5192592592592593	0.10074074074074074	1.0	1.3898775453333625	5.0	-1.3112808506878537	13	0	0	0	1	1.0	4	4.0	0.585
MITHRIL.30164	0.0	-1.064	0.45256201	0.0	-0.40000000000000036	0.5192592592592593	0.0044444444444444444	1.0	1.3898775453333625	5.0	-5.813781191217037	13	0	0	0	1	1.0	4	4.0	0.585
MITHRIL.30165	0.0	-1.064	0.45256201	0.0	0.3000000000000007	0.5192592592592593	0.37555555555555553	1.0	1.3898775453333625	5.0	0.5870982450651472	13	0	0	0	1	1.0	4	4.0	0.585
MITHRIL.30166	0.005	1.687	0.44764319	0.0	0.0	0.7911111111111111	0.052592592592592594	1.0	1.0352701468367702	5.0	-2.2479275134435857	14	0	0	0	1	1.0	5	5.0	0.615
MITHRIL.30167	0.005	1.687	0.44764319	0.0	0.0	0.7911111111111111	0.03925925925925926	1.0	1.0352701468367702	5.0	-2.6697541783850682	14	0	0	0	1	1.0	5	5.0	0.615
MITHRIL.30168	0.005	1.687	0.44764319	0.0	0.0	0.7911111111111111	0.1162962962962963	1.0	1.0352701468367702	5.0	-1.1030538840566406	14	0	0	0	1	1.0	5	5.0	0.615
MITHRIL.30169	0.0	-15.654	0.45150582	0.0	0.0	0.6533333333333333	0.09333333333333334	1.0	1.3781646507601204	2.0	-1.4214637684382767	15	0	0	0	1	1.0	6	6.0	0.654
MITHRIL.30170	0.0	-15.654	0.45150582	0.0	0.0	0.6533333333333333	0.03851851851851852	1.0	1.3781646507601204	2.0	-2.698303973797101	15	0	0	0	1	1.0	6	6.0	0.654
MITHRIL.30171	0.0	-15.654	0.45150582	0.0	0.0	0.6533333333333333	0.21481481481481482	1.0	1.3781646507601204	2.0	-0.21883460192325874	15	0	0	0	1	1.0	6	6.0	0.654
MITHRIL.30172	0.0	-7.837	0.4581749	0.0	0.0	0.2664179104477612	0.44850746268656716	0.9925925925925926	1.778383635252851	2.0	0.8432038953660507	16	0	0	0	1	1.0	7	6.0	1.567
MITHRIL.30173	0.0	-7.837	0.4581749	0.0	0.0	0.2664179104477612	0.20970149253731343	0.9925925925925926	1.778383635252851	2.0	-0.2535909651242087	16	0	0	0	1	1.0	7	6.0	1.567
MITHRIL.30174	0.0	-7.837	0.4581749	0.0	0.0	0.2664179104477612	0.07537313432835821	0.9925925925925926	1.778383635252851	2.0	-1.72980580259334	16	0	0	0	1	1.0	7	6.0	1.567
MITHRIL.30175	0.067	0.828	0.46810308	0.0	0.20000000000000107	0.47467320261437906	0.08986928104575163	0.9066666666666666	1.7411651319202335	5.0	-1.4760281291679922	17	0	0	0	1	1.0	7	5.0	1.998
MITHRIL.30176	0.067	0.828	0.46810308	0.0	-0.09999999999999964	0.47467320261437906	0.2034313725490196	0.9066666666666666	1.7411651319202335	5.0	-0.2973859106245708	17	0	0	0	1	1.0	7	5.0	1.998
MITHRIL.30177	0.067	0.828	0.46810308	0.0	0.20000000000000107	0.47467320261437906	0.23202614379084968	0.9066666666666666	1.7411651319202335	5.0	-0.10764072318796966	17	0	0	0	1	1.0	7	5.0	1.998
MITHRIL.30178	0.359	0.737	0.47579818	0.0	0.3000000000000007	0.7555555555555555	0.1437037037037037	1.0	1.0413225486860527	8.0	-0.7988308497510657	23	0	0	1	0	0.10820624546114742	6	4.0	0.269
MITHRIL.30179	0.359	0.737	0.47579818	0.02941176470588236	1.9000000000000004	0.7555555555555555	0.0	1.0	1.0413225486860527	8.0	-44.50699332842307	23	0	0	1	0	0.10820624546114742	6	4.0	0.269
MITHRIL.30180	0.359	0.737	0.47579818	0.02941176470588236	1.0	0.7555555555555555	0.10074074074074074	1.0	1.0413225486860527	8.0	-1.3112808506878537	23	0	0	1	0	0.10820624546114742	6	4.0	0.269
MITHRIL.30181	1.0	7.621	0.48123001	0.02941176470588236	4.6000000000000005	0.98	0.017037037037037038	1.0	0.15354427407448476	18.0	-3.8751817358811804	24	0	0	1	0	0.0014524328249818446	5	3.0	0.343
MITHRIL.30182	1.0	7.621	0.48123001	0.02941176470588236	4.6000000000000005	0.98	0.002962962962962963	1.0	0.15354427407448476	18.0	-6.3987436919381935	24	0	0	1	0	0.0014524328249818446	5	3.0	0.343
MITHRIL.30183	1.0	7.621	0.48123001	0.02941176470588236	4.6000000000000005	0.98	0.0	1.0	0.15354427407448476	18.0	-44.50699332842307	24	0	0	1	0	0.0014524328249818446	5	3.0	0.343
MITHRIL.30184	1.0	5.851	0.48307079	0.02941176470588236	4.7	0.9940740740740741	0.0014814814814814814	1.0	0.06125721844141238	10.0	-7.3987436919381935	25	0	0	1	0	0.0007262164124909223	4	2.0	0.16
MITHRIL.30185	1.0	5.851	0.48307079	0.0	0.0	0.9940740740740741	0.002962962962962963	1.0	0.06125721844141238	10.0	-6.3987436919381935	25	0	0	1	0	0.0007262164124909223	4	2.0	0.16
MITHRIL.30186	1.0	5.851	0.48307079	0.02941176470588236	4.7	0.9940740740740741	0.0014814814814814814	1.0	0.06125721844141238	10.0	-7.3987436919381935	25	0	0	1	0	0.0007262164124909223	4	2.0	0.16
MITHRIL.30187	0.0	-0.174	0.48264832	0.02941176470588236	2.9000000000000004	0.62	0.0022222222222222222	1.0	0.9777227353420268	9.0	-6.813781191217037	26	0	0	1	0	0.008714596949891068	3	1.0	0.449
MITHRIL.30188	0.0	-0.174	0.48264832	0.02941176470588236	2.9000000000000004	0.62	0.0	1.0	0.9777227353420268	9.0	-44.50699332842307	26	0	0	1	0	0.008714596949891068	3	1.0	0.449
MITHRIL.30189	0.0	-0.174	0.48264832	0.0	1.6000000000000005	0.62	0.37777777777777777	1.0	0.9777227353420268	9.0	0.5956097449206647	26	0	0	1	0	0.008714596949891068	3	1.0	0.449
MITHRIL.30190	0.0	0.739	0.48334239	0.0	-0.09999999999999964	0.034892353377876766	0.8322197475872308	0.9977777777777778	0.9091023540915129	4.0	1.7350364273431236	27	1	0	0	0	0.5735080058224163	2	2.0	1.354
MITHRIL.30191	0.0	0.739	0.48334239	0.0	0.0	0.034892353377876766	0.07423904974016332	0.9977777777777778	0.9091023540915129	4.0	-1.7516779456875786	27	1	0	0	0	0.5735080058224163	2	2.0	1.354
MITHRIL.30192	0.0	0.739	0.48334239	0.0	0.20000000000000107	0.034892353377876766	0.05864884929472903	0.9977777777777778	0.9091023540915129	4.0	-2.0917533872852	27	1	0	0	0	0.5735080058224163	2	2.0	1.354
MITHRIL.30193	0.0	-1.385	0.48457964	0.02941176470588236	3.5	0.12074074074074075	0.6318518518518519	1.0	1.4378359054817902	5.0	1.337658239380097	29	0	0	1	0	0.28104575163398693	1	1.0	0.455
MITHRIL.30194	0.0	-1.385	0.48457964	0.02941176470588236	3.4000000000000004	0.12074074074074075	0.03777777777777778	1.0	1.4378359054817902	5.0	-2.7263183499666974	29	0	0	1	0	0.28104575163398693	1	1.0	0.455
MITHRIL.30195	0.0	-1.385	0.48457964	0.02941176470588236	3.4000000000000004	0.12074074074074075	0.20962962962962964	1.0	1.4378359054817902	5.0	-0.25408544910631087	29	0	0	1	0	0.28104575163398693	1	1.0	0.455
MITHRIL.30196	0.0	-2.896	0.48162231	0.02941176470588236	4.300000000000001	0.3288888888888889	0.11925925925925926	1.0	1.8059359013944236	5.0	-1.0667577548336504	30	0	0	1	0	0.10530137981118373	0	0.0	0.376
MITHRIL.30197	0.0	-2.896	0.48162231	0.02941176470588236	4.300000000000001	0.3288888888888889	0.1325925925925926	1.0	1.8059359013944236	5.0	-0.913858855684011	30	0	0	1	0	0.10530137981118373	0	0.0	0.376
MITHRIL.30198	0.0	-2.896	0.48162231	0.02941176470588236	4.300000000000001	0.3288888888888889	0.4185185185185185	1.0	1.8059359013944236	5.0	0.7444324243542826	30	0	0	1	0	0.10530137981118373	0	0.0	0.376
MITHRIL.30199	0.997	2.645	0.47703543	0.02941176470588236	4.1000000000000005	0.9637037037037037	0.014074074074074074	1.0	0.2774279451389323	5.0	-4.150816178494607	31	0	0	1	0	0.07625272331154684	1	1.0	0.517
MITHRIL.30200	0.997	2.645	0.47703543	0.02941176470588236	4.1000000000000005	0.9637037037037037	0.017037037037037038	1.0	0.2774279451389323	5.0	-3.8751817358811804	31	0	0	1	0	0.07625272331154684	1	1.0	0.517
MITHRIL.30201	0.997	2.645	0.47703543	0.02941176470588236	4.1000000000000005	0.9637037037037037	0.005185185185185185	1.0	0.2774279451389323	5.0	-5.591388769880589	31	0	0	1	0	0.07625272331154684	1	1.0	0.517
MITHRIL.30202	1.0	6.485	0.47057758	0.02941176470588236	4.1000000000000005	0.044444444444444446	0.005925925925925926	1.0	0.41087242078368186	5.0	-5.3987436919381935	32	0	0	1	0	0.005083514887436456	2	1.0	0.432
MITHRIL.30203	1.0	6.485	0.47057758	0.0	-0.09999999999999964	0.044444444444444446	0.937037037037037	1.0	0.41087242078368186	5.0	1.906177977643479	32	0	0	1	0	0.005083514887436456	2	1.0	0.432
MITHRIL.30204	1.0	6.485	0.47057758	0.02941176470588236	3.9000000000000004	0.044444444444444446	0.012592592592592593	1.0	0.41087242078368186	5.0	-4.3112808506878535	32	0	0	1	0	0.005083514887436456	2	1.0	0.432
MITHRIL.30205	1.0	5.985	0.46134347	0.02941176470588236	1.2000000000000002	0.8716617210682492	0.03560830860534125	0.9985185185185185	0.7425656953546602	10.0	-2.811642280460702	33	0	0	1	0	0.002909090909090909	3	1.0	0.376
MITHRIL.30206	1.0	5.985	0.46134347	0.0	0.3000000000000007	0.8716617210682492	0.06676557863501484	0.9985185185185185	0.7425656953546602	10.0	-1.9047516848521837	33	0	0	1	0	0.002909090909090909	3	1.0	0.376
MITHRIL.30207	1.0	5.985	0.46134347	0.02941176470588236	0.20000000000000107	0.8716617210682492	0.02596439169139466	0.9985185185185185	0.7425656953546602	10.0	-3.267321764236892	33	0	0	1	0	0.002909090909090909	3	1.0	0.376
MITHRIL.30208	1.0	3.085	0.45177742	0.0	-0.1999999999999993	0.9237037037037037	0.0	1.0	0.3995334624600187	10.0	-44.50699332842307	34	0	0	0	1	1.0	4	2.0	0.546
MITHRIL.30209	1.0	3.085	0.45177742	0.0	-1.0999999999999996	0.9237037037037037	0.0014814814814814814	1.0	0.3995334624600187	10.0	-7.3987436919381935	34	0	0	0	1	1.0	4	2.0	0.546
MITHRIL.30210	1.0	3.085	0.45177742	0.0	0.0	0.9237037037037037	0.07481481481481482	1.0	0.3995334624600187	10.0	-1.7405322091863984	34	0	0	0	1	1.0	4	2.0	0.546
MITHRIL.30211	1.0	4.899	0.44299596	0.0	0.0	0.9918518518518519	0.0	1.0	0.0641281266566617	10.0	-44.50699332842307	35	0	0	0	1	1.0	5	3.0	0.615
MITHRIL.30212	1.0	4.899	0.44299596	0.0	0.0	0.9918518518518519	0.007407407407407408	1.0	0.0641281266566617	10.0	-5.075746538060906	35	0	0	0	1	1.0	5	3.0	0.615
MITHRIL.30213	1.0	4.899	0.44299596	0.0	0.0	0.9918518518518519	0.0	1.0	0.0641281266566617	10.0	-44.50699332842307	35	0	0	0	1	1.0	5	3.0	0.615
MITHRIL.30214	1.0	7.67	0.4379866	0.0	0.0	0.9992592592592593	0.0	1.0	0.008771040199514064	18.0	-44.50699332842307	36	0	0	0	1	1.0	5	4.0	0.319
MITHRIL.30215	1.0	7.67	0.4379866	0.0	0.0	0.9992592592592593	0.0007407407407407407	1.0	0.008771040199514064	18.0	-8.398743691938193	36	0	0	0	1	1.0	5	4.0	0.319
MITHRIL.30216	1.0	7.67	0.4379866	0.0	0.0	0.9992592592592593	0.0	1.0	0.008771040199514064	18.0	-44.50699332842307	36	0	0	0	1	1.0	5	4.0	0.319
MITHRIL.30217	1.0	4.736	0.43125717	0.0	0.0	1.0	0.0	1.0	-1.601713251907458e-15	27.0	-44.50699332842307	37	0	0	0	1	1.0	4	4.0	0.044
MITHRIL.30218	1.0	4.736	0.43125717	0.0	0.0	1.0	0.0	1.0	-1.601713251907458e-15	27.0	-44.50699332842307	37	0	0	0	1	1.0	4	4.0	0.044
MITHRIL.30219	1.0	4.736	0.43125717	0.0	0.0	1.0	0.0	1.0	-1.601713251907458e-15	27.0	-44.50699332842307	37	0	0	0	1	1.0	4	4.0	0.044
MITHRIL.30220	1.0	7.563	0.42440703	0.0	0.0	0.9992592592592593	0.0	1.0	0.008771040199514064	23.0	-44.50699332842307	38	0	0	0	1	1.0	3	3.0	0.047
MITHRIL.30221	1.0	7.563	0.42440703	0.0	0.0	0.9992592592592593	0.0	1.0	0.008771040199514064	23.0	-44.50699332842307	38	0	0	0	1	1.0	3	3.0	0.047
MITHRIL.30222	1.0	7.563	0.42440703	0.0	0.0	0.9992592592592593	0.0007407407407407407	1.0	0.008771040199514064	23.0	-8.398743691938193	38	0	0	0	1	1.0	3	3.0	0.047
MITHRIL.30223	1.0	5.883	0.41659122	0.0	0.0	1.0	0.0	1.0	-1.601713251907458e-15	27.0	-44.50699332842307	39	0	0	0	1	1.0	2	2.0	0.44
MITHRIL.30224	1.0	5.883	0.41659122	0.0	0.0	1.0	0.0	1.0	-1.601713251907458e-15	27.0	-44.50699332842307	39	0	0	0	1	1.0	2	2.0	0.44
MITHRIL.30225	1.0	5.883	0.41659122	0.0	0.0	1.0	0.0	1.0	-1.601713251907458e-15	27.0	-44.50699332842307	39	0	0	0	1	1.0	2	2.0	0.44
MITHRIL.30226	1.0	7.111	0.40968073	0.0	-0.09999999999999964	0.9629629629629629	0.034074074074074076	1.0	0.24583745655200387	14.0	-2.8751817358811804	40	0	0	0	1	1.0	1	1.0	0.403
MITHRIL.30227	1.0	7.111	0.40968073	0.0	0.0	0.9629629629629629	0.0007407407407407407	1.0	0.24583745655200387	14.0	-8.398743691938193	40	0	0	0	1	1.0	1	1.0	0.403
MITHRIL.30228	1.0	7.111	0.40968073	0.0	-0.09999999999999964	0.9629629629629629	0.0022222222222222222	1.0	0.24583745655200387	14.0	-6.813781191217037	40	0	0	0	1	1.0	1	1.0	0.403
MITHRIL.30229	1.0	3.23	0.40074839	0.02941176470588236	1.1000000000000005	0.8725925925925926	0.025185185185185185	1.0	0.7376054261660032	14.0	-3.311280850687854	41	0	0	1	0	0.002904865649963689	0	0.0	0.394
MITHRIL.30230	1.0	3.23	0.40074839	0.02941176470588236	0.9000000000000004	0.8725925925925926	0.06592592592592593	1.0	0.7376054261660032	14.0	-1.9230102609717954	41	0	0	1	0	0.002904865649963689	0	0.0	0.394
MITHRIL.30231	1.0	3.23	0.40074839	0.02941176470588236	1.1000000000000005	0.8725925925925926	0.0362962962962963	1.0	0.7376054261660032	14.0	-2.784033847822985	41	0	0	1	0	0.002904865649963689	0	0.0	0.394
MITHRIL.30232	1.0	2.03	0.39033738	0.02941176470588236	4.1000000000000005	0.13925925925925925	0.007407407407407408	1.0	0.6893885248747036	5.0	-5.076815597050831	42	0	0	1	0	0.005083514887436456	0	0.0	0.291
MITHRIL.30233	1.0	2.03	0.39033738	0.02941176470588236	4.1000000000000005	0.13925925925925925	0.8481481481481481	1.0	0.6893885248747036	5.0	1.762388191046113	42	0	0	1	0	0.005083514887436456	0	0.0	0.291
MITHRIL.30234	1.0	2.03	0.39033738	0.02941176470588236	4.1000000000000005	0.13925925925925925	0.005185185185185185	1.0	0.6893885248747036	5.0	-5.591388769880589	42	0	0	1	0	0.005083514887436456	0	0.0	0.291
MITHRIL.30235	0.995	3.339	0.38098256	0.02941176470588236	4.1000000000000005	0.9111111111111111	0.012592592592592593	1.0	0.506445564695444	14.0	-4.3112808506878535	43	0	0	1	0	0.07625272331154684	1	1.0	0.389
MITHRIL.30236	0.995	3.339	0.38098256	0.0	-0.09999999999999964	0.9111111111111111	0.003703703703703704	1.0	0.506445564695444	14.0	-6.076815597050831	43	0	0	1	0	0.07625272331154684	1	1.0	0.389
MITHRIL.30237	0.995	3.339	0.38098256	0.02941176470588236	3.9000000000000004	0.9111111111111111	0.0725925925925926	1.0	0.506445564695444	14.0	-1.784033847822985	43	0	0	1	0	0.07625272331154684	1	1.0	0.389
MITHRIL.30238	0.0	-2.699	0.37195968	0.02941176470588236	4.300000000000001	0.23851851851851852	0.3762962962962963	1.0	1.9199311635779206	5.0	0.5899409948339727	44	0	0	1	0	0.10530137981118373	2	1.0	0.697
MITHRIL.30239	0.0	-2.699	0.37195968	0.0	0.0	0.23851851851851852	0.14222222222222222	1.0	1.9199311635779206	5.0	-0.8137811912170371	44	0	0	1	0	0.10530137981118373	2	1.0	0.697
MITHRIL.30240	0.0	-2.699	0.37195968	0.02941176470588236	3.9000000000000004	0.23851851851851852	0.24296296296296296	1.0	1.9199311635779206	5.0	-0.04119168732010954	44	0	0	1	0	0.10530137981118373	2	1.0	0.697
MITHRIL.30241	0.0	-2.278	0.3648983	0.02941176470588236	3.3000000000000007	0.28486646884273	0.21884272997032642	0.9985185185185185	1.6471689329201293	5.0	-0.19203363693265482	45	0	0	1	0	0.28145454545454546	3	2.0	0.593
MITHRIL.30242	0.0	-2.278	0.3648983	0.02941176470588236	3.3000000000000007	0.28486646884273	0.026706231454005934	0.9985185185185185	1.6471689329201293	5.0	-3.226679779739546	45	0	0	1	0	0.28145454545454546	3	2.0	0.593
MITHRIL.30243	0.0	-2.278	0.3648983	0.0	2.1000000000000005	0.28486646884273	0.46958456973293766	0.9985185185185185	1.6471689329201293	5.0	0.9094569082464827	45	0	0	1	0	0.28145454545454546	3	2.0	0.593
MITHRIL.30244	0.0	-5.343	0.3599493	0.0	-0.09999999999999964	0.37574850299401197	0.37425149700598803	0.9896296296296296	1.662776258024832	2.0	0.5820799921880349	46	1	0	0	0	0.57006603081438	4	3.0	1.085
MITHRIL.30245	0.0	-5.343	0.3599493	0.0	0.3000000000000007	0.37574850299401197	0.22904191616766467	0.9896296296296296	1.662776258024832	2.0	-0.12631644978140044	46	1	0	0	0	0.57006603081438	4	3.0	1.085
MITHRIL.30246	0.0	-5.343	0.3599493	0.0	-0.09999999999999964	0.37574850299401197	0.020958083832335328	0.9896296296296296	1.662776258024832	2.0	-3.576349370416448	46	1	0	0	0	0.57006603081438	4	3.0	1.085
MITHRIL.30247	0.0	0.445	0.35723339	0.0	0.0	0.6474550898203593	0.002245508982035928	0.9896296296296296	0.9802853090028876	6.0	-6.798741791752896	47	1	0	0	0	1.0	5	4.0	0.964
MITHRIL.30248	0.0	0.445	0.35723339	0.0	0.0	0.6474550898203593	0.34805389221556887	0.9896296296296296	0.9802853090028876	6.0	0.47738261352134154	47	1	0	0	0	1.0	5	4.0	0.964
MITHRIL.30249	0.0	0.445	0.35723339	0.0	0.0	0.6474550898203593	0.002245508982035928	0.9896296296296296	0.9802853090028876	6.0	-6.798741791752896	47	1	0	0	0	1.0	5	4.0	0.964
MITHRIL.30250	0.006	1.627	0.35650914	0.0	0.0	0.7118263473053892	0.2776946107784431	0.9896296296296296	0.9403695818658299	8.0	0.15157108414675097	48	1	0	0	0	1.0	6	5.0	0.311
MITHRIL.30251	0.006	1.627	0.35650914	0.0	0.0	0.7118263473053892	0.0007485029940119761	0.9896296296296296	0.9403695818658299	8.0	-8.383704292474052	48	1	0	0	0	1.0	6	5.0	0.311
MITHRIL.30252	0.006	1.627	0.35650914	0.0	0.0	0.7118263473053892	0.009730538922155689	0.9896296296296296	0.9403695818658299	8.0	-4.68326457433296	48	1	0	0	0	1.0	6	5.0	0.311
MITHRIL.30253	0.0	-2.347	0.3542157	0.0	0.20000000000000107	0.7095808383233533	0.125	0.9896296296296296	1.2430526576909575	4.0	-0.9989197341008641	49	1	0	0	0	1.0	7	6.0	0.914
MITHRIL.30254	0.0	-2.347	0.3542157	0.0	0.0	0.7095808383233533	0.14520958083832336	0.9896296296296296	1.2430526576909575	4.0	-0.7827111843877885	49	1	0	0	0	1.0	7	6.0	0.914
MITHRIL.30255	0.0	-2.347	0.3542157	0.0	0.20000000000000107	0.7095808383233533	0.019461077844311378	0.9896296296296296	1.2430526576909575	4.0	-3.682184308433824	49	1	0	0	0	1.0	7	6.0	0.914
MITHRIL.30256	0.0	0.366	0.35388376	0.02941176470588236	1.1000000000000005	0.35254491017964074	0.0029940119760479044	0.9896296296296296	1.0580320579938352	6.0	-6.383704292474052	51	0	0	1	0	0.0	8	5.0	0.409
MITHRIL.30257	0.0	0.366	0.35388376	0.02941176470588236	0.9000000000000004	0.35254491017964074	0.6317365269461078	0.9896296296296296	1.0580320579938352	6.0	1.337394896233133	51	0	0	1	0	0.0	8	5.0	0.409
MITHRIL.30258	0.0	0.366	0.35388376	0.02941176470588236	1.1000000000000005	0.35254491017964074	0.012724550898203593	0.9896296296296296	1.0580320579938352	6.0	-4.296241451223713	51	0	0	1	0	0.0	8	5.0	0.409
MITHRIL.30259	0.0	0.255	0.3516205	0.02941176470588236	3.7	0.7537425149700598	0.0029940119760479044	0.9896296296296296	0.8531352195492712	5.0	-6.383704292474052	52	0	0	1	0	0.004402054292002935	9	6.0	0.383
MITHRIL.30260	0.0	0.255	0.3516205	0.02941176470588236	3.7	0.7537425149700598	0.2410179640718563	0.9896296296296296	0.8531352195492712	5.0	-0.05278741435943517	52	0	0	1	0	0.004402054292002935	9	6.0	0.383
MITHRIL.30261	0.0	0.255	0.3516205	0.02941176470588236	3.7	0.7537425149700598	0.002245508982035928	0.9896296296296296	0.8531352195492712	5.0	-6.798741791752896	52	0	0	1	0	0.004402054292002935	9	6.0	0.383
MITHRIL.30262	0.0	-0.11	0.34673185	0.02941176470588236	4.2	0.6846441947565544	0.11835205992509364	0.9888888888888889	1.3612601671791542	4.0	-1.0788432783978132	53	0	0	1	0	0.009544787077826725	10	7.0	0.521
MITHRIL.30263	0.0	-0.11	0.34673185	0.02941176470588236	4.2	0.6846441947565544	0.14756554307116104	0.9888888888888889	1.3612601671791542	4.0	-0.7605722071185401	53	0	0	1	0	0.009544787077826725	10	7.0	0.521
MITHRIL.30264	0.0	-0.11	0.34673185	0.02941176470588236	4.2	0.6846441947565544	0.04943820224719101	0.9888888888888889	1.3612601671791542	4.0	-2.338229907216463	53	0	0	1	0	0.009544787077826725	10	7.0	0.521
MITHRIL.30265	0.001	0.83	0.33885569	0.02941176470588236	6.4	0.7388973966309341	0.20214395099540583	0.9674074074074074	1.0857461167354605	7.0	-0.3065450621879773	54	0	0	1	0	0.024006001500375095	11	8.0	0.572
MITHRIL.30266	0.001	0.83	0.33885569	0.02941176470588236	6.4	0.7388973966309341	0.013016845329249618	0.9674074074074074	1.0857461167354605	7.0	-4.263476340296092	54	0	0	1	0	0.024006001500375095	11	8.0	0.572
MITHRIL.30267	0.001	0.83	0.33885569	0.02941176470588236	6.4	0.7388973966309341	0.045941807044410414	0.9674074074074074	1.0857461167354605	7.0	-2.4440485859379124	54	0	0	1	0	0.024006001500375095	11	8.0	0.572
MITHRIL.30268	0.002	0.953	0.33448005	0.02941176470588236	2.2	0.12529002320185614	0.014694508894044857	0.9577777777777777	1.025824693679502	2.0	-4.088579046366669	55	0	0	0	1	0.08181818181818182	12	9.0	0.225
MITHRIL.30269	0.002	0.953	0.33448005	0.0	0.9000000000000004	0.12529002320185614	0.7880897138437741	0.9577777777777777	1.025824693679502	2.0	1.6564317763555594	55	0	0	0	1	0.08181818181818182	12	9.0	0.225
MITHRIL.30270	0.002	0.953	0.33448005	0.02941176470588236	1.1000000000000005	0.12529002320185614	0.07192575406032482	0.9577777777777777	1.025824693679502	2.0	-1.797347748702223	55	0	0	0	1	0.08181818181818182	12	9.0	0.225
MITHRIL.30271	0.0	-0.619	0.33131149	0.0	-0.29999999999999893	0.08345752608047691	0.13561847988077497	0.9940740740740741	1.0942783744116416	2.0	-0.8812988817057776	56	0	0	0	1	1.0	13	10.0	0.637
MITHRIL.30272	0.0	-0.619	0.33131149	0.0	-0.29999999999999893	0.08345752608047691	0.01788375558867362	0.9940740740740741	1.0942783744116416	2.0	-3.8041310211833177	56	0	0	0	1	1.0	13	10.0	0.637
MITHRIL.30273	0.0	-0.619	0.33131149	0.0	-1.0	0.08345752608047691	0.7622950819672131	0.9940740740740741	1.0942783744116416	2.0	1.6094969078408548	56	0	0	0	1	1.0	13	10.0	0.637
MITHRIL.30274	0.0	-2.539	0.33079848	0.0	0.0	0.24752475247524752	0.07235338918507235	0.9725925925925926	1.4935431176876282	5.0	-1.787696396287136	57	0	0	0	1	1.0	14	11.0	1.064
MITHRIL.30275	0.0	-2.539	0.33079848	0.0	0.0	0.24752475247524752	0.07616146230007616	0.9725925925925926	1.4935431176876282	5.0	-1.713695814843359	57	0	0	0	1	1.0	14	11.0	1.064
MITHRIL.30276	0.0	-2.539	0.33079848	0.0	0.0	0.24752475247524752	0.6031987814166032	0.9725925925925926	1.4935431176876282	5.0	1.271804615461526	57	0	0	0	1	1.0	14	11.0	1.064
MITHRIL.30277	0.0	-7.45	0.33110025	0.0	0.0	0.6188589540412044	0.1259904912836767	0.9348148148148148	1.4700880733835429	2.0	-0.9874696050438645	58	0	0	0	1	1.0	15	12.0	1.115
MITHRIL.30278	0.0	-7.45	0.33110025	0.0	0.0	0.6188589540412044	0.043581616481774964	0.9348148148148148	1.4700880733835429	2.0	-2.5189928468035605	58	0	0	0	1	1.0	15	12.0	1.115
MITHRIL.30279	0.0	-7.45	0.33110025	0.0	0.0	0.6188589540412044	0.21077654516640254	0.9348148148148148	1.4700880733835429	2.0	-0.24507012482703025	58	0	0	0	1	1.0	15	12.0	1.115
MITHRIL.30280	0.0	-0.783	0.33426882	0.0	0.0	0.06098579782790309	0.7944862155388471	0.8866666666666667	1.0750079778482038	2.0	1.6692998566624584	59	0	0	0	1	1.0	16	11.0	0.905
MITHRIL.30281	0.0	-0.783	0.33426882	0.0	0.0	0.06098579782790309	0.04344193817878028	0.8866666666666667	1.0750079778482038	2.0	-2.523561956057013	59	0	0	0	1	1.0	16	11.0	0.905
MITHRIL.30282	0.0	-0.783	0.33426882	0.0	0.0	0.06098579782790309	0.10025062656641603	0.8866666666666667	1.0750079778482038	2.0	-1.3171110785895865	59	0	0	0	1	1.0	16	11.0	0.905
MITHRIL.30283	0.0	-0.125	0.33861428	0.0	0.0	0.8589398023360287	0.06828391734052111	0.8244444444444444	0.8848775422227054	3.0	-1.872310363898374	60	0	0	0	1	1.0	17	10.0	0.694
MITHRIL.30284	0.0	-0.125	0.33861428	0.0	0.0	0.8589398023360287	0.02425876010781671	0.8244444444444444	0.8848775422227054	3.0	-3.365350375178491	60	0	0	0	1	1.0	17	10.0	0.694
MITHRIL.30285	0.0	-0.125	0.33861428	0.0	0.0	0.8589398023360287	0.04851752021563342	0.8244444444444444	0.8848775422227054	3.0	-2.365350375178491	60	0	0	0	1	1.0	17	10.0	0.694
MITHRIL.30286	0.0	-8.444	0.35171103	0.0	0.09999999999999964	0.14818266542404473	0.3597390493942218	0.7948148148148149	1.7315214591635364	2.0	0.5250226765115584	61	0	0	0	1	1.0	18	9.0	1.193
MITHRIL.30287	0.0	-8.444	0.35171103	0.0	0.0	0.14818266542404473	0.36533084808946875	0.7948148148148149	1.7315214591635364	2.0	0.5472754833586863	61	0	0	0	1	1.0	18	9.0	1.193
MITHRIL.30288	0.0	-8.444	0.35171103	0.0	0.09999999999999964	0.14818266542404473	0.1267474370922647	0.7948148148148149	1.7315214591635364	2.0	-0.9799715195061824	61	0	0	0	1	1.0	18	9.0	1.193
MITHRIL.30289	0.0	-0.122	0.36507937	0.02941176470588236	1.6000000000000005	0.1407185628742515	0.06961077844311377	0.9896296296296296	1.074187481297226	2.0	-1.844545481366021	65	0	0	0	1	0.07923697725605282	19	8.0	0.349
MITHRIL.30290	0.0	-0.122	0.36507937	0.02941176470588236	1.2000000000000002	0.1407185628742515	0.7694610778443114	0.9896296296296296	1.074187481297226	2.0	1.6219202567198259	65	0	0	0	1	0.07923697725605282	19	8.0	0.349
MITHRIL.30291	0.0	-0.122	0.36507937	0.02941176470588236	1.4000000000000004	0.1407185628742515	0.020209580838323353	0.9896296296296296	1.074187481297226	2.0	-3.6288167903105837	65	0	0	0	1	0.07923697725605282	19	8.0	0.349
MITHRIL.30292	0.0	0.45	0.38330617	0.02941176470588236	6.4	0.7252994011976048	0.04116766467065868	0.9896296296296296	1.14963173992008	7.0	-2.602344578949393	66	0	0	1	0	0.025678650036683785	20	7.0	0.438
MITHRIL.30293	0.0	0.45	0.38330617	0.02941176470588236	3.8000000000000007	0.7252994011976048	0.030688622754491017	0.9896296296296296	1.14963173992008	7.0	-3.0261522878559686	66	0	0	1	0	0.025678650036683785	20	7.0	0.438
MITHRIL.30294	0.0	0.45	0.38330617	0.0	2.2	0.7252994011976048	0.2028443113772455	0.9896296296296296	1.14963173992008	7.0	-0.30155525112018067	66	0	0	1	0	0.025678650036683785	20	7.0	0.438
MITHRIL.30295	0.0	-0.598	0.4038566	0.02941176470588236	4.2	0.6801498127340824	0.04269662921348315	0.9888888888888889	1.3555427044645414	4.0	-2.5497340124101746	67	0	0	1	0	0.00881057268722467	21	6.0	0.509
MITHRIL.30296	0.0	-0.598	0.4038566	0.0	0.3000000000000007	0.6801498127340824	0.1662921348314607	0.9888888888888889	1.3555427044645414	4.0	-0.5882081602248103	67	0	0	1	0	0.00881057268722467	21	6.0	0.509
MITHRIL.30297	0.0	-0.598	0.4038566	0.02941176470588236	4.2	0.6801498127340824	0.11086142322097378	0.9888888888888889	1.3555427044645414	4.0	-1.1731706609459664	67	0	0	1	0	0.00881057268722467	21	6.0	0.509
MITHRIL.30298	0.0	0.104	0.42488985	0.02941176470588236	3.7	0.7182235834609495	0.0015313935681470138	0.9674074074074074	0.9129810911168363	5.0	-7.350939181546431	68	0	0	1	0	0.003000750187546887	22	5.0	0.654
MITHRIL.30299	0.0	0.104	0.42488985	0.0	-0.09999999999999964	0.7182235834609495	0.2771822358346095	0.9674074074074074	0.9129810911168363	5.0	0.14890670553677457	68	0	0	1	0	0.003000750187546887	22	5.0	0.654
MITHRIL.30300	0.0	0.104	0.42488985	0.02941176470588236	3.3000000000000007	0.7182235834609495	0.0030627871362940277	0.9674074074074074	0.9129810911168363	5.0	-6.350939181546431	68	0	0	1	0	0.003000750187546887	22	5.0	0.654
MITHRIL.30301	0.579	0.896	0.44888044	0.02941176470588236	1.3000000000000007	0.3534416086620263	0.01082753286929621	0.9577777777777777	1.0762676185331852	6.0	-4.52915163775265	69	0	0	1	0	0.0	23	4.0	0.26
MITHRIL.30302	0.579	0.896	0.44888044	0.0	0.3000000000000007	0.3534416086620263	0.6303170920340294	0.9577777777777777	1.0762676185331852	6.0	1.3341496893081857	69	0	0	1	0	0.0	23	4.0	0.26
MITHRIL.30303	0.579	0.896	0.44888044	0.02941176470588236	1.3000000000000007	0.3534416086620263	0.005413766434648105	0.9577777777777777	1.0762676185331852	6.0	-5.52915163775265	69	0	0	1	0	0.0	23	4.0	0.26
MITHRIL.30304	0.997	3.329	0.47284085	0.02941176470588236	1.3000000000000007	0.36	0.003703703703703704	1.0	1.3100643837699373	9.0	-6.076815597050831	70	0	1	0	0	0.005809731299927378	24	3.0	0.358
MITHRIL.30305	0.997	3.329	0.47284085	0.0	-0.40000000000000036	0.36	0.5607407407407408	1.0	1.3100643837699373	9.0	1.1654057980475385	70	0	1	0	0	0.005809731299927378	24	3.0	0.358
MITHRIL.30306	0.997	3.329	0.47284085	0.02941176470588236	1.3000000000000007	0.36	0.07555555555555556	1.0	1.3100643837699373	9.0	-1.7263183499666976	70	0	1	0	0	0.005809731299927378	24	3.0	0.358
MITHRIL.30307	0.996	0.95	0.49619772	0.02941176470588236	3.7	0.8407407407407408	0.015555555555555555	1.0	0.833406186630847	6.0	-4.006426269159433	71	0	1	0	0	0.026870007262164125	25	4.0	0.677
MITHRIL.30308	0.996	0.95	0.49619772	0.0	-0.09999999999999964	0.8407407407407408	0.1	1.0	0.833406186630847	6.0	-1.3219280948873622	71	0	1	0	0	0.026870007262164125	25	4.0	0.677
MITHRIL.30309	0.996	0.95	0.49619772	0.02941176470588236	3.3000000000000007	0.8407407407407408	0.0437037037037037	1.0	0.833406186630847	6.0	-2.516100642576352	71	0	1	0	0	0.026870007262164125	25	4.0	0.677
MITHRIL.30310	0.998	1.94	0.52441306	0.02941176470588236	4.2	0.7716827279466272	0.005189028910303929	0.9992592592592593	1.0327313795740096	5.0	-5.590319710890664	72	0	1	0	0	0.023255813953488372	26	5.0	0.369
MITHRIL.30311	0.998	1.94	0.52441306	0.0	0.3000000000000007	0.7716827279466272	0.1223128243143069	0.9992592592592593	1.0327313795740096	5.0	-1.0313524187024516	72	0	1	0	0	0.023255813953488372	26	5.0	0.369
MITHRIL.30312	0.998	1.94	0.52441306	0.02941176470588236	3.8000000000000007	0.7716827279466272	0.10081541882876205	0.9992592592592593	1.0327313795740096	5.0	-1.3102117916979281	72	0	1	0	0	0.023255813953488372	26	5.0	0.369
MITHRIL.30313	0.998	1.102	0.54647233	0.02941176470588236	6.4	0.27724240177909565	0.704225352112676	0.9992592592592593	0.9910754048959178	9.0	1.4941090702700426	73	0	1	0	0	0.007267441860465116	27	6.0	0.288
MITHRIL.30314	0.998	1.102	0.54647233	0.02941176470588236	6.4	0.27724240177909565	0.004447739065974796	0.9992592592592593	0.9910754048959178	9.0	-5.812712132227111	73	0	1	0	0	0.007267441860465116	27	6.0	0.288
MITHRIL.30315	0.998	1.102	0.54647233	0.02941176470588236	6.4	0.27724240177909565	0.014084507042253521	0.9992592592592593	0.9910754048959178	9.0	-4.149747119504682	73	0	1	0	0	0.007267441860465116	27	6.0	0.288
MITHRIL.30316	0.998	3.996	0.5652725	0.02941176470588236	4.5	0.456973293768546	0.012611275964391691	0.9985185185185185	1.2640394987819272	5.0	-4.309141939931519	74	0	1	0	0	0.029818181818181817	28	7.0	0.358
MITHRIL.30317	0.998	3.996	0.5652725	0.0	0.9000000000000004	0.456973293768546	0.49629080118694363	0.9985185185185185	1.2640394987819272	5.0	0.9892576194596024	74	0	1	0	0	0.029818181818181817	28	7.0	0.358
MITHRIL.30318	0.998	3.996	0.5652725	0.02941176470588236	4.4	0.456973293768546	0.03412462908011869	0.9985185185185185	1.2640394987819272	5.0	-2.8730428251248457	74	0	1	0	0	0.029818181818181817	28	7.0	0.358
MITHRIL.30319	0.141	0.11	0.59309554	0.02941176470588236	6.2	0.28486646884273	0.6965875370919882	0.9985185185185185	0.9966007614049441	5.0	1.4783765664719162	75	0	1	0	0	0.009454545454545455	29	8.0	0.168
MITHRIL.30320	0.141	0.11	0.59309554	0.02941176470588236	6.2	0.28486646884273	0.002225519287833828	0.9985185185185185	0.9966007614049441	5.0	-6.811642280460703	75	0	1	0	0	0.009454545454545455	29	8.0	0.168
MITHRIL.30321	0.141	0.11	0.59309554	0.02941176470588236	6.2	0.28486646884273	0.016320474777448073	0.9985185185185185	0.9966007614049441	5.0	-3.937173162544561	75	0	1	0	0	0.009454545454545455	29	8.0	0.168
MITHRIL.30322	0.145	0.081	0.61437021	0.02941176470588236	1.3000000000000007	0.8175074183976261	0.008160237388724036	0.9985185185185185	0.7518037734151781	7.0	-4.937173162544561	76	0	1	0	0	0.005818181818181818	30	9.0	0.267
MITHRIL.30323	0.145	0.081	0.61437021	0.02941176470588236	1.3000000000000007	0.8175074183976261	0.17210682492581603	0.9985185185185185	0.7518037734151781	7.0	-0.5386237860542863	76	0	1	0	0	0.005818181818181818	30	9.0	0.267
MITHRIL.30324	0.145	0.081	0.61437021	0.02941176470588236	0.8000000000000007	0.8175074183976261	0.002225519287833828	0.9985185185185185	0.7518037734151781	7.0	-6.811642280460703	76	0	1	0	0	0.005818181818181818	30	9.0	0.267
MITHRIL.30325	1.0	8.914	0.6347094	0.0	0.6000000000000005	0.9962880475129918	0.0	0.9977777777777778	0.03843805433011794	25.0	-44.50699332842307	77	1	0	0	0	1.0	31	10.0	0.779
MITHRIL.30326	1.0	8.914	0.6347094	0.0	0.0	0.9962880475129918	0.0	0.9977777777777778	0.03843805433011794	25.0	-44.50699332842307	77	1	0	0	0	1.0	31	10.0	0.779
MITHRIL.30327	1.0	8.914	0.6347094	0.0	0.6000000000000005	0.9962880475129918	0.003711952487008166	0.9977777777777778	0.03843805433011794	25.0	-6.073606040574941	77	1	0	0	0	1.0	31	10.0	0.779
MITHRIL.31366	0.982	1.921	0.63283843	0.03076923076923077	0.9000000000000004	0.22986822840409957	0.6559297218155198	1.0	1.3030507358033108	6.0	1.3916131537675136	0	0	1	0	0	0.0982078853046595	8	8.0	0.47
MITHRIL.31367	0.982	1.921	0.63283843	0.03076923076923077	0.9000000000000004	0.22986822840409957	0.013177159590043924	1.0	1.3030507358033108	6.0	-4.245816766847778	0	0	1	0	0	0.0982078853046595	8	8.0	0.47
MITHRIL.31368	0.982	1.921	0.63283843	0.03076923076923077	1.0	0.22986822840409957	0.10102489019033675	1.0	1.3030507358033108	6.0	-1.3072173115119214	0	0	1	0	0	0.0982078853046595	8	8.0	0.47
MITHRIL.31369	1.0	3.977	0.64264591	0.03076923076923077	6.6	0.7091575091575092	0.2402930402930403	0.9992679355783309	1.1109651194489631	9.0	-0.057133231189131065	1	0	1	0	0	0.017934002869440458	7	7.0	0.358
MITHRIL.31370	1.0	3.977	0.64264591	0.03076923076923077	6.6	0.7091575091575092	0.017582417582417582	0.9992679355783309	1.1109651194489631	9.0	-3.8297227350860585	1	0	1	0	0	0.017934002869440458	7	7.0	0.358
MITHRIL.31371	1.0	3.977	0.64264591	0.03076923076923077	6.6	0.7091575091575092	0.03296703296703297	0.9992679355783309	1.1109651194489631	9.0	-2.92283213947754	1	0	1	0	0	0.017934002869440458	7	7.0	0.358
MITHRIL.31372	0.0	-0.143	0.65109542	0.03076923076923077	6.7	0.558974358974359	0.3824175824175824	0.9992679355783309	1.294735722454241	8.0	0.6132207607626696	2	0	1	0	0	0.05164992826398852	6	6.0	0.293
MITHRIL.31373	0.0	-0.143	0.65109542	0.03076923076923077	6.7	0.558974358974359	0.021245421245421246	0.9992679355783309	1.294735722454241	8.0	-3.5567042406796427	2	0	1	0	0	0.05164992826398852	6	6.0	0.293
MITHRIL.31374	0.0	-0.143	0.65109542	0.03076923076923077	6.7	0.558974358974359	0.03736263736263736	0.9992679355783309	1.294735722454241	8.0	-2.7422598938357194	2	0	1	0	0	0.05164992826398852	6	6.0	0.293
MITHRIL.31375	0.0	-0.014	0.65637637	0.03076923076923077	4.7	0.5256598240469208	0.1217008797653959	0.9985358711566618	1.7371222704976352	5.0	-1.0385884976772477	3	0	1	0	0	0.05312275664034458	5	5.0	0.437
MITHRIL.31376	0.0	-0.014	0.65637637	0.03076923076923077	4.7	0.5256598240469208	0.19501466275659823	0.9985358711566618	1.7371222704976352	5.0	-0.3583454935229829	3	0	1	0	0	0.05312275664034458	5	5.0	0.437
MITHRIL.31377	0.0	-0.014	0.65637637	0.03076923076923077	4.7	0.5256598240469208	0.15762463343108504	0.9985358711566618	1.7371222704976352	5.0	-0.6654350794347121	3	0	1	0	0	0.05312275664034458	5	5.0	0.437
MITHRIL.31378	0.0	0.121	0.66235138	0.03076923076923077	1.4	0.6906686260102866	0.03159441587068332	0.9963396778916545	1.2672469626455525	6.0	-2.984186596801897	4	0	1	0	0	0.1669064748201439	4	4.0	0.468
MITHRIL.31379	0.0	0.121	0.66235138	0.0	0.40000000000000036	0.6906686260102866	0.20720058780308598	0.9963396778916545	1.2672469626455525	6.0	-0.270899999105201	4	0	1	0	0	0.1669064748201439	4	4.0	0.468
MITHRIL.31380	0.0	0.121	0.66235138	0.03076923076923077	0.9000000000000004	0.6906686260102866	0.07053637031594416	0.9963396778916545	1.2672469626455525	6.0	-1.8254888507828384	4	0	1	0	0	0.1669064748201439	4	4.0	0.468
MITHRIL.31381	0.0	-1.081	0.66663649	0.03076923076923077	-3.3000000000000007	0.14053254437869822	0.4356508875739645	0.9897510980966325	1.6952258491918877	2.0	0.8012443875482763	5	0	1	0	0	0.1274438812454743	3	3.0	0.506
MITHRIL.31382	0.0	-1.081	0.66663649	0.0	0.40000000000000036	0.14053254437869822	0.0613905325443787	0.9897510980966325	1.6952258491918877	2.0	-2.0258400049352594	5	0	1	0	0	0.1274438812454743	3	3.0	0.506
MITHRIL.31383	0.0	-1.081	0.66663649	0.03076923076923077	-3.4000000000000004	0.14053254437869822	0.3624260355029586	0.9897510980966325	1.6952258491918877	2.0	0.5357585027203863	5	0	1	0	0	0.1274438812454743	3	3.0	0.506
MITHRIL.31384	0.822	1.18	0.68211721	0.03076923076923077	-1.7000000000000002	0.06384558277654045	0.10096510764662213	0.986090775988287	1.3788198329706822	4.0	-1.3080712942119637	6	0	1	0	0	0.029069767441860465	2	2.0	0.501
MITHRIL.31385	0.822	1.18	0.68211721	0.0	0.09999999999999964	0.06384558277654045	0.15293244246473645	0.986090775988287	1.3788198329706822	4.0	-0.7090336082790848	6	0	1	0	0	0.029069767441860465	2	2.0	0.501
MITHRIL.31386	0.822	1.18	0.68211721	0.03076923076923077	-1.7000000000000002	0.06384558277654045	0.682256867112101	0.986090775988287	1.3788198329706822	4.0	1.4483869158267315	6	0	1	0	0	0.029069767441860465	2	2.0	0.501
MITHRIL.31387	1.0	5.988	0.69968013	0.0	-0.20000000000000018	0.8339456282145481	0.15282880235121235	0.9963396778916545	0.7219072446528972	25.0	-0.7100116333629024	7	1	0	0	0	1.0	1	1.0	0.287
MITHRIL.31388	1.0	5.988	0.69968013	0.0	0.0	0.8339456282145481	0.0007347538574577516	0.9963396778916545	0.7219072446528972	25.0	-8.410451351503994	7	1	0	0	0	1.0	1	1.0	0.287
MITHRIL.31389	1.0	5.988	0.69968013	0.0	-0.20000000000000018	0.8339456282145481	0.012490815576781777	0.9963396778916545	0.7219072446528972	25.0	-4.322988510253655	7	1	0	0	0	1.0	1	1.0	0.287
MITHRIL.31390	1.0	7.103	0.71516084	0.0	-0.09999999999999964	0.9903917220990391	0.0022172949002217295	0.9904831625183016	0.10497378526740395	14.0	-6.816983623255381	8	1	0	0	0	1.0	0	0.0	0.26
MITHRIL.31391	1.0	7.103	0.71516084	0.0	-0.20000000000000018	0.9903917220990391	0.005173688100517369	0.9904831625183016	0.10497378526740395	14.0	-5.594591201918933	8	1	0	0	0	1.0	0	0.0	0.26
MITHRIL.31392	1.0	7.103	0.71516084	0.0	-0.09999999999999964	0.9903917220990391	0.0022172949002217295	0.9904831625183016	0.10497378526740395	14.0	-6.816983623255381	8	1	0	0	0	1.0	0	0.0	0.26
MITHRIL.31393	1.0	6.482	0.73305571	0.03076923076923077	3.5	0.9148778682457439	0.06661732050333087	0.9890190336749634	0.5043994617044236	14.0	-1.9079588629960098	9	0	0	1	0	0.02681159420289855	0	0.0	0.231
MITHRIL.31394	1.0	6.482	0.73305571	0.03076923076923077	3.4	0.9148778682457439	0.0022205773501110288	0.9890190336749634	0.5043994617044236	14.0	-6.814849458604528	9	0	0	1	0	0.02681159420289855	0	0.0	0.231
MITHRIL.31395	1.0	6.482	0.73305571	0.03076923076923077	3.4	0.9148778682457439	0.01628423390081421	0.9890190336749634	0.5043994617044236	14.0	-3.9403803406883875	9	0	0	1	0	0.02681159420289855	0	0.0	0.231
MITHRIL.31396	1.0	4.857	0.74524715	0.03076923076923077	4.3	0.8593634344929681	0.003700962250185048	0.9890190336749634	0.6511037211552876	15.0	-6.077883864438323	10	0	0	1	0	0.0036231884057971015	1	1.0	0.048
MITHRIL.31397	1.0	4.857	0.74524715	0.03076923076923077	4.3	0.8593634344929681	0.13175425610658772	0.9890190336749634	0.6511037211552876	15.0	-0.9240785283592866	10	0	0	1	0	0.0036231884057971015	1	1.0	0.048
MITHRIL.31398	1.0	4.857	0.74524715	0.03076923076923077	4.3	0.8593634344929681	0.0051813471502590676	0.9890190336749634	0.6511037211552876	15.0	-5.592457037268081	10	0	0	1	0	0.0036231884057971015	1	1.0	0.048
MITHRIL.31399	1.0	1.985	0.75686523	0.03076923076923077	3.7	0.39674315321983716	0.0843819393042191	0.9890190336749634	1.6582201977263171	13.0	-1.5658536777734515	11	0	0	1	0	0.057971014492753624	2	2.0	0.179
MITHRIL.31400	1.0	1.985	0.75686523	0.03076923076923077	3.7	0.39674315321983716	0.4307920059215396	0.9890190336749634	1.6582201977263171	13.0	0.7861316509700906	11	0	0	1	0	0.057971014492753624	2	2.0	0.179
MITHRIL.31401	1.0	1.985	0.75686523	0.03076923076923077	3.7	0.39674315321983716	0.08734270910436713	0.9890190336749634	1.6582201977263171	13.0	-1.516100642576352	11	0	0	1	0	0.057971014492753624	2	2.0	0.179
MITHRIL.31402	1.0	3.726	0.76652182	0.03076923076923077	1.2000000000000002	0.6303703703703704	0.14666666666666667	0.9882869692532943	1.3563870658315618	14.0	-0.7693870718585836	12	0	0	1	0	0.20812182741116753	3	3.0	0.391
MITHRIL.31403	1.0	3.726	0.76652182	0.03076923076923077	1.5	0.6303703703703704	0.21555555555555556	0.9882869692532943	1.3563870658315618	14.0	-0.21386834902990937	12	0	0	1	0	0.20812182741116753	3	3.0	0.391
MITHRIL.31404	1.0	3.726	0.76652182	0.03076923076923077	0.20000000000000018	0.6303703703703704	0.007407407407407408	0.9882869692532943	1.3563870658315618	14.0	-5.076815597050831	12	0	0	1	0	0.20812182741116753	3	3.0	0.391
MITHRIL.31405	1.0	8.981	0.7765707	0.0	0.2999999999999998	0.9200879765395894	0.0007331378299120235	0.9985358711566618	0.4491866051082959	14.0	-8.413627929024173	13	0	0	0	1	1.0	2	2.0	0.585
MITHRIL.31406	1.0	8.981	0.7765707	0.0	-1.0	0.9200879765395894	0.008797653958944282	0.9985358711566618	0.4491866051082959	14.0	-4.828665428303016	13	0	0	0	1	1.0	2	2.0	0.585
MITHRIL.31407	1.0	8.981	0.7765707	0.0	0.2999999999999998	0.9200879765395894	0.07038123167155426	0.9985358711566618	0.4491866051082959	14.0	-1.8286654283030161	13	0	0	0	1	1.0	2	2.0	0.585
MITHRIL.31408	0.947	2.835	0.78375279	0.0	0.0	0.8778513612950699	0.01913171449595291	0.9948755490483162	0.7065529934217799	9.0	-3.707890022626299	14	0	0	0	1	1.0	1	1.0	0.615
MITHRIL.31409	0.947	2.835	0.78375279	0.0	0.0	0.8778513612950699	0.03090507726269316	0.9948755490483162	0.7065529934217799	9.0	-3.016012317988631	14	0	0	0	1	1.0	1	1.0	0.615
MITHRIL.31410	0.947	2.835	0.78375279	0.0	0.0	0.8778513612950699	0.07211184694628403	0.9948755490483162	0.7065529934217799	9.0	-1.793619896652183	14	0	0	0	1	1.0	1	1.0	0.615
MITHRIL.31411	0.0	-10.997	0.78858109	0.0	0.0	0.4487369985141159	0.15304606240713226	0.9853587115666179	1.8388487625662528	4.0	-0.7079621674270986	15	0	0	0	1	1.0	0	0.0	1.028
MITHRIL.31412	0.0	-10.997	0.78858109	0.0	0.0	0.4487369985141159	0.15304606240713226	0.9853587115666179	1.8388487625662528	4.0	-0.7079621674270986	15	0	0	0	1	1.0	0	0.0	1.028
MITHRIL.31413	0.0	-10.997	0.78858109	0.0	0.0	0.4487369985141159	0.2451708766716196	0.9853587115666179	1.8388487625662528	4.0	-0.02814048036450136	15	0	0	0	1	1.0	0	0.0	1.028
MITHRIL.31414	0.0	-10.962	0.79576317	0.0	0.0	0.206656346749226	0.46904024767801855	0.9458272327964861	1.7875217903773934	2.0	0.907783628779026	16	0	0	0	1	1.0	1	1.0	1.069
MITHRIL.31415	0.0	-10.962	0.79576317	0.0	0.0	0.206656346749226	0.11068111455108359	0.9458272327964861	1.7875217903773934	2.0	-1.1755190179155355	16	0	0	0	1	1.0	1	1.0	1.069
MITHRIL.31416	0.0	-10.962	0.79576317	0.0	0.0	0.206656346749226	0.21362229102167182	0.9458272327964861	1.7875217903773934	2.0	-0.22686589791575587	16	0	0	0	1	1.0	1	1.0	1.069
MITHRIL.31417	1.0	5.986	0.80388074	0.0	0.20000000000000018	0.6090750436300174	0.1736474694589878	0.8389458272327965	1.4763895205829667	4.0	-0.525766708213256	17	0	0	0	1	1.0	2	2.0	1.998
MITHRIL.31418	1.0	5.986	0.80388074	0.0	0.0	0.6090750436300174	0.041884816753926704	0.8389458272327965	1.4763895205829667	4.0	-2.5774288280357487	17	0	0	0	1	1.0	2	2.0	1.998
MITHRIL.31419	1.0	5.986	0.80388074	0.0	0.20000000000000018	0.6090750436300174	0.17539267015706805	0.8389458272327965	1.4763895205829667	4.0	-0.5113396375779763	17	0	0	0	1	1.0	2	2.0	1.998
MITHRIL.31420	1.0	7.161	0.81118354	0.03076923076923077	1.6	0.8223538119911177	0.009622501850481125	0.9890190336749634	0.839694159040449	14.0	-4.699372241184593	23	0	0	1	0	0.20797101449275363	3	3.0	0.269
MITHRIL.31421	1.0	7.161	0.81118354	0.0	-0.40000000000000036	0.8223538119911177	0.025906735751295335	0.9890190336749634	0.839694159040449	14.0	-3.270528942380718	23	0	0	1	0	0.20797101449275363	3	3.0	0.269
MITHRIL.31422	1.0	7.161	0.81118354	0.03076923076923077	0.7999999999999998	0.8223538119911177	0.14211695040710584	0.9890190336749634	0.839694159040449	14.0	-0.8148494586045284	23	0	0	1	0	0.20797101449275363	3	3.0	0.269
MITHRIL.31423	1.0	3.429	0.82020641	0.03076923076923077	3.7	0.45077720207253885	0.033308660251665435	0.9890190336749634	1.5896029772572002	11.0	-2.9079588629960096	24	0	0	1	0	0.057971014492753624	3	3.0	0.343
MITHRIL.31424	1.0	3.429	0.82020641	0.0	-0.09999999999999964	0.45077720207253885	0.38786084381939306	0.9890190336749634	1.5896029772572002	11.0	0.6336110422117658	24	0	0	1	0	0.057971014492753624	3	3.0	0.343
MITHRIL.31425	1.0	3.429	0.82020641	0.03076923076923077	3.3	0.45077720207253885	0.12805329385640266	0.9890190336749634	1.5896029772572002	11.0	-0.96518373168896	24	0	0	1	0	0.057971014492753624	3	3.0	0.343
MITHRIL.31426	1.0	8.981	0.82494417	0.03076923076923077	4.3	0.8601036269430051	0.0051813471502590676	0.9890190336749634	0.6410801568206246	18.0	-5.592457037268081	25	0	0	1	0	0.004347826086956522	2	2.0	0.16
MITHRIL.31427	1.0	8.981	0.82494417	0.0	0.0	0.8601036269430051	0.13249444855662473	0.9890190336749634	0.6410801568206246	18.0	-0.915996182061428	25	0	0	1	0	0.004347826086956522	2	2.0	0.16
MITHRIL.31428	1.0	8.981	0.82494417	0.03076923076923077	3.9	0.8601036269430051	0.0022205773501110288	0.9890190336749634	0.6410801568206246	18.0	-6.814849458604528	25	0	0	1	0	0.004347826086956522	2	2.0	0.16
MITHRIL.31429	0.0	-0.425	0.82766009	0.03076923076923077	3.3	0.7696296296296297	0.011851851851851851	0.9882869692532943	0.902541215904684	5.0	-4.3987436919381935	26	0	0	1	0	0.02610587382160986	1	1.0	0.449
MITHRIL.31430	0.0	-0.425	0.82766009	0.03076923076923077	3.3	0.7696296296296297	0.008148148148148147	0.9882869692532943	0.902541215904684	5.0	-4.939312073300896	26	0	0	1	0	0.02610587382160986	1	1.0	0.449
MITHRIL.31431	0.0	-0.425	0.82766009	0.0	2.2	0.7696296296296297	0.21037037037037037	0.9882869692532943	0.902541215904684	5.0	-0.24899657243351114	26	0	0	1	0	0.02610587382160986	1	1.0	0.449
MITHRIL.31432	0.0	-0.057	0.82756956	0.0	0.0	0.035976505139500736	0.6475770925110133	0.9970717423133236	1.4008972284909271	3.0	1.3731238575454494	27	1	0	0	0	0.8402877697841726	0	0.0	1.354
MITHRIL.31433	0.0	-0.057	0.82756956	0.0	0.7000000000000002	0.035976505139500736	0.20411160058737152	0.9970717423133236	1.4008972284909271	3.0	-0.2925699152885637	27	1	0	0	0	0.8402877697841726	0	0.0	1.354
MITHRIL.31434	0.0	-0.057	0.82756956	0.0	0.7000000000000002	0.035976505139500736	0.11233480176211454	0.9970717423133236	1.4008972284909271	3.0	-1.1541231453194194	27	1	0	0	0	0.8402877697841726	0	0.0	1.354
MITHRIL.31435	0.0	0.923	0.82732814	0.03076923076923077	1.4	0.32430453879941434	0.0849194729136164	1.0	1.740446342087112	10.0	-1.5567042406796425	29	0	0	1	0	0.08458781362007169	1	1.0	0.455
MITHRIL.31436	0.0	0.923	0.82732814	0.0	-0.40000000000000036	0.32430453879941434	0.1376281112737921	1.0	1.740446342087112	10.0	-0.8600963841295773	29	0	0	1	0	0.08458781362007169	1	1.0	0.455
MITHRIL.31437	0.0	0.923	0.82732814	0.03076923076923077	1.5	0.32430453879941434	0.45241581259150804	1.0	1.740446342087112	10.0	0.8567777920971598	29	0	0	1	0	0.08458781362007169	1	1.0	0.455
MITHRIL.31438	0.001	-0.119	0.82823345	0.03076923076923077	3.9	0.16691068814055637	0.3052708638360176	1.0	1.64818423410297	6.0	0.28816180515457324	30	0	0	1	0	0.01863799283154122	2	2.0	0.376
MITHRIL.31439	0.001	-0.119	0.82823345	0.0	0.0	0.16691068814055637	0.040995607613469986	1.0	1.64818423410297	6.0	-2.608386846232486	30	0	0	1	0	0.01863799283154122	2	2.0	0.376
MITHRIL.31440	0.001	-0.119	0.82823345	0.03076923076923077	3.2	0.16691068814055637	0.4868228404099561	1.0	1.64818423410297	6.0	0.9614687620984615	30	0	0	1	0	0.01863799283154122	2	2.0	0.376
MITHRIL.31441	1.0	7.73	0.82584948	0.03076923076923077	4.4	0.9209370424597365	0.018301610541727673	1.0	0.4775165324888364	10.0	-3.7718855785153655	31	0	0	1	0	0.008602150537634409	3	3.0	0.517
MITHRIL.31442	1.0	7.73	0.82584948	0.03076923076923077	4.4	0.9209370424597365	0.057833089311859445	1.0	0.4775165324888364	10.0	-2.1119610201129877	31	0	0	1	0	0.008602150537634409	3	3.0	0.517
MITHRIL.31443	1.0	7.73	0.82584948	0.03076923076923077	4.4	0.9209370424597365	0.0029282576866764276	1.0	0.4775165324888364	10.0	-6.415741768290091	31	0	0	1	0	0.008602150537634409	3	3.0	0.517
MITHRIL.31444	1.0	5.188	0.8237371	0.03076923076923077	6.4	0.7547584187408491	0.22986822840409957	1.0	0.8973441929169176	14.0	-0.12112101939846341	32	0	0	1	0	0.0007168458781362007	2	2.0	0.432
MITHRIL.31445	1.0	5.188	0.8237371	0.03076923076923077	6.4	0.7547584187408491	0.0029282576866764276	1.0	0.8973441929169176	14.0	-6.415741768290091	32	0	0	1	0	0.0007168458781362007	2	2.0	0.432
MITHRIL.31446	1.0	5.188	0.8237371	0.03076923076923077	6.4	0.7547584187408491	0.012445095168374817	1.0	0.8973441929169176	14.0	-4.328278927039751	32	0	0	1	0	0.0007168458781362007	2	2.0	0.432
MITHRIL.31447	1.0	5.882	0.82117207	0.03076923076923077	2.6	0.780952380952381	0.012454212454212455	0.9992679355783309	0.9013434494978951	9.0	-4.327222394556875	33	0	0	1	0	0.019368723098995694	1	1.0	0.376
MITHRIL.31448	1.0	5.882	0.82117207	0.0	0.9000000000000004	0.780952380952381	0.19267399267399268	0.9992679355783309	0.9013434494978951	9.0	-0.37576624651491236	33	0	0	1	0	0.019368723098995694	1	1.0	0.376
MITHRIL.31449	1.0	5.882	0.82117207	0.03076923076923077	1.5	0.780952380952381	0.01391941391941392	0.9992679355783309	0.9013434494978951	9.0	-4.166757722363629	33	0	0	1	0	0.019368723098995694	1	1.0	0.376
MITHRIL.31450	1.0	7.73	0.81984429	0.0	-0.20000000000000018	0.958272327964861	0.0	1.0	0.25015818719659527	14.0	-44.50699332842307	34	0	0	0	1	1.0	0	0.0	0.546
MITHRIL.31451	1.0	7.73	0.81984429	0.0	0.09999999999999964	0.958272327964861	0.04172767203513909	1.0	0.25015818719659527	14.0	-2.5828517541253486	34	0	0	0	1	1.0	0	0.0	0.546
MITHRIL.31452	1.0	7.73	0.81984429	0.0	-0.20000000000000018	0.958272327964861	0.0	1.0	0.25015818719659527	14.0	-44.50699332842307	34	0	0	0	1	1.0	0	0.0	0.546
MITHRIL.31453	1.0	7.73	0.81411069	0.0	0.0	1.0	0.0	1.0	-1.601713251907458e-15	27.0	-44.50699332842307	35	0	0	0	1	1.0	1	1.0	0.615
MITHRIL.31454	1.0	7.73	0.81411069	0.0	0.0	1.0	0.0	1.0	-1.601713251907458e-15	27.0	-44.50699332842307	35	0	0	0	1	1.0	1	1.0	0.615
MITHRIL.31455	1.0	7.73	0.81411069	0.0	0.0	1.0	0.0	1.0	-1.601713251907458e-15	27.0	-44.50699332842307	35	0	0	0	1	1.0	1	1.0	0.615
MITHRIL.31456	1.0	7.67	0.80955399	0.0	0.0	0.9824304538799414	0.015373352855051245	1.0	0.13913459032595565	14.0	-4.02342434551133	36	0	0	0	1	1.0	2	2.0	0.319
MITHRIL.31457	1.0	7.67	0.80955399	0.0	0.0	0.9824304538799414	0.0014641288433382138	1.0	0.13913459032595565	14.0	-7.415741768290091	36	0	0	0	1	1.0	2	2.0	0.319
MITHRIL.31458	1.0	7.67	0.80955399	0.0	0.0	0.9824304538799414	0.0007320644216691069	1.0	0.13913459032595565	14.0	-8.41574176829009	36	0	0	0	1	1.0	2	2.0	0.319
MITHRIL.31459	1.0	2.049	0.80493693	0.0	0.0	0.9992679355783309	0.0	1.0	0.008680753006889716	10.0	-44.50699332842307	37	0	0	0	1	1.0	3	3.0	0.044
MITHRIL.31460	1.0	2.049	0.80493693	0.0	0.0	0.9992679355783309	0.0	1.0	0.008680753006889716	10.0	-44.50699332842307	37	0	0	0	1	1.0	3	3.0	0.044
MITHRIL.31461	1.0	2.049	0.80493693	0.0	0.0	0.9992679355783309	0.0007320644216691069	1.0	0.008680753006889716	10.0	-8.41574176829009	37	0	0	0	1	1.0	3	3.0	0.044
MITHRIL.31462	1.0	6.555	0.80019917	0.0	0.0	0.986090775988287	0.0007320644216691069	1.0	0.10985367861681823	10.0	-8.41574176829009	38	0	0	0	1	1.0	3	3.0	0.047
MITHRIL.31463	1.0	6.555	0.80019917	0.0	0.0	0.986090775988287	0.0	1.0	0.10985367861681823	10.0	-44.50699332842307	38	0	0	0	1	1.0	3	3.0	0.047
MITHRIL.31464	1.0	6.555	0.80019917	0.0	0.0	0.986090775988287	0.013177159590043924	1.0	0.10985367861681823	10.0	-4.245816766847778	38	0	0	0	1	1.0	3	3.0	0.047
MITHRIL.31465	1.0	1.326	0.79434486	0.0	0.0	0.5014641288433382	0.0	1.0	0.9999938146575661	5.0	-44.50699332842307	39	0	0	0	1	1.0	2	2.0	0.44
MITHRIL.31466	1.0	1.326	0.79434486	0.0	0.0	0.5014641288433382	0.4985358711566618	1.0	0.9999938146575661	5.0	0.9957692197219807	39	0	0	0	1	1.0	2	2.0	0.44
MITHRIL.31467	1.0	1.326	0.79434486	0.0	0.0	0.5014641288433382	0.0	1.0	0.9999938146575661	5.0	-44.50699332842307	39	0	0	0	1	1.0	2	2.0	0.44
MITHRIL.31468	1.0	7.622	0.7880379	0.0	0.20000000000000018	0.9626647144948756	0.02855051244509517	1.0	0.2650361437068047	14.0	-3.130339549427842	40	0	0	0	1	1.0	1	1.0	0.403
MITHRIL.31469	1.0	7.622	0.7880379	0.0	0.20000000000000018	0.9626647144948756	0.0014641288433382138	1.0	0.2650361437068047	14.0	-7.415741768290091	40	0	0	0	1	1.0	1	1.0	0.403
MITHRIL.31470	1.0	7.622	0.7880379	0.0	-0.9000000000000004	0.9626647144948756	0.007320644216691069	1.0	0.2650361437068047	14.0	-5.093813673402728	40	0	0	0	1	1.0	1	1.0	0.403
MITHRIL.31471	1.0	4.815	0.77976945	0.03076923076923077	2.0	0.7664714494875549	0.010980966325036604	1.0	0.9160369747700483	9.0	-4.5067373334156535	41	0	0	1	0	0.01935483870967742	0	0.0	0.394
MITHRIL.31472	1.0	4.815	0.77976945	0.03076923076923077	1.6	0.7664714494875549	0.20863836017569545	1.0	0.9160369747700483	9.0	-0.25880981997206837	41	0	0	1	0	0.01935483870967742	0	0.0	0.394
MITHRIL.31473	1.0	4.815	0.77976945	0.03076923076923077	1.7999999999999998	0.7664714494875549	0.012445095168374817	1.0	0.9160369747700483	9.0	-4.326165087773833	41	0	0	1	0	0.01935483870967742	0	0.0	0.394
MITHRIL.31474	1.0	3.686	0.7661597	0.03076923076923077	6.4	0.7386530014641288	0.00951683748169839	1.0	0.9278623952096952	14.0	-4.715302050148998	42	0	0	1	0	0.0007168458781362007	1	1.0	0.291
MITHRIL.31475	1.0	3.686	0.7661597	0.03076923076923077	3.8	0.7386530014641288	0.005856515373352855	1.0	0.9278623952096952	14.0	-5.415741768290091	42	0	0	1	0	0.0007168458781362007	1	1.0	0.291
MITHRIL.31476	1.0	3.686	0.7661597	0.0	2.2	0.7386530014641288	0.24597364568081992	1.0	0.9278623952096952	14.0	-0.023424345511330134	42	0	0	1	0	0.0007168458781362007	1	1.0	0.291
MITHRIL.31477	1.0	7.179	0.75016597	0.03076923076923077	4.4	0.9224011713030746	0.0014641288433382138	1.0	0.4627581498772847	5.0	-7.414685235807215	43	0	0	1	0	0.008602150537634409	2	2.0	0.389
MITHRIL.31478	1.0	7.179	0.75016597	0.0	0.40000000000000036	0.9224011713030746	0.05710102489019034	1.0	0.4627581498772847	5.0	-2.1292830169449664	43	0	0	1	0	0.008602150537634409	2	2.0	0.389
MITHRIL.31479	1.0	7.179	0.75016597	0.03076923076923077	4.0	0.9224011713030746	0.018301610541727673	1.0	0.4627581498772847	5.0	-3.7708290460324903	43	0	0	1	0	0.008602150537634409	2	2.0	0.389
MITHRIL.31480	0.051	0.344	0.73441366	0.03076923076923077	3.9	0.18448023426061494	0.47364568081991215	1.0	1.6485810542339308	9.0	0.9218801337024171	44	0	0	1	0	0.01863799283154122	3	3.0	0.697
MITHRIL.31481	0.051	0.344	0.73441366	0.03076923076923077	3.9	0.18448023426061494	0.03367496339677892	1.0	1.6485810542339308	9.0	-2.8921798122330777	44	0	0	1	0	0.01863799283154122	3	3.0	0.697
MITHRIL.31482	0.051	0.344	0.73441366	0.03076923076923077	3.9	0.18448023426061494	0.308199121522694	1.0	1.6485810542339308	9.0	0.3019346547763057	44	0	0	1	0	0.01863799283154122	3	3.0	0.697
MITHRIL.31483	0.019	0.66	0.71283723	0.03076923076923077	1.0	0.33186813186813185	0.47619047619047616	0.9992679355783309	1.6585569567011098	14.0	0.9296106721086019	45	0	0	1	0	0.08464849354375897	4	2.0	0.593
MITHRIL.31484	0.019	0.66	0.71283723	0.03076923076923077	1.2999999999999998	0.33186813186813185	0.13846153846153847	0.9992679355783309	1.6585569567011098	14.0	-0.8524428115861421	45	0	0	1	0	0.08464849354375897	4	2.0	0.593
MITHRIL.31485	0.019	0.66	0.71283723	0.03076923076923077	0.9000000000000004	0.33186813186813185	0.05347985347985348	0.9992679355783309	1.6585569567011098	14.0	-2.2248606769271975	45	0	0	1	0	0.08464849354375897	4	2.0	0.593
MITHRIL.31486	0.008	1.122	0.69412759	0.0	0.40000000000000036	0.7901325478645066	0.09941089837997054	0.9941434846266471	1.0267221721339306	5.0	-1.329389408368023	46	1	0	0	0	0.8370583994232156	5	3.0	1.085
MITHRIL.31487	0.008	1.122	0.69412759	0.0	-0.09999999999999964	0.7901325478645066	0.019882179675994108	0.9941434846266471	1.0267221721339306	5.0	-3.6513175032553855	46	1	0	0	0	0.8370583994232156	5	3.0	1.085
MITHRIL.31488	0.008	1.122	0.69412759	0.0	0.40000000000000036	0.7901325478645066	0.0898379970544919	0.9941434846266471	1.0267221721339306	5.0	-1.475467667855968	46	1	0	0	0	0.8370583994232156	5	3.0	1.085
MITHRIL.31489	0.0	-0.517	0.67264168	0.0	0.0	0.5235640648011782	0.023564064801178203	0.9941434846266471	1.4649052216148601	2.0	-3.407267764244732	47	1	0	0	0	1.0	6	4.0	0.964
MITHRIL.31490	0.0	-0.517	0.67264168	0.0	0.0	0.5235640648011782	0.3600883652430044	0.9941434846266471	1.4649052216148601	2.0	0.5264228907075019	47	1	0	0	0	1.0	6	4.0	0.964
MITHRIL.31491	0.0	-0.517	0.67264168	0.0	0.0	0.5235640648011782	0.09278350515463918	0.9941434846266471	1.4649052216148601	2.0	-1.4299878407448152	47	1	0	0	0	1.0	6	4.0	0.964
MITHRIL.31492	0.032	3.216	0.65438469	0.0	0.0	0.6634756995581738	0.1480117820324006	0.9941434846266471	1.3762110651803943	5.0	-0.7562160730658032	48	1	0	0	0	1.0	7	5.0	0.311
MITHRIL.31493	0.032	3.216	0.65438469	0.0	0.0	0.6634756995581738	0.030927835051546393	0.9941434846266471	1.3762110651803943	5.0	-3.0149503414659713	48	1	0	0	0	1.0	7	5.0	0.311
MITHRIL.31494	0.032	3.216	0.65438469	0.0	0.0	0.6634756995581738	0.15758468335787923	0.9941434846266471	1.3762110651803943	5.0	-0.6658007778435849	48	1	0	0	0	1.0	7	5.0	0.311
MITHRIL.31495	0.0	-1.543	0.63555435	0.0	0.20000000000000018	0.6713338246131172	0.12896094325718496	0.9934114202049781	1.2742259037185406	5.0	-0.9549938935865254	49	1	0	0	0	1.0	8	6.0	0.914
MITHRIL.31496	0.0	-1.543	0.63555435	0.0	0.0	0.6713338246131172	0.19307295504789979	0.9934114202049781	1.2742259037185406	5.0	-0.3727820038814038	49	1	0	0	0	1.0	8	6.0	0.914
MITHRIL.31497	0.0	-1.543	0.63555435	0.0	0.20000000000000018	0.6713338246131172	0.006632277081798084	0.9934114202049781	1.2742259037185406	5.0	-5.236280003976542	49	1	0	0	0	1.0	8	6.0	0.914
MITHRIL.31498	0.448	2.196	0.61947009	0.03076923076923077	1.1	0.5693215339233039	0.029498525073746312	0.9926793557833089	1.5397819477946482	9.0	-3.0832133682489817	51	0	0	1	0	0.006498194945848376	9	5.0	0.409
MITHRIL.31499	0.448	2.196	0.61947009	0.03076923076923077	1.2999999999999998	0.5693215339233039	0.2168141592920354	0.9926793557833089	1.5397819477946482	9.0	-0.20546911829997946	51	0	0	1	0	0.006498194945848376	9	5.0	0.409
MITHRIL.31500	0.448	2.196	0.61947009	0.03076923076923077	1.0	0.5693215339233039	0.18436578171091444	0.9926793557833089	1.5397819477946482	9.0	-0.4393571784742569	51	0	0	1	0	0.006498194945848376	9	5.0	0.409
MITHRIL.31501	0.444	0.362	0.59569075	0.03076923076923077	4.3	0.4896755162241888	0.035398230088495575	0.9926793557833089	1.5141295249441693	9.0	-2.820178962415188	52	0	0	1	0	0.021660649819494584	10	6.0	0.383
MITHRIL.31502	0.444	0.362	0.59569075	0.0	0.0	0.4896755162241888	0.3864306784660767	0.9926793557833089	1.5141295249441693	9.0	0.6282815384011065	52	0	0	1	0	0.021660649819494584	10	6.0	0.383
MITHRIL.31503	0.444	0.362	0.59569075	0.03076923076923077	3.9	0.4896755162241888	0.08849557522123894	0.9926793557833089	1.5141295249441693	9.0	-1.4982508675278254	52	0	0	1	0	0.021660649819494584	10	6.0	0.383
MITHRIL.31504	0.994	2.151	0.57043274	0.03076923076923077	4.4	0.8124536693847294	0.0385470719051149	0.9875549048316252	0.9843447258042264	9.0	-2.6972349148071753	53	0	0	1	0	0.022496371552975326	11	7.0	0.521
MITHRIL.31505	0.994	2.151	0.57043274	0.03076923076923077	4.4	0.8124536693847294	0.08895478131949593	0.9875549048316252	0.9843447258042264	9.0	-1.490784037339749	53	0	0	1	0	0.022496371552975326	11	7.0	0.521
MITHRIL.31506	0.994	2.151	0.57043274	0.03076923076923077	4.4	0.8124536693847294	0.060044477390659746	0.9875549048316252	0.9843447258042264	9.0	-2.0578246300636427	53	0	0	1	0	0.022496371552975326	11	7.0	0.521
MITHRIL.31507	1.0	4.562	0.5488563	0.03076923076923077	6.4	0.74962852897474	0.199851411589896	0.9853587115666179	1.0434329644363431	10.0	-0.32300033205369283	54	0	0	1	0	0.02618181818181818	12	8.0	0.572
MITHRIL.31508	1.0	4.562	0.5488563	0.03076923076923077	6.4	0.74962852897474	0.014858841010401188	0.9853587115666179	1.0434329644363431	10.0	-4.072534599722955	54	0	0	1	0	0.02618181818181818	12	8.0	0.572
MITHRIL.31509	1.0	4.562	0.5488563	0.06153846153846154	4.5	0.74962852897474	0.03566121842496285	0.9853587115666179	1.0434329644363431	10.0	-2.809500193889161	54	0	0	1	0	0.02618181818181818	12	8.0	0.572
MITHRIL.31510	0.936	1.551	0.52833605	0.03076923076923077	1.7000000000000002	0.2822040208488459	0.022338049143708117	0.9831625183016105	1.4223063129504776	4.0	-3.484352993818924	55	0	0	0	1	0.14285714285714285	13	9.0	0.225
MITHRIL.31511	0.936	1.551	0.52833605	0.03076923076923077	0.7000000000000002	0.2822040208488459	0.5927029039463887	0.9831625183016105	1.4223063129504776	4.0	1.2453810311162066	55	0	0	0	1	0.14285714285714285	13	9.0	0.225
MITHRIL.31512	0.936	1.551	0.52833605	0.03076923076923077	0.5999999999999996	0.2822040208488459	0.10275502606105734	0.9831625183016105	1.4223063129504776	4.0	-1.2827191326492733	55	0	0	0	1	0.14285714285714285	13	9.0	0.225
MITHRIL.31513	0.0	-0.378	0.50829863	0.03076923076923077	0.7000000000000002	0.7281410727406319	0.12858192505510654	0.9963396778916545	1.197464105934832	3.0	-0.9592402396716658	56	0	0	0	1	1.0	14	10.0	1.115
MITHRIL.31514	0.0	-0.378	0.50829863	0.0	0.0	0.7281410727406319	0.12417340191036003	0.9963396778916545	1.197464105934832	3.0	-1.0095719152218103	56	0	0	0	1	1.0	14	10.0	1.115
MITHRIL.31515	0.0	-0.378	0.50829863	0.0	0.0	0.7281410727406319	0.019103600293901544	0.9963396778916545	1.197464105934832	3.0	-3.7100116333629023	56	0	0	0	1	1.0	14	10.0	1.115
MITHRIL.31516	0.0	-1.88	0.49203332	0.0	0.0	0.14221891288160834	0.12137006701414743	0.9831625183016105	1.2934562017472009	5.0	-1.0425154351963648	57	0	0	0	1	1.0	15	10.0	0.905
MITHRIL.31517	0.0	-1.88	0.49203332	0.0	0.0	0.14221891288160834	0.03350707371556218	0.9831625183016105	1.2934562017472009	5.0	-2.8993904930977674	57	0	0	0	1	1.0	15	10.0	0.905
MITHRIL.31518	0.0	-1.88	0.49203332	0.0	0.0	0.14221891288160834	0.702903946388682	0.9831625183016105	1.2934562017472009	5.0	1.491399459934399	57	0	0	0	1	1.0	15	10.0	0.905
MITHRIL.31519	0.0	-3.676	0.48234655	0.0	0.0	0.49257232212666147	0.1853010164190774	0.9363103953147877	1.6205213179953648	3.0	-0.43205729998337794	58	0	0	0	1	1.0	16	9.0	0.694
MITHRIL.31520	0.0	-3.676	0.48234655	0.03076923076923077	0.7000000000000002	0.49257232212666147	0.033620015637216574	0.9363103953147877	1.6205213179953648	3.0	-2.8945357941795393	58	0	0	0	1	1.0	16	9.0	0.694
MITHRIL.31521	0.0	-3.676	0.48234655	0.0	0.0	0.49257232212666147	0.28850664581704455	0.9363103953147877	1.6205213179953648	3.0	0.206676457178759	58	0	0	0	1	1.0	16	9.0	0.694
MITHRIL.31522	0.001	-0.45	0.4765526	0.03076923076923077	1.1	0.24262536873156343	0.10398230088495575	0.9926793557833089	1.3506014758590639	3.0	-1.2655901107375505	65	0	0	0	1	0.14151624548736463	17	8.0	0.349
MITHRIL.31523	0.001	-0.45	0.4765526	0.03076923076923077	0.7000000000000002	0.24262536873156343	0.6364306784660767	0.9926793557833089	1.3506014758590639	3.0	1.348075286042611	65	0	0	0	1	0.14151624548736463	17	8.0	0.349
MITHRIL.31524	0.001	-0.45	0.4765526	0.03076923076923077	0.9000000000000004	0.24262536873156343	0.01696165191740413	0.9926793557833089	1.3506014758590639	3.0	-3.881579507079331	65	0	0	0	1	0.14151624548736463	17	8.0	0.349
MITHRIL.31525	0.995	3.216	0.47356509	0.03076923076923077	6.4	0.7551622418879056	0.033185840707964605	0.9926793557833089	1.0089452391744502	10.0	-2.913288366806669	66	0	0	1	0	0.025992779783393503	18	7.0	0.438
MITHRIL.31526	0.995	3.216	0.47356509	0.03076923076923077	3.8	0.7551622418879056	0.011061946902654867	0.9926793557833089	1.0089452391744502	10.0	-4.498250867527825	66	0	0	1	0	0.025992779783393503	18	7.0	0.438
MITHRIL.31527	0.995	3.216	0.47356509	0.0	2.2	0.7551622418879056	0.20058997050147492	0.9926793557833089	1.0089452391744502	10.0	-0.3176786218860045	66	0	0	1	0	0.025992779783393503	18	7.0	0.438
MITHRIL.31528	1.0	3.541	0.46970246	0.03076923076923077	4.4	0.8013343217197925	0.04892512972572276	0.9875549048316252	1.0149978545482072	6.0	-2.353280513589814	67	0	0	1	0	0.022496371552975326	19	6.0	0.509
MITHRIL.31529	1.0	3.541	0.46970246	0.0	0.40000000000000036	0.8013343217197925	0.10600444773906598	0.9875549048316252	1.0149978545482072	6.0	-1.2378032961698782	67	0	0	1	0	0.022496371552975326	19	6.0	0.509
MITHRIL.31530	1.0	3.541	0.46970246	0.03076923076923077	4.0	0.8013343217197925	0.04373610081541883	0.9875549048316252	1.0149978545482072	6.0	-2.5150315835864263	67	0	0	1	0	0.022496371552975326	19	6.0	0.509
MITHRIL.31531	1.0	1.229	0.46623212	0.03076923076923077	4.3	0.5661218424962853	0.06909361069836553	0.9853587115666179	1.4326162373373628	10.0	-1.8553038835022857	68	0	0	1	0	0.02181818181818182	20	5.0	0.654
MITHRIL.31532	1.0	1.229	0.46623212	0.03076923076923077	4.3	0.5661218424962853	0.32838038632986627	0.9853587115666179	1.4326162373373628	10.0	0.3934398647811145	68	0	0	1	0	0.02181818181818182	20	5.0	0.654
MITHRIL.31533	1.0	1.229	0.46623212	0.03076923076923077	4.3	0.5661218424962853	0.036404160475482915	0.9853587115666179	1.4326162373373628	10.0	-2.779752850495109	68	0	0	1	0	0.02181818181818182	20	5.0	0.654
MITHRIL.31534	1.0	2.684	0.46227895	0.03076923076923077	1.4	0.5539836187639613	0.16455696202531644	0.9831625183016105	1.5753823792833337	9.0	-0.6033410300360109	69	0	0	1	0	0.006559766763848397	21	4.0	0.26
MITHRIL.31535	1.0	2.684	0.46227895	0.0	0.5	0.5539836187639613	0.24274013402829486	0.9831625183016105	1.5753823792833337	9.0	-0.042515435196364776	69	0	0	1	0	0.006559766763848397	21	4.0	0.26
MITHRIL.31536	1.0	2.684	0.46227895	0.03076923076923077	1.4	0.5539836187639613	0.0387192851824274	0.9831625183016105	1.5753823792833337	9.0	-2.6908038712863505	69	0	0	1	0	0.006559766763848397	21	4.0	0.26
MITHRIL.31537	0.928	1.905	0.45494598	0.03076923076923077	-1.9000000000000004	0.07174231332357248	0.6310395314787701	1.0	1.5039505485636158	4.0	1.3358022907990077	70	0	1	0	0	0.02867383512544803	22	3.0	0.358
MITHRIL.31538	0.928	1.905	0.45494598	0.03076923076923077	-1.5999999999999996	0.07174231332357248	0.1720351390922401	1.0	1.5039505485636158	4.0	-0.5392248217250908	70	0	1	0	0	0.02867383512544803	22	3.0	0.358
MITHRIL.31539	0.928	1.905	0.45494598	0.03076923076923077	-1.9000000000000004	0.07174231332357248	0.12518301610541727	1.0	1.5039505485636158	4.0	-0.9978892534041928	70	0	1	0	0	0.02867383512544803	22	3.0	0.358
MITHRIL.31540	0.0	-1.529	0.44691895	0.03076923076923077	-3.9000000000000004	0.5010989010989011	0.07838827838827839	0.9992679355783309	1.4973276943164513	6.0	-1.673218249406068	71	0	1	0	0	0.12697274031563846	23	4.0	0.677
MITHRIL.31541	0.0	-1.529	0.44691895	0.0	0.40000000000000036	0.5010989010989011	0.3824175824175824	0.9992679355783309	1.4973276943164513	6.0	0.6132207607626696	71	0	1	0	0	0.12697274031563846	23	4.0	0.677
MITHRIL.31542	0.0	-1.529	0.44691895	0.03076923076923077	-3.9000000000000004	0.5010989010989011	0.0380952380952381	0.9992679355783309	1.4973276943164513	6.0	-2.7142455176661224	71	0	1	0	0	0.12697274031563846	23	4.0	0.677
MITHRIL.31543	0.0	0.488	0.44504798	0.03076923076923077	2.3	0.63003663003663	0.06153846153846154	0.9992679355783309	1.335340547095214	5.0	-2.0223678130284544	72	0	1	0	0	0.16571018651362984	24	5.0	0.369
MITHRIL.31544	0.0	0.488	0.44504798	0.03076923076923077	1.7000000000000002	0.63003663003663	0.27765567765567767	0.9992679355783309	1.335340547095214	5.0	0.15136880236387698	72	0	1	0	0	0.16571018651362984	24	5.0	0.369
MITHRIL.31545	0.0	0.488	0.44504798	0.03076923076923077	0.7999999999999998	0.63003663003663	0.03076923076923077	0.9992679355783309	1.335340547095214	5.0	-3.0223678130284544	72	0	1	0	0	0.16571018651362984	24	5.0	0.369
MITHRIL.31546	0.002	1.533	0.44417285	0.03076923076923077	4.7	0.499266862170088	0.16202346041055718	0.9985358711566618	1.7757548266102303	5.0	-0.625725369632741	73	0	1	0	0	0.05312275664034458	25	6.0	0.288
MITHRIL.31547	0.002	1.533	0.44417285	0.0	0.0	0.499266862170088	0.21407624633431085	0.9985358711566618	1.7757548266102303	5.0	-0.22380337014415522	73	0	1	0	0	0.05312275664034458	25	6.0	0.288
MITHRIL.31548	0.002	1.533	0.44417285	0.03076923076923077	4.7	0.499266862170088	0.12463343108504399	0.9985358711566618	1.7757548266102303	5.0	-1.0042369928864707	73	0	1	0	0	0.05312275664034458	25	6.0	0.288
MITHRIL.31549	0.0	-0.685	0.4375943	0.03076923076923077	6.7	0.5109970674486803	0.06158357771260997	0.9985358711566618	1.418178102992794	4.0	-2.021310506245412	74	0	1	0	0	0.05384063173007897	26	7.0	0.358
MITHRIL.31550	0.0	-0.685	0.4375943	0.03076923076923077	4.1	0.5109970674486803	0.028592375366568914	0.9985358711566618	1.418178102992794	4.0	-3.128225710161924	74	0	1	0	0	0.05384063173007897	26	7.0	0.358
MITHRIL.31551	0.0	-0.685	0.4375943	0.0	2.6	0.5109970674486803	0.39882697947214074	0.9985358711566618	1.418178102992794	4.0	0.6738349122261669	74	0	1	0	0	0.05384063173007897	26	7.0	0.358
MITHRIL.31552	0.907	3.939	0.42857143	0.03076923076923077	6.6	0.6919117647058823	0.03308823529411765	0.9956076134699854	1.1384088707931945	8.0	-2.917537839808027	75	0	1	0	0	0.023758099352051837	27	8.0	0.168
MITHRIL.31553	0.907	3.939	0.42857143	0.03076923076923077	4.0	0.6919117647058823	0.01764705882352941	0.9956076134699854	1.1384088707931945	8.0	-3.8244284354165456	75	0	1	0	0	0.023758099352051837	27	8.0	0.168
MITHRIL.31554	0.907	3.939	0.42857143	0.0	2.3	0.6919117647058823	0.25735294117647056	0.9956076134699854	1.1384088707931945	8.0	0.0418201756946269	75	0	1	0	0	0.023758099352051837	27	8.0	0.168
MITHRIL.31555	0.86	1.811	0.42126863	0.03076923076923077	1.6	0.25129342202512933	0.10199556541019955	0.9904831625183016	1.293196386764969	10.0	-1.293421667198368	76	0	1	0	0	0.10347322720694646	28	9.0	0.267
MITHRIL.31556	0.86	1.811	0.42126863	0.0	0.7000000000000002	0.25129342202512933	0.005912786400591279	0.9904831625183016	1.293196386764969	10.0	-5.401946123976537	76	0	1	0	0	0.10347322720694646	28	9.0	0.267
MITHRIL.31557	0.86	1.811	0.42126863	0.03076923076923077	1.2000000000000002	0.25129342202512933	0.6407982261640798	0.9904831625183016	1.293196386764969	10.0	1.3579420592452978	76	0	1	0	0	0.10347322720694646	28	9.0	0.267
MITHRIL.31558	0.004	0.073	0.41511256	0.0	0.2999999999999998	0.4280415430267062	0.04154302670623145	0.986822840409956	1.3628053953652859	8.0	-2.5892498591242545	77	1	0	0	0	1.0	29	10.0	0.779
MITHRIL.31559	0.004	0.073	0.41511256	0.0	0.0	0.4280415430267062	0.028931750741839762	0.986822840409956	1.3628053953652859	8.0	-3.11120256231961	77	1	0	0	0	1.0	29	10.0	0.779
MITHRIL.31560	0.004	0.073	0.41511256	0.0	0.20000000000000018	0.4280415430267062	0.5014836795252225	0.986822840409956	1.3628053953652859	8.0	1.0042746551003259	77	1	0	0	0	1.0	29	10.0	0.779
MITHRIL.36586	1.0	4.382	0.40418854	0.02898550724637683	2.9000000000000004	0.8479228486646885	0.13353115727002968	1.0	0.70975564665613	10.0	-0.9047516848521837	0	0	1	0	0	0.0036363636363636364	8	8.0	0.47
MITHRIL.36587	1.0	4.382	0.40418854	0.02898550724637683	2.8000000000000007	0.8479228486646885	0.00370919881305638	1.0	0.70975564665613	10.0	-6.074676686294496	0	0	1	0	0	0.0036363636363636364	8	8.0	0.47
MITHRIL.36588	1.0	4.382	0.40418854	0.02898550724637683	2.8000000000000007	0.8479228486646885	0.01483679525222552	1.0	0.70975564665613	10.0	-4.074676686294496	0	0	1	0	0	0.0036363636363636364	8	8.0	0.47
MITHRIL.36589	0.998	0.884	0.40243829	0.02898550724637683	4.7	0.8241839762611276	0.0066765578635014835	1.0	0.7765234697762637	10.0	-5.226679779739547	1	0	1	0	0	0.009454545454545455	7	7.0	0.358
MITHRIL.36590	0.998	0.884	0.40243829	0.02898550724637683	4.7	0.8241839762611276	0.15652818991097922	1.0	0.7765234697762637	10.0	-0.6755055924746735	1	0	1	0	0	0.009454545454545455	7	7.0	0.358
MITHRIL.36591	0.998	0.884	0.40243829	0.02898550724637683	4.7	0.8241839762611276	0.012611275964391691	1.0	0.7765234697762637	10.0	-4.309141939931519	1	0	1	0	0	0.009454545454545455	7	7.0	0.358
MITHRIL.36592	0.997	3.856	0.39945078	0.02898550724637683	4.1000000000000005	0.6958456973293768	0.04673590504451038	1.0	1.2914950340191849	9.0	-2.419324857681942	2	0	1	0	0	0.3730909090909091	6	6.0	0.293
MITHRIL.36593	0.997	3.856	0.39945078	0.0	-0.09999999999999964	0.6958456973293768	0.06973293768545995	1.0	1.2914950340191849	9.0	-1.8420159295042209	2	0	1	0	0	0.3730909090909091	6	6.0	0.293
MITHRIL.36594	0.997	3.856	0.39945078	0.02898550724637683	3.9000000000000004	0.6958456973293768	0.18768545994065283	1.0	1.2914950340191849	9.0	-0.41361120648754823	2	0	1	0	0	0.3730909090909091	6	6.0	0.293
MITHRIL.36595	0.0	-0.281	0.39588991	0.02898550724637683	3.7	0.46364985163204747	0.04302670623145401	1.0	1.672609693806427	5.0	-2.5386237860542864	3	0	1	0	0	0.10618181818181818	5	5.0	0.437
MITHRIL.36596	0.0	-0.281	0.39588991	0.0	-0.09999999999999964	0.46364985163204747	0.3212166172106825	1.0	1.672609693806427	5.0	0.3616184335448665	3	0	1	0	0	0.10618181818181818	5	5.0	0.437
MITHRIL.36597	0.0	-0.281	0.39588991	0.02898550724637683	3.3000000000000003	0.46364985163204747	0.17210682492581603	1.0	1.672609693806427	5.0	-0.5386237860542863	3	0	1	0	0	0.10618181818181818	5	5.0	0.437
MITHRIL.36598	0.0	-0.491	0.39492426	0.02898550724637683	3.9000000000000004	0.680029695619896	0.005939123979213066	0.9992581602373887	1.1161023295886499	6.0	-5.395534135462303	4	0	1	0	0	0.03932993445010925	4	4.0	0.468
MITHRIL.36599	0.0	-0.491	0.39492426	0.0	0.0	0.680029695619896	0.27542687453600595	0.9992581602373887	1.1161023295886499	6.0	0.13974124115850023	4	0	1	0	0	0.03932993445010925	4	4.0	0.468
MITHRIL.36600	0.0	-0.491	0.39492426	0.02898550724637683	3.2	0.680029695619896	0.038604305864884926	0.9992581602373887	1.1161023295886499	6.0	-2.695094417321211	4	0	1	0	0	0.03932993445010925	4	4.0	0.468
MITHRIL.36601	0.0	-0.164	0.39531656	0.02898550724637683	4.300000000000001	0.6095025983667409	0.17223459539717892	0.9992581602373887	1.4882446426989715	4.0	-0.537553140334731	5	0	1	0	0	0.035688273852876914	3	3.0	0.506
MITHRIL.36602	0.0	-0.164	0.39531656	0.02898550724637683	4.300000000000001	0.6095025983667409	0.18411284335560504	0.9992581602373887	1.4882446426989715	4.0	-0.44133782507542796	5	0	1	0	0	0.035688273852876914	3	3.0	0.506
MITHRIL.36603	0.0	-0.164	0.39531656	0.02898550724637683	4.300000000000001	0.6095025983667409	0.03414996288047513	0.9992581602373887	1.4882446426989715	4.0	-2.87197217940529	5	0	1	0	0	0.035688273852876914	3	3.0	0.506
MITHRIL.36604	0.431	1.19	0.39269117	0.02898550724637683	1.6000000000000005	0.8337045285820341	0.005196733481811433	0.9992581602373887	0.8200204435898967	8.0	-5.588179213404699	6	0	1	0	0	0.01529497450837582	2	2.0	0.501
MITHRIL.36605	0.431	1.19	0.39269117	0.0	0.5	0.8337045285820341	0.11655530809205643	0.9992581602373887	0.8200204435898967	8.0	-1.100913386570676	6	0	1	0	0	0.01529497450837582	2	2.0	0.501
MITHRIL.36606	0.431	1.19	0.39269117	0.02898550724637683	1.6000000000000005	0.8337045285820341	0.044543429844097995	0.9992581602373887	0.8200204435898967	8.0	-2.4886435398537845	6	0	1	0	0	0.01529497450837582	2	2.0	0.501
MITHRIL.36607	0.998	2.518	0.39492426	0.0	-0.1999999999999993	0.9933184855233853	0.003711952487008166	0.9992581602373887	0.0655290116611617	9.0	-6.073606040574941	7	1	0	0	0	1.0	1	1.0	0.287
MITHRIL.36608	0.998	2.518	0.39492426	0.0	0.10000000000000053	0.9933184855233853	0.002969561989606533	0.9992581602373887	0.0655290116611617	9.0	-6.395534135462303	7	1	0	0	0	1.0	1	1.0	0.287
MITHRIL.36609	0.998	2.518	0.39492426	0.0	-0.1999999999999993	0.9933184855233853	0.0	0.9992581602373887	0.0655290116611617	9.0	-44.50699332842307	7	1	0	0	0	1.0	1	1.0	0.287
MITHRIL.36610	1.0	8.702	0.39359648	0.0	0.0	0.9910647803425168	0.0	0.9962908011869436	0.08593883931258003	10.0	-44.50699332842307	8	1	0	0	0	1.0	0	0.0	0.26
MITHRIL.36611	1.0	8.702	0.39359648	0.0	0.10000000000000053	0.9910647803425168	0.006701414743112435	0.9962908011869436	0.08593883931258003	10.0	-5.22131858798513	8	1	0	0	0	1.0	0	0.0	0.26
MITHRIL.36612	1.0	8.702	0.39359648	0.0	0.0	0.9910647803425168	0.0022338049143708115	0.9962908011869436	0.08593883931258003	10.0	-6.806281088706286	8	1	0	0	0	1.0	0	0.0	0.26
MITHRIL.36613	1.0	6.272	0.38964331	0.02898550724637683	3.6000000000000005	0.9183976261127597	0.07344213649851632	1.0	0.44607139466838874	5.0	-1.767248161102249	9	0	0	1	0	0.010181818181818183	0	0.0	0.231
MITHRIL.36614	1.0	6.272	0.38964331	0.02898550724637683	3.5000000000000004	0.9183976261127597	0.0	1.0	0.44607139466838874	5.0	-44.50699332842307	9	0	0	1	0	0.010181818181818183	0	0.0	0.231
MITHRIL.36615	1.0	6.272	0.38964331	0.02898550724637683	3.5000000000000004	0.9183976261127597	0.008160237388724036	1.0	0.44607139466838874	5.0	-4.937173162544561	9	0	0	1	0	0.010181818181818183	0	0.0	0.231
MITHRIL.36616	1.0	5.78	0.38282334	0.02898550724637683	4.300000000000001	0.9629080118694362	0.000741839762611276	1.0	0.270119338131915	14.0	-8.396604781181859	10	0	0	1	0	0.007272727272727273	1	1.0	0.048
MITHRIL.36617	1.0	5.78	0.38282334	0.02898550724637683	4.300000000000001	0.9629080118694362	0.016320474777448073	1.0	0.270119338131915	14.0	-3.937173162544561	10	0	0	1	0	0.007272727272727273	1	1.0	0.048
MITHRIL.36618	1.0	5.78	0.38282334	0.02898550724637683	4.300000000000001	0.9629080118694362	0.020029673590504452	1.0	0.270119338131915	14.0	-3.64171727901839	10	0	0	1	0	0.007272727272727273	1	1.0	0.048
MITHRIL.36619	1.0	5.785	0.3729857	0.02898550724637683	3.7	0.9829376854599406	0.000741839762611276	1.0	0.12901461103514075	10.0	-8.396604781181859	11	0	0	1	0	0.0007272727272727272	2	2.0	0.179
MITHRIL.36620	1.0	5.785	0.3729857	0.02898550724637683	3.7	0.9829376854599406	0.016320474777448073	1.0	0.12901461103514075	10.0	-3.937173162544561	11	0	0	1	0	0.0007272727272727272	2	2.0	0.179
MITHRIL.36621	1.0	5.785	0.3729857	0.02898550724637683	3.7	0.9829376854599406	0.0	1.0	0.12901461103514075	10.0	-44.50699332842307	11	0	0	1	0	0.0007272727272727272	2	2.0	0.179
MITHRIL.36622	1.0	5.773	0.36088478	0.02898550724637683	1.2000000000000002	0.9807121661721068	0.00741839762611276	1.0	0.1559632210468082	5.0	-5.074676686294496	12	0	0	1	0	0.006545454545454545	3	3.0	0.391
MITHRIL.36623	1.0	5.773	0.36088478	0.02898550724637683	1.5	0.9807121661721068	0.011869436201780416	1.0	0.1559632210468082	5.0	-4.396604781181859	12	0	0	1	0	0.006545454545454545	3	3.0	0.391
MITHRIL.36624	1.0	5.773	0.36088478	0.02898550724637683	0.20000000000000018	0.9807121661721068	0.0	1.0	0.1559632210468082	5.0	-44.50699332842307	12	0	0	1	0	0.006545454545454545	3	3.0	0.391
MITHRIL.36625	0.972	2.039	0.3500513	0.0	0.3000000000000007	0.9117210682492581	0.037091988130563795	1.0	0.5336933831153936	10.0	-2.752748591407134	13	0	0	0	1	1.0	4	4.0	0.585
MITHRIL.36626	0.972	2.039	0.3500513	0.0	-1.0	0.9117210682492581	0.002967359050445104	1.0	0.5336933831153936	10.0	-6.396604781181859	13	0	0	0	1	1.0	4	4.0	0.585
MITHRIL.36627	0.972	2.039	0.3500513	0.0	0.3000000000000007	0.9117210682492581	0.04821958456973294	1.0	0.5336933831153936	10.0	-2.374236968153404	13	0	0	0	1	1.0	4	4.0	0.585
MITHRIL.36628	0.748	1.653	0.33831251	0.0	0.0	0.884272997032641	0.022997032640949554	1.0	0.6902374419468252	6.0	-3.4424084707949834	14	0	0	0	1	1.0	5	5.0	0.615
MITHRIL.36629	0.748	1.653	0.33831251	0.0	0.0	0.884272997032641	0.037091988130563795	1.0	0.6902374419468252	6.0	-2.752748591407134	14	0	0	0	1	1.0	5	5.0	0.615
MITHRIL.36630	0.748	1.653	0.33831251	0.0	0.0	0.884272997032641	0.055637982195845696	1.0	0.6902374419468252	6.0	-2.167786090685978	14	0	0	0	1	1.0	5	5.0	0.615
MITHRIL.36631	0.0	-8.581	0.3273885	0.0	0.0	0.3516320474777448	0.36275964391691395	1.0	1.783435754166308	4.0	0.5370858737703753	15	0	0	0	1	1.0	6	6.0	0.654
MITHRIL.36632	0.0	-8.581	0.3273885	0.0	0.0	0.3516320474777448	0.05712166172106825	1.0	1.783435754166308	4.0	-2.1298182404869572	15	0	0	0	1	1.0	6	6.0	0.654
MITHRIL.36633	0.0	-8.581	0.3273885	0.0	0.0	0.3516320474777448	0.228486646884273	1.0	1.783435754166308	4.0	-0.12981824048695706	15	0	0	0	1	1.0	6	6.0	0.654
MITHRIL.36634	0.0	-2.409	0.31860704	0.0	0.0	0.27367636092468306	0.43475018642803875	0.994807121661721	1.7294697455311487	5.0	0.7982585512960224	16	0	0	0	1	1.0	7	6.0	1.567
MITHRIL.36635	0.0	-2.409	0.31860704	0.0	0.0	0.27367636092468306	0.04399701715137957	0.994807121661721	1.7294697455311487	5.0	-2.5064504725426326	16	0	0	0	1	1.0	7	6.0	1.567
MITHRIL.36636	0.0	-2.409	0.31860704	0.0	0.0	0.27367636092468306	0.24757643549589858	0.994807121661721	1.7294697455311487	5.0	-0.014054090557549175	16	0	0	0	1	1.0	7	6.0	1.567
MITHRIL.36637	0.995	4.607	0.31142495	0.0	0.20000000000000018	0.8035853468433359	0.09742790335151988	0.951780415430267	1.0053560924563425	8.0	-1.3595211704275953	17	0	0	0	1	1.0	6	5.0	1.998
MITHRIL.36638	0.995	4.607	0.31142495	0.0	0.0	0.8035853468433359	0.021044427123928292	0.951780415430267	1.0053560924563425	8.0	-3.570417952926214	17	0	0	0	1	1.0	6	5.0	1.998
MITHRIL.36639	0.995	4.607	0.31142495	0.0	0.20000000000000018	0.8035853468433359	0.0779423226812159	0.951780415430267	1.0053560924563425	8.0	-1.6814492653149578	17	0	0	0	1	1.0	6	5.0	1.998
MITHRIL.36640	1.0	4.696	0.30466534	0.02898550724637683	1.6000000000000005	0.9369436201780416	0.0	1.0	0.3701917420287593	5.0	-44.50699332842307	23	0	0	1	0	0.006545454545454545	5	4.0	0.269
MITHRIL.36641	1.0	4.696	0.30466534	0.0	-0.39999999999999947	0.9369436201780416	0.05637982195845697	1.0	0.3701917420287593	5.0	-2.148677267738273	23	0	0	1	0	0.006545454545454545	5	4.0	0.269
MITHRIL.36642	1.0	4.696	0.30466534	0.02898550724637683	0.8000000000000007	0.9369436201780416	0.0066765578635014835	1.0	0.3701917420287593	5.0	-5.226679779739547	23	0	0	1	0	0.006545454545454545	5	4.0	0.269
MITHRIL.36643	1.0	4.8	0.29959563	0.02898550724637683	3.7	0.9332344213649851	0.0	1.0	0.35961600995770343	10.0	-44.50699332842307	24	0	0	1	0	0.0007272727272727272	4	3.0	0.343
MITHRIL.36644	1.0	4.8	0.29959563	0.0	-0.09999999999999964	0.9332344213649851	0.06602373887240356	1.0	0.35961600995770343	10.0	-1.9208713502154606	24	0	0	1	0	0.0007272727272727272	4	3.0	0.343
MITHRIL.36645	1.0	4.8	0.29959563	0.02898550724637683	3.3000000000000003	0.9332344213649851	0.000741839762611276	1.0	0.35961600995770343	10.0	-8.396604781181859	24	0	0	1	0	0.0007272727272727272	4	3.0	0.343
MITHRIL.36646	1.0	6.897	0.29356026	0.02898550724637683	4.300000000000001	0.9488130563798219	0.02596439169139466	1.0	0.3474253942741995	10.0	-3.267321764236892	25	0	0	1	0	0.007272727272727273	3	2.0	0.16
MITHRIL.36647	1.0	6.897	0.29356026	0.0	0.0	0.9488130563798219	0.024480712166172106	1.0	0.3474253942741995	10.0	-3.3522106618234053	25	0	0	1	0	0.007272727272727273	3	2.0	0.16
MITHRIL.36648	1.0	6.897	0.29356026	0.02898550724637683	3.9000000000000004	0.9488130563798219	0.000741839762611276	1.0	0.3474253942741995	10.0	-8.396604781181859	25	0	0	1	0	0.007272727272727273	3	2.0	0.16
MITHRIL.36649	0.934	0.28	0.28082564	0.02898550724637683	3.4000000000000004	0.6431750741839762	0.000741839762611276	1.0	0.9476948844864389	5.0	-8.396604781181859	26	0	0	1	0	0.010181818181818183	2	1.0	0.449
MITHRIL.36650	0.934	0.28	0.28082564	0.02898550724637683	3.4000000000000004	0.6431750741839762	0.0	1.0	0.9476948844864389	5.0	-44.50699332842307	26	0	0	1	0	0.010181818181818183	2	1.0	0.449
MITHRIL.36651	0.934	0.28	0.28082564	0.0	1.8000000000000007	0.6431750741839762	0.3560830860534125	1.0	0.9476948844864389	5.0	0.5102858144266602	26	0	0	1	0	0.010181818181818183	2	1.0	0.449
MITHRIL.36652	0.948	2.087	0.27038445	0.0	0.40000000000000036	0.7594654788418709	0.023756495916852263	0.9992581602373887	1.0697668751196527	5.0	-3.395534135462303	27	1	0	0	0	0.817916970138383	1	1.0	1.354
MITHRIL.36653	0.948	2.087	0.27038445	0.0	0.10000000000000053	0.7594654788418709	0.17074981440237566	0.9992581602373887	1.0697668751196527	5.0	-0.5500440845179279	27	1	0	0	0	0.817916970138383	1	1.0	1.354
MITHRIL.36654	0.948	2.087	0.27038445	0.0	0.40000000000000036	0.7594654788418709	0.04602821083890126	0.9992581602373887	1.0697668751196527	5.0	-2.441337825075428	27	1	0	0	0	0.817916970138383	1	1.0	1.354
MITHRIL.36655	0.942	0.179	0.26199529	0.02898550724637683	1.4000000000000004	0.7470326409495549	0.04228486646884273	1.0	1.055303503028997	5.0	-2.5637147670171165	29	0	0	1	0	0.05381818181818182	0	0.0	0.455
MITHRIL.36656	0.942	0.179	0.26199529	0.02898550724637683	1.0	0.7470326409495549	0.19658753709198812	1.0	1.055303503028997	5.0	-0.34675623173129705	29	0	0	1	0	0.05381818181818182	0	0.0	0.455
MITHRIL.36657	0.942	0.179	0.26199529	0.02898550724637683	1.2000000000000002	0.7470326409495549	0.014094955489614243	1.0	1.055303503028997	5.0	-4.148677267738273	29	0	0	1	0	0.05381818181818182	0	0.0	0.455
MITHRIL.36658	1.0	2.49	0.25203694	0.02898550724637683	6.4	0.08531157270029674	0.015578635014836795	1.0	0.6301383131064777	3.0	-4.004287358403098	30	0	0	1	0	0.019636363636363636	1	1.0	0.376
MITHRIL.36659	1.0	2.49	0.25203694	0.02898550724637683	3.8000000000000003	0.08531157270029674	0.012611275964391691	1.0	0.6301383131064777	3.0	-4.309141939931519	30	0	0	1	0	0.019636363636363636	1	1.0	0.376
MITHRIL.36660	1.0	2.49	0.25203694	0.0	2.2	0.08531157270029674	0.8864985163204748	1.0	0.6301383131064777	3.0	1.8261901216862526	30	0	0	1	0	0.019636363636363636	1	1.0	0.376
MITHRIL.36661	1.0	8.702	0.2424407	0.02898550724637683	4.7	0.8568249258160238	0.000741839762611276	1.0	0.6442880558127723	14.0	-8.396604781181859	31	0	0	1	0	0.00727802037845706	2	2.0	0.517
MITHRIL.36662	1.0	8.702	0.2424407	0.0	0.7000000000000002	0.8568249258160238	0.13427299703264095	1.0	0.6442880558127723	14.0	-0.8967588940986531	31	0	0	1	0	0.00727802037845706	2	2.0	0.517
MITHRIL.36663	1.0	8.702	0.2424407	0.02898550724637683	4.6000000000000005	0.8568249258160238	0.008160237388724036	1.0	0.6442880558127723	14.0	-4.937173162544561	31	0	0	1	0	0.00727802037845706	2	2.0	0.517
MITHRIL.36664	1.0	7.501	0.23281429	0.02898550724637683	6.4	0.8635014836795252	0.1261127596439169	1.0	0.636952971658466	9.0	-0.9872138450441568	32	0	0	1	0	0.01455604075691412	3	2.0	0.432
MITHRIL.36665	1.0	7.501	0.23281429	0.02898550724637683	6.4	0.8635014836795252	0.002967359050445104	1.0	0.636952971658466	9.0	-6.396604781181859	32	0	0	1	0	0.01455604075691412	3	2.0	0.432
MITHRIL.36666	1.0	7.501	0.23281429	0.02898550724637683	6.4	0.8635014836795252	0.00741839762611276	1.0	0.636952971658466	9.0	-5.074676686294496	32	0	0	1	0	0.01455604075691412	3	2.0	0.432
MITHRIL.36667	1.0	2.23	0.22569256	0.02898550724637683	2.4000000000000004	0.7238307349665924	0.03711952487008166	0.9992581602373887	1.222937952882532	9.0	-2.7516779456875784	33	0	0	1	0	0.05753823743627094	3	1.0	0.376
MITHRIL.36668	1.0	2.23	0.22569256	0.0	0.9000000000000004	0.7238307349665924	0.0757238307349666	0.9992581602373887	1.222937952882532	9.0	-1.7231087934908076	33	0	0	1	0	0.05753823743627094	3	1.0	0.376
MITHRIL.36669	1.0	2.23	0.22569256	0.02898550724637683	1.3000000000000007	0.7238307349665924	0.1633259094283593	0.9992581602373887	1.222937952882532	9.0	-0.6141744219376436	33	0	0	1	0	0.05753823743627094	3	1.0	0.376
MITHRIL.36670	0.995	0.228	0.21775605	0.0	-0.1999999999999993	0.8189910979228486	0.014094955489614243	1.0	0.7659502554246163	5.0	-4.148677267738273	34	0	0	0	1	1.0	2	2.0	0.546
MITHRIL.36671	0.995	0.228	0.21775605	0.0	0.0	0.8189910979228486	0.16543026706231453	1.0	0.7659502554246163	5.0	-0.5957048812615537	34	0	0	0	1	1.0	2	2.0	0.546
MITHRIL.36672	0.995	0.228	0.21775605	0.0	-1.0999999999999996	0.8189910979228486	0.001483679525222552	1.0	0.7659502554246163	5.0	-7.396604781181859	34	0	0	0	1	1.0	2	2.0	0.546
MITHRIL.36673	1.0	3.767	0.20951777	0.0	0.0	0.9777448071216617	0.000741839762611276	1.0	0.1586144813604063	8.0	-8.396604781181859	35	0	0	0	1	1.0	1	1.0	0.615
MITHRIL.36674	1.0	3.767	0.20951777	0.0	0.0	0.9777448071216617	0.021513353115727003	1.0	0.1586144813604063	8.0	-3.5386237860542864	35	0	0	0	1	1.0	1	1.0	0.615
MITHRIL.36675	1.0	3.767	0.20951777	0.0	0.0	0.9777448071216617	0.0	1.0	0.1586144813604063	8.0	-44.50699332842307	35	0	0	0	1	1.0	1	1.0	0.615
MITHRIL.36676	1.0	6.296	0.20305993	0.0	0.0	1.0	0.0	1.0	-1.601713251907458e-15	27.0	-44.50699332842307	36	0	0	0	1	1.0	0	0.0	0.319
MITHRIL.36677	1.0	6.296	0.20305993	0.0	0.0	1.0	0.0	1.0	-1.601713251907458e-15	27.0	-44.50699332842307	36	0	0	0	1	1.0	0	0.0	0.319
MITHRIL.36678	1.0	6.296	0.20305993	0.0	0.0	1.0	0.0	1.0	-1.601713251907458e-15	27.0	-44.50699332842307	36	0	0	0	1	1.0	0	0.0	0.319
MITHRIL.36679	1.0	5.765	0.19584767	0.0	0.0	0.9992581602373887	0.0	1.0	0.008782466294821305	10.0	-44.50699332842307	37	0	0	0	1	1.0	0	0.0	0.044
MITHRIL.36680	1.0	5.765	0.19584767	0.0	0.0	0.9992581602373887	0.0	1.0	0.008782466294821305	10.0	-44.50699332842307	37	0	0	0	1	1.0	0	0.0	0.044
MITHRIL.36681	1.0	5.765	0.19584767	0.0	0.0	0.9992581602373887	0.000741839762611276	1.0	0.008782466294821305	10.0	-8.396604781181859	37	0	0	0	1	1.0	0	0.0	0.044
MITHRIL.36682	1.0	7.403	0.18948035	0.0	0.0	1.0	0.0	1.0	-1.601713251907458e-15	27.0	-44.50699332842307	38	0	0	0	1	1.0	1	1.0	0.047
MITHRIL.36683	1.0	7.403	0.18948035	0.0	0.0	1.0	0.0	1.0	-1.601713251907458e-15	27.0	-44.50699332842307	38	0	0	0	1	1.0	1	1.0	0.047
MITHRIL.36684	1.0	7.403	0.18948035	0.0	0.0	1.0	0.0	1.0	-1.601713251907458e-15	27.0	-44.50699332842307	38	0	0	0	1	1.0	1	1.0	0.047
MITHRIL.36685	0.159	1.038	0.18299234	0.0	0.0	0.701780415430267	0.0	1.0	0.8791036320475847	8.0	-44.50699332842307	39	0	0	0	1	1.0	2	2.0	0.44
MITHRIL.36686	0.159	1.038	0.18299234	0.0	0.0	0.701780415430267	0.29821958456973297	1.0	0.8791036320475847	8.0	0.25444690999707026	39	0	0	0	1	1.0	2	2.0	0.44
MITHRIL.36687	0.159	1.038	0.18299234	0.0	0.0	0.701780415430267	0.0	1.0	0.8791036320475847	8.0	-44.50699332842307	39	0	0	0	1	1.0	2	2.0	0.44
MITHRIL.36688	0.002	-0.909	0.17719838	0.0	-0.1999999999999993	0.23293768545994065	0.10756676557863501	1.0	1.4940083932780914	7.0	-1.216695691166924	40	0	0	0	1	1.0	1	1.0	0.403
MITHRIL.36689	0.002	-0.909	0.17719838	0.0	0.0	0.23293768545994065	0.05192878338278932	1.0	1.4940083932780914	7.0	-2.267321764236892	40	0	0	0	1	1.0	1	1.0	0.403
MITHRIL.36690	0.002	-0.909	0.17719838	0.0	-1.0999999999999996	0.23293768545994065	0.607566765578635	1.0	1.4940083932780914	7.0	1.28111486045915	40	0	0	0	1	1.0	1	1.0	0.403
MITHRIL.36691	0.493	0.787	0.17200797	0.02898550724637683	1.8000000000000007	0.7351632047477745	0.0771513353115727	1.0	1.2485901598738942	5.0	-1.6961650630407663	41	0	0	1	0	0.05745454545454545	0	0.0	0.394
MITHRIL.36692	0.493	0.787	0.17200797	0.02898550724637683	1.4000000000000004	0.7351632047477745	0.07863501483679525	1.0	1.2485901598738942	5.0	-1.6686843266186593	41	0	0	1	0	0.05745454545454545	0	0.0	0.394
MITHRIL.36693	0.493	0.787	0.17200797	0.02898550724637683	1.6000000000000005	0.7351632047477745	0.10905044510385757	1.0	1.2485901598738942	5.0	-1.196932436345494	41	0	0	1	0	0.05745454545454545	0	0.0	0.394
MITHRIL.36694	1.0	5.676	0.16941276	0.02898550724637683	6.4	0.8597922848664689	0.000741839762611276	1.0	0.603313904933637	9.0	-8.396604781181859	42	0	0	1	0	0.015272727272727273	1	1.0	0.291
MITHRIL.36695	1.0	5.676	0.16941276	0.02898550724637683	3.8000000000000003	0.8597922848664689	0.001483679525222552	1.0	0.603313904933637	9.0	-7.396604781181859	42	0	0	1	0	0.015272727272727273	1	1.0	0.291
MITHRIL.36696	1.0	5.676	0.16941276	0.0	2.6000000000000005	0.8597922848664689	0.13798219584569732	1.0	0.603313904933637	9.0	-0.8574459700738272	42	0	0	1	0	0.015272727272727273	1	1.0	0.291
MITHRIL.36697	1.0	5.78	0.16772286	0.02898550724637683	5.1000000000000005	0.8568249258160238	0.009643916913946587	1.0	0.6552224670288089	8.0	-4.696165063040766	43	0	0	1	0	0.00727802037845706	2	2.0	0.389
MITHRIL.36698	1.0	5.78	0.16772286	0.02898550724637683	4.7	0.8568249258160238	0.13204747774480713	1.0	0.6552224670288089	8.0	-0.9208713502154606	43	0	0	1	0	0.00727802037845706	2	2.0	0.389
MITHRIL.36699	1.0	5.78	0.16772286	0.02898550724637683	4.7	0.8568249258160238	0.001483679525222552	1.0	0.6552224670288089	8.0	-7.396604781181859	43	0	0	1	0	0.00727802037845706	2	2.0	0.389
MITHRIL.36700	0.943	2.237	0.1668779	0.02898550724637683	6.4	0.12166172106824925	0.8449554896142433	1.0	0.7629394117917866	3.0	1.7569472505262533	44	0	0	1	0	0.019650655021834062	3	2.0	0.697
MITHRIL.36701	0.943	2.237	0.1668779	0.02898550724637683	6.4	0.12166172106824925	0.0066765578635014835	1.0	0.7629394117917866	3.0	-5.226679779739547	44	0	0	1	0	0.019650655021834062	3	2.0	0.697
MITHRIL.36702	0.943	2.237	0.1668779	0.02898550724637683	6.4	0.12166172106824925	0.026706231454005934	1.0	0.7629394117917866	3.0	-3.226679779739546	44	0	0	1	0	0.019650655021834062	3	2.0	0.697
MITHRIL.36703	0.012	0.418	0.16630454	0.02898550724637683	2.0	0.749072011878248	0.008908685968819599	0.9992581602373887	1.042990255232491	5.0	-4.810571634741147	45	0	0	1	0	0.05316824471959213	4	1.0	0.593
MITHRIL.36704	0.012	0.418	0.16630454	0.0	0.9000000000000004	0.749072011878248	0.19376391982182628	0.9992581602373887	1.042990255232491	5.0	-0.36762813889241863	45	0	0	1	0	0.05316824471959213	4	1.0	0.593
MITHRIL.36705	0.012	0.418	0.16630454	0.02898550724637683	1.8000000000000007	0.749072011878248	0.04825538233110616	0.9992581602373887	1.042990255232491	5.0	-2.3731663224338484	45	0	0	1	0	0.05316824471959213	4	1.0	0.593
MITHRIL.36706	0.0	-2.401	0.1668779	0.0	-0.1999999999999993	0.08395802098950525	0.7421289355322339	0.9896142433234422	1.1557348063512962	2.0	1.569741763782387	46	1	0	0	0	0.8163115356355621	3	2.0	1.085
MITHRIL.36707	0.0	-2.401	0.1668779	0.0	-0.1999999999999993	0.08395802098950525	0.021739130434782608	0.9896142433234422	1.1557348063512962	2.0	-3.523561956057013	46	1	0	0	0	0.8163115356355621	3	2.0	1.085
MITHRIL.36708	0.0	-2.401	0.1668779	0.0	0.0	0.08395802098950525	0.15217391304347827	0.9896142433234422	1.1557348063512962	2.0	-0.7162070339994087	46	1	0	0	0	0.8163115356355621	3	2.0	1.085
MITHRIL.36709	0.0	0.007	0.16862816	0.0	0.0	0.5869565217391305	0.014992503748125937	0.9896142433234422	1.1761590778563706	5.0	-4.059614856297222	47	1	0	0	0	1.0	2	2.0	0.964
MITHRIL.36710	0.0	0.007	0.16862816	0.0	0.0	0.5869565217391305	0.3808095952023988	0.9896142433234422	1.1761590778563706	5.0	0.6071417355875809	47	1	0	0	0	1.0	2	2.0	0.964
MITHRIL.36711	0.0	0.007	0.16862816	0.0	0.0	0.5869565217391305	0.017241379310344827	0.9896142433234422	1.1761590778563706	5.0	-3.8579809951275723	47	1	0	0	0	1.0	2	2.0	0.964
MITHRIL.36712	0.002	1.948	0.17176655	0.0	0.0	0.9257871064467766	0.0014992503748125937	0.9896142433234422	0.4707499800197047	9.0	-7.381542951184585	48	1	0	0	0	1.0	1	1.0	0.311
MITHRIL.36713	0.002	1.948	0.17176655	0.0	0.0	0.9257871064467766	0.046476761619190406	0.9896142433234422	0.4707499800197047	9.0	-2.4273466407977096	48	1	0	0	0	1.0	1	1.0	0.311
MITHRIL.36714	0.002	1.948	0.17176655	0.0	0.0	0.9257871064467766	0.02623688155922039	0.9896142433234422	0.4707499800197047	9.0	-3.2522599342396186	48	1	0	0	0	1.0	1	1.0	0.311
MITHRIL.36715	0.0	-0.946	0.17390911	0.0	-0.09999999999999964	0.3095952023988006	0.04422788605697151	0.9896142433234422	1.1658273670320198	3.0	-2.498899901822744	49	1	0	0	0	1.0	0	0.0	0.914
MITHRIL.36716	0.0	-0.946	0.17390911	0.0	-0.09999999999999964	0.3095952023988006	0.0037481259370314842	0.9896142433234422	1.1658273670320198	3.0	-6.059614856297222	49	1	0	0	0	1.0	0	0.0	0.914
MITHRIL.36717	0.0	-0.946	0.17390911	0.0	0.10000000000000053	0.3095952023988006	0.6424287856071964	0.9896142433234422	1.1658273670320198	3.0	1.361608442927915	49	1	0	0	0	1.0	0	0.0	0.914
MITHRIL.36718	0.074	2.827	0.17614219	0.02898550724637683	0.8000000000000007	0.8245877061469266	0.004497751124437781	0.9896142433234422	0.7669494850124696	10.0	-5.796580450463429	51	0	0	1	0	0.0029390154298310064	1	1.0	0.409
MITHRIL.36719	0.074	2.827	0.17614219	0.0	0.0	0.8245877061469266	0.15967016491754124	0.9896142433234422	0.7669494850124696	10.0	-0.6468333309587466	51	0	0	1	0	0.0029390154298310064	1	1.0	0.409
MITHRIL.36720	0.074	2.827	0.17614219	0.02898550724637683	1.0	0.8245877061469266	0.011244377811094454	0.9896142433234422	0.7669494850124696	10.0	-4.474652355576066	51	0	0	1	0	0.0029390154298310064	1	1.0	0.409
MITHRIL.36721	0.062	1.107	0.18021607	0.02898550724637683	3.6000000000000005	0.6476761619190404	0.20539730134932535	0.9896142433234422	1.3630845702569092	9.0	-0.2835108682240582	52	0	0	1	0	0.03159441587068332	2	2.0	0.383
MITHRIL.36722	0.062	1.107	0.18021607	0.02898550724637683	3.5000000000000004	0.6476761619190404	0.018740629685157422	0.9896142433234422	1.3630845702569092	9.0	-3.73768676140986	52	0	0	1	0	0.03159441587068332	2	2.0	0.383
MITHRIL.36723	0.062	1.107	0.18021607	0.02898550724637683	3.5000000000000004	0.6476761619190404	0.12818590704647675	0.9896142433234422	1.3630845702569092	9.0	-0.9636904362986872	52	0	0	1	0	0.03159441587068332	2	2.0	0.383
MITHRIL.36724	0.0	-0.252	0.18244915	0.0	0.20000000000000018	0.5233082706766917	0.02556390977443609	0.9866468842729971	1.2703971812372066	3.0	-3.2897476891382125	53	0	0	1	0	0.07595870206489676	3	3.0	0.521
MITHRIL.36725	0.0	-0.252	0.18244915	0.02898550724637683	-6.9	0.5233082706766917	0.4293233082706767	0.9866468842729971	1.2703971812372066	3.0	0.7801364049742909	53	0	0	1	0	0.07595870206489676	3	3.0	0.521
MITHRIL.36726	0.0	-0.252	0.18244915	0.0	0.3000000000000007	0.5233082706766917	0.02180451127819549	0.9866468842729971	1.2703971812372066	3.0	-3.5192295352609797	53	0	0	1	0	0.07595870206489676	3	3.0	0.521
MITHRIL.36727	0.0	-0.07	0.18480295	0.02898550724637683	4.1000000000000005	0.3761467889908257	0.5657492354740061	0.9703264094955489	1.282831474898577	5.0	1.1782346350182296	54	0	0	1	0	0.08320839580209895	4	4.0	0.572
MITHRIL.36728	0.0	-0.07	0.18480295	0.02898550724637683	4.9	0.3761467889908257	0.012996941896024464	0.9703264094955489	1.282831474898577	5.0	-4.265683984247743	54	0	0	1	0	0.08320839580209895	4	4.0	0.572
MITHRIL.36729	0.0	-0.07	0.18480295	0.02898550724637683	4.1000000000000005	0.3761467889908257	0.04510703363914373	0.9703264094955489	1.282831474898577	5.0	-2.4705037761362414	54	0	0	1	0	0.08320839580209895	4	4.0	0.572
MITHRIL.36730	0.0	0.321	0.18637214	0.02898550724637683	3.3000000000000003	0.772269558481797	0.13477924089852827	0.9577151335311572	1.0765176470561044	3.0	-0.8913297894584623	55	0	0	1	0	0.1419893697798026	5	5.0	0.225
MITHRIL.36731	0.0	0.321	0.18637214	0.02898550724637683	4.1000000000000005	0.772269558481797	0.017815646785437646	0.9577151335311572	1.0765176470561044	3.0	-3.8107113292501777	55	0	0	1	0	0.1419893697798026	5	5.0	0.225
MITHRIL.36732	0.0	0.321	0.18637214	0.02898550724637683	3.8000000000000003	0.772269558481797	0.07513555383423702	0.9577151335311572	1.0765176470561044	3.0	-1.734360443120063	55	0	0	1	0	0.1419893697798026	5	5.0	0.225
MITHRIL.36733	0.0	-1.005	0.18676444	0.0	0.0	0.15785554728220402	0.18615040953090098	0.9962908011869436	1.4617131972105748	5.0	-0.4254593047653552	56	0	0	0	1	1.0	6	6.0	0.637
MITHRIL.36734	0.0	-1.005	0.18676444	0.0	-1.4000000000000004	0.15785554728220402	0.03350707371556218	0.9962908011869436	1.4617131972105748	5.0	-2.8993904930977674	56	0	0	0	1	1.0	6	6.0	0.637
MITHRIL.36735	0.0	-1.005	0.18676444	0.0	0.0	0.15785554728220402	0.6224869694713329	0.9962908011869436	1.4617131972105748	5.0	1.3161155426534406	56	0	0	0	1	1.0	6	6.0	0.637
MITHRIL.36736	0.0	0.611	0.18878629	0.0	0.0	0.8424289008455035	0.056110684089162186	0.9651335311572701	0.8920129150082876	3.0	-2.155580687837778	57	0	0	0	1	1.0	7	7.0	1.064
MITHRIL.36737	0.0	0.611	0.18878629	0.0	0.0	0.8424289008455035	0.06379707916986933	0.9651335311572701	0.8920129150082876	3.0	-1.9703658153708705	57	0	0	0	1	1.0	7	7.0	1.064
MITHRIL.36738	0.0	0.611	0.18878629	0.0	0.0	0.8424289008455035	0.03766333589546503	0.9651335311572701	0.8920129150082876	3.0	-2.730695402602587	57	0	0	0	1	1.0	7	7.0	1.064
MITHRIL.36739	0.0	-5.299	0.19418794	0.0	0.0	0.17028112449799196	0.6417670682730924	0.9235905044510386	1.4216993124424877	0.0	1.3601216659725335	58	0	0	0	1	1.0	8	8.0	1.115
MITHRIL.36740	0.0	-5.299	0.19418794	0.0	0.0	0.17028112449799196	0.15502008032128514	0.9235905044510386	1.4216993124424877	0.0	-0.6894729896873628	58	0	0	0	1	1.0	8	8.0	1.115
MITHRIL.36741	0.0	-5.299	0.19418794	0.0	0.0	0.17028112449799196	0.03293172690763052	0.9235905044510386	1.4216993124424877	0.0	-2.9243780223373594	58	0	0	0	1	1.0	8	8.0	1.115
MITHRIL.36742	0.0	0.516	0.20094755	0.0	0.0	0.8684654300168634	0.01854974704890388	0.8798219584569733	0.821265668717464	3.0	-3.7524566759087064	59	0	0	0	1	1.0	9	9.0	0.905
MITHRIL.36743	0.0	0.516	0.20094755	0.0	0.0	0.8684654300168634	0.06745362563237774	0.8798219584569733	0.821265668717464	3.0	-1.8899601996586415	59	0	0	0	1	1.0	9	9.0	0.905
MITHRIL.36744	0.0	0.516	0.20094755	0.0	0.0	0.8684654300168634	0.045531197301854974	0.8798219584569733	0.821265668717464	3.0	-2.457000792382535	59	0	0	0	1	1.0	9	9.0	0.905
MITHRIL.36745	0.0	0.017	0.20689239	0.0	0.0	0.05663716814159292	0.8415929203539823	0.8382789317507419	0.9183273099870551	3.0	1.7511944735580134	60	0	0	0	1	1.0	10	9.0	0.694
MITHRIL.36746	0.0	0.017	0.20689239	0.0	0.0	0.05663716814159292	0.01504424778761062	0.8382789317507419	0.9183273099870551	3.0	-4.0546442160522105	60	0	0	0	1	1.0	10	9.0	0.694
MITHRIL.36747	0.0	0.017	0.20689239	0.0	0.0	0.05663716814159292	0.08672566371681416	0.8382789317507419	0.9183273099870551	3.0	-1.527397213187342	60	0	0	0	1	1.0	10	9.0	0.694
MITHRIL.36748	0.0	-4.597	0.21362182	0.0	0.0	0.10684931506849316	0.5789954337899543	0.8123145400593472	1.5376749660371607	2.0	1.2116238756508715	61	0	0	0	1	1.0	11	8.0	1.193
MITHRIL.36749	0.0	-4.597	0.21362182	0.0	0.0	0.10684931506849316	0.2273972602739726	0.8123145400593472	1.5376749660371607	2.0	-0.13671322242045475	61	0	0	0	1	1.0	11	8.0	1.193
MITHRIL.36750	0.0	-4.597	0.21362182	0.0	0.0	0.10684931506849316	0.0867579908675799	0.8123145400593472	1.5376749660371607	2.0	-1.526859546157588	61	0	0	0	1	1.0	11	8.0	1.193
MITHRIL.36751	0.0	-3.392	0.22309735	0.0	0.40000000000000036	0.10700389105058365	0.4785992217898833	0.7626112759643917	1.4016623191726678	3.0	0.9368899561453619	62	0	0	0	1	1.0	12	7.0	1.067
MITHRIL.36752	0.0	-3.392	0.22309735	0.0	0.0	0.10700389105058365	0.009727626459143969	0.7626112759643917	1.4016623191726678	3.0	-4.683696454306515	62	0	0	0	1	1.0	12	7.0	1.067
MITHRIL.36753	0.0	-3.392	0.22309735	0.0	0.6000000000000005	0.10700389105058365	0.4046692607003891	0.7626112759643917	1.4016623191726678	3.0	0.6948151689472141	62	0	0	0	1	1.0	12	7.0	1.067
MITHRIL.36754	0.0	0.564	0.23154686	0.02898550724637683	2.3000000000000007	0.780359820089955	0.06221889055472264	0.9896142433234422	1.0580665916918983	7.0	-2.00650351983766	65	0	0	1	0	0.13739897134459955	13	6.0	0.349
MITHRIL.36755	0.0	0.564	0.23154686	0.02898550724637683	2.6000000000000005	0.780359820089955	0.027736131934032984	0.9896142433234422	1.0580665916918983	7.0	-3.1720895855556352	65	0	0	1	0	0.13739897134459955	13	6.0	0.349
MITHRIL.36756	0.0	0.564	0.23154686	0.0	2.8000000000000007	0.780359820089955	0.12968515742128936	0.9896142433234422	1.0580665916918983	7.0	-0.9469147235478603	65	0	0	1	0	0.13739897134459955	13	6.0	0.349
MITHRIL.36757	0.0	-0.038	0.24346671	0.02898550724637683	2.0	0.404047976011994	0.035982008995502246	0.9896142433234422	1.303323246657808	5.0	-2.796580450463429	66	0	0	1	0	0.08376193975018369	14	5.0	0.438
MITHRIL.36758	0.0	-0.038	0.24346671	0.02898550724637683	2.5	0.404047976011994	0.021739130434782608	0.9896142433234422	1.303323246657808	5.0	-3.523561956057013	66	0	0	1	0	0.08376193975018369	14	5.0	0.438
MITHRIL.36759	0.0	-0.038	0.24346671	0.0	2.1000000000000005	0.404047976011994	0.5382308845577212	0.9896142433234422	1.303323246657808	5.0	1.1062970826384664	66	0	0	1	0	0.08376193975018369	14	5.0	0.438
MITHRIL.36760	0.0	-1.29	0.25620134	0.0	0.6000000000000005	0.45338345864661656	0.01804511278195489	0.9866468842729971	1.2644823833432963	4.0	-3.7922480296673955	67	0	0	1	0	0.07448377581120944	15	4.0	0.509
MITHRIL.36761	0.0	-1.29	0.25620134	0.0	-0.39999999999999947	0.45338345864661656	0.02706766917293233	0.9866468842729971	1.2644823833432963	4.0	-3.2072855289462394	67	0	0	1	0	0.07448377581120944	15	4.0	0.509
MITHRIL.36762	0.0	-1.29	0.25620134	0.02898550724637683	-4.799999999999999	0.45338345864661656	0.5015037593984962	0.9866468842729971	1.2644823833432963	4.0	1.004332420796033	67	0	0	1	0	0.07448377581120944	15	4.0	0.509
MITHRIL.36763	0.129	0.688	0.27062587	0.02898550724637683	2.5	0.6681957186544343	0.11085626911314984	0.9703264094955489	1.323628820792989	9.0	-1.173237735483148	68	0	0	1	0	0.031484257871064465	16	3.0	0.654
MITHRIL.36764	0.129	0.688	0.27062587	0.02898550724637683	2.0	0.6681957186544343	0.020642201834862386	0.9703264094955489	1.323628820792989	9.0	-3.598259323334614	68	0	0	1	0	0.031484257871064465	16	3.0	0.654
MITHRIL.36765	0.129	0.688	0.27062587	0.0	2.4000000000000004	0.6681957186544343	0.20030581039755352	0.9703264094955489	1.323628820792989	9.0	-0.31972382396063226	68	0	0	1	0	0.031484257871064465	16	3.0	0.654
MITHRIL.36766	0.904	2.494	0.2846581	0.02898550724637683	0.9000000000000004	0.8807126258714175	0.011618900077459334	0.9577151335311572	0.6403872528600739	10.0	-4.427382689698672	69	0	0	1	0	0.0030372057706909645	17	2.0	0.26
MITHRIL.36767	0.904	2.494	0.2846581	0.02898550724637683	1.2000000000000002	0.8807126258714175	0.10379550735863671	0.9577151335311572	0.6403872528600739	10.0	-1.2681840948494183	69	0	0	1	0	0.0030372057706909645	17	2.0	0.26
MITHRIL.36768	0.904	2.494	0.2846581	0.02898550724637683	1.0	0.8807126258714175	0.0038729666924864447	0.9577151335311572	0.6403872528600739	10.0	-6.012345190419828	69	0	0	1	0	0.0030372057706909645	17	2.0	0.26
MITHRIL.36769	0.902	2.374	0.29896192	0.02898550724637683	0.9000000000000004	0.8516320474777448	0.03412462908011869	1.0	0.7662778948460731	8.0	-2.8730428251248457	70	0	1	0	0	0.015272727272727273	18	3.0	0.358
MITHRIL.36770	0.902	2.374	0.29896192	0.02898550724637683	1.3000000000000007	0.8516320474777448	0.10534124629080119	1.0	0.7662778948460731	8.0	-1.2468576616771765	70	0	1	0	0	0.015272727272727273	18	3.0	0.358
MITHRIL.36771	0.902	2.374	0.29896192	0.02898550724637683	0.8000000000000007	0.8516320474777448	0.008902077151335312	1.0	0.7662778948460731	8.0	-4.811642280460703	70	0	1	0	0	0.015272727272727273	18	3.0	0.358
MITHRIL.36772	0.013	0.414	0.31730943	0.02898550724637683	4.300000000000001	0.5793768545994066	0.032640949554896145	1.0	1.535081879344472	4.0	-2.937173162544561	71	0	1	0	0	0.03563636363636364	19	4.0	0.677
MITHRIL.36773	0.013	0.414	0.31730943	0.0	0.0	0.5793768545994066	0.19955489614243324	1.0	1.535081879344472	4.0	-0.3251424186252343	71	0	1	0	0	0.03563636363636364	19	4.0	0.677
MITHRIL.36774	0.013	0.414	0.31730943	0.02898550724637683	3.9000000000000004	0.5793768545994066	0.1884272997032641	1.0	1.535081879344472	4.0	-0.4079200944096925	71	0	1	0	0	0.03563636363636364	19	4.0	0.677
MITHRIL.36775	0.0	-0.465	0.33701491	0.02898550724637683	3.9000000000000004	0.6862017804154302	0.026706231454005934	1.0	1.1071935763876615	4.0	-3.226679779739546	72	0	1	0	0	0.03927272727272727	20	5.0	0.369
MITHRIL.36776	0.0	-0.465	0.33701491	0.02898550724637683	3.9000000000000004	0.6862017804154302	0.2737388724035608	1.0	1.1071935763876615	4.0	0.13087222487853753	72	0	1	0	0	0.03927272727272727	20	5.0	0.369
MITHRIL.36777	0.0	-0.465	0.33701491	0.02898550724637683	3.9000000000000004	0.6862017804154302	0.013353115727002967	1.0	1.1071935763876615	4.0	-4.226679779739547	72	0	1	0	0	0.03927272727272727	20	5.0	0.369
MITHRIL.36778	0.0	-1.348	0.35762569	0.02898550724637683	3.7	0.4206231454005935	0.18397626112759644	1.0	1.711413774146071	6.0	-0.4424084707949833	73	0	1	0	0	0.10618181818181818	21	6.0	0.288
MITHRIL.36779	0.0	-1.348	0.35762569	0.02898550724637683	3.7	0.4206231454005935	0.3486646884272997	1.0	1.711413774146071	6.0	0.47991216538314124	73	0	1	0	0	0.10618181818181818	21	6.0	0.288
MITHRIL.36780	0.0	-1.348	0.35762569	0.02898550724637683	3.7	0.4206231454005935	0.04673590504451038	1.0	1.711413774146071	6.0	-2.419324857681942	73	0	1	0	0	0.10618181818181818	21	6.0	0.288
MITHRIL.36781	0.043	0.335	0.37835717	0.02898550724637683	4.1000000000000005	0.3434718100890208	0.15207715133531158	1.0	1.797391488033955	9.0	-0.7171246816764124	74	0	1	0	0	0.37454545454545457	22	7.0	0.358
MITHRIL.36782	0.043	0.335	0.37835717	0.02898550724637683	4.1000000000000005	0.3434718100890208	0.4072700296735905	1.0	1.797391488033955	9.0	0.7040575578233401	74	0	1	0	0	0.37454545454545457	22	7.0	0.358
MITHRIL.36783	0.043	0.335	0.37835717	0.02898550724637683	4.1000000000000005	0.3434718100890208	0.09718100890207715	1.0	1.797391488033955	9.0	-1.3631817796444081	74	0	1	0	0	0.37454545454545457	22	7.0	0.358
MITHRIL.36784	0.998	3.416	0.40017503	0.02898550724637683	4.7	0.8158871566443949	0.011878247958426132	0.9992581602373887	0.8125336806410762	10.0	-4.395534135462303	75	0	1	0	0	0.009468317552804079	23	8.0	0.168
MITHRIL.36785	0.998	3.416	0.40017503	0.0	0.0	0.8158871566443949	0.16109873793615442	0.9992581602373887	0.8125336806410762	10.0	-0.6339829030178238	75	0	1	0	0	0.009468317552804079	23	8.0	0.168
MITHRIL.36786	0.998	3.416	0.40017503	0.02898550724637683	4.7	0.8158871566443949	0.011135857461024499	0.9992581602373887	0.8125336806410762	10.0	-4.4886435398537845	75	0	1	0	0	0.009468317552804079	23	8.0	0.168
MITHRIL.36787	1.0	7.391	0.41161205	0.02898550724637683	2.7	0.8344469190794358	0.013363028953229399	0.9992581602373887	0.7439723529711869	10.0	-4.225609134019991	76	0	1	0	0	0.003641660597232338	24	9.0	0.267
MITHRIL.36788	1.0	7.391	0.41161205	0.02898550724637683	2.7	0.8344469190794358	0.004454342984409799	0.9992581602373887	0.7439723529711869	10.0	-5.810571634741147	76	0	1	0	0	0.003641660597232338	24	9.0	0.267
MITHRIL.36789	1.0	7.391	0.41161205	0.0	2.0	0.8344469190794358	0.147735708982925	0.9992581602373887	0.7439723529711869	10.0	-0.7589095149186543	76	0	1	0	0	0.003641660597232338	24	9.0	0.267
MITHRIL.36790	1.0	4.522	0.42160058	0.0	-0.8999999999999995	0.8507795100222717	0.07126948775055679	0.9992581602373887	0.790270068505267	10.0	-1.810571634741147	77	1	0	0	0	1.0	25	10.0	0.779
MITHRIL.36791	1.0	4.522	0.42160058	0.0	-0.8999999999999995	0.8507795100222717	0.0066815144766146995	0.9992581602373887	0.790270068505267	10.0	-5.225609134019991	77	1	0	0	0	1.0	25	10.0	0.779
MITHRIL.36792	1.0	4.522	0.42160058	0.0	-0.39999999999999947	0.8507795100222717	0.07126948775055679	0.9992581602373887	0.790270068505267	10.0	-1.810571634741147	77	1	0	0	0	1.0	25	10.0	0.779
MITHRIL.36793	0.836	0.419	0.42839037	0.03389830508474578	3.9	0.7866666666666666	0.2074074074074074	1.0	0.790093322195221	7.0	-0.26946067499322685	0	0	1	0	0	0.015988372093023256	22	9.0	0.47
MITHRIL.36794	0.836	0.419	0.42839037	0.03389830508474578	4.0	0.7866666666666666	0.0007407407407407407	1.0	0.790093322195221	7.0	-8.398743691938193	0	0	1	0	0	0.015988372093023256	22	9.0	0.47
MITHRIL.36795	0.836	0.419	0.42839037	0.03389830508474578	4.1	0.7866666666666666	0.005185185185185185	1.0	0.790093322195221	7.0	-5.591388769880589	0	0	1	0	0	0.015988372093023256	22	9.0	0.47
MITHRIL.36796	1.0	8.605	0.43170982	0.03389830508474578	4.5	0.9274074074074075	0.0	1.0	0.40765243510216786	9.0	-44.50699332842307	1	0	1	0	0	0.016715116279069766	21	8.0	0.358
MITHRIL.36797	1.0	8.605	0.43170982	0.0	0.9000000000000004	0.9274074074074075	0.06592592592592593	1.0	0.40765243510216786	9.0	-1.9230102609717954	1	0	1	0	0	0.016715116279069766	21	8.0	0.358
MITHRIL.36798	1.0	8.605	0.43170982	0.03389830508474578	4.4	0.9274074074074075	0.006666666666666667	1.0	0.40765243510216786	9.0	-5.22881869049588	1	0	1	0	0	0.016715116279069766	21	8.0	0.358
MITHRIL.36799	0.996	1.583	0.43110628	0.03389830508474578	6.4	0.6962962962962963	0.2740740740740741	1.0	1.0509864572523764	10.0	0.13263776857811893	2	0	1	0	0	0.01308139534883721	20	7.0	0.293
MITHRIL.36800	0.996	1.583	0.43110628	0.03389830508474578	6.4	0.6962962962962963	0.008148148148148147	1.0	1.0509864572523764	10.0	-4.939312073300896	2	0	1	0	0	0.01308139534883721	20	7.0	0.293
MITHRIL.36801	0.996	1.583	0.43110628	0.03389830508474578	6.4	0.6962962962962963	0.02148148148148148	1.0	1.0509864572523764	10.0	-3.540762696810621	2	0	1	0	0	0.01308139534883721	20	7.0	0.293
MITHRIL.36802	0.952	1.998	0.42504074	0.03389830508474578	4.5	0.7133333333333334	0.018518518518518517	1.0	1.057778330072776	9.0	-3.7548875021634687	3	0	1	0	0	0.3502906976744186	19	6.0	0.437
MITHRIL.36803	0.952	1.998	0.42504074	0.0	0.5	0.7133333333333334	0.25037037037037035	1.0	1.057778330072776	9.0	0.002135744343990988	3	0	1	0	0	0.3502906976744186	19	6.0	0.437
MITHRIL.36804	0.952	1.998	0.42504074	0.03389830508474578	4.5	0.7133333333333334	0.017777777777777778	1.0	1.057778330072776	9.0	-3.813781191217037	3	0	1	0	0	0.3502906976744186	19	6.0	0.437
MITHRIL.36805	0.42	0.182	0.41975979	0.03389830508474578	3.7	0.3437037037037037	0.024444444444444446	1.0	1.5251534138428948	8.0	-3.3543495725797396	4	0	1	0	0	0.04142441860465116	18	5.0	0.468
MITHRIL.36806	0.42	0.182	0.41975979	0.0	-0.09999999999999964	0.3437037037037037	0.5103703703703704	1.0	1.5251534138428948	8.0	1.0296164807660981	4	0	1	0	0	0.04142441860465116	18	5.0	0.468
MITHRIL.36807	0.42	0.182	0.41975979	0.03389830508474578	3.3	0.3437037037037037	0.12148148148148148	1.0	1.5251534138428948	8.0	-1.0411916873201095	4	0	1	0	0	0.04142441860465116	18	5.0	0.468
MITHRIL.36808	0.403	1.572	0.41559539	0.03389830508474578	4.2	0.7333333333333333	0.008148148148148147	1.0	1.0925579928555416	9.0	-4.939312073300896	5	0	1	0	0	0.03125	17	4.0	0.506
MITHRIL.36809	0.403	1.572	0.41559539	0.0	0.2999999999999998	0.7333333333333333	0.19777777777777777	1.0	1.0925579928555416	9.0	-0.3380477602506393	5	0	1	0	0	0.03125	17	4.0	0.506
MITHRIL.36810	0.403	1.572	0.41559539	0.03389830508474578	3.8	0.7333333333333333	0.06074074074074074	1.0	1.0925579928555416	9.0	-2.0411916873201097	5	0	1	0	0	0.03125	17	4.0	0.506
MITHRIL.36811	0.276	0.607	0.40952984	0.03389830508474578	2.7	0.6263899184581171	0.19199406968124536	0.9992592592592593	1.403476564189832	5.0	-0.38086634526171376	6	0	1	0	0	0.11272727272727273	16	3.0	0.501
MITHRIL.36812	0.276	0.607	0.40952984	0.03389830508474578	3.0	0.6263899184581171	0.015567086730911787	0.9992592592592593	1.403476564189832	5.0	-4.005357210169508	6	0	1	0	0	0.11272727272727273	16	3.0	0.501
MITHRIL.36813	0.276	0.607	0.40952984	0.03389830508474578	2.9000000000000004	0.6263899184581171	0.16604892512972572	0.9992592592592593	1.403476564189832	5.0	-0.5903197108906635	6	0	1	0	0	0.11272727272727273	16	3.0	0.501
MITHRIL.36814	0.0	-5.198	0.40304183	0.0	-0.20000000000000018	0.05913173652694611	0.22230538922155688	0.9896296296296296	1.6929980989477877	5.0	-0.16938517167328648	7	0	0	0	1	1.0	15	4.0	0.26
MITHRIL.36815	0.0	-5.198	0.40304183	0.0	-0.2999999999999998	0.05913173652694611	0.5059880239520959	0.9896296296296296	1.6929980989477877	5.0	1.0171751438081322	7	0	0	0	1	1.0	15	4.0	0.26
MITHRIL.36816	0.0	-5.198	0.40304183	0.0	0.0	0.05913173652694611	0.2125748502994012	0.9896296296296296	1.6929980989477877	5.0	-0.2339571729693701	7	0	0	0	1	1.0	15	4.0	0.26
MITHRIL.36817	0.0	-2.177	0.39902831	0.0	0.0	0.23405972558514931	0.34221146085552867	0.9177777777777778	1.8717193350101806	4.0	0.4529599824225977	8	0	0	0	1	1.0	14	5.0	0.343
MITHRIL.36818	0.0	-2.177	0.39902831	0.0	0.0	0.23405972558514931	0.2986279257465698	0.9177777777777778	1.8717193350101806	4.0	0.25642098837571065	8	0	0	0	1	1.0	14	5.0	0.343
MITHRIL.36819	0.0	-2.177	0.39902831	0.0	0.0	0.23405972558514931	0.12510088781275222	0.9177777777777778	1.8717193350101806	4.0	-0.998836066866364	8	0	0	0	1	1.0	14	5.0	0.343
MITHRIL.36820	0.0	-2.062	0.39607098	0.0	0.0	0.1514476614699332	0.303637713437268	0.9977777777777778	1.928444522332585	2.0	0.28042289747944554	13	0	0	0	1	1.0	13	6.0	0.16
MITHRIL.36821	0.0	-2.062	0.39607098	0.0	0.0	0.1514476614699332	0.2011878247958426	0.9977777777777778	1.928444522332585	2.0	-0.3133850941084316	13	0	0	0	1	1.0	13	6.0	0.16
MITHRIL.36822	0.0	-2.062	0.39607098	0.0	0.0	0.1514476614699332	0.3437268002969562	0.9977777777777778	1.928444522332585	2.0	0.4593342477979332	13	0	0	0	1	1.0	13	6.0	0.16
MITHRIL.36823	0.0	-4.136	0.39640292	0.0	0.0	0.42917726887192537	0.13740458015267176	0.8733333333333333	1.7874626480377471	2.0	-0.8634980000951379	14	0	0	0	1	1.0	12	7.0	0.449
MITHRIL.36824	0.0	-4.136	0.39640292	0.0	0.0	0.42917726887192537	0.273960983884648	0.8733333333333333	1.7874626480377471	2.0	0.1320423517141623	14	0	0	0	1	1.0	12	7.0	0.449
MITHRIL.36825	0.0	-4.136	0.39640292	0.0	0.0	0.42917726887192537	0.1594571670907549	0.8733333333333333	1.7874626480377471	2.0	-0.6487591513021251	14	0	0	0	1	1.0	12	7.0	0.449
MITHRIL.36826	0.0	-1.079	0.39966202	0.0	-0.2999999999999998	0.43189102564102566	0.31009615384615385	0.9244444444444444	1.739575464374634	2.0	0.310787537282162	27	0	0	1	0	0.3904163393558523	11	6.0	1.354
MITHRIL.36827	0.0	-1.079	0.39966202	0.0	-0.40000000000000036	0.43189102564102566	0.06971153846153846	0.9244444444444444	1.739575464374634	2.0	-1.84245872301352	27	0	0	1	0	0.3904163393558523	11	6.0	1.354
MITHRIL.36828	0.0	-1.079	0.39966202	0.0	0.0	0.43189102564102566	0.18830128205128205	0.9244444444444444	1.739575464374634	2.0	-0.40888527229724864	27	0	0	1	0	0.3904163393558523	11	6.0	1.354
MITHRIL.36829	0.716	1.313	0.39848512	0.03389830508474578	1.7999999999999998	0.6792592592592592	0.02074074074074074	1.0	1.2799955975649777	8.0	-3.5913887698805893	29	0	0	1	0	0.15988372093023256	10	5.0	0.455
MITHRIL.36830	0.716	1.313	0.39848512	0.0	-0.5999999999999996	0.6792592592592592	0.21037037037037037	1.0	1.2799955975649777	8.0	-0.24899657243351114	29	0	0	1	0	0.15988372093023256	10	5.0	0.455
MITHRIL.36831	0.716	1.313	0.39848512	0.03389830508474578	-2.4000000000000004	0.6792592592592592	0.08962962962962963	1.0	1.2799955975649777	8.0	-1.4798804546635989	29	0	0	1	0	0.15988372093023256	10	5.0	0.455
MITHRIL.36832	0.993	2.527	0.39776088	0.0	0.0	0.7340740740740741	0.017037037037037038	1.0	1.1047594519141108	3.0	-3.8751817358811804	30	0	0	1	0	0.27180232558139533	9	6.0	0.376
MITHRIL.36833	0.993	2.527	0.39776088	0.0	0.0	0.7340740740740741	0.2	1.0	1.1047594519141108	3.0	-0.3219280948873623	30	0	0	1	0	0.27180232558139533	9	6.0	0.376
MITHRIL.36834	0.993	2.527	0.39776088	0.03389830508474578	-4.4	0.7340740740740741	0.04888888888888889	1.0	1.1047594519141108	3.0	-2.3543495725797396	30	0	0	1	0	0.27180232558139533	9	6.0	0.376
MITHRIL.36835	1.0	5.919	0.39640292	0.03389830508474578	3.5	0.5281481481481481	0.42444444444444446	1.0	1.2361783902819112	3.0	0.7647166958086373	31	0	0	1	0	0.11482558139534883	8	5.0	0.517
MITHRIL.36836	1.0	5.919	0.39640292	0.03389830508474578	4.0	0.5281481481481481	0.003703703703703704	1.0	1.2361783902819112	3.0	-6.075746538060906	31	0	0	1	0	0.11482558139534883	8	5.0	0.517
MITHRIL.36837	1.0	5.919	0.39640292	0.03389830508474578	3.7	0.5281481481481481	0.04296296296296296	1.0	1.2361783902819112	3.0	-2.5396936378206956	31	0	0	1	0	0.11482558139534883	8	5.0	0.517
MITHRIL.36838	1.0	2.148	0.38922083	0.03389830508474578	2.5999999999999996	0.5962962962962963	0.02148148148148148	1.0	1.393207584419787	5.0	-3.540762696810621	32	0	0	1	0	0.11700581395348837	7	4.0	0.432
MITHRIL.36839	1.0	2.148	0.38922083	0.0	0.9000000000000004	0.5962962962962963	0.29333333333333333	1.0	1.393207584419787	5.0	0.23061292814141637	32	0	0	1	0	0.11700581395348837	7	4.0	0.432
MITHRIL.36840	1.0	2.148	0.38922083	0.03389830508474578	1.5	0.5962962962962963	0.08888888888888889	1.0	1.393207584419787	5.0	-1.4918530963296746	32	0	0	1	0	0.11700581395348837	7	4.0	0.432
MITHRIL.36841	1.0	4.66	0.38022814	0.0	0.2999999999999998	0.7395209580838323	0.02470059880239521	0.9896296296296296	1.0743273453173678	2.0	-3.339310173115599	33	0	0	1	0	0.17474302496328928	6	5.0	0.376
MITHRIL.36842	1.0	4.66	0.38022814	0.03389830508474578	-3.0999999999999996	0.7395209580838323	0.20733532934131738	0.9896296296296296	1.0743273453173678	2.0	-0.26996212642486384	33	0	0	1	0	0.17474302496328928	6	5.0	0.376
MITHRIL.36843	1.0	4.66	0.38022814	0.0	0.20000000000000018	0.7395209580838323	0.02844311377245509	0.9896296296296296	1.0743273453173678	2.0	-3.1357767790304667	33	0	0	1	0	0.17474302496328928	6	5.0	0.376
MITHRIL.36844	1.0	3.668	0.37135615	0.0	0.0	0.9177777777777778	0.0007407407407407407	1.0	0.44669672166907787	5.0	-8.398743691938193	34	0	0	0	1	1.0	5	5.0	0.546
MITHRIL.36845	1.0	3.668	0.37135615	0.0	0.0	0.9177777777777778	0.005925925925925926	1.0	0.44669672166907787	5.0	-5.3987436919381935	34	0	0	0	1	1.0	5	5.0	0.546
MITHRIL.36846	1.0	3.668	0.37135615	0.0	0.0	0.9177777777777778	0.07555555555555556	1.0	0.44669672166907787	5.0	-1.7263183499666976	34	0	0	0	1	1.0	5	5.0	0.546
MITHRIL.36847	1.0	4.579	0.36293681	0.0	0.0	0.9866666666666667	0.0	1.0	0.10215803640864751	5.0	-44.50699332842307	35	0	0	0	1	1.0	4	4.0	0.615
MITHRIL.36848	1.0	4.579	0.36293681	0.0	0.0	0.9866666666666667	0.013333333333333334	1.0	0.10215803640864751	5.0	-4.22881869049588	35	0	0	0	1	1.0	4	4.0	0.615
MITHRIL.36849	1.0	4.579	0.36293681	0.0	0.0	0.9866666666666667	0.0	1.0	0.10215803640864751	5.0	-44.50699332842307	35	0	0	0	1	1.0	4	4.0	0.615
MITHRIL.36850	1.0	9.037	0.35309916	0.0	0.0	0.9385185185185185	0.005185185185185185	1.0	0.35895302478446944	25.0	-5.591388769880589	36	0	0	0	1	0.9992732558139535	3	3.0	0.319
MITHRIL.36851	1.0	9.037	0.35309916	0.0	0.0	0.9385185185185185	0.0	1.0	0.35895302478446944	25.0	-44.50699332842307	36	0	0	0	1	0.9992732558139535	3	3.0	0.319
MITHRIL.36852	1.0	9.037	0.35309916	0.0	0.0	0.9385185185185185	0.056296296296296296	1.0	0.35895302478446944	25.0	-2.150816178494608	36	0	0	0	1	0.9992732558139535	3	3.0	0.319
MITHRIL.36853	1.0	7.166	0.33918764	0.0	0.0	1.0	0.0	1.0	-1.601713251907458e-15	27.0	-44.50699332842307	37	0	0	0	1	0.9992732558139535	2	2.0	0.044
MITHRIL.36854	1.0	7.166	0.33918764	0.0	0.0	1.0	0.0	1.0	-1.601713251907458e-15	27.0	-44.50699332842307	37	0	0	0	1	0.9992732558139535	2	2.0	0.044
MITHRIL.36855	1.0	7.166	0.33918764	0.0	0.0	1.0	0.0	1.0	-1.601713251907458e-15	27.0	-44.50699332842307	37	0	0	0	1	0.9992732558139535	2	2.0	0.044
MITHRIL.36856	1.0	7.268	0.32910858	0.0	0.0	1.0	0.0	1.0	-1.601713251907458e-15	27.0	-44.50699332842307	38	0	0	0	1	0.9992732558139535	1	1.0	0.047
MITHRIL.36857	1.0	7.268	0.32910858	0.0	0.0	1.0	0.0	1.0	-1.601713251907458e-15	27.0	-44.50699332842307	38	0	0	0	1	0.9992732558139535	1	1.0	0.047
MITHRIL.36858	1.0	7.268	0.32910858	0.0	0.0	1.0	0.0	1.0	-1.601713251907458e-15	27.0	-44.50699332842307	38	0	0	0	1	0.9992732558139535	1	1.0	0.047
MITHRIL.36859	1.0	8.432	0.3187881	0.0	0.0	1.0	0.0	1.0	-1.601713251907458e-15	27.0	-44.50699332842307	39	0	0	0	1	1.0	0	0.0	0.44
MITHRIL.36860	1.0	8.432	0.3187881	0.0	0.0	1.0	0.0	1.0	-1.601713251907458e-15	27.0	-44.50699332842307	39	0	0	0	1	1.0	0	0.0	0.44
MITHRIL.36861	1.0	8.432	0.3187881	0.0	0.0	1.0	0.0	1.0	-1.601713251907458e-15	27.0	-44.50699332842307	39	0	0	0	1	1.0	0	0.0	0.44
MITHRIL.36862	1.0	8.432	0.30798479	0.0	0.0	0.957037037037037	0.011111111111111112	1.0	0.3076632599500602	14.0	-4.491853096329675	40	0	0	0	1	0.9992732558139535	1	1.0	0.403
MITHRIL.36863	1.0	8.432	0.30798479	0.0	0.0	0.957037037037037	0.028148148148148148	1.0	0.3076632599500602	14.0	-3.150816178494608	40	0	0	0	1	0.9992732558139535	1	1.0	0.403
MITHRIL.36864	1.0	8.432	0.30798479	0.0	0.0	0.957037037037037	0.003703703703703704	1.0	0.3076632599500602	14.0	-6.076815597050831	40	0	0	0	1	0.9992732558139535	1	1.0	0.403
MITHRIL.36865	0.0	-2.827	0.29543123	0.0	0.20000000000000018	0.36	0.02666666666666667	1.0	1.2032995313711279	2.0	-3.228818690495881	41	0	0	1	0	0.17587209302325582	2	2.0	0.394
MITHRIL.36866	0.0	-2.827	0.29543123	0.0	0.20000000000000018	0.36	0.014814814814814815	1.0	1.2032995313711279	2.0	-4.076815597050831	41	0	0	1	0	0.17587209302325582	2	2.0	0.394
MITHRIL.36867	0.0	-2.827	0.29543123	0.03389830508474578	-0.9000000000000004	0.36	0.5985185185185186	1.0	1.2032995313711279	2.0	1.2594677908136016	41	0	0	1	0	0.17587209302325582	2	2.0	0.394
MITHRIL.36868	0.038	1.318	0.28583499	0.03389830508474578	2.0	0.6437037037037037	0.035555555555555556	1.0	1.1355827604934046	5.0	-2.813781191217037	42	0	0	1	0	0.1119186046511628	3	3.0	0.291
MITHRIL.36869	0.038	1.318	0.28583499	0.03389830508474578	1.5999999999999996	0.6437037037037037	0.31703703703703706	1.0	1.1355827604934046	5.0	0.3427232944629538	42	0	0	1	0	0.1119186046511628	3	3.0	0.291
MITHRIL.36870	0.038	1.318	0.28583499	0.03389830508474578	1.7999999999999998	0.6437037037037037	0.003703703703703704	1.0	1.1355827604934046	5.0	-6.076815597050831	42	0	0	1	0	0.1119186046511628	3	3.0	0.291
MITHRIL.36871	0.042	1.351	0.27518257	0.03389830508474578	3.0	0.5503703703703704	0.08962962962962963	1.0	1.3414485931431916	11.0	-1.4798804546635989	43	0	0	1	0	0.11627906976744186	4	4.0	0.389
MITHRIL.36872	0.042	1.351	0.27518257	0.03389830508474578	2.4000000000000004	0.5503703703703704	0.002962962962962963	1.0	1.3414485931431916	11.0	-6.3987436919381935	43	0	0	1	0	0.11627906976744186	4	4.0	0.389
MITHRIL.36873	0.042	1.351	0.27518257	0.0	1.7999999999999998	0.5503703703703704	0.35703703703703704	1.0	1.3414485931431916	11.0	0.5141456442917683	43	0	0	1	0	0.11627906976744186	4	4.0	0.389
MITHRIL.36874	0.0	-1.022	0.26606917	0.0	0.0	0.1985185185185185	0.2037037037037037	1.0	1.4898317039736084	2.0	-0.29545588352617136	44	0	0	1	0	0.28125	5	5.0	0.697
MITHRIL.36875	0.0	-1.022	0.26606917	0.0	0.0	0.1985185185185185	0.017777777777777778	1.0	1.4898317039736084	2.0	-3.813781191217037	44	0	0	1	0	0.28125	5	5.0	0.697
MITHRIL.36876	0.0	-1.022	0.26606917	0.03389830508474578	-4.199999999999999	0.1985185185185185	0.58	1.0	1.4898317039736084	2.0	1.2141248053528473	44	0	0	1	0	0.28125	5	5.0	0.697
MITHRIL.36877	0.0	0.152	0.262116	0.03389830508474578	-2.4000000000000004	0.5995508982035929	0.11826347305389222	0.9896296296296296	1.4703002439378112	3.0	-1.0799235442969493	45	0	0	1	0	0.1512481644640235	4	4.0	0.593
MITHRIL.36878	0.0	0.152	0.262116	0.03389830508474578	-2.4000000000000004	0.5995508982035929	0.24850299401197604	0.9896296296296296	1.4703002439378112	3.0	-0.008664861127127537	45	0	0	1	0	0.1512481644640235	4	4.0	0.593
MITHRIL.36879	0.0	0.152	0.262116	0.03389830508474578	-2.4000000000000004	0.5995508982035929	0.033682634730538924	0.9896296296296296	1.4703002439378112	3.0	-2.8918511961443776	45	0	0	1	0	0.1512481644640235	4	4.0	0.593
MITHRIL.36880	0.0	-0.453	0.25728771	0.0	0.0	0.37555555555555553	0.27185185185185184	1.0	1.8887166188212496	2.0	0.12089256090501949	46	0	0	1	0	0.29578488372093026	3	3.0	1.085
MITHRIL.36881	0.0	-0.453	0.25728771	0.0	0.20000000000000018	0.37555555555555553	0.1111111111111111	1.0	1.8887166188212496	2.0	-1.1699250014423124	46	0	0	1	0	0.29578488372093026	3	3.0	1.085
MITHRIL.36882	0.0	-0.453	0.25728771	0.0	0.20000000000000018	0.37555555555555553	0.2414814814814815	1.0	1.8887166188212496	2.0	-0.05001553770711563	46	0	0	1	0	0.29578488372093026	3	3.0	1.085
MITHRIL.36883	0.0	-4.187	0.25692558	0.0	0.0	0.4066666666666667	0.20296296296296296	1.0	1.839239007638564	2.0	-0.3007116089776666	47	1	0	0	0	0.9992732558139535	2	2.0	0.964
MITHRIL.36884	0.0	-4.187	0.25692558	0.0	0.0	0.4066666666666667	0.0962962962962963	1.0	1.839239007638564	2.0	-1.3763758789097387	47	1	0	0	0	0.9992732558139535	2	2.0	0.964
MITHRIL.36885	0.0	-4.187	0.25692558	0.0	0.0	0.4066666666666667	0.2940740740740741	1.0	1.839239007638564	2.0	0.23425150520476468	47	1	0	0	0	0.9992732558139535	2	2.0	0.964
MITHRIL.36886	0.0	-6.151	0.26072787	0.0	0.0	0.3940740740740741	0.25333333333333335	1.0	1.8917841383541345	2.0	0.01910882294770474	48	1	0	0	0	0.9992732558139535	1	1.0	0.311
MITHRIL.36887	0.0	-6.151	0.26072787	0.0	0.0	0.3940740740740741	0.12444444444444444	1.0	1.8917841383541345	2.0	-1.006426269159433	48	1	0	0	0	0.9992732558139535	1	1.0	0.311
MITHRIL.36888	0.0	-6.151	0.26072787	0.0	0.0	0.3940740740740741	0.22814814814814816	1.0	1.8917841383541345	2.0	-0.13195715124329183	48	1	0	0	0	0.9992732558139535	1	1.0	0.311
MITHRIL.36889	0.0	-9.031	0.26664253	0.0	-0.40000000000000036	0.3526354862657758	0.23459539717891612	0.9977777777777778	1.7663059789301951	3.0	-0.09175338728520016	49	1	0	0	0	0.9992716678805535	0	0.0	0.914
MITHRIL.36890	0.0	-9.031	0.26664253	0.0	-0.40000000000000036	0.3526354862657758	0.04974016332590943	0.9977777777777778	1.7663059789301951	3.0	-2.3294449450045307	49	1	0	0	0	0.9992716678805535	0	0.0	0.914
MITHRIL.36891	0.0	-9.031	0.26664253	0.0	0.20000000000000018	0.3526354862657758	0.36302895322939865	0.9977777777777778	1.7663059789301951	3.0	0.5381565194899306	49	1	0	0	0	0.9992716678805535	0	0.0	0.914
MITHRIL.36892	0.032	2.94	0.27729495	0.03389830508474578	2.4000000000000004	0.7725925925925926	0.11185185185185186	1.0	1.1144030573207568	5.0	-1.1603389526131143	51	0	0	1	0	0.00944767441860465	0	0.0	0.409
MITHRIL.36893	0.032	2.94	0.27729495	0.03389830508474578	2.5999999999999996	0.7725925925925926	0.04888888888888889	1.0	1.1144030573207568	5.0	-2.3543495725797396	51	0	0	1	0	0.00944767441860465	0	0.0	0.409
MITHRIL.36894	0.032	2.94	0.27729495	0.0	2.3	0.7725925925925926	0.06666666666666667	1.0	1.1144030573207568	5.0	-1.9068905956085185	51	0	0	1	0	0.00944767441860465	0	0.0	0.409
MITHRIL.36895	0.009	0.514	0.2901201	0.03389830508474578	6.6	0.6207407407407407	0.13703703703703704	1.0	1.473761441049652	9.0	-0.8673622314218811	52	0	0	1	0	0.0188953488372093	0	0.0	0.383
MITHRIL.36896	0.009	0.514	0.2901201	0.03389830508474578	4.0	0.6207407407407407	0.040740740740740744	1.0	1.473761441049652	9.0	-2.6173839784135335	52	0	0	1	0	0.0188953488372093	0	0.0	0.383
MITHRIL.36897	0.009	0.514	0.2901201	0.0	2.3	0.6207407407407407	0.20148148148148148	1.0	1.473761441049652	9.0	-0.3112808506878538	52	0	0	1	0	0.0188953488372093	0	0.0	0.383
MITHRIL.36898	0.0	-0.332	0.30131571	0.03389830508474578	4.4	0.2911111111111111	0.0725925925925926	1.0	1.7827295035622575	2.0	-1.784033847822985	53	0	0	1	0	0.08575581395348837	1	1.0	0.521
MITHRIL.36899	0.0	-0.332	0.30131571	0.0	0.40000000000000036	0.2911111111111111	0.43333333333333335	1.0	1.7827295035622575	2.0	0.7935491225325737	53	0	0	1	0	0.08575581395348837	1	1.0	0.521
MITHRIL.36900	0.0	-0.332	0.30131571	0.03389830508474578	4.0	0.2911111111111111	0.20296296296296296	1.0	1.7827295035622575	2.0	-0.3007116089776666	53	0	0	1	0	0.08575581395348837	1	1.0	0.521
MITHRIL.36901	0.0	-0.401	0.31546865	0.03389830508474578	4.4	0.43801039346696363	0.1544172234595397	0.9977777777777778	1.816664888956455	5.0	-0.6950944173212111	54	0	0	1	0	0.09832483612527312	2	2.0	0.572
MITHRIL.36902	0.0	-0.401	0.31546865	0.03389830508474578	4.4	0.43801039346696363	0.29101707498144025	0.9977777777777778	1.816664888956455	5.0	0.21917570865290514	54	0	0	1	0	0.09832483612527312	2	2.0	0.572
MITHRIL.36903	0.0	-0.401	0.31546865	0.03389830508474578	4.4	0.43801039346696363	0.11655530809205643	0.9977777777777778	1.816664888956455	5.0	-1.100913386570676	54	0	0	1	0	0.09832483612527312	2	2.0	0.572
MITHRIL.36904	0.0	-0.253	0.33094936	0.03389830508474578	3.9	0.7498144023756496	0.22048997772828507	0.9977777777777778	0.9682133347631358	5.0	-0.18121501466153733	55	0	0	1	0	0.06336489439184267	3	3.0	0.225
MITHRIL.36905	0.0	-0.253	0.33094936	0.03389830508474578	4.1	0.7498144023756496	0.007423904974016332	0.9977777777777778	0.9682133347631358	5.0	-5.073606040574941	55	0	0	1	0	0.06336489439184267	3	3.0	0.225
MITHRIL.36906	0.0	-0.253	0.33094936	0.03389830508474578	4.1	0.7498144023756496	0.022271714922048998	0.9977777777777778	0.9682133347631358	5.0	-3.4886435398537845	55	0	0	1	0	0.06336489439184267	3	3.0	0.225
MITHRIL.36907	0.0	-4.484	0.34467982	0.0	0.0	0.20311341734618235	0.08154188287620459	0.9992592592592593	1.6164861292574308	2.0	-1.616314919423608	56	0	0	0	1	1.0	4	4.0	0.637
MITHRIL.36908	0.0	-4.484	0.34467982	0.0	0.0	0.20311341734618235	0.13936249073387694	0.9992592592592593	1.6164861292574308	2.0	-0.8430857812706303	56	0	0	0	1	1.0	4	4.0	0.637
MITHRIL.36909	0.0	-4.484	0.34467982	0.0	-1.4000000000000004	0.20311341734618235	0.5759822090437361	0.9992592592592593	1.6164861292574308	2.0	1.2040961554594425	56	0	0	0	1	1.0	4	4.0	0.637
MITHRIL.36910	0.0	-4.644	0.3598286	0.0	0.0	0.15676077265973254	0.11441307578008915	0.997037037037037	1.165203610923533	2.0	-1.1276761539154159	57	0	0	0	1	1.0	5	5.0	1.064
MITHRIL.36911	0.0	-4.644	0.3598286	0.0	0.0	0.15676077265973254	0.006686478454680535	0.997037037037037	1.165203610923533	2.0	-5.2245376931680045	57	0	0	0	1	1.0	5	5.0	1.064
MITHRIL.36912	0.0	-4.644	0.3598286	0.0	0.0	0.15676077265973254	0.7221396731054978	0.997037037037037	1.165203610923533	2.0	1.530349808995464	57	0	0	0	1	1.0	5	5.0	1.064
MITHRIL.36913	0.813	1.926	0.37422295	0.0	0.0	0.9164179104477612	0.05373134328358209	0.9925925925925926	0.5279370928876069	6.0	-2.2180922839028225	58	0	0	0	1	1.0	6	6.0	1.115
MITHRIL.36914	0.813	1.926	0.37422295	0.0	0.0	0.9164179104477612	0.019402985074626865	0.9925925925925926	0.5279370928876069	6.0	-3.6875775672040425	58	0	0	0	1	1.0	6	6.0	1.115
MITHRIL.36915	0.813	1.926	0.37422295	0.0	0.0	0.9164179104477612	0.010447761194029851	0.9925925925925926	0.5279370928876069	6.0	-4.580662363287531	58	0	0	0	1	1.0	6	6.0	1.115
MITHRIL.36916	0.827	2.947	0.38798358	0.0	0.0	0.6671652954375468	0.08376963350785341	0.9903703703703703	1.4328725582437944	5.0	-1.5774288280357487	59	0	0	0	1	0.9992663242846662	7	7.0	0.905
MITHRIL.36917	0.827	2.947	0.38798358	0.0	0.0	0.6671652954375468	0.14510097232610322	0.9903703703703703	1.4328725582437944	5.0	-0.784870907906225	59	0	0	0	1	0.9992663242846662	7	7.0	0.905
MITHRIL.36918	0.827	2.947	0.38798358	0.0	0.0	0.6671652954375468	0.10396409872849663	0.9903703703703703	1.4328725582437944	5.0	-1.2658426773698455	59	0	0	0	1	0.9992663242846662	7	7.0	0.905
MITHRIL.36919	0.641	1.641	0.4046412	0.0	0.0	0.8599397590361446	0.0037650602409638554	0.9837037037037037	0.6805841606552221	9.0	-6.053111336459563	60	0	0	0	1	0.9992614475627769	8	8.0	0.694
MITHRIL.36920	0.641	1.641	0.4046412	0.0	0.0	0.8599397590361446	0.12424698795180723	0.9837037037037037	0.6805841606552221	9.0	-1.008717217101109	60	0	0	0	1	0.9992614475627769	8	8.0	0.694
MITHRIL.36921	0.641	1.641	0.4046412	0.0	0.0	0.8599397590361446	0.012048192771084338	0.9837037037037037	0.6805841606552221	9.0	-4.3750394313469245	60	0	0	0	1	0.9992614475627769	8	8.0	0.694
MITHRIL.36922	0.0	-4.772	0.41441849	0.0	0.0	0.1232876712328767	0.7800608828006088	0.9733333333333334	1.038831852801675	5.0	1.6416586340704789	61	0	0	0	1	1.0	9	7.0	1.193
MITHRIL.36923	0.0	-4.772	0.41441849	0.0	0.0	0.1232876712328767	0.01141552511415525	0.9733333333333334	1.038831852801675	5.0	-4.452858964713811	61	0	0	0	1	1.0	9	7.0	1.193
MITHRIL.36924	0.0	-4.772	0.41441849	0.0	0.0	0.1232876712328767	0.0852359208523592	0.9733333333333334	1.038831852801675	5.0	-1.5523946382647256	61	0	0	0	1	1.0	9	7.0	1.193
MITHRIL.36925	0.0	0.213	0.42670046	0.0	0.0	0.425911559348332	0.35143522110162917	0.9548148148148148	1.6571951367042446	6.0	0.4913306916845841	62	0	0	0	1	1.0	10	6.0	1.067
MITHRIL.36926	0.0	0.213	0.42670046	0.0	0.0	0.425911559348332	0.03180760279286268	0.9548148148148148	1.6571951367042446	6.0	-2.9744845437435674	62	0	0	0	1	1.0	10	6.0	1.067
MITHRIL.36927	0.0	0.213	0.42670046	0.0	0.0	0.425911559348332	0.1908456167571761	0.9548148148148148	1.6571951367042446	6.0	-0.38952204302241117	62	0	0	0	1	1.0	10	6.0	1.067
MITHRIL.36928	0.0	-4.113	0.44239242	0.0	0.09999999999999964	0.14354066985645933	0.31259968102073366	0.9288888888888889	1.59970433817086	5.0	0.3223882113131693	63	0	0	0	1	1.0	11	5.0	0.47
MITHRIL.36929	0.0	-4.113	0.44239242	0.0	0.0	0.14354066985645933	0.04146730462519936	0.9288888888888889	1.59970433817086	5.0	-2.591881914660947	63	0	0	0	1	1.0	11	5.0	0.47
MITHRIL.36930	0.0	-4.113	0.44239242	0.0	-0.5	0.14354066985645933	0.5023923444976076	0.9288888888888889	1.59970433817086	5.0	1.0068863855852397	63	0	0	0	1	1.0	11	5.0	0.47
MITHRIL.36931	0.0	-0.467	0.45923109	0.03389830508474578	2.7	0.7837037037037037	0.024444444444444446	1.0	0.9185315514902205	5.0	-3.3543495725797396	65	0	0	1	0	0.0625	12	4.0	0.349
MITHRIL.36932	0.0	-0.467	0.45923109	0.03389830508474578	2.7	0.7837037037037037	0.00962962962962963	1.0	0.9185315514902205	5.0	-4.698303973797101	65	0	0	1	0	0.0625	12	4.0	0.349
MITHRIL.36933	0.0	-0.467	0.45923109	0.0	2.0999999999999996	0.7837037037037037	0.18222222222222223	1.0	0.9185315514902205	5.0	-0.4562291865989533	65	0	0	1	0	0.0625	12	4.0	0.349
MITHRIL.36934	0.0	-0.806	0.47679401	0.03389830508474578	4.4	0.422962962962963	0.08666666666666667	1.0	1.7918904438379903	5.0	-1.5283789723547887	66	0	0	1	0	0.09738372093023256	13	3.0	0.438
MITHRIL.36935	0.0	-0.806	0.47679401	0.0	0.40000000000000036	0.422962962962963	0.32	1.0	1.7918904438379903	5.0	0.35614381022527536	66	0	0	1	0	0.09738372093023256	13	3.0	0.438
MITHRIL.36936	0.0	-0.806	0.47679401	0.03389830508474578	4.0	0.422962962962963	0.17037037037037037	1.0	1.7918904438379903	5.0	-0.553253640993818	66	0	0	1	0	0.09738372093023256	13	3.0	0.438
MITHRIL.36937	0.0	-0.26	0.49354216	0.03389830508474578	4.4	0.4562962962962963	0.12518518518518518	1.0	1.7354596599540486	5.0	-0.997864255656009	67	0	0	1	0	0.08502906976744186	14	2.0	0.509
MITHRIL.36938	0.0	-0.26	0.49354216	0.03389830508474578	4.4	0.4562962962962963	0.32666666666666666	1.0	1.7354596599540486	5.0	0.3858911536193273	67	0	0	1	0	0.08502906976744186	14	2.0	0.509
MITHRIL.36939	0.0	-0.26	0.49354216	0.03389830508474578	4.4	0.4562962962962963	0.09185185185185185	1.0	1.7354596599540486	5.0	-1.4445473815513181	67	0	0	1	0	0.08502906976744186	14	2.0	0.509
MITHRIL.36940	0.996	2.607	0.50567325	0.03389830508474578	6.6	0.6362286562731997	0.18930957683741648	0.9977777777777778	1.4032343143917592	9.0	-0.40118069860344524	68	0	0	1	0	0.01820830298616169	15	1.0	0.654
MITHRIL.36941	0.996	2.607	0.50567325	0.03389830508474578	6.6	0.6362286562731997	0.021529324424647365	0.9977777777777778	1.4032343143917592	9.0	-3.537553140334731	68	0	0	1	0	0.01820830298616169	15	1.0	0.654
MITHRIL.36942	0.996	2.607	0.50567325	0.03389830508474578	6.6	0.6362286562731997	0.15293244246473645	0.9977777777777778	1.4032343143917592	9.0	-0.7090336082790848	68	0	0	1	0	0.01820830298616169	15	1.0	0.654
MITHRIL.36943	1.0	2.535	0.51994689	0.03389830508474578	2.5	0.779510022271715	0.05939123979213066	0.9977777777777778	1.0831836401068589	5.0	-2.073606040574941	69	0	0	1	0	0.00873998543335761	16	1.0	0.26
MITHRIL.36944	1.0	2.535	0.51994689	0.03389830508474578	3.7	0.779510022271715	0.04380103934669636	0.9977777777777778	1.0831836401068589	5.0	-2.512891086100462	69	0	0	1	0	0.00873998543335761	16	1.0	0.26
MITHRIL.36945	1.0	2.535	0.51994689	0.03389830508474578	3.6	0.779510022271715	0.11729769858945806	0.9977777777777778	1.0831836401068589	5.0	-1.0917533872852	69	0	0	1	0	0.00873998543335761	16	1.0	0.26
MITHRIL.36946	0.985	1.09	0.52984489	0.03389830508474578	2.0999999999999996	0.674074074074074	0.13037037037037036	1.0	1.3656366583403152	5.0	-0.9393120733008962	70	0	1	0	0	0.11264534883720931	17	2.0	0.358
MITHRIL.36947	0.985	1.09	0.52984489	0.03389830508474578	2.0999999999999996	0.674074074074074	0.03777777777777778	1.0	1.3656366583403152	5.0	-2.7263183499666974	70	0	1	0	0	0.11264534883720931	17	2.0	0.358
MITHRIL.36948	0.985	1.09	0.52984489	0.0	2.2	0.674074074074074	0.15777777777777777	1.0	1.3656366583403152	5.0	-0.6640340717123551	70	0	1	0	0	0.11264534883720931	17	2.0	0.358
MITHRIL.36949	0.974	1.929	0.54134227	0.03389830508474578	4.2	0.7540740740740741	0.037037037037037035	1.0	1.0081349437854672	6.0	-2.7548875021634687	71	0	1	0	0	0.03125	18	3.0	0.677
MITHRIL.36950	0.974	1.929	0.54134227	0.03389830508474578	4.2	0.7540740740740741	0.2	1.0	1.0081349437854672	6.0	-0.3219280948873623	71	0	1	0	0	0.03125	18	3.0	0.677
MITHRIL.36951	0.974	1.929	0.54134227	0.03389830508474578	4.2	0.7540740740740741	0.008888888888888889	1.0	1.0081349437854672	6.0	-4.813781191217037	71	0	1	0	0	0.03125	18	3.0	0.677
MITHRIL.36952	0.436	0.706	0.5505462	0.03389830508474578	3.7	0.3488888888888889	0.12	1.0	1.5117133133243557	5.0	-1.0588936890535685	72	0	1	0	0	0.04142441860465116	19	4.0	0.369
MITHRIL.36953	0.436	0.706	0.5505462	0.03389830508474578	3.7	0.3488888888888889	0.5096296296296297	1.0	1.5117133133243557	5.0	1.0275210627639049	72	0	1	0	0	0.04142441860465116	19	4.0	0.369
MITHRIL.36954	0.436	0.706	0.5505462	0.03389830508474578	3.7	0.3488888888888889	0.02148148148148148	1.0	1.5117133133243557	5.0	-3.540762696810621	72	0	1	0	0	0.04142441860465116	19	4.0	0.369
MITHRIL.36955	0.288	-0.172	0.55851289	0.03389830508474578	4.5	0.3888888888888889	0.30518518518518517	1.0	1.7007158542645422	6.0	0.28775683524502504	73	0	1	0	0	0.35101744186046513	20	5.0	0.288
MITHRIL.36956	0.288	-0.172	0.55851289	0.03389830508474578	4.5	0.3888888888888889	0.28074074074074074	1.0	1.7007158542645422	6.0	0.16731034623289842	73	0	1	0	0	0.35101744186046513	20	5.0	0.288
MITHRIL.36957	0.288	-0.172	0.55851289	0.03389830508474578	4.5	0.3888888888888889	0.025185185185185185	1.0	1.7007158542645422	6.0	-3.311280850687854	73	0	1	0	0	0.35101744186046513	20	5.0	0.288
MITHRIL.36958	0.638	1.776	0.56445772	0.03389830508474578	6.4	0.6748148148148149	0.025185185185185185	1.0	1.102811617595846	10.0	-3.311280850687854	74	0	1	0	0	0.014534883720930232	21	6.0	0.358
MITHRIL.36959	0.638	1.776	0.56445772	0.03389830508474578	3.8	0.6748148148148149	0.01037037037037037	1.0	1.102811617595846	10.0	-4.591388769880589	74	0	1	0	0	0.014534883720930232	21	6.0	0.358
MITHRIL.36960	0.638	1.776	0.56445772	0.0	2.5999999999999996	0.6748148148148149	0.2896296296296296	1.0	1.102811617595846	10.0	0.21228110536915903	74	0	1	0	0	0.014534883720930232	21	6.0	0.358
MITHRIL.36961	0.676	2.95	0.56940672	0.03389830508474578	5.4	0.922962962962963	0.007407407407407408	1.0	0.4268335283274646	9.0	-5.076815597050831	75	0	1	0	0	0.01744186046511628	22	7.0	0.168
MITHRIL.36962	0.676	2.95	0.56940672	0.03389830508474578	4.8	0.922962962962963	0.06962962962962962	1.0	0.4268335283274646	9.0	-1.8441548402605559	75	0	1	0	0	0.01744186046511628	22	7.0	0.168
MITHRIL.36963	0.676	2.95	0.56940672	0.03389830508474578	4.4	0.922962962962963	0.0	1.0	0.4268335283274646	9.0	-44.50699332842307	75	0	1	0	0	0.01744186046511628	22	7.0	0.168
MITHRIL.36964	0.004	-0.04	0.57514032	0.03389830508474578	3.5	0.7022222222222222	0.003703703703703704	1.0	0.9147707571370676	7.0	-6.076815597050831	76	0	1	0	0	0.016715116279069766	23	8.0	0.267
MITHRIL.36965	0.004	-0.04	0.57514032	0.03389830508474578	3.4000000000000004	0.7022222222222222	0.0007407407407407407	1.0	0.9147707571370676	7.0	-8.398743691938193	76	0	1	0	0	0.016715116279069766	23	8.0	0.267
MITHRIL.36966	0.004	-0.04	0.57514032	0.0	2.5999999999999996	0.7022222222222222	0.29333333333333333	1.0	0.9147707571370676	7.0	0.23061292814141637	76	0	1	0	0	0.016715116279069766	23	8.0	0.267
MITHRIL.36967	0.007	1.244	0.57707164	0.0	0.9000000000000004	0.4065281899109792	0.019287833827893175	0.9985185185185185	1.6133732155737022	3.0	-3.6961650630407665	77	1	0	0	0	0.9992721979621543	24	9.0	0.779
MITHRIL.36968	0.007	1.244	0.57707164	0.0	0.0	0.4065281899109792	0.39317507418397624	0.9985185185185185	1.6133732155737022	3.0	0.653243768268703	77	1	0	0	0	0.9992721979621543	24	9.0	0.779
MITHRIL.36969	0.007	1.244	0.57707164	0.0	0.5	0.4065281899109792	0.18100890207715134	0.9985185185185185	1.6133732155737022	3.0	-0.46586744361897214	77	1	0	0	0	0.9992721979621543	24	9.0	0.779
MITHRIL.36970	0.965	1.884	0.58304665	0.028169014084507005	1.4000000000000004	0.4540059347181009	0.001483679525222552	1.0	1.1624039268241648	6.0	-7.396604781181859	0	0	1	0	0	0.010189228529839884	8	8.0	0.47
MITHRIL.36971	0.965	1.884	0.58304665	0.0	-0.3000000000000007	0.4540059347181009	0.5178041543026706	1.0	1.1624039268241648	6.0	1.0504784450277935	0	0	1	0	0	0.010189228529839884	8	8.0	0.47
MITHRIL.36972	0.965	1.884	0.58304665	0.028169014084507005	1.6999999999999993	0.4540059347181009	0.026706231454005934	1.0	1.1624039268241648	6.0	-3.226679779739546	0	0	1	0	0	0.010189228529839884	8	8.0	0.47
MITHRIL.36973	1.0	3.663	0.58500815	0.028169014084507005	6.2	0.879080118694362	0.009643916913946587	1.0	0.6511095073687275	14.0	-4.696165063040766	1	0	1	0	0	0.005094614264919942	7	7.0	0.358
MITHRIL.36974	1.0	3.663	0.58500815	0.028169014084507005	3.5999999999999996	0.879080118694362	0.017804154302670624	1.0	0.6511095073687275	14.0	-3.811642280460702	1	0	1	0	0	0.005094614264919942	7	7.0	0.358
MITHRIL.36975	1.0	3.663	0.58500815	0.0	2.3	0.879080118694362	0.09347181008902077	1.0	0.6511095073687275	14.0	-1.4193248576819422	1	0	1	0	0	0.005094614264919942	7	7.0	0.358
MITHRIL.36976	1.0	4.613	0.58066268	0.028169014084507005	4.2	0.8664688427299704	0.03560830860534125	1.0	0.7388484028623612	14.0	-2.811642280460702	2	0	1	0	0	0.005822416302765648	6	6.0	0.293
MITHRIL.36977	1.0	4.613	0.58066268	0.028169014084507005	4.2	0.8664688427299704	0.0830860534124629	1.0	0.7388484028623612	14.0	-1.5892498591242543	2	0	1	0	0	0.005822416302765648	6	6.0	0.293
MITHRIL.36978	1.0	4.613	0.58066268	0.028169014084507005	4.2	0.8664688427299704	0.01483679525222552	1.0	0.7388484028623612	14.0	-4.074676686294496	2	0	1	0	0	0.005822416302765648	6	6.0	0.293
MITHRIL.36979	1.0	3.718	0.57185105	0.028169014084507005	3.7	0.6095025983667409	0.18337045285820341	0.9992581602373887	1.5100826381244765	14.0	-0.4471669038776255	3	0	1	0	0	0.23452294246176256	5	5.0	0.437
MITHRIL.36980	1.0	3.718	0.57185105	0.028169014084507005	3.7	0.6095025983667409	0.16258351893095768	0.9992581602373887	1.5100826381244765	14.0	-0.6207470758611298	3	0	1	0	0	0.23452294246176256	5	5.0	0.437
MITHRIL.36981	1.0	3.718	0.57185105	0.028169014084507005	3.7	0.6095025983667409	0.044543429844097995	0.9992581602373887	1.5100826381244765	14.0	-2.4886435398537845	3	0	1	0	0	0.23452294246176256	5	5.0	0.437
MITHRIL.36982	1.0	3.365	0.55941819	0.028169014084507005	3.7	0.537602382725242	0.07520476545048399	0.9962908011869436	1.4462422074627503	14.0	-1.7330321066756476	4	0	1	0	0	0.019722425127830533	4	4.0	0.468
MITHRIL.36983	1.0	3.365	0.55941819	0.028169014084507005	3.7	0.537602382725242	0.35666418466120625	0.9962908011869436	1.4462422074627503	14.0	0.5126382563087379	4	0	1	0	0	0.019722425127830533	4	4.0	0.468
MITHRIL.36984	1.0	3.365	0.55941819	0.028169014084507005	3.7	0.537602382725242	0.03052866716306776	0.9962908011869436	1.4462422074627503	14.0	-3.0336915848093584	4	0	1	0	0	0.019722425127830533	4	4.0	0.468
MITHRIL.36985	1.0	3.081	0.54918824	0.028169014084507005	4.1	0.870439314966493	0.027550260610573342	0.9962908011869436	0.757184741849562	8.0	-3.1817902237984925	5	0	1	0	0	0.018261504747991233	3	3.0	0.506
MITHRIL.36986	1.0	3.081	0.54918824	0.028169014084507005	4.1	0.870439314966493	0.054355919583023084	0.9962908011869436	0.757184741849562	8.0	-2.201419030547425	5	0	1	0	0	0.018261504747991233	3	3.0	0.506
MITHRIL.36987	1.0	3.081	0.54918824	0.028169014084507005	4.1	0.870439314966493	0.04765450483991065	0.9962908011869436	0.757184741849562	8.0	-2.391243589427442	5	0	1	0	0	0.018261504747991233	3	3.0	0.506
MITHRIL.36988	1.0	3.854	0.53926006	0.028169014084507005	1.5999999999999996	0.7347242921013413	0.005961251862891207	0.9955489614243324	1.1259806877552176	10.0	-5.390168956200183	6	0	1	0	0	0.00804093567251462	2	2.0	0.501
MITHRIL.36989	1.0	3.854	0.53926006	0.0	0.8000000000000007	0.7347242921013413	0.09910581222056632	0.9955489614243324	1.1259806877552176	10.0	-1.334886520698994	6	0	1	0	0	0.00804093567251462	2	2.0	0.501
MITHRIL.36990	1.0	3.854	0.53926006	0.028169014084507005	1.5999999999999996	0.7347242921013413	0.1602086438152012	0.9955489614243324	1.1259806877552176	10.0	-0.6419761066107232	6	0	1	0	0	0.00804093567251462	2	2.0	0.501
MITHRIL.36991	0.991	0.429	0.52287404	0.0	0.1999999999999993	0.7104677060133631	0.009651076466221232	0.9992581602373887	1.0004037645747228	9.0	-4.6950944173212115	7	1	0	0	0	1.0	1	1.0	0.287
MITHRIL.36992	0.991	0.429	0.52287404	0.0	0.0	0.7104677060133631	0.011878247958426132	0.9992581602373887	1.0004037645747228	9.0	-4.395534135462303	7	1	0	0	0	1.0	1	1.0	0.287
MITHRIL.36993	0.991	0.429	0.52287404	0.0	0.1999999999999993	0.7104677060133631	0.2680029695619896	0.9992581602373887	1.0004037645747228	9.0	0.10032089142486783	7	1	0	0	0	1.0	1	1.0	0.287
MITHRIL.36994	1.0	6.912	0.50419458	0.0	0.0	0.8154761904761905	0.0	0.9970326409495549	0.7262135374613136	9.0	-44.50699332842307	8	1	0	0	0	1.0	0	0.0	0.26
MITHRIL.36995	1.0	6.912	0.50419458	0.0	0.09999999999999964	0.8154761904761905	0.1793154761904762	0.9970326409495549	0.7262135374613136	9.0	-0.47942808654879865	8	1	0	0	0	1.0	0	0.0	0.26
MITHRIL.36996	1.0	6.912	0.50419458	0.0	0.0	0.8154761904761905	0.005208333333333333	0.9970326409495549	0.7262135374613136	9.0	-5.584962500721156	8	1	0	0	0	1.0	0	0.0	0.26
MITHRIL.36997	1.0	7.416	0.48732573	0.028169014084507005	3.8	0.9591988130563798	0.021513353115727003	1.0	0.30520736898435125	9.0	-3.5386237860542864	9	0	0	1	0	0.005098324836125273	0	0.0	0.231
MITHRIL.36998	1.0	7.416	0.48732573	0.028169014084507005	3.7	0.9591988130563798	0.011869436201780416	1.0	0.30520736898435125	9.0	-4.396604781181859	9	0	0	1	0	0.005098324836125273	0	0.0	0.231
MITHRIL.36999	1.0	7.416	0.48732573	0.028169014084507005	4.0	0.9591988130563798	0.00741839762611276	1.0	0.30520736898435125	9.0	-5.074676686294496	9	0	0	1	0	0.005098324836125273	0	0.0	0.231
MITHRIL.37000	1.0	7.409	0.47024564	0.028169014084507005	6.9	0.7796735905044511	0.00741839762611276	1.0	0.9496418071160168	10.0	-5.074676686294496	10	0	0	1	0	0.005098324836125273	1	1.0	0.048
MITHRIL.37001	1.0	7.409	0.47024564	0.028169014084507005	6.9	0.7796735905044511	0.1758160237388724	1.0	0.9496418071160168	10.0	-0.5078615322835994	10	0	0	1	0	0.005098324836125273	1	1.0	0.048
MITHRIL.37002	1.0	7.409	0.47024564	0.028169014084507005	6.9	0.7796735905044511	0.037091988130563795	1.0	0.9496418071160168	10.0	-2.752748591407134	10	0	0	1	0	0.005098324836125273	1	1.0	0.048
MITHRIL.37003	1.0	5.738	0.44833726	0.028169014084507005	4.7	0.9799703264094956	0.0	1.0	0.15372880834330027	10.0	-44.50699332842307	11	0	0	1	0	0.005098324836125273	2	2.0	0.179
MITHRIL.37004	1.0	5.738	0.44833726	0.0	0.5999999999999996	0.9799703264094956	0.017062314540059347	1.0	0.15372880834330027	10.0	-3.8730428251248457	11	0	0	1	0	0.005098324836125273	2	2.0	0.179
MITHRIL.37005	1.0	5.738	0.44833726	0.028169014084507005	4.3	0.9799703264094956	0.002967359050445104	1.0	0.15372880834330027	10.0	-6.396604781181859	11	0	0	1	0	0.005098324836125273	2	2.0	0.179
MITHRIL.37006	1.0	2.934	0.42627799	0.028169014084507005	1.5	0.7596439169139466	0.057863501483679525	1.0	1.0586236962844333	10.0	-2.11120256231961	12	0	0	1	0	0.23015294974508377	3	3.0	0.391
MITHRIL.37007	1.0	2.934	0.42627799	0.028169014084507005	1.6999999999999993	0.7596439169139466	0.014094955489614243	1.0	1.0586236962844333	10.0	-4.148677267738273	12	0	0	1	0	0.23015294974508377	3	3.0	0.391
MITHRIL.37008	1.0	2.934	0.42627799	0.028169014084507005	0.5999999999999996	0.7596439169139466	0.16839762611275966	1.0	1.0586236962844333	10.0	-0.5700562938909434	12	0	0	1	0	0.23015294974508377	3	3.0	0.391
MITHRIL.37009	1.0	5.745	0.40328324	0.0	0.3000000000000007	0.9636498516320475	0.000741839762611276	1.0	0.23942221861106616	5.0	-8.396604781181859	13	0	0	0	1	1.0	4	4.0	0.585
MITHRIL.37010	1.0	5.745	0.40328324	0.0	0.0	0.9636498516320475	0.03412462908011869	1.0	0.23942221861106616	5.0	-2.8730428251248457	13	0	0	0	1	1.0	4	4.0	0.585
MITHRIL.37011	1.0	5.745	0.40328324	0.0	-0.5999999999999996	0.9636498516320475	0.001483679525222552	1.0	0.23942221861106616	5.0	-7.396604781181859	13	0	0	0	1	1.0	4	4.0	0.585
MITHRIL.37012	0.003	0.219	0.37811576	0.0	0.0	0.6810089020771514	0.008902077151335312	1.0	1.232973522299975	5.0	-4.811642280460703	14	0	0	0	1	1.0	5	5.0	0.615
MITHRIL.37013	0.003	0.219	0.37811576	0.0	0.0	0.6810089020771514	0.21884272997032642	1.0	1.232973522299975	5.0	-0.19203363693265482	14	0	0	0	1	1.0	5	5.0	0.615
MITHRIL.37014	0.003	0.219	0.37811576	0.0	0.0	0.6810089020771514	0.09124629080118694	1.0	1.232973522299975	5.0	-1.4540902758426186	14	0	0	0	1	1.0	5	5.0	0.615
MITHRIL.37015	0.0	-10.414	0.35644879	0.0	0.0	0.39020771513353114	0.21735905044510387	1.0	1.7359415382208971	6.0	-0.20184792675961052	15	0	0	0	1	1.0	6	6.0	1.028
MITHRIL.37016	0.0	-10.414	0.35644879	0.0	0.0	0.39020771513353114	0.04376854599406528	1.0	1.7359415382208971	6.0	-2.513961731820017	15	0	0	0	1	1.0	6	6.0	1.028
MITHRIL.37017	0.0	-10.414	0.35644879	0.0	0.0	0.39020771513353114	0.3486646884272997	1.0	1.7359415382208971	6.0	0.47991216538314124	15	0	0	0	1	1.0	6	6.0	1.028
MITHRIL.37018	1.0	6.91	0.33339369	0.0	0.0	0.9227340267459139	0.005200594353640416	0.9985163204747775	0.4838651324712359	8.0	-5.587107772552713	16	0	0	0	1	1.0	7	7.0	0.654
MITHRIL.37019	1.0	6.91	0.33339369	0.0	0.0	0.9227340267459139	0.020802377414561663	0.9985163204747775	0.4838651324712359	8.0	-3.587107772552713	16	0	0	0	1	1.0	7	7.0	0.654
MITHRIL.37020	1.0	6.91	0.33339369	0.0	0.0	0.9227340267459139	0.0512630014858841	0.9985163204747775	0.4838651324712359	8.0	-2.285938237832148	16	0	0	0	1	1.0	7	7.0	0.654
MITHRIL.37021	1.0	6.202	0.31287344	0.0	0.0	0.9058823529411765	0.05378151260504202	0.8827893175074184	0.6499606201203294	8.0	-2.216745858195306	17	0	0	0	1	1.0	8	7.0	1.567
MITHRIL.37022	1.0	6.202	0.31287344	0.0	0.0	0.9058823529411765	0.0025210084033613447	0.8827893175074184	0.6499606201203294	8.0	-6.631783357474149	17	0	0	0	1	1.0	8	7.0	1.567
MITHRIL.37023	1.0	6.202	0.31287344	0.0	0.0	0.9058823529411765	0.037815126050420166	0.8827893175074184	0.6499606201203294	8.0	-2.724892761865631	17	0	0	0	1	1.0	8	7.0	1.567
MITHRIL.37024	0.0	-1.058	0.29217213	0.0	0.0	0.4437555358724535	0.06820194862710363	0.8375370919881305	1.4063201718603526	2.0	-1.8740432300780996	18	0	0	0	1	1.0	7	6.0	1.966
MITHRIL.37025	0.0	-1.058	0.29217213	0.0	0.0	0.4437555358724535	0.023029229406554472	0.8375370919881305	1.4063201718603526	2.0	-3.440390052631909	18	0	0	0	1	1.0	7	6.0	1.966
MITHRIL.37026	0.0	-1.058	0.29217213	0.0	0.0	0.4437555358724535	0.4650132860938884	0.8375370919881305	1.4063201718603526	2.0	0.8953438417804842	18	0	0	0	1	1.0	7	6.0	1.966
MITHRIL.37027	0.0	-0.521	0.27494116	0.0	-0.1999999999999993	0.5740072202166066	0.29422382671480146	0.8219584569732937	1.4008166761512	2.0	0.23498598818188932	19	0	0	0	1	1.0	6	5.0	1.998
MITHRIL.37028	0.0	-0.521	0.27494116	0.0	0.0	0.5740072202166066	0.12003610108303249	0.8219584569732937	1.4008166761512	2.0	-1.0584597305479988	19	0	0	0	1	1.0	6	5.0	1.998
MITHRIL.37029	0.0	-0.521	0.27494116	0.0	-0.1999999999999993	0.5740072202166066	0.011732851985559567	0.8219584569732937	1.4008166761512	2.0	-4.413302447908096	19	0	0	0	1	1.0	6	5.0	1.998
MITHRIL.37030	0.99	3.001	0.2678496	0.028169014084507005	1.5	0.8508902077151336	0.010385756676557863	1.0	0.7781831549553793	5.0	-4.589249859124254	23	0	0	1	0	0.23015294974508377	5	4.0	0.269
MITHRIL.37031	0.99	3.001	0.2678496	0.0	-0.3000000000000007	0.8508902077151336	0.1016320474777448	1.0	0.7781831549553793	5.0	-1.2985726982213317	23	0	0	1	0	0.23015294974508377	5	4.0	0.269
MITHRIL.37032	0.99	3.001	0.2678496	0.028169014084507005	0.5999999999999996	0.8508902077151336	0.037091988130563795	1.0	0.7781831549553793	5.0	-2.752748591407134	23	0	0	1	0	0.23015294974508377	5	4.0	0.269
MITHRIL.37033	1.0	5.784	0.26000362	0.028169014084507005	4.7	0.9747774480712166	0.0051928783382789315	1.0	0.1883374449234284	10.0	-5.589249859124254	24	0	0	1	0	0.005098324836125273	4	3.0	0.343
MITHRIL.37034	1.0	5.784	0.26000362	0.028169014084507005	4.7	0.9747774480712166	0.020029673590504452	1.0	0.1883374449234284	10.0	-3.64171727901839	24	0	0	1	0	0.005098324836125273	4	3.0	0.343
MITHRIL.37035	1.0	5.784	0.26000362	0.028169014084507005	4.7	0.9747774480712166	0.0	1.0	0.1883374449234284	10.0	-44.50699332842307	24	0	0	1	0	0.005098324836125273	4	3.0	0.343
MITHRIL.37036	1.0	5.664	0.25251977	0.028169014084507005	6.9	0.7804154302670623	0.039317507418397624	1.0	0.9383967056473081	10.0	-2.6686843266186595	25	0	0	1	0	0.005098324836125273	3	2.0	0.16
MITHRIL.37037	1.0	5.664	0.25251977	0.028169014084507005	4.3	0.7804154302670623	0.1758160237388724	1.0	0.9383967056473081	10.0	-0.5078615322835994	25	0	0	1	0	0.005098324836125273	3	2.0	0.16
MITHRIL.37038	1.0	5.664	0.25251977	0.0	2.9000000000000004	0.7804154302670623	0.004451038575667656	1.0	0.9383967056473081	10.0	-5.811642280460703	25	0	0	1	0	0.005098324836125273	3	2.0	0.16
MITHRIL.37039	1.0	5.556	0.24606192	0.028169014084507005	3.4000000000000004	0.9072700296735905	0.002225519287833828	1.0	0.5113987858147485	9.0	-6.811642280460703	26	0	0	1	0	0.005098324836125273	2	1.0	0.449
MITHRIL.37040	1.0	5.556	0.24606192	0.028169014084507005	3.2	0.9072700296735905	0.011869436201780416	1.0	0.5113987858147485	9.0	-4.396604781181859	26	0	0	1	0	0.005098324836125273	2	1.0	0.449
MITHRIL.37041	1.0	5.556	0.24606192	0.0	2.2	0.9072700296735905	0.07863501483679525	1.0	0.5113987858147485	9.0	-1.6686843266186593	26	0	0	1	0	0.005098324836125273	2	1.0	0.449
MITHRIL.37042	0.0	-2.164	0.24026797	0.0	0.3000000000000007	0.5401188707280832	0.02897473997028232	0.9985163204747775	1.196979187387509	2.0	-3.109060475748069	27	1	0	0	0	0.8462099125364432	1	1.0	1.354
MITHRIL.37043	0.0	-2.164	0.24026797	0.0	0.09999999999999964	0.5401188707280832	0.424962852897474	0.9985163204747775	1.196979187387509	2.0	0.7654086421680723	27	1	0	0	0	0.8462099125364432	1	1.0	1.354
MITHRIL.37044	0.0	-2.164	0.24026797	0.0	0.3000000000000007	0.5401188707280832	0.005943536404160475	0.9985163204747775	1.196979187387509	2.0	-5.394462694610318	27	1	0	0	0	0.8462099125364432	1	1.0	1.354
MITHRIL.37045	0.072	0.344	0.23884966	0.028169014084507005	0.9000000000000004	0.7596439169139466	0.08382789317507418	1.0	1.119586871893931	5.0	-1.5764258187666709	29	0	0	1	0	0.14992721979621543	0	0.0	0.455
MITHRIL.37046	0.072	0.344	0.23884966	0.028169014084507005	0.6999999999999993	0.7596439169139466	0.13130563798219586	1.0	1.119586871893931	5.0	-0.928999231098861	29	0	0	1	0	0.14992721979621543	0	0.0	0.455
MITHRIL.37047	0.072	0.344	0.23884966	0.028169014084507005	0.9000000000000004	0.7596439169139466	0.025222551928783383	1.0	1.119586871893931	5.0	-3.309141939931519	29	0	0	1	0	0.14992721979621543	0	0.0	0.455
MITHRIL.37048	1.0	7.493	0.24087151	0.028169014084507005	4.2	0.9443620178041543	0.017062314540059347	1.0	0.3849995152167852	7.0	-3.8730428251248457	30	0	0	1	0	0.016739446870451237	0	0.0	0.376
MITHRIL.37049	1.0	7.493	0.24087151	0.028169014084507005	4.2	0.9443620178041543	0.031899109792284865	1.0	0.3849995152167852	7.0	-2.970340026479761	30	0	0	1	0	0.016739446870451237	0	0.0	0.376
MITHRIL.37050	1.0	7.493	0.24087151	0.028169014084507005	4.2	0.9443620178041543	0.0066765578635014835	1.0	0.3849995152167852	7.0	-5.226679779739547	30	0	0	1	0	0.016739446870451237	0	0.0	0.376
MITHRIL.37051	1.0	7.5	0.24102239	0.028169014084507005	6.6	0.8375370919881305	0.10534124629080119	1.0	0.8020778494611006	9.0	-1.2468576616771765	31	0	0	1	0	0.004366812227074236	1	1.0	0.517
MITHRIL.37052	1.0	7.5	0.24102239	0.028169014084507005	6.6	0.8375370919881305	0.001483679525222552	1.0	0.8020778494611006	9.0	-7.396604781181859	31	0	0	1	0	0.004366812227074236	1	1.0	0.517
MITHRIL.37053	1.0	7.5	0.24102239	0.028169014084507005	6.6	0.8375370919881305	0.055637982195845696	1.0	0.8020778494611006	9.0	-2.167786090685978	31	0	0	1	0	0.004366812227074236	1	1.0	0.517
MITHRIL.37054	1.0	5.305	0.24014726	0.028169014084507005	3.0	0.8939169139465876	0.10534124629080119	1.0	0.49436509611802604	5.0	-1.2468576616771765	32	0	0	1	0	0.002911208151382824	1	1.0	0.432
MITHRIL.37055	1.0	5.305	0.24014726	0.028169014084507005	3.8	0.8939169139465876	0.0	1.0	0.49436509611802604	5.0	-44.50699332842307	32	0	0	1	0	0.002911208151382824	1	1.0	0.432
MITHRIL.37056	1.0	5.305	0.24014726	0.028169014084507005	3.5	0.8939169139465876	0.000741839762611276	1.0	0.49436509611802604	5.0	-8.396604781181859	32	0	0	1	0	0.002911208151382824	1	1.0	0.432
MITHRIL.37057	1.0	1.539	0.23869877	0.0	-0.5	0.7433234421364985	0.18620178041543026	1.0	1.0836825516949393	5.0	-0.4250612272310866	33	0	0	1	0	0.021834061135371178	0	0.0	0.376
MITHRIL.37058	1.0	1.539	0.23869877	0.0	0.3000000000000007	0.7433234421364985	0.05934718100890208	1.0	1.0836825516949393	5.0	-2.074676686294496	33	0	0	1	0	0.021834061135371178	0	0.0	0.376
MITHRIL.37059	1.0	1.539	0.23869877	0.028169014084507005	-3.4000000000000004	0.7433234421364985	0.01112759643916914	1.0	1.0836825516949393	5.0	-4.48971418557334	33	0	0	1	0	0.021834061135371178	0	0.0	0.376
MITHRIL.37060	1.0	1.915	0.23700887	0.0	0.0	0.7455489614243324	0.0	1.0	0.8366696989966876	5.0	-44.50699332842307	34	0	0	0	1	1.0	1	1.0	0.546
MITHRIL.37061	1.0	1.915	0.23700887	0.0	0.0	0.7455489614243324	0.002225519287833828	1.0	0.8366696989966876	5.0	-6.811642280460703	34	0	0	0	1	1.0	1	1.0	0.546
MITHRIL.37062	1.0	1.915	0.23700887	0.0	0.0	0.7455489614243324	0.2522255192878338	1.0	0.8366696989966876	5.0	0.012786154955843254	34	0	0	0	1	1.0	1	1.0	0.546
MITHRIL.37063	1.0	4.676	0.23450419	0.0	0.0	0.9985163204747775	0.000741839762611276	1.0	0.017564138047220013	18.0	-8.396604781181859	35	0	0	0	1	1.0	2	2.0	0.615
MITHRIL.37064	1.0	4.676	0.23450419	0.0	0.0	0.9985163204747775	0.000741839762611276	1.0	0.017564138047220013	18.0	-8.396604781181859	35	0	0	0	1	1.0	2	2.0	0.615
MITHRIL.37065	1.0	4.676	0.23450419	0.0	0.0	0.9985163204747775	0.0	1.0	0.017564138047220013	18.0	-44.50699332842307	35	0	0	0	1	1.0	2	2.0	0.615
MITHRIL.37066	1.0	5.762	0.23350836	0.0	0.0	1.0	0.0	1.0	-1.601713251907458e-15	27.0	-44.50699332842307	36	0	0	0	1	1.0	3	3.0	0.319
MITHRIL.37067	1.0	5.762	0.23350836	0.0	0.0	1.0	0.0	1.0	-1.601713251907458e-15	27.0	-44.50699332842307	36	0	0	0	1	1.0	3	3.0	0.319
MITHRIL.37068	1.0	5.762	0.23350836	0.0	0.0	1.0	0.0	1.0	-1.601713251907458e-15	27.0	-44.50699332842307	36	0	0	0	1	1.0	3	3.0	0.319
MITHRIL.37069	1.0	8.698	0.23556038	0.0	0.0	1.0	0.0	1.0	-1.601713251907458e-15	27.0	-44.50699332842307	37	0	0	0	1	1.0	2	2.0	0.044
MITHRIL.37070	1.0	8.698	0.23556038	0.0	0.0	1.0	0.0	1.0	-1.601713251907458e-15	27.0	-44.50699332842307	37	0	0	0	1	1.0	2	2.0	0.044
MITHRIL.37071	1.0	8.698	0.23556038	0.0	0.0	1.0	0.0	1.0	-1.601713251907458e-15	27.0	-44.50699332842307	37	0	0	0	1	1.0	2	2.0	0.044
MITHRIL.37072	1.0	9.325	0.23628463	0.0	0.0	1.0	0.0	1.0	-1.601713251907458e-15	27.0	-44.50699332842307	38	0	0	0	1	1.0	1	1.0	0.047
MITHRIL.37073	1.0	9.325	0.23628463	0.0	0.0	1.0	0.0	1.0	-1.601713251907458e-15	27.0	-44.50699332842307	38	0	0	0	1	1.0	1	1.0	0.047
MITHRIL.37074	1.0	9.325	0.23628463	0.0	0.0	1.0	0.0	1.0	-1.601713251907458e-15	27.0	-44.50699332842307	38	0	0	0	1	1.0	1	1.0	0.047
MITHRIL.37075	1.0	4.465	0.2354095	0.0	0.0	0.8887240356083086	0.11127596439169139	1.0	0.5037526962149808	14.0	-1.1677860906859776	39	0	0	0	1	1.0	0	0.0	0.44
MITHRIL.37076	1.0	4.465	0.2354095	0.0	0.0	0.8887240356083086	0.0	1.0	0.5037526962149808	14.0	-44.50699332842307	39	0	0	0	1	1.0	0	0.0	0.44
MITHRIL.37077	1.0	4.465	0.2354095	0.0	0.0	0.8887240356083086	0.0	1.0	0.5037526962149808	14.0	-44.50699332842307	39	0	0	0	1	1.0	0	0.0	0.44
MITHRIL.37078	0.998	3.789	0.23438349	0.0	0.0	0.05118694362017804	0.8968842729970327	1.0	0.6208325611834342	2.0	1.8429937480672651	40	0	0	0	1	1.0	1	1.0	0.403
MITHRIL.37079	0.998	3.789	0.23438349	0.0	0.0	0.05118694362017804	0.01112759643916914	1.0	0.6208325611834342	2.0	-4.48971418557334	40	0	0	0	1	1.0	1	1.0	0.403
MITHRIL.37080	0.998	3.789	0.23438349	0.0	0.0	0.05118694362017804	0.04080118694362018	1.0	0.6208325611834342	2.0	-2.6152450676571988	40	0	0	0	1	1.0	1	1.0	0.403
MITHRIL.37081	0.029	-0.241	0.24041885	0.028169014084507005	-1.6999999999999993	0.015578635014836795	0.6676557863501483	1.0	1.3080091770845996	5.0	1.4171764100351785	41	0	0	1	0	0.021106259097525473	2	2.0	0.394
MITHRIL.37082	0.029	-0.241	0.24041885	0.028169014084507005	-2.0	0.015578635014836795	0.11572700296735905	1.0	1.3080091770845996	5.0	-1.1112025623196102	41	0	0	1	0	0.021106259097525473	2	2.0	0.394
MITHRIL.37083	0.029	-0.241	0.24041885	0.0	-0.5999999999999996	0.015578635014836795	0.2010385756676558	1.0	1.3080091770845996	5.0	-0.3144557398279869	41	0	0	1	0	0.021106259097525473	2	2.0	0.394
MITHRIL.37084	0.855	1.128	0.24814412	0.028169014084507005	2.0	0.8597922848664689	0.0	1.0	0.5847825404590933	5.0	-44.50699332842307	42	0	0	1	0	0.002911208151382824	3	2.0	0.291
MITHRIL.37085	0.855	1.128	0.24814412	0.028169014084507005	2.3	0.8597922848664689	0.0	1.0	0.5847825404590933	5.0	-44.50699332842307	42	0	0	1	0	0.002911208151382824	3	2.0	0.291
MITHRIL.37086	0.855	1.128	0.24814412	0.0	2.5	0.8597922848664689	0.14020771513353117	1.0	0.5847825404590933	5.0	-0.8343623569607856	42	0	0	1	0	0.002911208151382824	3	2.0	0.291
MITHRIL.37087	0.996	2.987	0.25722735	0.028169014084507005	6.6	0.8308605341246291	0.05341246290801187	1.0	0.823780740739458	9.0	-2.226679779739546	43	0	0	1	0	0.005094614264919942	4	2.0	0.389
MITHRIL.37088	0.996	2.987	0.25722735	0.028169014084507005	4.0	0.8308605341246291	0.002225519287833828	1.0	0.823780740739458	9.0	-6.811642280460703	43	0	0	1	0	0.005094614264919942	4	2.0	0.389
MITHRIL.37089	0.996	2.987	0.25722735	0.0	2.3	0.8308605341246291	0.11350148367952523	1.0	0.823780740739458	9.0	-1.1392169384892066	43	0	0	1	0	0.005094614264919942	4	2.0	0.389
MITHRIL.37090	1.0	8.698	0.267065	0.028169014084507005	3.8	0.9191394658753709	0.001483679525222552	1.0	0.4946536202551692	7.0	-7.396604781181859	44	0	0	1	0	0.016739446870451237	5	1.0	0.697
MITHRIL.37091	1.0	8.698	0.267065	0.0	0.3000000000000007	0.9191394658753709	0.04376854599406528	1.0	0.4946536202551692	7.0	-2.513961731820017	44	0	0	1	0	0.016739446870451237	5	1.0	0.697
MITHRIL.37092	1.0	8.698	0.267065	0.028169014084507005	4.2	0.9191394658753709	0.03560830860534125	1.0	0.4946536202551692	7.0	-2.811642280460702	44	0	0	1	0	0.016739446870451237	5	1.0	0.697
MITHRIL.37093	0.992	0.928	0.27847185	0.028169014084507005	1.0	0.723293768545994	0.07195845697329377	1.0	1.2654267148107863	8.0	-1.7966919389947307	45	0	0	1	0	0.14992721979621543	6	1.0	0.593
MITHRIL.37094	0.992	0.928	0.27847185	0.0	0.8000000000000007	0.723293768545994	0.06602373887240356	1.0	1.2654267148107863	8.0	-1.9208713502154606	45	0	0	1	0	0.14992721979621543	6	1.0	0.593
MITHRIL.37095	0.992	0.928	0.27847185	0.028169014084507005	0.9000000000000004	0.723293768545994	0.1387240356083086	1.0	1.2654267148107863	8.0	-0.849710321294222	45	0	0	1	0	0.14992721979621543	6	1.0	0.593
MITHRIL.37096	0.99	0.785	0.29488804	0.0	0.1999999999999993	0.7436472346786248	0.07399103139013453	0.9925816023738873	1.1574846923211795	14.0	-1.7565057805618511	46	1	0	0	0	0.844574780058651	7	2.0	1.085
MITHRIL.37097	0.99	0.785	0.29488804	0.0	0.0	0.7436472346786248	0.02765321375186846	0.9925816023738873	1.1574846923211795	14.0	-3.176409035012511	46	1	0	0	0	0.844574780058651	7	2.0	1.085
MITHRIL.37098	0.99	0.785	0.29488804	0.0	0.1999999999999993	0.7436472346786248	0.1547085201793722	0.9925816023738873	1.1574846923211795	14.0	-0.6923754431421356	46	1	0	0	0	0.844574780058651	7	2.0	1.085
MITHRIL.37099	1.0	4.602	0.31377874	0.0	0.0	0.7369207772795217	0.08295964125560538	0.9925816023738873	1.2260881470001483	8.0	-1.5914465342913549	47	1	0	0	0	1.0	8	3.0	0.964
MITHRIL.37100	1.0	4.602	0.31377874	0.0	0.0	0.7369207772795217	0.052316890881913304	0.9925816023738873	1.2260881470001483	8.0	-2.2565793836964945	47	1	0	0	0	1.0	8	3.0	0.964
MITHRIL.37101	1.0	4.602	0.31377874	0.0	0.0	0.7369207772795217	0.12780269058295965	0.9925816023738873	1.2260881470001483	8.0	-0.968009885755563	47	1	0	0	0	1.0	8	3.0	0.964
MITHRIL.37102	1.0	2.54	0.33508359	0.0	0.0	0.9102468212415856	0.04637247569184742	0.9918397626112759	0.5612996055341648	10.0	-2.4305874397064775	48	1	0	0	0	1.0	9	4.0	0.311
MITHRIL.37103	1.0	2.54	0.33508359	0.0	0.0	0.9102468212415856	0.0074794315632011965	0.9918397626112759	0.5612996055341648	10.0	-5.062855655205991	48	1	0	0	0	1.0	9	4.0	0.311
MITHRIL.37104	1.0	2.54	0.33508359	0.0	0.0	0.9102468212415856	0.03590127150336574	0.9918397626112759	0.5612996055341648	10.0	-2.799821249372197	48	1	0	0	0	1.0	9	4.0	0.311
MITHRIL.37105	0.993	0.115	0.35807834	0.0	0.1999999999999993	0.34991119005328597	0.04706927175843695	0.8353115727002968	1.2321865872864195	5.0	-2.4090706575170304	49	1	0	0	0	1.0	10	5.0	0.914
MITHRIL.37106	0.993	0.115	0.35807834	0.0	0.0	0.34991119005328597	0.5985790408525755	0.8353115727002968	1.2321865872864195	5.0	1.2596136691016289	49	1	0	0	0	1.0	10	5.0	0.914
MITHRIL.37107	0.993	0.115	0.35807834	0.0	0.1999999999999993	0.34991119005328597	0.004440497335701598	0.8353115727002968	1.2321865872864195	5.0	-5.815063017192867	49	1	0	0	0	1.0	10	5.0	0.914
MITHRIL.37108	0.996	1.134	0.37708975	0.028169014084507005	0.9000000000000004	0.02243829468960359	0.23485415108451757	0.9918397626112759	1.4265049596005728	5.0	-0.09016300120172582	51	0	0	1	0	0.17388114453411593	11	5.0	0.409
MITHRIL.37109	0.996	1.134	0.37708975	0.028169014084507005	0.6999999999999993	0.02243829468960359	0.6140613313388182	0.9918397626112759	1.4265049596005728	5.0	1.296454661684452	51	0	0	1	0	0.17388114453411593	11	5.0	0.409
MITHRIL.37110	0.996	1.134	0.37708975	0.028169014084507005	0.9000000000000004	0.02243829468960359	0.1286462228870606	0.9918397626112759	1.4265049596005728	5.0	-0.9585189953912547	51	0	0	1	0	0.17388114453411593	11	5.0	0.409
MITHRIL.37111	1.0	3.802	0.39911884	0.028169014084507005	4.0	0.9080029917726253	0.04637247569184742	0.9918397626112759	0.5862096151752032	11.0	-2.4305874397064775	52	0	0	1	0	0.019075568598679385	12	6.0	0.383
MITHRIL.37112	1.0	3.802	0.39911884	0.028169014084507005	3.7	0.9080029917726253	0.01795063575168287	0.9918397626112759	0.5862096151752032	11.0	-3.799821249372197	52	0	0	1	0	0.019075568598679385	12	6.0	0.383
MITHRIL.37113	1.0	3.802	0.39911884	0.028169014084507005	4.0	0.9080029917726253	0.027673896783844427	0.9918397626112759	0.5862096151752032	11.0	-3.175330384464403	52	0	0	1	0	0.019075568598679385	12	6.0	0.383
MITHRIL.37114	1.0	5.685	0.41806989	0.028169014084507005	4.0	0.7984962406015037	0.13533834586466165	0.9866468842729971	0.9711308840216646	10.0	-0.8853574340588773	53	0	0	1	0	0.007374631268436578	13	7.0	0.521
MITHRIL.37115	1.0	5.685	0.41806989	0.028169014084507005	4.2	0.7984962406015037	0.01804511278195489	0.9866468842729971	0.9711308840216646	10.0	-3.7922480296673955	53	0	0	1	0	0.007374631268436578	13	7.0	0.521
MITHRIL.37116	1.0	5.685	0.41806989	0.028169014084507005	4.0	0.7984962406015037	0.0481203007518797	0.9866468842729971	0.9711308840216646	10.0	-2.377210530388552	53	0	0	1	0	0.007374631268436578	13	7.0	0.521
MITHRIL.37117	1.0	7.341	0.4362967	0.028169014084507005	6.6	0.8642533936651584	0.08823529411764706	0.983679525222552	0.7329230705406143	15.0	-1.5025003405291832	54	0	0	1	0	0.006656804733727811	14	8.0	0.572
MITHRIL.37118	1.0	7.341	0.4362967	0.028169014084507005	6.6	0.8642533936651584	0.004524886877828055	0.983679525222552	0.7329230705406143	15.0	-5.787902559391432	54	0	0	1	0	0.006656804733727811	14	8.0	0.572
MITHRIL.37119	1.0	7.341	0.4362967	0.028169014084507005	6.6	0.8642533936651584	0.042986425339366516	0.983679525222552	0.7329230705406143	15.0	-2.539975045947846	54	0	0	1	0	0.006656804733727811	14	8.0	0.572
MITHRIL.37120	1.0	9.254	0.44740177	0.028169014084507005	3.8	0.8479576399394856	0.07564296520423601	0.9807121661721068	0.7857349271977602	15.0	-1.7246502717329668	55	0	0	1	0	0.045252225519287835	15	9.0	0.225
MITHRIL.37121	1.0	9.254	0.44740177	0.028169014084507005	4.6	0.8479576399394856	0.0007564296520423601	0.9807121661721068	0.7857349271977602	15.0	-8.368506461507693	55	0	0	1	0	0.045252225519287835	15	9.0	0.225
MITHRIL.37122	1.0	9.254	0.44740177	0.028169014084507005	4.3	0.8479576399394856	0.07564296520423601	0.9807121661721068	0.7857349271977602	15.0	-1.7246502717329668	55	0	0	1	0	0.045252225519287835	15	9.0	0.225
MITHRIL.37123	1.0	4.635	0.45742048	0.0	0.09999999999999964	0.913946587537092	0.052670623145400594	1.0	0.5328506654337275	14.0	-2.2468576616771765	56	0	0	0	1	1.0	16	10.0	0.637
MITHRIL.37124	1.0	4.635	0.45742048	0.0	1.0999999999999996	0.913946587537092	0.008160237388724036	1.0	0.5328506654337275	14.0	-4.937173162544561	56	0	0	0	1	1.0	16	10.0	0.637
MITHRIL.37125	1.0	4.635	0.45742048	0.0	0.09999999999999964	0.913946587537092	0.025222551928783383	1.0	0.5328506654337275	14.0	-3.309141939931519	56	0	0	0	1	1.0	16	10.0	0.637
MITHRIL.37126	1.0	6.135	0.46650371	0.0	0.0	0.8191409193669932	0.04295403165033911	0.9844213649851632	0.8846346897158752	14.0	-2.5410626412054516	57	0	0	0	1	1.0	17	11.0	1.064
MITHRIL.37127	1.0	6.135	0.46650371	0.0	0.0	0.8191409193669932	0.009796533534287867	0.9844213649851632	0.8846346897158752	14.0	-4.673512937229101	57	0	0	0	1	1.0	17	11.0	1.064
MITHRIL.37128	1.0	6.135	0.46650371	0.0	0.0	0.8191409193669932	0.1281085154483798	0.9844213649851632	0.8846346897158752	14.0	-0.9645617192324916	57	0	0	0	1	1.0	17	11.0	1.064
MITHRIL.37129	1.0	7.334	0.4736858	0.0	0.0	0.8413793103448276	0.06360153256704981	0.9681008902077152	0.8425407832708907	14.0	-1.974794660110322	58	0	0	0	1	1.0	18	12.0	1.115
MITHRIL.37130	1.0	7.334	0.4736858	0.0	0.0	0.8413793103448276	0.007662835249042145	0.9681008902077152	0.8425407832708907	14.0	-5.027905996569885	58	0	0	0	1	1.0	18	12.0	1.115
MITHRIL.37131	1.0	7.334	0.4736858	0.0	0.0	0.8413793103448276	0.08735632183908046	0.9681008902077152	0.8425407832708907	14.0	-1.5169440772925051	58	0	0	0	1	1.0	18	12.0	1.115
MITHRIL.37132	1.0	6.822	0.47957028	0.0	0.0	0.8911511354737667	0.006264682850430697	0.9473293768545994	0.6421323292295025	10.0	-5.318542809702723	59	0	0	0	1	1.0	19	12.0	0.905
MITHRIL.37133	1.0	6.822	0.47957028	0.0	0.0	0.8911511354737667	0.018010963194988253	0.9473293768545994	0.6421323292295025	10.0	-3.794980853645711	59	0	0	0	1	1.0	19	12.0	0.905
MITHRIL.37134	1.0	6.822	0.47957028	0.0	0.0	0.8911511354737667	0.08457321848081441	0.9473293768545994	0.6421323292295025	10.0	-1.5636553075392552	59	0	0	0	1	1.0	19	12.0	0.905
MITHRIL.37135	1.0	8.463	0.48168266	0.0	0.0	0.9413223140495868	0.004132231404958678	0.8976261127596439	0.4819012652185339	14.0	-5.918863237274595	60	0	0	0	1	1.0	20	11.0	0.694
MITHRIL.37136	1.0	8.463	0.48168266	0.0	0.0	0.9413223140495868	0.009917355371900827	0.8976261127596439	0.4819012652185339	14.0	-4.6558288314408	60	0	0	0	1	1.0	20	11.0	0.694
MITHRIL.37137	1.0	8.463	0.48168266	0.0	0.0	0.9413223140495868	0.04462809917355372	0.8976261127596439	0.4819012652185339	14.0	-2.4859038299984886	60	0	0	0	1	1.0	20	11.0	0.694
MITHRIL.37138	0.055	-0.757	0.4790271	0.0	0.0	0.4363791631084543	0.44150298889837747	0.8686943620178041	1.5102004861003886	9.0	0.8204951098137195	61	0	0	0	1	1.0	21	10.0	1.193
MITHRIL.37139	0.055	-0.757	0.4790271	0.0	0.0	0.4363791631084543	0.06148590947907771	0.8686943620178041	1.5102004861003886	9.0	-2.0236003590589027	61	0	0	0	1	1.0	21	10.0	1.193
MITHRIL.37140	0.055	-0.757	0.4790271	0.0	0.0	0.4363791631084543	0.06063193851409052	0.8686943620178041	1.5102004861003886	9.0	-2.043778240996533	61	0	0	0	1	1.0	21	10.0	1.193
MITHRIL.37141	1.0	5.64	0.48101877	0.0	0.5	0.9525483304042179	0.01757469244288225	0.844213649851632	0.4877693955010731	14.0	-3.8303567474192195	62	0	0	0	1	1.0	22	9.0	1.067
MITHRIL.37142	1.0	5.64	0.48101877	0.0	0.5999999999999996	0.9525483304042179	0.027240773286467488	0.844213649851632	0.4877693955010731	14.0	-3.1980885319197068	62	0	0	0	1	1.0	22	9.0	1.067
MITHRIL.37143	1.0	5.64	0.48101877	0.0	0.5	0.9525483304042179	0.0026362038664323375	0.844213649851632	0.4877693955010731	14.0	-6.567322341585426	62	0	0	0	1	1.0	22	9.0	1.067
MITHRIL.37144	1.0	5.69	0.48282938	0.028169014084507005	2.8	0.8347045624532535	0.06955871353777113	0.9918397626112759	0.8592450792368541	18.0	-1.8456249389853214	65	0	0	1	0	0.04475421863536317	23	8.0	0.349
MITHRIL.37145	1.0	5.69	0.48282938	0.028169014084507005	3.0999999999999996	0.8347045624532535	0.009723261032161555	0.9918397626112759	0.8592450792368541	18.0	-4.684344031952261	65	0	0	1	0	0.04475421863536317	23	8.0	0.349
MITHRIL.37146	1.0	5.69	0.48282938	0.0	2.4000000000000004	0.8347045624532535	0.08601346297681377	0.9918397626112759	0.8592450792368541	18.0	-1.5392936991489774	65	0	0	1	0	0.04475421863536317	23	8.0	0.349
MITHRIL.37147	1.0	7.41	0.48433822	0.028169014084507005	6.6	0.8608825729244577	0.037397157816005985	0.9918397626112759	0.7342925627427304	15.0	-2.740927560318628	66	0	0	1	0	0.006603081438004402	24	7.0	0.438
MITHRIL.37148	1.0	7.41	0.48433822	0.028169014084507005	4.0	0.8608825729244577	0.005235602094240838	0.9918397626112759	0.7342925627427304	15.0	-5.577428828035749	66	0	0	1	0	0.006603081438004402	24	7.0	0.438
MITHRIL.37149	1.0	7.41	0.48433822	0.0	2.3	0.8608825729244577	0.09648466716529544	0.9918397626112759	0.7342925627427304	15.0	-1.3735564946700987	66	0	0	1	0	0.006603081438004402	24	7.0	0.438
MITHRIL.37150	1.0	6.928	0.48608848	0.028169014084507005	4.2	0.7984962406015037	0.04661654135338346	0.9866468842729971	0.9710151390708	8.0	-2.4230142200016767	67	0	0	1	0	0.007374631268436578	25	6.0	0.509
MITHRIL.37151	1.0	6.928	0.48608848	0.0	0.3000000000000007	0.7984962406015037	0.018796992481203006	0.9866468842729971	0.9710151390708	8.0	-3.733354340613827	67	0	0	1	0	0.007374631268436578	25	6.0	0.509
MITHRIL.37152	1.0	6.928	0.48608848	0.028169014084507005	4.2	0.7984962406015037	0.13609022556390976	0.9866468842729971	0.9710151390708	8.0	-0.8773646433053467	67	0	0	1	0	0.007374631268436578	25	6.0	0.509
MITHRIL.37153	1.0	5.773	0.48862333	0.028169014084507005	3.7	0.8906485671191554	0.021116138763197588	0.983679525222552	0.6569743570203238	10.0	-3.5655101380549836	68	0	0	1	0	0.019230769230769232	26	5.0	0.654
MITHRIL.37154	1.0	5.773	0.48862333	0.0	-0.09999999999999964	0.8906485671191554	0.020361990950226245	0.983679525222552	0.6569743570203238	10.0	-3.617977557949119	68	0	0	1	0	0.019230769230769232	26	5.0	0.654
MITHRIL.37155	1.0	5.773	0.48862333	0.028169014084507005	3.3	0.8906485671191554	0.06787330316742081	0.983679525222552	0.6569743570203238	10.0	-1.8810119637829132	68	0	0	1	0	0.019230769230769232	26	5.0	0.654
MITHRIL.37156	1.0	4.952	0.49149013	0.028169014084507005	0.8000000000000007	0.1951588502269289	0.10892586989409984	0.9807121661721068	1.5483487607494957	10.0	-1.1985814600653795	69	0	0	1	0	0.1758160237388724	27	4.0	0.26
MITHRIL.37157	1.0	4.952	0.49149013	0.0	0.5	0.1951588502269289	0.6089258698940998	0.9807121661721068	1.5483487607494957	10.0	1.2843385114942876	69	0	0	1	0	0.1758160237388724	27	4.0	0.26
MITHRIL.37158	1.0	4.952	0.49149013	0.028169014084507005	0.6999999999999993	0.1951588502269289	0.08698940998487141	0.9807121661721068	1.5483487607494957	10.0	-1.5230164105633164	69	0	0	1	0	0.1758160237388724	27	4.0	0.26
MITHRIL.37159	1.0	3.06	0.49188243	0.028169014084507005	0.9000000000000004	0.7640949554896143	0.1609792284866469	1.0	1.0333739776630277	18.0	-0.6350535487373791	70	0	1	0	0	0.008005822416302766	28	3.0	0.358
MITHRIL.37160	1.0	3.06	0.49188243	0.028169014084507005	1.4000000000000004	0.7640949554896143	0.06824925816023739	1.0	1.0333739776630277	18.0	-1.8730428251248457	70	0	1	0	0	0.008005822416302766	28	3.0	0.358
MITHRIL.37161	1.0	3.06	0.49188243	0.028169014084507005	0.8000000000000007	0.7640949554896143	0.0066765578635014835	1.0	1.0333739776630277	18.0	-5.226679779739547	70	0	1	0	0	0.008005822416302766	28	3.0	0.358
MITHRIL.37162	1.0	2.736	0.49245579	0.028169014084507005	4.1	0.7870919881305638	0.04080118694362018	1.0	1.0305140699232673	9.0	-2.6152450676571988	71	0	1	0	0	0.018195050946142648	29	4.0	0.677
MITHRIL.37163	1.0	2.736	0.49245579	0.0	-0.09999999999999964	0.7870919881305638	0.1327893175074184	1.0	1.0305140699232673	9.0	-0.912789003917602	71	0	1	0	0	0.018195050946142648	29	4.0	0.677
MITHRIL.37164	1.0	2.736	0.49245579	0.028169014084507005	3.9000000000000004	0.7870919881305638	0.039317507418397624	1.0	1.0305140699232673	9.0	-2.6686843266186595	71	0	1	0	0	0.018195050946142648	29	4.0	0.677
MITHRIL.37165	1.0	5.383	0.49586577	0.028169014084507005	3.7	0.4896142433234421	0.026706231454005934	1.0	1.4824483542393843	14.0	-3.226679779739546	72	0	1	0	0	0.019650655021834062	30	5.0	0.369
MITHRIL.37166	1.0	5.383	0.49586577	0.0	-0.09999999999999964	0.4896142433234421	0.3954005934718101	1.0	1.4824483542393843	14.0	0.6613869415773175	72	0	1	0	0	0.019650655021834062	30	5.0	0.369
MITHRIL.37167	1.0	5.383	0.49586577	0.028169014084507005	3.3	0.4896142433234421	0.08827893175074183	1.0	1.4824483542393843	14.0	-1.501787017873915	72	0	1	0	0	0.019650655021834062	30	5.0	0.369
MITHRIL.37168	1.0	2.624	0.50087513	0.028169014084507005	3.7	0.5185459940652819	0.1980712166172107	1.0	1.5922436609771968	9.0	-0.33590884949430444	73	0	1	0	0	0.23508005822416303	31	6.0	0.288
MITHRIL.37169	1.0	2.624	0.50087513	0.0	-0.09999999999999964	0.5185459940652819	0.025222551928783383	1.0	1.5922436609771968	9.0	-3.309141939931519	73	0	1	0	0	0.23508005822416303	31	6.0	0.288
MITHRIL.37170	1.0	2.624	0.50087513	0.028169014084507005	3.3	0.5185459940652819	0.258160237388724	1.0	1.5922436609771968	9.0	0.04633871466686971	73	0	1	0	0	0.23508005822416303	31	6.0	0.288
MITHRIL.37171	1.0	6.934	0.49855151	0.028169014084507005	4.2	0.8712797619047619	0.009672619047619048	0.9970326409495549	0.7161293388923247	10.0	-4.691877704637668	74	0	1	0	0	0.006569343065693431	32	7.0	0.358
MITHRIL.37172	1.0	6.934	0.49855151	0.0	0.3000000000000007	0.8712797619047619	0.078125	0.9970326409495549	0.7161293388923247	10.0	-1.6780719051126376	74	0	1	0	0	0.006569343065693431	32	7.0	0.358
MITHRIL.37173	1.0	6.934	0.49855151	0.028169014084507005	3.8	0.8712797619047619	0.04092261904761905	0.9970326409495549	0.7161293388923247	10.0	-2.6109577092541008	74	0	1	0	0	0.006569343065693431	32	7.0	0.358
MITHRIL.37174	1.0	6.298	0.4910073	0.028169014084507005	6.2	0.8845867460908414	0.09084139985107967	0.9962908011869436	0.6285021769630849	14.0	-1.4605062518645562	75	0	1	0	0	0.005113221329437546	33	8.0	0.168
MITHRIL.37175	1.0	6.298	0.4910073	0.028169014084507005	6.2	0.8845867460908414	0.008935219657483246	0.9962908011869436	0.6285021769630849	14.0	-4.806281088706286	75	0	1	0	0	0.005113221329437546	33	8.0	0.168
MITHRIL.37176	1.0	6.298	0.4910073	0.028169014084507005	6.2	0.8845867460908414	0.01563663440059568	0.9962908011869436	0.6285021769630849	14.0	-3.998926166648682	75	0	1	0	0	0.005113221329437546	33	8.0	0.168
MITHRIL.37177	1.0	1.591	0.48068682	0.028169014084507005	1.3000000000000007	0.5040953090096798	0.028294862248696945	0.9962908011869436	1.1719792562880416	6.0	-3.143316075983857	76	0	1	0	0	0.01095690284879474	34	9.0	0.267
MITHRIL.37178	1.0	1.591	0.48068682	0.028169014084507005	1.3000000000000007	0.5040953090096798	0.466120625465376	0.9962908011869436	1.1719792562880416	6.0	0.8987752575051761	76	0	1	0	0	0.01095690284879474	34	9.0	0.267
MITHRIL.37179	1.0	1.591	0.48068682	0.028169014084507005	0.8000000000000007	0.5040953090096798	0.0014892032762472078	0.9962908011869436	1.1719792562880416	6.0	-7.391243589427442	76	0	1	0	0	0.01095690284879474	34	9.0	0.267
MITHRIL.37180	0.996	0.914	0.46988352	0.0	0.5999999999999996	0.48990276738967836	0.005235602094240838	0.9918397626112759	1.122016409118038	8.0	-5.577428828035749	77	1	0	0	0	1.0	35	10.0	0.779
MITHRIL.37181	0.996	0.914	0.46988352	0.0	0.0	0.48990276738967836	0.011219147344801795	0.9918397626112759	1.122016409118038	8.0	-4.477893154484835	77	1	0	0	0	1.0	35	10.0	0.779
MITHRIL.37182	0.996	0.914	0.46988352	0.0	0.5999999999999996	0.48990276738967836	0.49364248317127896	0.9918397626112759	1.122016409118038	8.0	0.9815384641524629	77	1	0	0	0	1.0	35	10.0	0.779
MITHRIL.44194	0.0	-1.002	0.3923894	0.0	0.5999999999999996	0.37787676317743135	0.5434298440979956	0.997039230199852	1.374533416336946	2.0	1.1201657028217393	77	1	0	0	0	0.9985443959243085	18	9.0	0.779
MITHRIL.44195	0.0	-1.002	0.3923894	0.0	0.0	0.37787676317743135	0.04602821083890126	0.997039230199852	1.374533416336946	2.0	-2.441337825075428	77	1	0	0	0	0.9985443959243085	18	9.0	0.779
MITHRIL.44196	0.0	-1.002	0.3923894	0.0	0.5999999999999996	0.37787676317743135	0.032665181885671864	0.997039230199852	1.374533416336946	2.0	-2.936102516825006	77	1	0	0	0	0.9985443959243085	18	9.0	0.779
MITHRIL.44197	0.0	0.195	0.3894019	0.02898550724637683	1.299999999999999	0.845925925925926	0.002962962962962963	0.999259807549963	0.7268007401792714	3.0	-6.3987436919381935	76	0	1	0	0	0.013798111837327523	17	8.0	0.267
MITHRIL.44198	0.0	0.195	0.3894019	0.0	-2.3000000000000007	0.845925925925926	0.13111111111111112	0.999259807549963	0.7268007401792714	3.0	-0.9311381418551957	76	0	1	0	0	0.013798111837327523	17	8.0	0.267
MITHRIL.44199	0.0	0.195	0.3894019	0.02898550724637683	1.299999999999999	0.845925925925926	0.02	0.999259807549963	0.7268007401792714	3.0	-3.643856189774725	76	0	1	0	0	0.013798111837327523	17	8.0	0.267
MITHRIL.44200	0.029	1.738	0.38650492	0.02898550724637683	3.499999999999999	0.9125925925925926	0.02074074074074074	0.999259807549963	0.5181727010287146	5.0	-3.5913887698805893	75	0	1	0	0	0.0036310820624546117	16	7.0	0.168
MITHRIL.44201	0.029	1.738	0.38650492	0.0	2.999999999999999	0.9125925925925926	0.06296296296296296	0.999259807549963	0.5181727010287146	5.0	-1.9893527558004915	75	0	1	0	0	0.0036310820624546117	16	7.0	0.168
MITHRIL.44202	0.029	1.738	0.38650492	0.02898550724637683	4.199999999999999	0.9125925925925926	0.003703703703703704	0.999259807549963	0.5181727010287146	5.0	-6.076815597050831	75	0	1	0	0	0.0036310820624546117	16	7.0	0.168
MITHRIL.44203	0.878	4.377	0.38719899	0.02898550724637683	4.499999999999999	0.9585185185185185	0.003703703703703704	0.999259807549963	0.29992673575118217	10.0	-6.076815597050831	74	0	1	0	0	0.004357298474945534	15	6.0	0.358
MITHRIL.44204	0.878	4.377	0.38719899	0.0	0.5	0.9585185185185185	0.027407407407407408	0.999259807549963	0.29992673575118217	10.0	-3.1892903263092434	74	0	1	0	0	0.004357298474945534	15	6.0	0.358
MITHRIL.44205	0.878	4.377	0.38719899	0.02898550724637683	4.499999999999999	0.9585185185185185	0.01037037037037037	0.999259807549963	0.29992673575118217	10.0	-4.591388769880589	74	0	1	0	0	0.004357298474945534	15	6.0	0.358
MITHRIL.44206	0.166	0.545	0.38816464	0.02898550724637683	6.3999999999999995	0.5891931902294597	0.02146558105107328	1.0	1.2026331207527405	5.0	-3.5418309641981125	73	0	1	0	0	0.013788098693759071	14	5.0	0.288
MITHRIL.44207	0.166	0.545	0.38816464	0.02898550724637683	6.3999999999999995	0.5891931902294597	0.01776461880088823	1.0	1.2026331207527405	5.0	-3.8148494586045283	73	0	1	0	0	0.013788098693759071	14	5.0	0.288
MITHRIL.44208	0.166	0.545	0.38816464	0.02898550724637683	6.3999999999999995	0.5891931902294597	0.3715766099185788	1.0	1.2026331207527405	5.0	0.5717315946250875	73	0	1	0	0	0.013788098693759071	14	5.0	0.288
MITHRIL.44209	0.0	-2.48	0.38934154	0.02898550724637683	4.499999999999999	0.4048852701702443	0.10880829015544041	1.0	1.3966372929180353	5.0	-1.2001396144893202	72	0	1	0	0	0.00362844702467344	13	4.0	0.369
MITHRIL.44210	0.0	-2.48	0.38934154	0.0	0.7999999999999989	0.4048852701702443	0.4848260547742413	1.0	1.3966372929180353	5.0	0.9555391370991281	72	0	1	0	0	0.00362844702467344	13	4.0	0.369
MITHRIL.44211	0.0	-2.48	0.38934154	0.02898550724637683	4.3999999999999995	0.4048852701702443	0.0014803849000740192	1.0	1.3966372929180353	5.0	-7.399811959325684	72	0	1	0	0	0.00362844702467344	13	4.0	0.369
MITHRIL.44212	0.0	-1.545	0.39072968	0.02898550724637683	3.8999999999999995	0.2871946706143597	0.04219096965210955	1.0	1.134709249721196	5.0	-2.5669219451609426	71	0	1	0	0	0.033381712626995644	12	3.0	0.677
MITHRIL.44213	0.0	-1.545	0.39072968	0.02898550724637683	3.8999999999999995	0.2871946706143597	0.0044411547002220575	1.0	1.134709249721196	5.0	-5.814849458604528	71	0	1	0	0	0.033381712626995644	12	3.0	0.677
MITHRIL.44214	0.0	-1.545	0.39072968	0.0	-0.3000000000000007	0.2871946706143597	0.6661732050333087	1.0	1.134709249721196	5.0	1.4139692318913526	71	0	1	0	0	0.033381712626995644	12	3.0	0.677
MITHRIL.44215	0.0	-0.333	0.39112197	0.0	2.499999999999999	0.3789785344189489	0.5780903034789046	1.0	1.2224408254267227	5.0	1.209366778816295	70	0	1	0	0	0.009433962264150943	11	2.0	0.358
MITHRIL.44216	0.0	-0.333	0.39112197	0.02898550724637683	1.1999999999999993	0.3789785344189489	0.014803849000740192	1.0	1.2224408254267227	5.0	-4.077883864438323	70	0	1	0	0	0.009433962264150943	11	2.0	0.358
MITHRIL.44217	0.0	-0.333	0.39112197	0.02898550724637683	1.4999999999999991	0.3789785344189489	0.028127313101406367	1.0	1.2224408254267227	5.0	-3.151884445882099	70	0	1	0	0	0.009433962264150943	11	2.0	0.358
MITHRIL.44218	0.003	1.697	0.38759128	0.02898550724637683	2.1999999999999993	0.7685887708649469	0.13429438543247343	0.9755736491487786	1.1124203539151418	5.0	-0.8965291049250544	69	0	0	1	0	0.002232142857142857	10	1.0	0.26
MITHRIL.44219	0.003	1.697	0.38759128	0.02898550724637683	1.8999999999999995	0.7685887708649469	0.05007587253414264	0.9755736491487786	1.1124203539151418	5.0	-2.3197405356495984	69	0	0	1	0	0.002232142857142857	10	1.0	0.26
MITHRIL.44220	0.003	1.697	0.38759128	0.02898550724637683	1.5999999999999996	0.7685887708649469	0.04704097116843703	0.9755736491487786	1.1124203539151418	5.0	-2.4099383446211764	69	0	0	1	0	0.002232142857142857	10	1.0	0.26
MITHRIL.44221	0.002	0.702	0.38342688	0.02898550724637683	-1.3000000000000007	0.3129251700680272	0.3854875283446712	0.9792746113989638	1.7571512853315039	8.0	0.6247560905801812	68	0	0	1	0	0.02074074074074074	9	2.0	0.654
MITHRIL.44222	0.002	0.702	0.38342688	0.0	-4.800000000000001	0.3129251700680272	0.04686318972033258	0.9792746113989638	1.7571512853315039	8.0	-2.4154010358918017	68	0	0	1	0	0.02074074074074074	9	2.0	0.654
MITHRIL.44223	0.002	0.702	0.38342688	0.02898550724637683	-0.10000000000000142	0.3129251700680272	0.254724111866969	0.9792746113989638	1.7571512853315039	8.0	0.027007434903181804	68	0	0	1	0	0.02074074074074074	9	2.0	0.654
MITHRIL.44224	0.001	-0.803	0.38228016	0.02898550724637683	1.1999999999999993	0.2911676646706587	0.2911676646706587	0.9888971132494448	1.7984251148595825	3.0	0.21992205251213973	67	0	0	1	0	0.16140865737344093	8	3.0	0.509
MITHRIL.44225	0.001	-0.803	0.38228016	0.02898550724637683	1.299999999999999	0.2911676646706587	0.05688622754491018	0.9888971132494448	1.7984251148595825	3.0	-2.1357767790304667	67	0	0	1	0	0.16140865737344093	8	3.0	0.509
MITHRIL.44226	0.001	-0.803	0.38228016	0.0	-3.4000000000000004	0.2911676646706587	0.36077844311377244	0.9888971132494448	1.7984251148595825	3.0	0.5291850437559094	67	0	0	1	0	0.16140865737344093	8	3.0	0.509
MITHRIL.44227	1.0	2.971	0.3861428	0.0	2.8999999999999995	0.750373692077728	0.1920777279521674	0.9903774981495189	1.0657069157762062	3.0	-0.3802378514475829	66	0	0	1	0	0.013186813186813187	7	4.0	0.438
MITHRIL.44228	1.0	2.971	0.3861428	0.02898550724637683	3.299999999999999	0.750373692077728	0.025411061285500747	0.9903774981495189	1.0657069157762062	3.0	-3.2983995593911217	66	0	0	1	0	0.013186813186813187	7	4.0	0.438
MITHRIL.44229	1.0	2.971	0.3861428	0.02898550724637683	5.8999999999999995	0.750373692077728	0.032137518684603884	0.9903774981495189	1.0657069157762062	3.0	-2.959597645939363	66	0	0	1	0	0.013186813186813187	7	4.0	0.438
MITHRIL.44230	1.0	6.075	0.38867765	0.0	2.3999999999999995	0.804185351270553	0.09342301943198804	0.9903774981495189	1.0014504904701345	10.0	-1.4200781159793738	65	0	0	1	0	0.054945054945054944	6	3.0	0.349
MITHRIL.44231	1.0	6.075	0.38867765	0.02898550724637683	3.0999999999999996	0.804185351270553	0.02914798206278027	0.9903774981495189	1.0014504904701345	10.0	-3.1004601817792126	65	0	0	1	0	0.054945054945054944	6	3.0	0.349
MITHRIL.44232	1.0	6.075	0.38867765	0.02898550724637683	2.799999999999999	0.804185351270553	0.07324364723467862	0.9903774981495189	1.0014504904701345	10.0	-1.771152556526253	65	0	0	1	0	0.054945054945054944	6	3.0	0.349
MITHRIL.44233	0.718	1.547	0.38982437	0.0	0.5	0.8229842446709916	0.08341056533827618	0.7986676535899334	1.0068744069286888	5.0	-1.5836260531583424	62	0	0	0	1	1.0	5	4.0	1.067
MITHRIL.44234	0.718	1.547	0.38982437	0.0	0.5999999999999996	0.8229842446709916	0.06209453197405004	0.7986676535899334	1.0068744069286888	5.0	-2.0093899590302446	62	0	0	0	1	1.0	5	4.0	1.067
MITHRIL.44235	0.718	1.547	0.38982437	0.0	0.5	0.8229842446709916	0.03151065801668211	0.7986676535899334	1.0068744069286888	5.0	-2.9880163082376776	62	0	0	0	1	1.0	5	4.0	1.067
MITHRIL.44236	0.0	-3.992	0.39326453	0.0	0.0	0.46922390722569135	0.16859946476360393	0.8297557364914878	1.605603072955834	5.0	-0.568328138584354	61	0	0	0	1	1.0	4	4.0	1.193
MITHRIL.44237	0.0	-3.992	0.39326453	0.0	0.0	0.46922390722569135	0.042818911685994644	0.8297557364914878	1.605603072955834	5.0	-2.5456080620842707	61	0	0	0	1	1.0	4	4.0	1.193
MITHRIL.44238	0.0	-3.992	0.39326453	0.0	0.0	0.46922390722569135	0.3193577163247101	0.8297557364914878	1.605603072955834	5.0	0.3532452144588298	61	0	0	0	1	1.0	4	4.0	1.193
MITHRIL.44239	0.005	0.892	0.40225723	0.0	0.0	0.8757497857754927	0.08483290488431877	0.8638045891931903	0.7792661024922134	2.0	-1.5592322256277384	60	0	0	0	1	0.9991610738255033	3	3.0	0.694
MITHRIL.44240	0.005	0.892	0.40225723	0.0	0.0	0.8757497857754927	0.024850042844901457	0.8638045891931903	0.7792661024922134	2.0	-3.330607850579776	60	0	0	0	1	0.9991610738255033	3	3.0	0.694
MITHRIL.44241	0.005	0.892	0.40225723	0.0	0.0	0.8757497857754927	0.01456726649528706	0.8638045891931903	0.7792661024922134	2.0	-4.101126004457009	60	0	0	0	1	0.9991610738255033	3	3.0	0.694
MITHRIL.44242	0.0	-5.615	0.40780977	0.0	0.0	0.09750201450443191	0.3553585817888799	0.9185788304959289	1.4590729117727594	3.0	0.5073474454271638	59	0	0	0	1	0.9992101105845181	2	2.0	0.905
MITHRIL.44243	0.0	-5.615	0.40780977	0.0	0.0	0.09750201450443191	0.021756647864625302	0.9185788304959289	1.4590729117727594	3.0	-3.522399897966888	59	0	0	0	1	0.9992101105845181	2	2.0	0.905
MITHRIL.44244	0.0	-5.615	0.40780977	0.0	0.0	0.09750201450443191	0.5253827558420628	0.9185788304959289	1.4590729117727594	3.0	1.071440754100721	59	0	0	0	1	0.9992101105845181	2	2.0	0.905
MITHRIL.44245	0.0	-1.353	0.41260788	0.0	0.0	0.09126365054602184	0.14508580343213728	0.9489267209474463	1.2112406398900373	3.0	-0.7850217355107096	58	0	0	0	1	0.9984697781178271	1	1.0	1.115
MITHRIL.44246	0.0	-1.353	0.41260788	0.0	0.0	0.09126365054602184	0.030421216848673948	0.9489267209474463	1.2112406398900373	3.0	-3.038778327756493	58	0	0	0	1	0.9984697781178271	1	1.0	1.115
MITHRIL.44247	0.0	-1.353	0.41260788	0.0	0.0	0.09126365054602184	0.733229329173167	0.9489267209474463	1.2112406398900373	3.0	1.5523363999462587	58	0	0	0	1	0.9984697781178271	1	1.0	1.115
MITHRIL.44248	0.24	1.857	0.42446738	0.0	0.0	0.8099924299772899	0.09159727479182438	0.9777942264988897	0.9812187847720306	2.0	-1.4474589769712214	57	0	0	0	1	0.9985141158989599	0	0.0	1.064
MITHRIL.44249	0.24	1.857	0.42446738	0.0	0.0	0.8099924299772899	0.025738077214231644	0.9777942264988897	0.9812187847720306	2.0	-3.2788593729954765	57	0	0	0	1	0.9985141158989599	0	0.0	1.064
MITHRIL.44250	0.24	1.857	0.42446738	0.0	0.0	0.8099924299772899	0.07191521574564724	0.9777942264988897	0.9812187847720306	2.0	-1.7964666059148677	57	0	0	0	1	0.9985141158989599	0	0.0	1.064
MITHRIL.44251	0.275	0.777	0.43919367	0.0	0.09999999999999964	0.7897853441894893	0.05847520355292376	1.0	1.0064872131553715	5.0	-2.0960312111485817	56	0	0	0	1	0.9985486211901307	1	1.0	0.637
MITHRIL.44252	0.275	0.777	0.43919367	0.0	1.0999999999999996	0.7897853441894893	0.01998519615099926	1.0	1.0064872131553715	5.0	-3.644924457162216	56	0	0	0	1	0.9985486211901307	1	1.0	0.637
MITHRIL.44253	0.275	0.777	0.43919367	0.0	0.09999999999999964	0.7897853441894893	0.13175425610658772	1.0	1.0064872131553715	5.0	-0.9240785283592866	56	0	0	0	1	0.9985486211901307	1	1.0	0.637
MITHRIL.44254	0.964	4.484	0.45527793	0.02898550724637683	4.299999999999999	0.8270106221547799	0.08649468892261002	0.9755736491487786	0.897181032906077	10.0	-1.53124464084331	55	0	0	1	0	0.05505952380952381	2	2.0	0.225
MITHRIL.44255	0.964	4.484	0.45527793	0.02898550724637683	4.6	0.8270106221547799	0.010622154779969651	0.9755736491487786	0.897181032906077	10.0	-4.556779732950448	55	0	0	1	0	0.05505952380952381	2	2.0	0.225
MITHRIL.44256	0.964	4.484	0.45527793	0.02898550724637683	3.799999999999999	0.8270106221547799	0.07587253414264036	0.9755736491487786	0.897181032906077	10.0	-1.7202784652333272	55	0	0	1	0	0.05505952380952381	2	2.0	0.225
MITHRIL.44257	0.925	1.852	0.47100006	0.02898550724637683	5.8999999999999995	0.7838246409674982	0.04610733182161754	0.9792746113989638	0.9974616409110718	3.0	-2.4388600087157903	54	0	0	1	0	0.011851851851851851	3	3.0	0.572
MITHRIL.44258	0.925	1.852	0.47100006	0.02898550724637683	6.3999999999999995	0.7838246409674982	0.015117157974300832	0.9792746113989638	0.9974616409110718	3.0	-4.047669251391314	54	0	0	1	0	0.011851851851851851	3	3.0	0.572
MITHRIL.44259	0.925	1.852	0.47100006	0.02898550724637683	5.8999999999999995	0.7838246409674982	0.15495086923658352	0.9792746113989638	0.9974616409110718	3.0	-0.6901172467732307	54	0	0	1	0	0.011851851851851851	3	3.0	0.572
MITHRIL.44260	0.151	0.939	0.48467017	0.02898550724637683	-1.3000000000000007	0.6025449101796407	0.05389221556886228	0.9888971132494448	1.5283762031898382	2.0	-2.2137792910317398	53	0	0	1	0	0.16214233308877476	2	2.0	0.521
MITHRIL.44261	0.151	0.939	0.48467017	0.0	-4.800000000000001	0.6025449101796407	0.20808383233532934	0.9888971132494448	1.5283762031898382	2.0	-0.2647632197505448	53	0	0	1	0	0.16214233308877476	2	2.0	0.521
MITHRIL.44262	0.151	0.939	0.48467017	0.02898550724637683	-0.10000000000000142	0.6025449101796407	0.13547904191616766	0.9888971132494448	1.5283762031898382	2.0	-0.8838584053908469	53	0	0	1	0	0.16214233308877476	2	2.0	0.521
MITHRIL.44263	0.0	-2.289	0.50645784	0.02898550724637683	1.1999999999999993	0.08445440956651719	0.3923766816143498	0.9903774981495189	1.838845932785124	3.0	0.6503112119120241	52	0	0	1	0	0.021245421245421246	1	1.0	0.383
MITHRIL.44264	0.0	-2.289	0.50645784	0.02898550724637683	1.299999999999999	0.08445440956651719	0.26606875934230195	0.9903774981495189	1.838845932785124	3.0	0.08987103032493689	52	0	0	1	0	0.021245421245421246	1	1.0	0.383
MITHRIL.44265	0.0	-2.289	0.50645784	0.0	-3.4000000000000004	0.08445440956651719	0.2571001494768311	0.9903774981495189	1.838845932785124	3.0	0.040402354060636934	52	0	0	1	0	0.021245421245421246	1	1.0	0.383
MITHRIL.44266	0.039	0.395	0.53280222	0.0	1.9999999999999991	0.6741405082212257	0.13378176382660686	0.9903774981495189	1.4043529255192697	5.0	-0.9020466233772046	51	0	0	1	0	0.0029304029304029304	0	0.0	0.409
MITHRIL.44267	0.039	0.395	0.53280222	0.02898550724637683	1.5999999999999996	0.6741405082212257	0.06278026905829596	0.9903774981495189	1.4043529255192697	5.0	-1.9935449778627006	51	0	0	1	0	0.0029304029304029304	0	0.0	0.409
MITHRIL.44268	0.039	0.395	0.53280222	0.02898550724637683	1.8999999999999995	0.6741405082212257	0.12929745889387145	0.9903774981495189	1.4043529255192697	5.0	-0.9512341730047362	51	0	0	1	0	0.0029304029304029304	0	0.0	0.409
MITHRIL.44269	0.521	3.855	0.55546503	0.0	-0.6000000000000014	0.8840688107703815	0.014210919970082274	0.9896373056994818	0.6822657949876407	10.0	-4.136856236649767	49	1	0	0	0	0.999266862170088	1	1.0	0.914
MITHRIL.44270	0.521	3.855	0.55546503	0.0	-0.20000000000000107	0.8840688107703815	0.06656694091249066	0.9896373056994818	0.6822657949876407	10.0	-1.909050319126955	49	1	0	0	0	0.999266862170088	1	1.0	0.914
MITHRIL.44271	0.521	3.855	0.55546503	0.0	-0.6000000000000014	0.8840688107703815	0.035153328347045626	0.9896373056994818	0.6822657949876407	10.0	-2.8301948984157153	49	1	0	0	0	0.999266862170088	1	1.0	0.914
MITHRIL.44272	0.469	1.833	0.5789426	0.0	0.0	0.7772795216741405	0.04857997010463378	0.9903774981495189	1.0255134976367781	5.0	-2.3634945876130065	48	1	0	0	0	0.9985347985347985	2	2.0	0.311
MITHRIL.44273	0.469	1.833	0.5789426	0.0	0.0	0.7772795216741405	0.01943198804185351	0.9903774981495189	1.0255134976367781	5.0	-3.685422682500369	48	1	0	0	0	0.9985347985347985	2	2.0	0.311
MITHRIL.44274	0.469	1.833	0.5789426	0.0	0.0	0.7772795216741405	0.1547085201793722	0.9903774981495189	1.0255134976367781	5.0	-0.6923754431421356	48	1	0	0	0	0.9985347985347985	2	2.0	0.311
MITHRIL.44275	0.0	-4.731	0.60667512	0.0	0.0	0.5538116591928252	0.002242152466367713	0.9903774981495189	1.030347734999729	2.0	-6.800899899920305	47	1	0	0	0	0.9985347985347985	3	3.0	0.964
MITHRIL.44276	0.0	-4.731	0.60667512	0.0	0.0	0.5538116591928252	0.0014947683109118087	0.9903774981495189	1.030347734999729	2.0	-7.385862400641461	47	1	0	0	0	0.9985347985347985	3	3.0	0.964
MITHRIL.44277	0.0	-4.731	0.60667512	0.0	0.0	0.5538116591928252	0.44245142002989535	0.9903774981495189	1.030347734999729	2.0	0.8235909649874888	47	1	0	0	0	0.9985347985347985	3	3.0	0.964
MITHRIL.44278	0.0	-1.227	0.63226507	0.0	-0.5	0.577727952167414	0.03736920777279522	0.9903774981495189	1.2676414593922263	5.0	-2.742006210866736	46	1	0	0	0	0.4153846153846154	4	3.0	1.085
MITHRIL.44279	0.0	-1.227	0.63226507	0.0	0.0	0.577727952167414	0.0171898355754858	0.9903774981495189	1.2676414593922263	5.0	-3.862300444584448	46	1	0	0	0	0.4153846153846154	4	3.0	1.085
MITHRIL.44280	0.0	-1.227	0.63226507	0.0	-0.40000000000000036	0.577727952167414	0.36771300448430494	0.9903774981495189	1.2676414593922263	5.0	0.556652104697779	46	1	0	0	0	0.4153846153846154	4	3.0	1.085
MITHRIL.44281	0.001	0.095	0.6545054	0.02898550724637683	1.0	0.6047372316802369	0.03478904515173945	1.0	1.498463360080709	9.0	-2.845223107648047	45	0	0	1	0	0.02104499274310595	3	2.0	0.593
MITHRIL.44282	0.001	0.095	0.6545054	0.02898550724637683	1.1999999999999993	0.6047372316802369	0.18134715025906736	1.0	1.498463360080709	9.0	-0.46317402032311394	45	0	0	1	0	0.02104499274310595	3	2.0	0.593
MITHRIL.44283	0.001	0.095	0.6545054	0.02898550724637683	1.0	0.6047372316802369	0.17912657290895634	1.0	1.498463360080709	9.0	-0.48094872205108996	45	0	0	1	0	0.02104499274310595	3	2.0	0.593
MITHRIL.44284	0.765	1.11	0.67532742	0.02898550724637683	3.999999999999999	0.8097705403404886	0.04293116210214656	1.0	0.9267340279856184	8.0	-2.5418309641981125	44	0	0	1	0	0.02104499274310595	2	1.0	0.697
MITHRIL.44285	0.765	1.11	0.67532742	0.0	0.3999999999999986	0.8097705403404886	0.12953367875647667	1.0	0.9267340279856184	8.0	-0.9486008474933558	44	0	0	1	0	0.02104499274310595	2	1.0	0.697
MITHRIL.44286	0.765	1.11	0.67532742	0.02898550724637683	4.3999999999999995	0.8097705403404886	0.01776461880088823	1.0	0.9267340279856184	8.0	-3.8148494586045283	44	0	0	1	0	0.02104499274310595	2	1.0	0.697
MITHRIL.44287	0.946	4.247	0.69331281	0.0	2.0999999999999996	0.7557364914877869	0.21169504071058476	1.0	0.9404363452732036	10.0	-0.23994062254729506	43	0	0	1	0	0.0043541364296081275	1	1.0	0.389
MITHRIL.44288	0.946	4.247	0.69331281	0.02898550724637683	2.8999999999999995	0.7557364914877869	0.0	1.0	0.9404363452732036	10.0	-44.50699332842307	43	0	0	1	0	0.0043541364296081275	1	1.0	0.389
MITHRIL.44289	0.946	4.247	0.69331281	0.02898550724637683	5.499999999999999	0.7557364914877869	0.03256846780162842	1.0	0.9404363452732036	10.0	-2.9403803406883875	43	0	0	1	0	0.0043541364296081275	1	1.0	0.389
MITHRIL.44290	0.0	-0.312	0.71066449	0.02898550724637683	1.4999999999999991	0.5603256846780162	0.12435233160621761	1.0	1.4747118978473956	3.0	-1.0074945365469243	42	0	0	1	0	0.007982583454281567	0	0.0	0.291
MITHRIL.44291	0.0	-0.312	0.71066449	0.0	-2.6000000000000014	0.5603256846780162	0.29533678756476683	1.0	1.4747118978473956	3.0	0.24043297689666124	42	0	0	1	0	0.007982583454281567	0	0.0	0.291
MITHRIL.44292	0.0	-0.312	0.71066449	0.02898550724637683	4.1	0.5603256846780162	0.01998519615099926	1.0	1.4747118978473956	3.0	-3.644924457162216	42	0	0	1	0	0.007982583454281567	0	0.0	0.291
MITHRIL.44293	0.0	-1.679	0.73245217	0.02898550724637683	1.6999999999999993	0.20207253886010362	0.15692079940784603	1.0	1.3942906865289961	7.0	-0.6718915047624854	41	0	0	1	0	0.01741654571843251	1	1.0	0.394
MITHRIL.44294	0.0	-1.679	0.73245217	0.0	2.6999999999999993	0.20207253886010362	0.6269430051813472	1.0	1.3942906865289961	7.0	1.3264062000065142	41	0	0	1	0	0.01741654571843251	1	1.0	0.394
MITHRIL.44295	0.0	-1.679	0.73245217	0.02898550724637683	2.3999999999999995	0.20207253886010362	0.014063656550703183	1.0	1.3942906865289961	7.0	-4.151884445882099	41	0	0	1	0	0.01741654571843251	1	1.0	0.394
MITHRIL.44296	0.623	1.274	0.74913996	0.0	0.6999999999999993	0.3404885270170244	0.13545521835677277	1.0	1.6616291406688917	7.0	-0.884112121041642	40	0	0	0	1	1.0	2	2.0	0.403
MITHRIL.44297	0.623	1.274	0.74913996	0.0	0.7999999999999989	0.3404885270170244	0.05477424130273871	1.0	1.6616291406688917	7.0	-2.1903585936967347	40	0	0	0	1	1.0	2	2.0	0.403
MITHRIL.44298	0.623	1.274	0.74913996	0.0	0.6999999999999993	0.3404885270170244	0.4692820133234641	1.0	1.6616291406688917	7.0	0.9085270708137226	40	0	0	0	1	1.0	2	2.0	0.403
MITHRIL.44299	0.882	0.942	0.76727624	0.0	0.0	0.8993338267949667	0.0044411547002220575	1.0	0.4973638335912649	4.0	-5.814849458604528	39	0	0	0	1	1.0	3	3.0	0.44
MITHRIL.44300	0.882	0.942	0.76727624	0.0	0.0	0.8993338267949667	0.09622501850481126	1.0	0.4973638335912649	4.0	-1.37744414629723	39	0	0	0	1	1.0	3	3.0	0.44
MITHRIL.44301	0.882	0.942	0.76727624	0.0	0.0	0.8993338267949667	0.0	1.0	0.4973638335912649	4.0	-44.50699332842307	39	0	0	0	1	1.0	3	3.0	0.44
MITHRIL.44302	1.0	4.257	0.7847788	0.0	0.0	1.0	0.0	1.0	-1.601713251907458e-15	27.0	-44.50699332842307	38	0	0	0	1	1.0	2	2.0	0.047
MITHRIL.44303	1.0	4.257	0.7847788	0.0	0.0	1.0	0.0	1.0	-1.601713251907458e-15	27.0	-44.50699332842307	38	0	0	0	1	1.0	2	2.0	0.047
MITHRIL.44304	1.0	4.257	0.7847788	0.0	0.0	1.0	0.0	1.0	-1.601713251907458e-15	27.0	-44.50699332842307	38	0	0	0	1	1.0	2	2.0	0.047
MITHRIL.44305	1.0	8.411	0.79974651	0.0	0.0	1.0	0.0	1.0	-1.601713251907458e-15	27.0	-44.50699332842307	37	0	0	0	1	0.9992743105950653	1	1.0	0.044
MITHRIL.44306	1.0	8.411	0.79974651	0.0	0.0	1.0	0.0	1.0	-1.601713251907458e-15	27.0	-44.50699332842307	37	0	0	0	1	0.9992743105950653	1	1.0	0.044
MITHRIL.44307	1.0	8.411	0.79974651	0.0	0.0	1.0	0.0	1.0	-1.601713251907458e-15	27.0	-44.50699332842307	37	0	0	0	1	0.9992743105950653	1	1.0	0.044
MITHRIL.44308	1.0	4.544	0.81558935	0.0	0.0	0.999259807549963	0.0	1.0	0.00876533895813099	10.0	-44.50699332842307	36	0	0	0	1	0.9985486211901307	0	0.0	0.319
MITHRIL.44309	1.0	4.544	0.81558935	0.0	0.0	0.999259807549963	0.0	1.0	0.00876533895813099	10.0	-44.50699332842307	36	0	0	0	1	0.9985486211901307	0	0.0	0.319
MITHRIL.44310	1.0	4.544	0.81558935	0.0	0.0	0.999259807549963	0.0007401924500370096	1.0	0.00876533895813099	10.0	-8.399811959325685	36	0	0	0	1	0.9985486211901307	0	0.0	0.319
MITHRIL.44311	1.0	6.628	0.8315529	0.0	0.0	0.920059215396003	0.0007401924500370096	1.0	0.40803333623673754	10.0	-8.399811959325685	35	0	0	0	1	0.9985486211901307	1	1.0	0.615
MITHRIL.44312	1.0	6.628	0.8315529	0.0	0.0	0.920059215396003	0.07920059215396003	1.0	0.40803333623673754	10.0	-1.6583449729245376	35	0	0	0	1	0.9985486211901307	1	1.0	0.615
MITHRIL.44313	1.0	6.628	0.8315529	0.0	0.0	0.920059215396003	0.0	1.0	0.40803333623673754	10.0	-44.50699332842307	35	0	0	0	1	0.9985486211901307	1	1.0	0.615
MITHRIL.44314	1.0	8.411	0.84407629	0.0	0.5999999999999996	0.9770540340488527	0.0029607698001480384	1.0	0.18250089508157202	10.0	-6.399811959325684	34	0	0	0	1	0.9985486211901307	2	2.0	0.546
MITHRIL.44315	1.0	8.411	0.84407629	0.0	0.8999999999999986	0.9770540340488527	0.017024426350851222	1.0	0.18250089508157202	10.0	-3.8762500032686718	34	0	0	0	1	0.9985486211901307	2	2.0	0.546
MITHRIL.44316	1.0	8.411	0.84407629	0.0	0.5999999999999996	0.9770540340488527	0.0029607698001480384	1.0	0.18250089508157202	10.0	-6.399811959325684	34	0	0	0	1	0.9985486211901307	2	2.0	0.546
MITHRIL.44317	1.0	4.481	0.85346128	0.02898550724637683	1.6999999999999993	0.7246484085862325	0.01628423390081421	1.0	1.1925217261268821	5.0	-3.9403803406883875	33	0	0	1	0	0.015965166908563134	3	2.0	0.376
MITHRIL.44318	1.0	4.481	0.85346128	0.02898550724637683	2.5999999999999996	0.7246484085862325	0.10880829015544041	1.0	1.1925217261268821	5.0	-1.2001396144893202	33	0	0	1	0	0.015965166908563134	3	2.0	0.376
MITHRIL.44319	1.0	4.481	0.85346128	0.02898550724637683	2.8999999999999995	0.7246484085862325	0.15025906735751296	1.0	1.1925217261268821	5.0	-0.7344760421405082	33	0	0	1	0	0.015965166908563134	3	2.0	0.376
MITHRIL.44320	0.699	-0.121	0.85925524	0.02898550724637683	3.6999999999999993	0.7031828275351591	0.02442635085122132	1.0	1.269834512422381	3.0	-3.355417839967231	32	0	0	1	0	0.00725689404934688	2	1.0	0.432
MITHRIL.44321	0.699	-0.121	0.85925524	0.02898550724637683	4.1	0.7031828275351591	0.1236121391561806	1.0	1.269834512422381	3.0	-1.0161076668516322	32	0	0	1	0	0.00725689404934688	2	1.0	0.432
MITHRIL.44322	0.699	-0.121	0.85925524	0.0	-0.6000000000000014	0.7031828275351591	0.14877868245743894	1.0	1.269834512422381	3.0	-0.7487602681467558	32	0	0	1	0	0.00725689404934688	2	1.0	0.432
MITHRIL.44323	1.0	5.131	0.8647776	0.02898550724637683	5.499999999999999	0.7609178386380459	0.03256846780162842	1.0	0.9308061312045173	10.0	-2.9403803406883875	31	0	0	1	0	0.00362844702467344	1	1.0	0.517
MITHRIL.44324	1.0	5.131	0.8647776	0.02898550724637683	5.499999999999999	0.7609178386380459	0.0	1.0	0.9308061312045173	10.0	-44.50699332842307	31	0	0	1	0	0.00362844702467344	1	1.0	0.517
MITHRIL.44325	1.0	5.131	0.8647776	0.02898550724637683	5.499999999999999	0.7609178386380459	0.20651369356032567	1.0	0.9308061312045173	10.0	-0.275690647496497	31	0	0	1	0	0.00362844702467344	1	1.0	0.517
MITHRIL.44326	1.0	5.308	0.86957571	0.02898550724637683	4.3999999999999995	0.8852701702442635	0.0229459659511473	1.0	0.6735644344109215	10.0	-3.4456156489388094	30	0	0	1	0	0.020319303338171262	0	0.0	0.376
MITHRIL.44327	1.0	5.308	0.86957571	0.02898550724637683	4.3999999999999995	0.8852701702442635	0.06735751295336788	1.0	0.6735644344109215	10.0	-1.8920173191269882	30	0	0	1	0	0.020319303338171262	0	0.0	0.376
MITHRIL.44328	1.0	5.308	0.86957571	0.02898550724637683	4.3999999999999995	0.8852701702442635	0.02442635085122132	1.0	0.6735644344109215	10.0	-3.355417839967231	30	0	0	1	0	0.020319303338171262	0	0.0	0.376
MITHRIL.44329	0.01	-0.629	0.87283481	0.02898550724637683	1.0	0.2679496669133975	0.19615099925980756	1.0	1.5923235727578529	5.0	-0.3499634098751229	29	0	0	1	0	0.02177068214804064	1	1.0	0.455
MITHRIL.44330	0.01	-0.629	0.87283481	0.0	-0.3000000000000007	0.2679496669133975	0.5122131754256106	1.0	1.5923235727578529	5.0	1.03481626831104	29	0	0	1	0	0.02177068214804064	1	1.0	0.455
MITHRIL.44331	0.01	-0.629	0.87283481	0.02898550724637683	1.0	0.2679496669133975	0.023686158401184307	1.0	1.5923235727578529	5.0	-3.399811959325685	29	0	0	1	0	0.02177068214804064	1	1.0	0.455
MITHRIL.44332	0.077	0.716	0.8759732	0.0	0.5999999999999996	0.7091043671354552	0.01628423390081421	1.0	1.0435686432265454	9.0	-3.9403803406883875	27	1	0	0	0	0.420899854862119	0	0.0	1.354
MITHRIL.44333	0.077	0.716	0.8759732	0.0	0.5	0.7091043671354552	0.014803849000740192	1.0	1.0435686432265454	9.0	-4.077883864438323	27	1	0	0	0	0.420899854862119	0	0.0	1.354
MITHRIL.44334	0.077	0.716	0.8759732	0.0	-0.10000000000000142	0.7091043671354552	0.2598075499629904	1.0	1.0435686432265454	9.0	0.05551526097887619	27	1	0	0	0	0.420899854862119	0	0.0	1.354
MITHRIL.44335	1.0	3.445	0.87902106	0.0	2.1999999999999993	0.9659511472982976	0.033308660251665435	1.0	0.2194515753978175	9.0	-2.9079588629960096	26	0	0	1	0	0.00362844702467344	1	1.0	0.449
MITHRIL.44336	1.0	3.445	0.87902106	0.02898550724637683	3.299999999999999	0.9659511472982976	0.0	1.0	0.2194515753978175	9.0	-44.50699332842307	26	0	0	1	0	0.00362844702467344	1	1.0	0.449
MITHRIL.44337	1.0	3.445	0.87902106	0.02898550724637683	3.299999999999999	0.9659511472982976	0.0007401924500370096	1.0	0.2194515753978175	9.0	-8.399811959325685	26	0	0	1	0	0.00362844702467344	1	1.0	0.449
MITHRIL.44338	1.0	4.443	0.87690868	0.02898550724637683	3.8999999999999995	0.9874167283493709	0.0	1.0	0.10153046644615653	5.0	-44.50699332842307	25	0	0	1	0	0.002902757619738752	2	2.0	0.16
MITHRIL.44339	1.0	4.443	0.87690868	0.0	0.0	0.9874167283493709	0.011843079200592153	1.0	0.10153046644615653	5.0	-4.399811959325684	25	0	0	1	0	0.002902757619738752	2	2.0	0.16
MITHRIL.44340	1.0	4.443	0.87690868	0.02898550724637683	4.299999999999999	0.9874167283493709	0.0007401924500370096	1.0	0.10153046644615653	5.0	-8.399811959325685	25	0	0	1	0	0.002902757619738752	2	2.0	0.16
MITHRIL.44341	1.0	4.434	0.87214074	0.02898550724637683	4.199999999999999	0.8926720947446336	0.025906735751295335	1.0	0.6346476645374186	15.0	-3.270528942380718	24	0	0	1	0	0.00725689404934688	3	3.0	0.343
MITHRIL.44342	1.0	4.434	0.87214074	0.0	0.29999999999999893	0.8926720947446336	0.015544041450777202	1.0	0.6346476645374186	15.0	-4.007494536546925	24	0	0	1	0	0.00725689404934688	3	3.0	0.343
MITHRIL.44343	1.0	4.434	0.87214074	0.02898550724637683	4.199999999999999	0.8926720947446336	0.06587712805329386	1.0	0.6346476645374186	15.0	-1.9240785283592867	24	0	0	1	0	0.00725689404934688	3	3.0	0.343
MITHRIL.44344	1.0	4.677	0.86426459	0.0	2.3999999999999995	0.764618800888231	0.0458919319022946	1.0	1.092780904553573	10.0	-2.4456156489388094	23	0	0	1	0	0.022496371552975326	4	4.0	0.269
MITHRIL.44345	1.0	4.677	0.86426459	0.02898550724637683	1.9999999999999991	0.764618800888231	0.0384900074019245	1.0	1.092780904553573	10.0	-2.699372241184592	23	0	0	1	0	0.022496371552975326	4	4.0	0.269
MITHRIL.44346	1.0	4.677	0.86426459	0.02898550724637683	1.9999999999999991	0.764618800888231	0.15099925980754997	1.0	1.092780904553573	10.0	-0.7273866173541889	23	0	0	1	0	0.022496371552975326	4	4.0	0.269
MITHRIL.44347	0.999	4.919	0.85243527	0.0	-0.40000000000000036	0.8627622377622378	0.09353146853146853	0.846780162842339	0.8282984101217308	8.0	-1.4184043503772426	17	0	0	0	1	1.0	5	5.0	1.998
MITHRIL.44348	0.999	4.919	0.85243527	0.0	-0.20000000000000107	0.8627622377622378	0.03146853146853147	0.846780162842339	0.8282984101217308	8.0	-2.989946335336077	17	0	0	0	1	1.0	5	5.0	1.998
MITHRIL.44349	0.999	4.919	0.85243527	0.0	-0.40000000000000036	0.8627622377622378	0.012237762237762238	0.846780162842339	0.8282984101217308	8.0	-4.352516414720785	17	0	0	0	1	1.0	5	5.0	1.998
MITHRIL.44350	0.001	-0.441	0.83704508	0.0	0.0	0.41387024608501116	0.0790454884414616	0.9925980754996299	1.479265176395833	5.0	-1.6611730673412746	16	0	0	0	1	1.0	6	6.0	1.567
MITHRIL.44351	0.001	-0.441	0.83704508	0.0	0.0	0.41387024608501116	0.030574198359433258	0.9925980754996299	1.479265176395833	5.0	-3.0315415172863904	16	0	0	0	1	1.0	6	6.0	1.567
MITHRIL.44352	0.001	-0.441	0.83704508	0.0	0.0	0.41387024608501116	0.47651006711409394	0.9925980754996299	1.479265176395833	5.0	0.9305785990425204	16	0	0	0	1	1.0	6	6.0	1.567
MITHRIL.44353	0.0	-1.753	0.81797332	0.0	0.0	0.19792438843587842	0.647887323943662	0.9985196150999259	1.4307459261223738	2.0	1.3738148365523308	15	0	0	0	1	1.0	6	6.0	0.654
MITHRIL.44354	0.0	-1.753	0.81797332	0.0	0.0	0.19792438843587842	0.09710896960711639	0.9985196150999259	1.4307459261223738	2.0	-1.3642516314108173	15	0	0	0	1	1.0	6	6.0	0.654
MITHRIL.44355	0.0	-1.753	0.81797332	0.0	0.0	0.19792438843587842	0.05707931801334322	0.9985196150999259	1.4307459261223738	2.0	-2.130888092253366	15	0	0	0	1	1.0	6	6.0	0.654
MITHRIL.44356	1.0	3.385	0.80004828	0.0	0.0	0.845925925925926	0.04814814814814815	0.999259807549963	0.791437403002656	3.0	-2.3763758789097387	14	0	0	0	1	1.0	5	5.0	0.615
MITHRIL.44357	1.0	3.385	0.80004828	0.0	0.0	0.845925925925926	0.1	0.999259807549963	0.791437403002656	3.0	-1.3219280948873622	14	0	0	0	1	1.0	5	5.0	0.615
MITHRIL.44358	1.0	3.385	0.80004828	0.0	0.0	0.845925925925926	0.005925925925925926	0.999259807549963	0.791437403002656	3.0	-5.3987436919381935	14	0	0	0	1	1.0	5	5.0	0.615
MITHRIL.44359	1.0	7.011	0.78248536	0.0	0.0	0.993338267949667	0.003700962250185048	1.0	0.06674662461269085	15.0	-6.077883864438323	13	0	0	0	1	1.0	4	4.0	0.585
MITHRIL.44360	1.0	7.011	0.78248536	0.0	-1.4000000000000004	0.993338267949667	0.0007401924500370096	1.0	0.06674662461269085	15.0	-8.399811959325685	13	0	0	0	1	1.0	4	4.0	0.585
MITHRIL.44361	1.0	7.011	0.78248536	0.0	0.0	0.993338267949667	0.0022205773501110288	1.0	0.06674662461269085	15.0	-6.814849458604528	13	0	0	0	1	1.0	4	4.0	0.585
MITHRIL.44362	1.0	4.201	0.76199529	0.02898550724637683	3.3999999999999995	0.7623982235381199	0.19763138415988157	1.0	0.9587047243619594	10.0	-0.33911602763813053	12	0	0	1	0	0.02104499274310595	3	3.0	0.391
MITHRIL.44363	1.0	4.201	0.76199529	0.02898550724637683	3.3999999999999995	0.7623982235381199	0.0022205773501110288	1.0	0.9587047243619594	10.0	-6.814849458604528	12	0	0	1	0	0.02104499274310595	3	3.0	0.391
MITHRIL.44364	1.0	4.201	0.76199529	0.02898550724637683	3.1999999999999993	0.7623982235381199	0.03774981495188749	1.0	0.9587047243619594	10.0	-2.7273866173541887	12	0	0	1	0	0.02104499274310595	3	3.0	0.391
MITHRIL.44365	1.0	3.352	0.74216911	0.02898550724637683	4.199999999999999	0.8934122871946706	0.0695780903034789	1.0	0.6214462752278176	15.0	-1.8452231076480472	11	0	0	1	0	0.006531204644412192	2	2.0	0.179
MITHRIL.44366	1.0	3.352	0.74216911	0.02898550724637683	4.199999999999999	0.8934122871946706	0.011102886750555145	1.0	0.6214462752278176	15.0	-4.492921363717166	11	0	0	1	0	0.006531204644412192	2	2.0	0.179
MITHRIL.44367	1.0	3.352	0.74216911	0.02898550724637683	4.199999999999999	0.8934122871946706	0.025906735751295335	1.0	0.6214462752278176	15.0	-3.270528942380718	11	0	0	1	0	0.006531204644412192	2	2.0	0.179
MITHRIL.44368	1.0	3.465	0.72113586	0.02898550724637683	4.299999999999999	0.999259807549963	0.0	1.0	0.00876533895813099	27.0	-44.50699332842307	10	0	0	1	0	0.001451378809869376	1	1.0	0.048
MITHRIL.44369	1.0	3.465	0.72113586	0.02898550724637683	4.299999999999999	0.999259807549963	0.0	1.0	0.00876533895813099	27.0	-44.50699332842307	10	0	0	1	0	0.001451378809869376	1	1.0	0.048
MITHRIL.44370	1.0	3.465	0.72113586	0.02898550724637683	4.299999999999999	0.999259807549963	0.0007401924500370096	1.0	0.00876533895813099	27.0	-8.399811959325685	10	0	0	1	0	0.001451378809869376	1	1.0	0.048
MITHRIL.44371	1.0	2.662	0.69759792	0.02898550724637683	3.3999999999999995	0.9955588452997779	0.0029607698001480384	1.0	0.04665861716271669	18.0	-6.399811959325684	9	0	0	1	0	0.002902757619738752	0	0.0	0.231
MITHRIL.44372	1.0	2.662	0.69759792	0.02898550724637683	3.3999999999999995	0.9955588452997779	0.0007401924500370096	1.0	0.04665861716271669	18.0	-8.399811959325685	9	0	0	1	0	0.002902757619738752	0	0.0	0.231
MITHRIL.44373	1.0	2.662	0.69759792	0.02898550724637683	3.499999999999999	0.9955588452997779	0.0007401924500370096	1.0	0.04665861716271669	18.0	-8.399811959325685	9	0	0	1	0	0.002902757619738752	0	0.0	0.231
MITHRIL.44374	1.0	1.963	0.67125355	0.0	-0.10000000000000142	0.9437453737971873	0.0014803849000740192	1.0	0.341812861643546	14.0	-7.399811959325684	8	1	0	0	0	1.0	0	0.0	0.26
MITHRIL.44375	1.0	1.963	0.67125355	0.0	-0.20000000000000107	0.9437453737971873	0.05107327905255366	1.0	0.341812861643546	14.0	-2.2912875025475157	8	1	0	0	0	1.0	0	0.0	0.26
MITHRIL.44376	1.0	1.963	0.67125355	0.0	-0.10000000000000142	0.9437453737971873	0.003700962250185048	1.0	0.341812861643546	14.0	-6.077883864438323	8	1	0	0	0	1.0	0	0.0	0.26
MITHRIL.44377	1.0	6.372	0.64192166	0.0	-0.3000000000000007	0.9911176905995559	0.0014803849000740192	1.0	0.08440634238322735	18.0	-7.399811959325684	7	1	0	0	0	1.0	1	1.0	0.287
MITHRIL.44378	1.0	6.372	0.64192166	0.0	0.0	0.9911176905995559	0.0014803849000740192	1.0	0.08440634238322735	18.0	-7.399811959325684	7	1	0	0	0	1.0	1	1.0	0.287
MITHRIL.44379	1.0	6.372	0.64192166	0.0	-0.20000000000000107	0.9911176905995559	0.005921539600296077	1.0	0.08440634238322735	18.0	-5.399811959325684	7	1	0	0	0	1.0	1	1.0	0.287
MITHRIL.44380	0.0	-2.029	0.60583016	0.02898550724637683	2.3999999999999995	0.5500370644922165	0.03039288361749444	0.9985196150999259	1.2116119357487476	5.0	-3.040122628330184	6	0	1	0	0	0.00944767441860465	2	2.0	0.501
MITHRIL.44381	0.0	-2.029	0.60583016	0.02898550724637683	2.3999999999999995	0.5500370644922165	0.00815418828762046	0.9985196150999259	1.2116119357487476	5.0	-4.93824301431097	6	0	1	0	0	0.00944767441860465	2	2.0	0.501
MITHRIL.44382	0.0	-2.029	0.60583016	0.02898550724637683	2.1999999999999993	0.5500370644922165	0.41141586360266863	0.9985196150999259	1.2116119357487476	5.0	0.7186693282892007	6	0	1	0	0	0.00944767441860465	2	2.0	0.501
MITHRIL.44383	0.126	3.34	0.56098739	0.02898550724637683	1.299999999999999	0.8962962962962963	0.008888888888888889	0.999259807549963	0.5925707802522613	9.0	-4.813781191217037	5	0	1	0	0	0.03340595497458242	3	3.0	0.506
MITHRIL.44384	0.126	3.34	0.56098739	0.0	-2.1000000000000014	0.8962962962962963	0.07629629629629629	0.999259807549963	0.5925707802522613	9.0	-1.712243164754975	5	0	1	0	0	0.03340595497458242	3	3.0	0.506
MITHRIL.44385	0.126	3.34	0.56098739	0.02898550724637683	3.8999999999999995	0.8962962962962963	0.018518518518518517	0.999259807549963	0.5925707802522613	9.0	-3.7548875021634687	5	0	1	0	0	0.03340595497458242	3	3.0	0.506
MITHRIL.44386	0.092	0.833	0.52634438	0.02898550724637683	3.1999999999999993	0.6592592592592592	0.0014814814814814814	0.999259807549963	1.2433125537590803	9.0	-7.3987436919381935	4	0	1	0	0	0.0036310820624546117	4	4.0	0.468
MITHRIL.44387	0.092	0.833	0.52634438	0.02898550724637683	4.6	0.6592592592592592	0.23333333333333334	0.999259807549963	1.2433125537590803	9.0	-0.0995356735509144	4	0	1	0	0	0.0036310820624546117	4	4.0	0.468
MITHRIL.44388	0.092	0.833	0.52634438	0.02898550724637683	3.999999999999999	0.6592592592592592	0.10592592592592592	0.999259807549963	1.2433125537590803	9.0	-1.2388723551598038	4	0	1	0	0	0.0036310820624546117	4	4.0	0.468
MITHRIL.44389	0.089	0.034	0.48711449	0.0	2.5999999999999996	0.5244444444444445	0.4318518518518519	0.999259807549963	1.2524598034023693	5.0	0.7886083812623033	3	0	1	0	0	0.013071895424836602	5	5.0	0.437
MITHRIL.44390	0.089	0.034	0.48711449	0.02898550724637683	3.799999999999999	0.5244444444444445	0.02	0.999259807549963	1.2524598034023693	5.0	-3.643856189774725	3	0	1	0	0	0.013071895424836602	5	5.0	0.437
MITHRIL.44391	0.089	0.034	0.48711449	0.02898550724637683	6.3999999999999995	0.5244444444444445	0.023703703703703703	0.999259807549963	1.2524598034023693	5.0	-3.3987436919381935	3	0	1	0	0	0.013071895424836602	5	5.0	0.437
MITHRIL.44392	1.0	5.64	0.45235078	0.02898550724637683	4.499999999999999	0.9652109548482606	0.011102886750555145	1.0	0.26851368244280627	14.0	-4.492921363717166	2	0	1	0	0	0.0043541364296081275	6	6.0	0.293
MITHRIL.44393	1.0	5.64	0.45235078	0.02898550724637683	4.499999999999999	0.9652109548482606	0.01776461880088823	1.0	0.26851368244280627	14.0	-3.8148494586045283	2	0	1	0	0	0.0043541364296081275	6	6.0	0.293
MITHRIL.44394	1.0	5.64	0.45235078	0.02898550724637683	4.499999999999999	0.9652109548482606	0.005921539600296077	1.0	0.26851368244280627	14.0	-5.399811959325684	2	0	1	0	0	0.0043541364296081275	6	6.0	0.293
MITHRIL.44395	1.0	4.441	0.41499185	0.02898550724637683	4.199999999999999	0.9282013323464101	0.0044411547002220575	1.0	0.44913129344663694	5.0	-5.814849458604528	1	0	1	0	0	0.00362844702467344	7	7.0	0.358
MITHRIL.44396	1.0	4.441	0.41499185	0.02898550724637683	4.199999999999999	0.9282013323464101	0.05181347150259067	1.0	0.44913129344663694	5.0	-2.270528942380718	1	0	1	0	0	0.00362844702467344	7	7.0	0.358
MITHRIL.44397	1.0	4.441	0.41499185	0.02898550724637683	4.199999999999999	0.9282013323464101	0.015544041450777202	1.0	0.44913129344663694	5.0	-4.007494536546925	1	0	1	0	0	0.00362844702467344	7	7.0	0.358
MITHRIL.44398	0.979	3.753	0.36927395	0.02898550724637683	1.299999999999999	0.8127313101406366	0.029607698001480384	1.0	0.8348656746268577	6.0	-3.077883864438322	0	0	1	0	0	0.013062409288824383	8	8.0	0.47
MITHRIL.44399	0.979	3.753	0.36927395	0.02898550724637683	1.299999999999999	0.8127313101406366	0.0029607698001480384	1.0	0.8348656746268577	6.0	-6.399811959325684	0	0	1	0	0	0.013062409288824383	8	8.0	0.47
MITHRIL.44400	0.979	3.753	0.36927395	0.0	0.29999999999999893	0.8127313101406366	0.154700222057735	1.0	0.8348656746268577	6.0	-0.6924528272448018	0	0	1	0	0	0.013062409288824383	8	8.0	0.47
MITHRIL.47836	0.928	4.925	0.07471785	0.030303030303030276	3.8	0.8584070796460177	0.13053097345132744	1.0	0.6506674234270702	10.0	-0.9375359130533464	0	0	1	0	0	0.006512301013024602	8	8.0	0.47
MITHRIL.47837	0.928	4.925	0.07471785	0.030303030303030276	3.7	0.8584070796460177	0.0014749262536873156	1.0	0.6506674234270702	10.0	-7.405141463136344	0	0	1	0	0	0.006512301013024602	8	8.0	0.47
MITHRIL.47838	0.928	4.925	0.07471785	0.030303030303030276	3.7	0.8584070796460177	0.009587020648967551	1.0	0.6506674234270702	10.0	-4.704701744995252	0	0	1	0	0	0.006512301013024602	8	8.0	0.47
MITHRIL.47839	0.001	-0.114	0.07393325	0.030303030303030276	5.4	0.35103244837758113	0.00663716814159292	1.0	1.0936942488316033	2.0	-5.235216461694032	1	0	1	0	0	0.027496382054992764	7	7.0	0.358
MITHRIL.47840	0.001	-0.114	0.07393325	0.030303030303030276	5.1	0.35103244837758113	0.6268436578171092	1.0	1.0936942488316033	2.0	1.3261775678887202	1	0	1	0	0	0.027496382054992764	7	7.0	0.358
MITHRIL.47841	0.001	-0.114	0.07393325	0.030303030303030276	5.1	0.35103244837758113	0.015486725663716814	1.0	1.0936942488316033	2.0	-4.012824040357583	1	0	1	0	0	0.027496382054992764	7	7.0	0.358
MITHRIL.47842	0.0	0.389	0.07345042	0.030303030303030276	6.9	0.4833948339483395	0.19335793357933578	0.9992625368731564	1.5256885782077645	9.0	-0.3706541347037837	2	0	1	0	0	0.20854453294713976	6	6.0	0.293
MITHRIL.47843	0.0	0.389	0.07345042	0.030303030303030276	4.3	0.4833948339483395	0.004428044280442804	0.9992625368731564	1.5256885782077645	9.0	-5.819114635520077	2	0	1	0	0	0.20854453294713976	6	6.0	0.293
MITHRIL.47844	0.0	0.389	0.07345042	0.0	2.9000000000000004	0.4833948339483395	0.31881918819188193	0.9992625368731564	1.5256885782077645	9.0	0.3508103659222347	2	0	1	0	0	0.20854453294713976	6	6.0	0.293
MITHRIL.47845	0.0	-0.008	0.07266582	0.030303030303030276	6.6	0.4907749077490775	0.05018450184501845	0.9992625368731564	1.3736417909007064	9.0	-2.3166142949908943	3	0	1	0	0	0.17595944967414917	5	5.0	0.437
MITHRIL.47846	0.0	-0.008	0.07266582	0.030303030303030276	4.0	0.4907749077490775	0.024354243542435424	0.9992625368731564	1.3736417909007064	9.0	-3.3596830168827805	3	0	1	0	0	0.17595944967414917	5	5.0	0.437
MITHRIL.47847	0.0	-0.008	0.07266582	0.0	2.6999999999999993	0.4907749077490775	0.43468634686346863	0.9992625368731564	1.3736417909007064	9.0	0.7980466875892268	3	0	1	0	0	0.17595944967414917	5	5.0	0.437
MITHRIL.47848	0.0	-1.246	0.07278653	0.030303030303030276	4.2	0.827178729689808	0.06942392909896603	0.9985250737463127	0.8880656766906778	3.0	-1.8484231718973594	4	0	1	0	0	0.10595065312046444	4	4.0	0.468
MITHRIL.47849	0.0	-1.246	0.07278653	0.030303030303030276	4.2	0.827178729689808	0.09084194977843427	0.9985250737463127	0.8880656766906778	3.0	-1.460497518235757	4	0	1	0	0	0.10595065312046444	4	4.0	0.468
MITHRIL.47850	0.0	-1.246	0.07278653	0.030303030303030276	4.2	0.827178729689808	0.012555391432791729	0.9985250737463127	0.8880656766906778	3.0	-4.3155491823246575	4	0	1	0	0	0.10595065312046444	4	4.0	0.468
MITHRIL.47851	0.0	-0.426	0.07326936	0.030303030303030276	4.2	0.22082717872968982	0.654357459379616	0.9985250737463127	1.3657364291439826	5.0	1.3881508649800216	5	0	1	0	0	0.1676342525399129	3	3.0	0.506
MITHRIL.47852	0.0	-0.426	0.07326936	0.030303030303030276	4.2	0.22082717872968982	0.03692762186115214	0.9985250737463127	1.3657364291439826	5.0	-2.759155833800272	5	0	1	0	0	0.1676342525399129	3	3.0	0.506
MITHRIL.47853	0.0	-0.426	0.07326936	0.030303030303030276	4.2	0.22082717872968982	0.0878877400295421	0.9985250737463127	1.3657364291439826	5.0	-1.5081942602670533	5	0	1	0	0	0.1676342525399129	3	3.0	0.506
MITHRIL.47854	1.0	3.331	0.07435572	0.030303030303030276	2.8000000000000007	0.6750369276218612	0.29542097488921715	0.9985250737463127	1.0615396719342034	9.0	0.240844166199728	6	0	1	0	0	0.018867924528301886	2	2.0	0.501
MITHRIL.47855	1.0	3.331	0.07435572	0.030303030303030276	3.0	0.6750369276218612	0.0014771048744460858	0.9985250737463127	1.0615396719342034	9.0	-7.4030120235749965	6	0	1	0	0	0.018867924528301886	2	2.0	0.501
MITHRIL.47856	1.0	3.331	0.07435572	0.030303030303030276	3.0	0.6750369276218612	0.028064992614475627	0.9985250737463127	1.0615396719342034	9.0	-3.1550845101314113	6	0	1	0	0	0.018867924528301886	2	2.0	0.501
MITHRIL.47857	1.0	5.621	0.07622669	0.0	-0.5	0.9572271386430679	0.030973451327433628	1.0	0.29519042349495356	14.0	-3.0128240403575837	7	1	0	0	0	1.0	1	1.0	0.287
MITHRIL.47858	1.0	5.621	0.07622669	0.0	0.3000000000000007	0.9572271386430679	0.0007374631268436578	1.0	0.29519042349495356	14.0	-8.405141463136344	7	1	0	0	0	1.0	1	1.0	0.287
MITHRIL.47859	1.0	5.621	0.07622669	0.0	-0.5	0.9572271386430679	0.011061946902654867	1.0	0.29519042349495356	14.0	-4.498250867527825	7	1	0	0	0	1.0	1	1.0	0.287
MITHRIL.47860	1.0	6.766	0.07779588	0.0	0.0	0.9836552748885586	0.0	0.9926253687315634	0.14544787157813446	14.0	-44.50699332842307	8	1	0	0	0	1.0	0	0.0	0.26
MITHRIL.47861	1.0	6.766	0.07779588	0.0	0.09999999999999964	0.9836552748885586	0.005943536404160475	0.9926253687315634	0.14544787157813446	14.0	-5.394462694610318	8	1	0	0	0	1.0	0	0.0	0.26
MITHRIL.47862	1.0	6.766	0.07779588	0.0	0.0	0.9836552748885586	0.010401188707280832	0.9926253687315634	0.14544787157813446	14.0	-4.587107772552713	8	1	0	0	0	1.0	0	0.0	0.26
MITHRIL.47863	1.0	5.201	0.07900296	0.030303030303030276	3.5999999999999996	0.9542772861356932	0.04498525073746313	1.0	0.27338798321772545	5.0	-2.4744041255734577	9	0	0	1	0	0.010130246020260492	0	0.0	0.231
MITHRIL.47864	1.0	5.201	0.07900296	0.030303030303030276	3.5	0.9542772861356932	0.0	1.0	0.27338798321772545	5.0	-44.50699332842307	9	0	0	1	0	0.010130246020260492	0	0.0	0.231
MITHRIL.47865	1.0	5.201	0.07900296	0.030303030303030276	3.5	0.9542772861356932	0.0007374631268436578	1.0	0.27338798321772545	5.0	-8.405141463136344	9	0	0	1	0	0.010130246020260492	0	0.0	0.231
MITHRIL.47866	1.0	3.604	0.08014968	0.030303030303030276	4.7	0.471976401179941	0.0	1.0	1.0668830154580664	14.0	-44.50699332842307	10	0	0	1	0	0.00361794500723589	1	1.0	0.048
MITHRIL.47867	1.0	3.604	0.08014968	0.030303030303030276	4.7	0.471976401179941	0.5184365781710915	1.0	1.0668830154580664	14.0	1.0522394159361914	10	0	0	1	0	0.00361794500723589	1	1.0	0.048
MITHRIL.47868	1.0	3.604	0.08014968	0.030303030303030276	4.7	0.471976401179941	0.009587020648967551	1.0	1.0668830154580664	14.0	-4.704701744995252	10	0	0	1	0	0.00361794500723589	1	1.0	0.048
MITHRIL.47869	1.0	4.761	0.08045145	0.030303030303030276	4.3	0.193952802359882	0.014749262536873156	1.0	0.815885323627954	13.0	-4.083213368248981	11	0	0	1	0	0.005788712011577424	2	2.0	0.179
MITHRIL.47870	1.0	4.761	0.08045145	0.0	0.0	0.193952802359882	0.0	1.0	0.815885323627954	13.0	-44.50699332842307	11	0	0	1	0	0.005788712011577424	2	2.0	0.179
MITHRIL.47871	1.0	4.761	0.08045145	0.030303030303030276	3.9000000000000004	0.193952802359882	0.7912979351032449	1.0	0.815885323627954	13.0	1.662292897620178	11	0	0	1	0	0.005788712011577424	2	2.0	0.179
MITHRIL.47872	1.0	2.16	0.08099463	0.030303030303030276	1.4000000000000004	0.7293510324483776	0.01696165191740413	1.0	0.9469363731503138	2.0	-3.881579507079331	12	0	0	0	1	0.14327062228654125	3	3.0	0.391
MITHRIL.47873	1.0	2.16	0.08099463	0.030303030303030276	1.5999999999999996	0.7293510324483776	0.252212389380531	1.0	0.9469363731503138	2.0	0.012711051749553986	12	0	0	0	1	0.14327062228654125	3	3.0	0.391
MITHRIL.47874	1.0	2.16	0.08099463	0.030303030303030276	0.5	0.7293510324483776	0.0014749262536873156	1.0	0.9469363731503138	2.0	-7.405141463136344	12	0	0	0	1	0.14327062228654125	3	3.0	0.391
MITHRIL.47875	1.0	6.604	0.08081357	0.0	0.3000000000000007	0.9845132743362832	0.0022123893805309734	1.0	0.13113116595368562	14.0	-6.820178962415188	13	0	0	0	1	0.9985528219971056	4	4.0	0.585
MITHRIL.47876	1.0	6.604	0.08081357	0.0	-1.0	0.9845132743362832	0.0014749262536873156	1.0	0.13113116595368562	14.0	-7.405141463136344	13	0	0	0	1	0.9985528219971056	4	4.0	0.585
MITHRIL.47877	1.0	6.604	0.08081357	0.0	0.3000000000000007	0.9845132743362832	0.011799410029498525	1.0	0.13113116595368562	14.0	-4.405141463136344	13	0	0	0	1	0.9985528219971056	4	4.0	0.585
MITHRIL.47878	0.004	0.031	0.08114551	0.0	0.0	0.49556868537666177	0.03692762186115214	0.9985250737463127	1.6023655138457147	2.0	-2.759155833800272	14	0	0	0	1	0.9985507246376811	5	5.0	0.615
MITHRIL.47879	0.004	0.031	0.08114551	0.0	0.0	0.49556868537666177	0.327178729689808	0.9985250737463127	1.6023655138457147	2.0	0.3881508649800216	14	0	0	0	1	0.9985507246376811	5	5.0	0.615
MITHRIL.47880	0.004	0.031	0.08114551	0.0	0.0	0.49556868537666177	0.14032496307237813	0.9985250737463127	1.6023655138457147	2.0	-0.833156415244049	14	0	0	0	1	0.9985507246376811	5	5.0	0.615
MITHRIL.47881	0.0	-9.228	0.08189993	0.0	0.0	0.29659763313609466	0.32470414201183434	0.9970501474926253	1.784398300125436	2.0	0.377197693253174	15	0	0	0	1	0.9985486211901307	6	6.0	0.654
MITHRIL.47882	0.0	-9.228	0.08189993	0.0	0.0	0.29659763313609466	0.04807692307692308	0.9970501474926253	1.784398300125436	2.0	-2.3785116232537296	15	0	0	0	1	0.9985486211901307	6	6.0	0.654
MITHRIL.47883	0.0	-9.228	0.08189993	0.0	0.0	0.29659763313609466	0.3306213017751479	0.9970501474926253	1.784398300125436	2.0	0.4032515849011334	15	0	0	0	1	0.9985486211901307	6	6.0	0.654
MITHRIL.47884	0.0	-0.923	0.0814171	0.0	0.0	0.21173848439821694	0.3707280832095097	0.9926253687315634	1.9196140800584829	3.0	0.5684333107269435	16	0	0	0	1	0.9992716678805535	7	7.0	1.567
MITHRIL.47885	0.0	-0.923	0.0814171	0.0	0.0	0.21173848439821694	0.1485884101040119	0.9926253687315634	1.9196140800584829	3.0	-0.7506065048355924	16	0	0	0	1	0.9992716678805535	7	7.0	1.567
MITHRIL.47886	0.0	-0.923	0.0814171	0.0	0.0	0.21173848439821694	0.2689450222882615	0.9926253687315634	1.9196140800584829	3.0	0.10538319247288822	16	0	0	0	1	0.9992716678805535	7	7.0	1.567
MITHRIL.47887	0.0	-7.001	0.0812964	0.0	0.0	0.337173579109063	0.42626728110599077	0.9601769911504425	1.7276506311431747	2.0	0.7698302280718328	17	0	0	0	1	1.0	8	6.0	1.966
MITHRIL.47888	0.0	-7.001	0.0812964	0.0	0.0	0.337173579109063	0.17511520737327188	0.9601769911504425	1.7276506311431747	2.0	-0.5136237190008939	17	0	0	0	1	1.0	8	6.0	1.966
MITHRIL.47889	0.0	-7.001	0.0812964	0.0	0.0	0.337173579109063	0.06144393241167435	0.9601769911504425	1.7276506311431747	2.0	-2.024585638278273	17	0	0	0	1	1.0	8	6.0	1.966
MITHRIL.47890	1.0	8.585	0.08262418	0.0	0.1999999999999993	0.46179401993355484	0.27906976744186046	0.665929203539823	1.5239530329254465	5.0	0.15869774601905823	18	0	0	0	1	1.0	9	5.0	1.998
MITHRIL.47891	1.0	8.585	0.08262418	0.0	0.0	0.46179401993355484	0.04318936877076412	0.665929203539823	1.5239530329254465	5.0	-2.53317995861861	18	0	0	0	1	1.0	9	5.0	1.998
MITHRIL.47892	1.0	8.585	0.08262418	0.0	0.1999999999999993	0.46179401993355484	0.2159468438538206	0.665929203539823	1.5239530329254465	5.0	-0.21125186373124755	18	0	0	0	1	1.0	9	5.0	1.998
MITHRIL.47893	1.0	1.009	0.08419337	0.030303030303030276	1.4000000000000004	0.6246312684365781	0.0029498525073746312	1.0	1.31669699689817	3.0	-6.405141463136344	23	0	0	0	1	0.14327062228654125	10	4.0	0.269
MITHRIL.47894	1.0	1.009	0.08419337	0.0	-0.3000000000000007	0.6246312684365781	0.2529498525073746	1.0	1.31669699689817	3.0	0.016923303036468353	23	0	0	0	1	0.14327062228654125	10	4.0	0.269
MITHRIL.47895	1.0	1.009	0.08419337	0.030303030303030276	0.5	0.6246312684365781	0.11946902654867257	1.0	1.31669699689817	3.0	-1.0652914602517192	23	0	0	0	1	0.14327062228654125	10	4.0	0.269
MITHRIL.47896	1.0	6.36	0.08636611	0.030303030303030276	4.3	0.19321533923303835	0.7935103244837758	1.0	0.8057985586085363	13.0	1.6663208994202803	24	0	0	1	0	0.004341534008683068	9	3.0	0.343
MITHRIL.47897	1.0	6.36	0.08636611	0.030303030303030276	4.3	0.19321533923303835	0.0	1.0	0.8057985586085363	13.0	-44.50699332842307	24	0	0	1	0	0.004341534008683068	9	3.0	0.343
MITHRIL.47898	1.0	6.36	0.08636611	0.030303030303030276	4.3	0.19321533923303835	0.01327433628318584	1.0	0.8057985586085363	13.0	-4.235216461694032	24	0	0	1	0	0.004341534008683068	9	3.0	0.343
MITHRIL.47899	1.0	4.0	0.08835778	0.030303030303030276	4.7	0.47050147492625366	0.008849557522123894	1.0	1.0704277404760283	14.0	-4.820178962415188	25	0	0	1	0	0.002170767004341534	8	2.0	0.16
MITHRIL.47900	1.0	4.0	0.08835778	0.0	0.0	0.47050147492625366	0.5199115044247787	1.0	1.0704277404760283	14.0	1.056337984149812	25	0	0	1	0	0.002170767004341534	8	2.0	0.16
MITHRIL.47901	1.0	4.0	0.08835778	0.030303030303030276	4.7	0.47050147492625366	0.0007374631268436578	1.0	1.0704277404760283	14.0	-8.405141463136344	25	0	0	1	0	0.002170767004341534	8	2.0	0.16
MITHRIL.47902	0.485	1.111	0.08920273	0.030303030303030276	3.4000000000000004	0.9026548672566371	0.008849557522123894	1.0	0.5033058134774298	5.0	-4.820178962415188	26	0	0	1	0	0.01085383502170767	7	1.0	0.449
MITHRIL.47903	0.485	1.111	0.08920273	0.030303030303030276	3.4000000000000004	0.9026548672566371	0.0	1.0	0.5033058134774298	5.0	-44.50699332842307	26	0	0	1	0	0.01085383502170767	7	1.0	0.449
MITHRIL.47904	0.485	1.111	0.08920273	0.0	1.8000000000000007	0.9026548672566371	0.08849557522123894	1.0	0.5033058134774298	5.0	-1.4982508675278254	26	0	0	1	0	0.01085383502170767	7	1.0	0.449
MITHRIL.47905	0.0	-2.253	0.09074175	0.0	0.09999999999999964	0.5621301775147929	0.11908284023668639	0.9970501474926253	1.5604358258189832	3.0	-1.0699625581675674	27	1	0	0	0	0.9238026124818578	6	2.0	1.354
MITHRIL.47906	0.0	-2.253	0.09074175	0.0	-0.09999999999999964	0.5621301775147929	0.2677514792899408	0.9970501474926253	1.5604358258189832	3.0	0.09896645080102093	27	1	0	0	0	0.9238026124818578	6	2.0	1.354
MITHRIL.47907	0.0	-2.253	0.09074175	0.0	0.09999999999999964	0.5621301775147929	0.05103550295857988	0.9970501474926253	1.5604358258189832	3.0	-2.2923549795040152	27	1	0	0	0	0.9238026124818578	6	2.0	1.354
MITHRIL.47908	0.0	-0.983	0.09264289	0.030303030303030276	2.8000000000000007	0.43731563421828906	0.03392330383480826	1.0	1.2384038753857505	5.0	-2.881579507079331	29	0	0	1	0	0.07091172214182344	5	3.0	0.455
MITHRIL.47909	0.0	-0.983	0.09264289	0.030303030303030276	3.0	0.43731563421828906	0.008849557522123894	1.0	1.2384038753857505	5.0	-4.820178962415188	29	0	0	1	0	0.07091172214182344	5	3.0	0.455
MITHRIL.47910	0.0	-0.983	0.09264289	0.0	3.0999999999999996	0.43731563421828906	0.5199115044247787	1.0	1.2384038753857505	5.0	1.056337984149812	29	0	0	1	0	0.07091172214182344	5	3.0	0.455
MITHRIL.47911	0.797	1.269	0.09469491	0.030303030303030276	3.0	0.5051622418879056	0.014011799410029498	1.0	1.186991507880506	5.0	-4.157213949692759	30	0	0	1	0	0.013024602026049204	4	4.0	0.376
MITHRIL.47912	0.797	1.269	0.09469491	0.030303030303030276	2.4000000000000004	0.5051622418879056	0.014749262536873156	1.0	1.186991507880506	5.0	-4.083213368248981	30	0	0	1	0	0.013024602026049204	4	4.0	0.376
MITHRIL.47913	0.797	1.269	0.09469491	0.0	1.9000000000000004	0.5051622418879056	0.46607669616519176	1.0	1.186991507880506	5.0	0.8986392850407591	30	0	0	1	0	0.013024602026049204	4	4.0	0.376
MITHRIL.47914	1.0	5.185	0.09632446	0.0	0.0	0.05457227138643068	0.0	1.0	0.4686553280008603	2.0	-44.50699332842307	31	0	0	1	0	0.009406657018813314	3	3.0	0.517
MITHRIL.47915	1.0	5.185	0.09632446	0.030303030303030276	-6.199999999999999	0.05457227138643068	0.9210914454277286	1.0	0.4686553280008603	2.0	1.8814162984716134	31	0	0	1	0	0.009406657018813314	3	3.0	0.517
MITHRIL.47916	1.0	5.185	0.09632446	0.0	0.0	0.05457227138643068	0.024336283185840708	1.0	0.4686553280008603	2.0	-3.3607473437778905	31	0	0	1	0	0.009406657018813314	3	3.0	0.517
MITHRIL.47917	1.0	9.16	0.09807472	0.030303030303030276	3.8	0.8989675516224189	0.08259587020648967	1.0	0.5572867844513417	9.0	-1.5977865410787397	32	0	0	1	0	0.02243125904486252	2	2.0	0.432
MITHRIL.47918	1.0	9.16	0.09807472	0.030303030303030276	3.9000000000000004	0.8989675516224189	0.005162241887905605	1.0	0.5572867844513417	9.0	-5.59778654107874	32	0	0	1	0	0.02243125904486252	2	2.0	0.432
MITHRIL.47919	1.0	9.16	0.09807472	0.030303030303030276	3.9000000000000004	0.8989675516224189	0.01327433628318584	1.0	0.5572867844513417	9.0	-4.235216461694032	32	0	0	1	0	0.02243125904486252	2	2.0	0.432
MITHRIL.47920	1.0	1.471	0.09837649	0.030303030303030276	1.6999999999999993	0.8930678466076696	0.01032448377581121	1.0	0.5458108002437588	3.0	-4.59778654107874	33	0	0	1	0	0.19464544138929088	1	1.0	0.376
MITHRIL.47921	1.0	1.471	0.09837649	0.030303030303030276	1.6999999999999993	0.8930678466076696	0.09587020648967552	1.0	0.5458108002437588	3.0	-1.3827736501078893	33	0	0	1	0	0.19464544138929088	1	1.0	0.376
MITHRIL.47922	1.0	1.471	0.09837649	0.030303030303030276	0.3000000000000007	0.8930678466076696	0.0007374631268436578	1.0	0.5458108002437588	3.0	-8.405141463136344	33	0	0	1	0	0.19464544138929088	1	1.0	0.376
MITHRIL.47923	1.0	3.471	0.09876879	0.0	-0.3000000000000007	0.8820058997050148	0.0	1.0	0.5235673499188546	7.0	-44.50699332842307	34	0	0	0	1	1.0	0	0.0	0.546
MITHRIL.47924	1.0	3.471	0.09876879	0.0	-1.3000000000000007	0.8820058997050148	0.0	1.0	0.5235673499188546	7.0	-44.50699332842307	34	0	0	0	1	1.0	0	0.0	0.546
MITHRIL.47925	1.0	3.471	0.09876879	0.0	0.0	0.8820058997050148	0.11799410029498525	1.0	0.5235673499188546	7.0	-1.0832133682489815	34	0	0	0	1	1.0	0	0.0	0.546
MITHRIL.47926	1.0	5.532	0.09904038	0.0	0.0	0.9985250737463127	0.0007374631268436578	1.0	0.01747311511233833	15.0	-8.405141463136344	35	0	0	0	1	1.0	1	1.0	0.615
MITHRIL.47927	1.0	5.532	0.09904038	0.0	0.0	0.9985250737463127	0.0007374631268436578	1.0	0.01747311511233833	15.0	-8.405141463136344	35	0	0	0	1	1.0	1	1.0	0.615
MITHRIL.47928	1.0	5.532	0.09904038	0.0	0.0	0.9985250737463127	0.0	1.0	0.01747311511233833	15.0	-44.50699332842307	35	0	0	0	1	1.0	1	1.0	0.615
MITHRIL.47929	1.0	5.532	0.0994025	0.0	0.0	1.0	0.0	1.0	-1.601713251907458e-15	27.0	-44.50699332842307	36	0	0	0	1	1.0	2	2.0	0.319
MITHRIL.47930	1.0	5.532	0.0994025	0.0	0.0	1.0	0.0	1.0	-1.601713251907458e-15	27.0	-44.50699332842307	36	0	0	0	1	1.0	2	2.0	0.319
MITHRIL.47931	1.0	5.532	0.0994025	0.0	0.0	1.0	0.0	1.0	-1.601713251907458e-15	27.0	-44.50699332842307	36	0	0	0	1	1.0	2	2.0	0.319
MITHRIL.47932	1.0	7.222	0.09898002	0.0	0.0	1.0	0.0	1.0	-1.601713251907458e-15	27.0	-44.50699332842307	37	0	0	0	1	1.0	2	2.0	0.044
MITHRIL.47933	1.0	7.222	0.09898002	0.0	0.0	1.0	0.0	1.0	-1.601713251907458e-15	27.0	-44.50699332842307	37	0	0	0	1	1.0	2	2.0	0.044
MITHRIL.47934	1.0	7.222	0.09898002	0.0	0.0	1.0	0.0	1.0	-1.601713251907458e-15	27.0	-44.50699332842307	37	0	0	0	1	1.0	2	2.0	0.044
MITHRIL.47935	1.0	5.67	0.09819543	0.0	0.0	1.0	0.0	1.0	-1.601713251907458e-15	27.0	-44.50699332842307	38	0	0	0	1	1.0	1	1.0	0.047
MITHRIL.47936	1.0	5.67	0.09819543	0.0	0.0	1.0	0.0	1.0	-1.601713251907458e-15	27.0	-44.50699332842307	38	0	0	0	1	1.0	1	1.0	0.047
MITHRIL.47937	1.0	5.67	0.09819543	0.0	0.0	1.0	0.0	1.0	-1.601713251907458e-15	27.0	-44.50699332842307	38	0	0	0	1	1.0	1	1.0	0.047
MITHRIL.47938	1.0	6.607	0.09729012	0.0	0.0	1.0	0.0	1.0	-1.601713251907458e-15	27.0	-44.50699332842307	39	0	0	0	1	1.0	0	0.0	0.44
MITHRIL.47939	1.0	6.607	0.09729012	0.0	0.0	1.0	0.0	1.0	-1.601713251907458e-15	27.0	-44.50699332842307	39	0	0	0	1	1.0	0	0.0	0.44
MITHRIL.47940	1.0	6.607	0.09729012	0.0	0.0	1.0	0.0	1.0	-1.601713251907458e-15	27.0	-44.50699332842307	39	0	0	0	1	1.0	0	0.0	0.44
MITHRIL.47941	1.0	8.585	0.09541916	0.0	0.09999999999999964	0.9904129793510325	0.0022123893805309734	1.0	0.09083834506611796	15.0	-6.820178962415188	40	0	0	0	1	0.9992764109985528	1	1.0	0.403
MITHRIL.47942	1.0	8.585	0.09541916	0.0	0.0	0.9904129793510325	0.0058997050147492625	1.0	0.09083834506611796	15.0	-5.405141463136344	40	0	0	0	1	0.9992764109985528	1	1.0	0.403
MITHRIL.47943	1.0	8.585	0.09541916	0.0	0.1999999999999993	0.9904129793510325	0.0014749262536873156	1.0	0.09083834506611796	15.0	-7.405141463136344	40	0	0	0	1	0.9992764109985528	1	1.0	0.403
MITHRIL.47944	0.133	-0.408	0.0936689	0.030303030303030276	1.8000000000000007	0.6312684365781711	0.01032448377581121	1.0	1.3759728919143597	3.0	-4.59778654107874	41	0	0	1	0	0.1939218523878437	2	2.0	0.394
MITHRIL.47945	0.133	-0.408	0.0936689	0.0	-0.3000000000000007	0.6312684365781711	0.18215339233038347	1.0	1.3759728919143597	3.0	-0.45677423155166635	41	0	0	1	0	0.1939218523878437	2	2.0	0.394
MITHRIL.47946	0.133	-0.408	0.0936689	0.030303030303030276	1.1999999999999993	0.6312684365781711	0.1762536873156342	1.0	1.3759728919143597	3.0	-0.5042746551555954	41	0	0	1	0	0.1939218523878437	2	2.0	0.394
MITHRIL.47947	0.946	2.916	0.0895045	0.030303030303030276	3.5	0.8480825958702065	0.007374631268436578	1.0	0.6779563976541597	5.0	-5.083213368248981	42	0	0	1	0	0.02243125904486252	3	3.0	0.291
MITHRIL.47948	0.946	2.916	0.0895045	0.030303030303030276	2.3000000000000007	0.8480825958702065	0.0029498525073746312	1.0	0.6779563976541597	5.0	-6.405141463136344	42	0	0	1	0	0.02243125904486252	3	3.0	0.291
MITHRIL.47949	0.946	2.916	0.0895045	0.0	1.5999999999999996	0.8480825958702065	0.1415929203539823	1.0	0.6779563976541597	5.0	-0.8201789624151877	42	0	0	1	0	0.02243125904486252	3	3.0	0.291
MITHRIL.47950	0.966	2.368	0.08594363	0.0	0.40000000000000036	0.9247787610619469	0.02654867256637168	1.0	0.45557019509552993	3.0	-3.2352164616940318	43	0	0	1	0	0.010130246020260492	4	4.0	0.389
MITHRIL.47951	0.966	2.368	0.08594363	0.0	0.0	0.9247787610619469	0.0	1.0	0.45557019509552993	3.0	-44.50699332842307	43	0	0	1	0	0.010130246020260492	4	4.0	0.389
MITHRIL.47952	0.966	2.368	0.08594363	0.030303030303030276	-4.699999999999999	0.9247787610619469	0.048672566371681415	1.0	0.45557019509552993	3.0	-2.3607473437778905	43	0	0	1	0	0.010130246020260492	4	4.0	0.389
MITHRIL.47953	0.938	1.973	0.08256382	0.030303030303030276	3.9000000000000004	0.5058997050147492	0.45722713864306785	1.0	1.208638272067795	5.0	0.8709829421378937	44	0	0	1	0	0.013024602026049204	5	5.0	0.697
MITHRIL.47954	0.938	1.973	0.08256382	0.030303030303030276	4.2	0.5058997050147492	0.004424778761061947	1.0	1.208638272067795	5.0	-5.820178962415188	44	0	0	1	0	0.013024602026049204	5	5.0	0.697
MITHRIL.47955	0.938	1.973	0.08256382	0.030303030303030276	4.0	0.5058997050147492	0.032448377581120944	1.0	1.208638272067795	5.0	-2.9457098444990466	44	0	0	1	0	0.013024602026049204	5	5.0	0.697
MITHRIL.47956	0.0	-1.305	0.07912366	0.030303030303030276	2.9000000000000004	0.4144542772861357	0.5390855457227138	1.0	1.2404101100867804	3.0	1.1085861328160933	45	0	0	1	0	0.07091172214182344	6	4.0	0.593
MITHRIL.47957	0.0	-1.305	0.07912366	0.030303030303030276	3.7	0.4144542772861357	0.00663716814159292	1.0	1.2404101100867804	3.0	-5.235216461694032	45	0	0	1	0	0.07091172214182344	6	4.0	0.593
MITHRIL.47958	0.0	-1.305	0.07912366	0.030303030303030276	3.4000000000000004	0.4144542772861357	0.03982300884955752	1.0	1.2404101100867804	3.0	-2.6502539609728752	45	0	0	1	0	0.07091172214182344	6	4.0	0.593
MITHRIL.47959	0.005	2.267	0.07773553	0.0	0.0	0.9122023809523809	0.03869047619047619	0.9911504424778761	0.5695211728506651	7.0	-2.691877704637668	46	1	0	0	0	0.9204379562043795	7	5.0	1.085
MITHRIL.47960	0.005	2.267	0.07773553	0.0	-0.5	0.9122023809523809	0.01711309523809524	0.9911504424778761	0.5695211728506651	7.0	-3.868755466721747	46	1	0	0	0	0.9204379562043795	7	5.0	1.085
MITHRIL.47961	0.005	2.267	0.07773553	0.0	0.0	0.9122023809523809	0.031994047619047616	0.9911504424778761	0.5695211728506651	7.0	-2.9660526680766623	46	1	0	0	0	0.9204379562043795	7	5.0	1.085
MITHRIL.47962	0.001	-0.254	0.07683023	0.0	0.0	0.44419642857142855	0.38839285714285715	0.9911504424778761	1.6464804590367037	2.0	0.6355885737911242	47	1	0	0	0	1.0	8	6.0	0.964
MITHRIL.47963	0.001	-0.254	0.07683023	0.0	0.0	0.44419642857142855	0.07738095238095238	0.9911504424778761	1.6464804590367037	2.0	-1.691877704637668	47	1	0	0	0	1.0	8	6.0	0.964
MITHRIL.47964	0.001	-0.254	0.07683023	0.0	0.0	0.44419642857142855	0.0900297619047619	0.9911504424778761	1.6464804590367037	2.0	-1.4734541855041658	47	1	0	0	0	1.0	8	6.0	0.964
MITHRIL.47965	0.073	3.402	0.07661899	0.0	0.0	0.6815476190476191	0.01636904761904762	0.9911504424778761	1.2047782600919585	4.0	-3.932885804141463	48	1	0	0	0	1.0	9	7.0	0.311
MITHRIL.47966	0.073	3.402	0.07661899	0.0	0.0	0.6815476190476191	0.24702380952380953	0.9911504424778761	1.2047782600919585	4.0	-0.01727799143183547	48	1	0	0	0	1.0	9	7.0	0.311
MITHRIL.47967	0.073	3.402	0.07661899	0.0	0.0	0.6815476190476191	0.05505952380952381	0.9911504424778761	1.2047782600919585	4.0	-2.1828640571498106	48	1	0	0	0	1.0	9	7.0	0.311
MITHRIL.47968	0.002	-0.718	0.07592492	0.0	-0.1999999999999993	0.5796130952380952	0.14657738095238096	0.9911504424778761	1.5089551564469514	2.0	-0.7702656033223839	49	1	0	0	0	0.9992700729927008	10	6.0	0.914
MITHRIL.47969	0.002	-0.718	0.07592492	0.0	-0.3000000000000007	0.5796130952380952	0.24404761904761904	0.9911504424778761	1.5089551564469514	2.0	-0.03476541816067664	49	1	0	0	0	0.9992700729927008	10	6.0	0.914
MITHRIL.47970	0.002	-0.718	0.07592492	0.0	-0.1999999999999993	0.5796130952380952	0.02976190476190476	0.9911504424778761	1.5089551564469514	2.0	-3.070389327891398	49	1	0	0	0	0.9992700729927008	10	6.0	0.914
MITHRIL.47971	0.533	1.403	0.07544209	0.030303030303030276	3.0	0.8385416666666666	0.15029761904761904	0.9911504424778761	0.71362830982889	14.0	-0.7341059400269656	51	0	0	1	0	0.00291970802919708	11	5.0	0.409
MITHRIL.47972	0.533	1.403	0.07544209	0.06060606060606055	3.4000000000000004	0.8385416666666666	0.004464285714285714	0.9911504424778761	0.71362830982889	14.0	-5.807354922057605	51	0	0	1	0	0.00291970802919708	11	5.0	0.409
MITHRIL.47973	0.533	1.403	0.07544209	0.06060606060606055	3.4000000000000004	0.8385416666666666	0.006696428571428571	0.9911504424778761	0.71362830982889	14.0	-5.222392421336448	51	0	0	1	0	0.00291970802919708	11	5.0	0.409
MITHRIL.47974	0.562	1.618	0.07507997	0.06060606060606055	6.4	0.44419642857142855	0.009672619047619048	0.9911504424778761	1.2533202574448015	5.0	-4.691877704637668	52	0	0	1	0	0.02335766423357664	12	6.0	0.383
MITHRIL.47975	0.562	1.618	0.07507997	0.030303030303030276	0.6999999999999993	0.44419642857142855	0.5104166666666666	0.9911504424778761	1.2533202574448015	5.0	1.0297473433940518	52	0	0	1	0	0.02335766423357664	12	6.0	0.383
MITHRIL.47976	0.562	1.618	0.07507997	0.030303030303030276	4.5	0.44419642857142855	0.03571428571428571	0.9911504424778761	1.2533202574448015	5.0	-2.807354922057604	52	0	0	1	0	0.02335766423357664	12	6.0	0.383
MITHRIL.47977	0.526	2.115	0.07514032	0.09090909090909094	5.9	0.6591928251121076	0.013452914798206279	0.9867256637168141	1.1504490947256483	5.0	-4.215937399199149	53	0	0	1	0	0.09017595307917889	13	7.0	0.521
MITHRIL.47978	0.526	2.115	0.07514032	0.0	-0.09999999999999964	0.6591928251121076	0.29895366218236175	0.9867256637168141	1.1504490947256483	5.0	0.2579937891332638	53	0	0	1	0	0.09017595307917889	13	7.0	0.521
MITHRIL.47979	0.526	2.115	0.07514032	0.06060606060606055	3.5	0.6591928251121076	0.028400597907324365	0.9867256637168141	1.1504490947256483	5.0	-3.1379348871978756	53	0	0	1	0	0.09017595307917889	13	7.0	0.521
MITHRIL.47980	0.0	-12.137	0.07489891	0.06060606060606055	1.6999999999999993	0.17463933181473046	0.016704631738800303	0.9712389380530974	1.1400749090600768	2.0	-3.9036080116192173	54	0	0	1	0	0.08265078183172003	14	8.0	0.572
MITHRIL.47981	0.0	-12.137	0.07489891	0.06060606060606055	1.4000000000000004	0.17463933181473046	0.7380410022779044	0.9712389380530974	1.1400749090600768	2.0	1.5617728733492666	54	0	0	1	0	0.08265078183172003	14	8.0	0.572
MITHRIL.47982	0.0	-12.137	0.07489891	0.06060606060606055	0.6999999999999993	0.17463933181473046	0.07061503416856492	0.9712389380530974	1.1400749090600768	2.0	-1.823880819148483	54	0	0	1	0	0.08265078183172003	14	8.0	0.572
MITHRIL.47983	0.0	-8.793	0.07574386	0.030303030303030276	0.5	0.3840856924254017	0.05432287681713849	0.9638643067846607	1.585856373477215	3.0	-2.202296306290751	55	0	0	0	1	0.3015753938484621	15	9.0	0.225
MITHRIL.47984	0.0	-8.793	0.07574386	0.030303030303030276	0.1999999999999993	0.3840856924254017	0.46748278500382556	0.9638643067846607	1.585856373477215	3.0	0.9029851440232963	55	0	0	0	1	0.3015753938484621	15	9.0	0.225
MITHRIL.47985	0.0	-8.793	0.07574386	0.030303030303030276	-0.5	0.3840856924254017	0.09410864575363427	0.9638643067846607	1.585856373477215	3.0	-1.4095289204561934	55	0	0	0	1	0.3015753938484621	15	9.0	0.225
MITHRIL.47986	0.0	-2.398	0.0763474	0.0	0.0	0.1912850812407681	0.2171344165435746	0.9985250737463127	1.6098036562085245	5.0	-0.20333967873863232	56	0	0	0	1	0.9992753623188406	16	10.0	1.115
MITHRIL.47987	0.0	-2.398	0.0763474	0.0	0.0	0.1912850812407681	0.04431314623338257	0.9985250737463127	1.6098036562085245	5.0	-2.4961214279664783	56	0	0	0	1	0.9992753623188406	16	10.0	1.115
MITHRIL.47988	0.0	-2.398	0.0763474	0.0	0.0	0.1912850812407681	0.5472673559822747	0.9985250737463127	1.6098036562085245	5.0	1.130317708730837	56	0	0	0	1	0.9992753623188406	16	10.0	1.115
MITHRIL.47989	0.0	-6.685	0.07661899	0.030303030303030276	0.1999999999999993	0.14429012345679013	0.10570987654320987	0.9557522123893806	1.2500479839578393	2.0	-1.241817919924098	57	0	0	0	1	1.0	17	10.0	0.905
MITHRIL.47990	0.0	-6.685	0.07661899	0.030303030303030276	0.1999999999999993	0.14429012345679013	0.030864197530864196	0.9557522123893806	1.2500479839578393	2.0	-3.0179219079972626	57	0	0	0	1	1.0	17	10.0	0.905
MITHRIL.47991	0.0	-6.685	0.07661899	0.0	0.0	0.14429012345679013	0.7191358024691358	0.9557522123893806	1.2500479839578393	2.0	1.5243361417696555	57	0	0	0	1	1.0	17	10.0	0.905
MITHRIL.47992	0.0	-5.436	0.07731305	0.0	0.0	0.14227309893704007	0.6950122649223222	0.9019174041297935	1.3281310809212088	3.0	1.4751103424976775	58	0	0	0	1	1.0	18	9.0	0.694
MITHRIL.47993	0.0	-5.436	0.07731305	0.0	0.0	0.14227309893704007	0.12183156173344235	0.9019174041297935	1.3281310809212088	3.0	-1.037040168065225	58	0	0	0	1	1.0	18	9.0	0.694
MITHRIL.47994	0.0	-5.436	0.07731305	0.0	0.0	0.14227309893704007	0.04088307440719542	0.9019174041297935	1.3281310809212088	3.0	-2.612352498752662	58	0	0	0	1	1.0	18	9.0	0.694
MITHRIL.47995	0.0	-5.691	0.07749412	0.030303030303030276	0.40000000000000036	0.2552083333333333	0.08630952380952381	0.9911504424778761	1.3426540759624512	2.0	-1.5343364276511882	65	0	0	0	1	0.2927007299270073	19	8.0	0.349
MITHRIL.47996	0.0	-5.691	0.07749412	0.030303030303030276	0.1999999999999993	0.2552083333333333	0.6369047619047619	0.9911504424778761	1.3426540759624512	2.0	1.3491495636223865	65	0	0	0	1	0.2927007299270073	19	8.0	0.349
MITHRIL.47997	0.0	-5.691	0.07749412	0.030303030303030276	0.40000000000000036	0.2552083333333333	0.021577380952380952	0.9911504424778761	1.3426540759624512	2.0	-3.5343364276511884	65	0	0	0	1	0.2927007299270073	19	8.0	0.349
MITHRIL.47998	0.0	-0.364	0.07809765	0.06060606060606055	1.5999999999999996	0.14657738095238096	0.07514880952380952	0.9911504424778761	1.089886890594114	2.0	-1.7341059400269656	66	0	0	1	0	0.08102189781021898	20	7.0	0.438
MITHRIL.47999	0.0	-0.364	0.07809765	0.06060606060606055	1.4000000000000004	0.14657738095238096	0.7611607142857143	0.9911504424778761	1.089886890594114	2.0	1.6062730069665685	66	0	0	1	0	0.08102189781021898	20	7.0	0.438
MITHRIL.48000	0.0	-0.364	0.07809765	0.06060606060606055	1.5999999999999996	0.14657738095238096	0.01711309523809524	0.9911504424778761	1.089886890594114	2.0	-3.868755466721747	66	0	0	1	0	0.08102189781021898	20	7.0	0.438
MITHRIL.48001	0.0	-0.66	0.07858048	0.030303030303030276	3.7	0.601644245142003	0.0343796711509716	0.9867256637168141	1.2176781075690144	5.0	-2.862300444584448	67	0	0	1	0	0.08870967741935484	21	6.0	0.509
MITHRIL.48002	0.0	-0.66	0.07858048	0.06060606060606055	3.9000000000000004	0.601644245142003	0.35201793721973096	0.9867256637168141	1.2176781075690144	5.0	0.49372084897132235	67	0	0	1	0	0.08870967741935484	21	6.0	0.509
MITHRIL.48003	0.0	-0.66	0.07858048	0.06060606060606055	5.8	0.601644245142003	0.01195814648729447	0.9867256637168141	1.2176781075690144	5.0	-4.385862400641461	67	0	0	1	0	0.08870967741935484	21	6.0	0.509
MITHRIL.48004	0.0	-0.74	0.07966685	0.030303030303030276	3.9000000000000004	0.4396355353075171	0.025056947608200455	0.9712389380530974	1.249499458085404	5.0	-3.318645510898061	68	0	0	1	0	0.02308265078183172	22	5.0	0.654
MITHRIL.48005	0.0	-0.74	0.07966685	0.030303030303030276	4.5	0.4396355353075171	0.5186028853454822	0.9712389380530974	1.249499458085404	5.0	1.0527021380335762	68	0	0	1	0	0.02308265078183172	22	5.0	0.654
MITHRIL.48006	0.0	-0.74	0.07966685	0.030303030303030276	3.9000000000000004	0.4396355353075171	0.016704631738800303	0.9712389380530974	1.249499458085404	5.0	-3.9036080116192173	68	0	0	1	0	0.02308265078183172	22	5.0	0.654
MITHRIL.48007	0.006	2.232	0.08223188	0.030303030303030276	2.5	0.8324407039020658	0.00612088752869166	0.9638643067846607	0.7452486177255759	14.0	-5.352043425795434	69	0	0	1	0	0.0015003750937734434	23	4.0	0.26
MITHRIL.48008	0.006	2.232	0.08223188	0.030303030303030276	2.4000000000000004	0.8324407039020658	0.0045906656465187455	0.9638643067846607	0.7452486177255759	14.0	-5.767080925074277	69	0	0	1	0	0.0015003750937734434	23	4.0	0.26
MITHRIL.48009	0.006	2.232	0.08223188	0.0	2.1999999999999993	0.8324407039020658	0.1568477429227238	0.9638643067846607	0.7452486177255759	14.0	-0.6725633262899872	69	0	0	1	0	0.0015003750937734434	23	4.0	0.26
MITHRIL.48010	0.001	0.575	0.08552115	0.030303030303030276	1.8000000000000007	0.6644542772861357	0.019174041297935103	1.0	1.0809514578159205	9.0	-3.7047017449952517	70	0	1	0	0	0.020260492040520984	24	3.0	0.358
MITHRIL.48011	0.001	0.575	0.08552115	0.030303030303030276	1.6999999999999993	0.6644542772861357	0.008112094395280236	1.0	1.0809514578159205	9.0	-4.945709844499047	70	0	1	0	0	0.020260492040520984	24	3.0	0.358
MITHRIL.48012	0.001	0.575	0.08552115	0.0	1.4000000000000004	0.6644542772861357	0.308259587020649	1.0	1.0809514578159205	9.0	0.30221766894453894	70	0	1	0	0	0.020260492040520984	24	3.0	0.358
MITHRIL.48013	0.0	-3.63	0.08853884	0.030303030303030276	4.2	0.09070796460176991	0.11651917404129794	1.0	1.042665463750893	5.0	-1.1013607149592408	71	0	1	0	0	0.1671490593342981	25	4.0	0.677
MITHRIL.48014	0.0	-3.63	0.08853884	0.0	0.3000000000000007	0.09070796460176991	0.014011799410029498	1.0	1.042665463750893	5.0	-4.157213949692759	71	0	1	0	0	0.1671490593342981	25	4.0	0.677
MITHRIL.48015	0.0	-3.63	0.08853884	0.030303030303030276	4.2	0.09070796460176991	0.7787610619469026	1.0	1.042665463750893	5.0	1.6392526562221095	71	0	1	0	0	0.1671490593342981	25	4.0	0.677
MITHRIL.48016	0.0	0.462	0.09258253	0.030303030303030276	4.2	0.7912979351032449	0.022861356932153392	1.0	1.0276613810095616	3.0	-3.4509451527494686	72	0	1	0	0	0.1085383502170767	26	5.0	0.369
MITHRIL.48017	0.0	0.462	0.09258253	0.0	0.3000000000000007	0.7912979351032449	0.084070796460177	1.0	1.0276613810095616	3.0	-1.5722514489716022	72	0	1	0	0	0.1085383502170767	26	5.0	0.369
MITHRIL.48018	0.0	0.462	0.09258253	0.030303030303030276	3.8	0.7912979351032449	0.10176991150442478	1.0	1.0276613810095616	3.0	-1.2966170063581748	72	0	1	0	0	0.1085383502170767	26	5.0	0.369
MITHRIL.48019	0.0	-1.064	0.09553986	0.030303030303030276	6.6	0.4095940959409594	0.396309963099631	0.9992625368731564	1.6998626530155132	8.0	0.6647011417441787	73	0	1	0	0	0.17595944967414917	27	6.0	0.288
MITHRIL.48020	0.0	-1.064	0.09553986	0.030303030303030276	6.6	0.4095940959409594	0.12250922509225093	0.9992625368731564	1.6998626530155132	8.0	-1.0290377048943091	73	0	1	0	0	0.17595944967414917	27	6.0	0.288
MITHRIL.48021	0.0	-1.064	0.09553986	0.030303030303030276	6.6	0.4095940959409594	0.07158671586715867	0.9992625368731564	1.6998626530155132	8.0	-1.8041642940541063	73	0	1	0	0	0.17595944967414917	27	6.0	0.288
MITHRIL.48022	0.034	1.533	0.09952321	0.030303030303030276	6.9	0.2988929889298893	0.32177121771217715	0.9992625368731564	1.9215466852436556	9.0	0.36410718853569257	74	0	1	0	0	0.2107168718320058	28	7.0	0.358
MITHRIL.48023	0.034	1.533	0.09952321	0.030303030303030276	6.9	0.2988929889298893	0.12250922509225093	0.9992625368731564	1.9215466852436556	9.0	-1.0290377048943091	74	0	1	0	0	0.2107168718320058	28	7.0	0.358
MITHRIL.48024	0.034	1.533	0.09952321	0.030303030303030276	6.9	0.2988929889298893	0.2568265682656827	0.9992625368731564	1.9215466852436556	9.0	0.038866359607494495	74	0	1	0	0	0.2107168718320058	28	7.0	0.358
MITHRIL.48025	0.0	-0.348	0.10332549	0.030303030303030276	5.1	0.3419497784342688	0.0155096011816839	0.9985250737463127	1.100613444819686	2.0	-4.010694600796237	75	0	1	0	0	0.02539912917271408	29	8.0	0.168
MITHRIL.48026	0.0	-0.348	0.10332549	0.0	0.5999999999999996	0.3419497784342688	0.6336779911373708	0.9985250737463127	1.100613444819686	2.0	1.3418218139245488	75	0	1	0	0	0.02539912917271408	29	8.0	0.168
MITHRIL.48027	0.0	-0.348	0.10332549	0.030303030303030276	4.0	0.3419497784342688	0.008862629246676515	0.9985250737463127	1.100613444819686	2.0	-4.8180495228538405	75	0	1	0	0	0.02539912917271408	29	8.0	0.168
MITHRIL.48028	0.001	0.241	0.10854608	0.030303030303030276	3.5999999999999996	0.8338257016248154	0.008862629246676515	0.9985250737463127	0.7210229507893255	5.0	-4.8180495228538405	76	0	1	0	0	0.007982583454281567	30	9.0	0.267
MITHRIL.48029	0.001	0.241	0.10854608	0.030303030303030276	3.5999999999999996	0.8338257016248154	0.0029542097488921715	0.9985250737463127	0.7210229507893255	5.0	-6.4030120235749965	76	0	1	0	0	0.007982583454281567	30	9.0	0.267
MITHRIL.48030	0.001	0.241	0.10854608	0.0	2.3000000000000007	0.8338257016248154	0.15435745937961595	0.9985250737463127	0.7210229507893255	5.0	-0.695652891494114	76	0	1	0	0	0.007982583454281567	30	9.0	0.267
MITHRIL.48031	0.117	2.292	0.11491339	0.0	0.9000000000000004	0.2570162481536189	0.14623338257016247	0.9985250737463127	1.4333907298289814	7.0	-0.7736554034953873	77	1	0	0	0	0.997822931785196	31	10.0	0.779
MITHRIL.48032	0.117	2.292	0.11491339	0.0	0.0	0.2570162481536189	0.011078286558345642	0.9985250737463127	1.4333907298289814	7.0	-4.496121427966479	77	1	0	0	0	0.997822931785196	31	10.0	0.779
MITHRIL.48033	0.117	2.292	0.11491339	0.0	0.5	0.2570162481536189	0.585672082717873	0.9985250737463127	1.4333907298289814	7.0	1.2281650321289816	77	1	0	0	0	0.997822931785196	31	10.0	0.779
MITHRIL.48040	1.0	4.242	0.14412457	0.0	0.5	0.8801775147928994	0.0022189349112426036	0.9955817378497791	0.5551886600090646	10.0	-6.815916935561028	77	1	0	0	0	0.9963741841914431	6	6.0	0.779
MITHRIL.48041	1.0	4.242	0.14412457	0.0	-0.20000000000000107	0.8801775147928994	0.11686390532544379	0.9955817378497791	0.5551886600090646	10.0	-1.0970986881050815	77	1	0	0	0	0.9963741841914431	6	6.0	0.779
MITHRIL.48042	1.0	4.242	0.14412457	0.0	0.6999999999999993	0.8801775147928994	0.0007396449704142012	0.9955817378497791	0.5551886600090646	10.0	-8.400879436282183	77	1	0	0	0	0.9963741841914431	6	6.0	0.779
MITHRIL.48043	1.0	1.076	0.1577645	0.02941176470588236	3.0999999999999996	0.983739837398374	0.0007390983000739098	0.9963181148748159	0.13822481169091408	14.0	-8.401946123976536	76	0	1	0	0	0.005072463768115942	5	5.0	0.267
MITHRIL.48044	1.0	1.076	0.1577645	0.02941176470588236	3.0999999999999996	0.983739837398374	0.0022172949002217295	0.9963181148748159	0.13822481169091408	14.0	-6.816983623255381	76	0	1	0	0	0.005072463768115942	5	5.0	0.267
MITHRIL.48045	1.0	1.076	0.1577645	0.02941176470588236	2.8999999999999995	0.983739837398374	0.013303769401330377	0.9963181148748159	0.13822481169091408	14.0	-4.232021122534225	76	0	1	0	0	0.005072463768115942	5	5.0	0.267
MITHRIL.48046	1.0	5.546	0.16953347	0.02941176470588236	4.699999999999999	0.9705232129697863	0.005158437730287398	0.9992636229749632	0.2338928369953429	15.0	-5.59885008336125	75	0	1	0	0	0.012283236994219654	4	4.0	0.168
MITHRIL.48047	1.0	5.546	0.16953347	0.02941176470588236	4.699999999999999	0.9705232129697863	0.01694915254237288	0.9992636229749632	0.2338928369953429	15.0	-3.882643049361841	75	0	1	0	0	0.012283236994219654	4	4.0	0.168
MITHRIL.48048	1.0	5.546	0.16953347	0.02941176470588236	5.1	0.9705232129697863	0.007369196757553427	0.9992636229749632	0.2338928369953429	15.0	-5.084276910531492	75	0	1	0	0	0.012283236994219654	4	4.0	0.168
MITHRIL.48049	0.116	0.629	0.18094031	0.0	2.5999999999999996	0.45320560058953574	0.5401621223286662	0.9992636229749632	1.052259834288816	7.0	1.111464382714958	74	0	1	0	0	0.010115606936416185	3	3.0	0.358
MITHRIL.48050	0.116	0.629	0.18094031	0.02941176470588236	3.799999999999999	0.45320560058953574	0.0036845983787767134	0.9992636229749632	1.052259834288816	7.0	-6.084276910531492	74	0	1	0	0	0.010115606936416185	3	3.0	0.358
MITHRIL.48051	0.116	0.629	0.18094031	0.02941176470588236	6.3999999999999995	0.45320560058953574	0.0029476787030213707	0.9992636229749632	1.052259834288816	7.0	-6.406205005418854	74	0	1	0	0	0.010115606936416185	3	3.0	0.358
MITHRIL.48052	0.036	0.817	0.19225662	0.02941176470588236	4.3999999999999995	0.6980854197349042	0.012518409425625921	1.0	1.060483223948752	6.0	-4.3198049229943924	73	0	1	0	0	0.0021660649819494585	2	2.0	0.288
MITHRIL.48053	0.036	0.817	0.19225662	0.02941176470588236	4.799999999999999	0.6980854197349042	0.2702503681885125	1.0	1.060483223948752	6.0	0.11236848859848089	73	0	1	0	0	0.0021660649819494585	2	2.0	0.288
MITHRIL.48054	0.036	0.817	0.19225662	0.02941176470588236	5.3999999999999995	0.6980854197349042	0.01914580265095729	1.0	1.060483223948752	6.0	-3.7068280461036394	73	0	1	0	0	0.0021660649819494585	2	2.0	0.288
MITHRIL.48055	0.0	-0.121	0.203754	0.0	2.5999999999999996	0.5095729013254786	0.4565537555228277	1.0	1.21019526598389	5.0	0.8688566410295058	72	0	1	0	0	0.008664259927797834	1	1.0	0.369
MITHRIL.48056	0.0	-0.121	0.203754	0.02941176470588236	3.799999999999999	0.5095729013254786	0.020618556701030927	1.0	1.21019526598389	5.0	-3.599912842187128	72	0	1	0	0	0.008664259927797834	1	1.0	0.369
MITHRIL.48057	0.0	-0.121	0.203754	0.02941176470588236	6.3999999999999995	0.5095729013254786	0.013254786450662739	1.0	1.21019526598389	5.0	-4.237342762802419	72	0	1	0	0	0.008664259927797834	1	1.0	0.369
MITHRIL.48058	0.001	0.729	0.21663951	0.02941176470588236	4.499999999999999	0.7908689248895434	0.025036818851251842	1.0	0.89828210734395	10.0	-3.3198049229943924	71	0	1	0	0	0.012996389891696752	0	0.0	0.677
MITHRIL.48059	0.001	0.729	0.21663951	0.02941176470588236	4.499999999999999	0.7908689248895434	0.17599410898379972	1.0	0.89828210734395	10.0	-0.5064009562639831	71	0	1	0	0	0.012996389891696752	0	0.0	0.677
MITHRIL.48060	0.001	0.729	0.21663951	0.02941176470588236	4.499999999999999	0.7908689248895434	0.008100147275405008	1.0	0.89828210734395	10.0	-4.947836145607434	71	0	1	0	0	0.012996389891696752	0	0.0	0.677
MITHRIL.48061	0.003	1.179	0.22711087	0.02941176470588236	0.5999999999999996	0.7061855670103093	0.010309278350515464	1.0	1.0391417616413845	5.0	-4.599912842187128	70	0	1	0	0	0.01588447653429603	0	0.0	0.358
MITHRIL.48062	0.003	1.179	0.22711087	0.02941176470588236	0.6999999999999993	0.7061855670103093	0.26435935198821797	1.0	1.0391417616413845	5.0	0.08057226957831959	70	0	1	0	0	0.01588447653429603	0	0.0	0.358
MITHRIL.48063	0.003	1.179	0.22711087	0.02941176470588236	0.5999999999999996	0.7061855670103093	0.01914580265095729	1.0	1.0391417616413845	5.0	-3.7068280461036394	70	0	1	0	0	0.01588447653429603	0	0.0	0.358
MITHRIL.48064	0.004	1.057	0.24138451	0.02941176470588236	0.3999999999999986	0.5460122699386503	0.023773006134969327	0.9602356406480118	1.2515810566598182	5.0	-3.3945318438442023	69	0	0	1	0	0.005251312828207052	1	1.0	0.26
MITHRIL.48065	0.004	1.057	0.24138451	0.0	-2.200000000000001	0.5460122699386503	0.4102760736196319	0.9602356406480118	1.2515810566598182	5.0	0.7146669270574318	69	0	0	1	0	0.005251312828207052	1	1.0	0.26
MITHRIL.48066	0.004	1.057	0.24138451	0.02941176470588236	0.09999999999999964	0.5460122699386503	0.019938650306748466	0.9602356406480118	1.2515810566598182	5.0	-3.6482884360899854	69	0	0	1	0	0.005251312828207052	1	1.0	0.26
MITHRIL.48067	0.002	0.985	0.25276118	0.02941176470588236	1.0999999999999996	0.6320610687022901	0.02366412213740458	0.9646539027982327	1.2590963842659084	5.0	-3.4011547860379374	68	0	0	1	0	0.01344286781179985	2	2.0	0.654
MITHRIL.48068	0.002	0.985	0.25276118	0.0	-2.700000000000001	0.6320610687022901	0.3045801526717557	0.9646539027982327	1.2590963842659084	5.0	0.284893839797533	68	0	0	1	0	0.01344286781179985	2	2.0	0.654
MITHRIL.48069	0.002	0.985	0.25276118	0.02941176470588236	3.6999999999999993	0.6320610687022901	0.03969465648854962	0.9646539027982327	1.2590963842659084	5.0	-2.6549113782837206	68	0	0	1	0	0.01344286781179985	2	2.0	0.654
MITHRIL.48070	0.0	-2.576	0.2674573	0.02941176470588236	3.1999999999999993	0.4394856278366112	0.018154311649016642	0.9734904270986745	1.2178837981492	7.0	-3.7835439607865355	67	0	0	1	0	0.009622501850481125	3	3.0	0.509
MITHRIL.48071	0.0	-2.576	0.2674573	0.02941176470588236	4.6	0.4394856278366112	0.5257186081694403	0.9734904270986745	1.2178837981492	7.0	1.0723627061031782	67	0	0	1	0	0.009622501850481125	3	3.0	0.509
MITHRIL.48072	0.0	-2.576	0.2674573	0.02941176470588236	3.999999999999999	0.4394856278366112	0.01664145234493192	0.9734904270986745	1.2178837981492	7.0	-3.9090748428703943	67	0	0	1	0	0.009622501850481125	3	3.0	0.509
MITHRIL.48073	0.0	-1.862	0.27729495	0.0	2.499999999999999	0.5115758028379388	0.4458551157580284	0.9860088365243005	1.2505029209696445	6.0	0.8346468759404945	66	0	0	1	0	0.01827485380116959	4	2.0	0.438
MITHRIL.48074	0.0	-1.862	0.27729495	0.02941176470588236	2.499999999999999	0.5115758028379388	0.014936519790888723	0.9860088365243005	1.2505029209696445	6.0	-4.0650121504369485	66	0	0	1	0	0.01827485380116959	4	2.0	0.438
MITHRIL.48075	0.0	-1.862	0.27729495	0.02941176470588236	2.3999999999999995	0.5115758028379388	0.027632561613144136	0.9860088365243005	1.2505029209696445	6.0	-3.177486879695361	66	0	0	1	0	0.01827485380116959	4	2.0	0.438
MITHRIL.48076	0.0	-1.241	0.28776631	0.0	-0.5	0.08215085884988797	0.16878267363704258	0.9860088365243005	1.5794532944247384	3.0	-0.5667612829091228	65	0	0	0	1	0.0804093567251462	5	3.0	1.067
MITHRIL.48077	0.0	-1.241	0.28776631	0.0	0.0	0.08215085884988797	0.14936519790888722	0.9860088365243005	1.5794532944247384	3.0	-0.7430840555495859	65	0	0	0	1	0.0804093567251462	5	3.0	1.067
MITHRIL.48078	0.0	-1.241	0.28776631	0.0	0.09999999999999964	0.08215085884988797	0.5997012696041822	0.9860088365243005	1.5794532944247384	3.0	1.262315932193004	65	0	0	0	1	0.0804093567251462	5	3.0	1.067
MITHRIL.48079	0.0	-7.313	0.30176836	0.0	0.0	0.052788844621513946	0.1344621513944223	0.7393225331369662	1.017196608642406	2.0	-0.8947279568999412	60	0	0	0	1	0.9980544747081712	4	4.0	1.193
MITHRIL.48080	0.0	-7.313	0.30176836	0.0	0.0	0.052788844621513946	0.010956175298804782	0.7393225331369662	1.017196608642406	2.0	-4.512111935313475	60	0	0	0	1	0.9980544747081712	4	4.0	1.193
MITHRIL.48081	0.0	-7.313	0.30176836	0.0	0.0	0.052788844621513946	0.8017928286852589	0.7393225331369662	1.017196608642406	2.0	1.6813014190512072	60	0	0	0	1	0.9980544747081712	4	4.0	1.193
MITHRIL.48082	0.0	-8.111	0.31730943	0.0	0.0	0.6109746109746109	0.15315315315315314	0.8991163475699558	1.3961197629999893	2.0	-0.7069530250997667	59	0	0	0	1	0.9983974358974359	3	3.0	0.694
MITHRIL.48083	0.0	-8.111	0.31730943	0.0	0.0	0.6109746109746109	0.22604422604422605	0.8991163475699558	1.3961197629999893	2.0	-0.1453230282092341	59	0	0	0	1	0.9983974358974359	3	3.0	0.694
MITHRIL.48084	0.0	-8.111	0.31730943	0.0	0.0	0.6109746109746109	0.009828009828009828	0.8991163475699558	1.3961197629999893	2.0	-4.668884984266247	59	0	0	0	1	0.9983974358974359	3	3.0	0.694
MITHRIL.48085	0.0	-3.712	0.32916893	0.0	0.0	0.49103663289166016	0.32579890880748247	0.9447717231222386	1.6272860060349639	5.0	0.3820536769912003	58	0	0	0	1	0.9977099236641221	2	2.0	0.905
MITHRIL.48086	0.0	-3.712	0.32916893	0.0	0.0	0.49103663289166016	0.12860483242400625	0.9447717231222386	1.6272860060349639	5.0	-0.9589832408438665	58	0	0	0	1	0.9977099236641221	2	2.0	0.905
MITHRIL.48087	0.0	-3.712	0.32916893	0.0	0.0	0.49103663289166016	0.05455962587685113	0.9447717231222386	1.6272860060349639	5.0	-2.196022438144716	58	0	0	0	1	0.9977099236641221	2	2.0	0.905
MITHRIL.48088	0.0	-1.646	0.34117931	0.0	0.0	0.14588057445200303	0.7006802721088435	0.9742268041237113	1.2643022494252991	2.0	1.4868281823468539	57	0	0	0	1	0.9977777777777778	1	1.0	1.115
MITHRIL.48089	0.0	-1.646	0.34117931	0.0	0.0	0.14588057445200303	0.13529856386999245	0.9742268041237113	1.2643022494252991	2.0	-0.8857815690144203	57	0	0	0	1	0.9977777777777778	1	1.0	1.115
MITHRIL.48090	0.0	-1.646	0.34117931	0.0	0.0	0.14588057445200303	0.018140589569160998	0.9742268041237113	1.2643022494252991	2.0	-3.7846348455575205	57	0	0	0	1	0.9977777777777778	1	1.0	1.115
MITHRIL.48091	0.0	-2.996	0.35638844	0.0	0.0	0.7912979351032449	0.08628318584070796	0.9985272459499264	1.031846669493634	2.0	-1.5347767435529394	56	0	0	0	1	0.9985538684020245	0	0.0	1.064
MITHRIL.48092	0.0	-2.996	0.35638844	0.0	0.0	0.7912979351032449	0.024336283185840708	0.9985272459499264	1.031846669493634	2.0	-3.3607473437778905	56	0	0	0	1	0.9985538684020245	0	0.0	1.064
MITHRIL.48093	0.0	-2.996	0.35638844	0.0	0.0	0.7912979351032449	0.09808259587020648	0.9985272459499264	1.031846669493634	2.0	-1.3498590276351543	56	0	0	0	1	0.9985538684020245	0	0.0	1.064
MITHRIL.48094	0.0	-1.468	0.3697266	0.0	-1.4000000000000004	0.14570552147239263	0.6533742331288344	0.9602356406480118	1.4694663365511549	5.0	1.3859814659947607	55	0	0	0	1	0.08252063015753938	0	0.0	0.637
MITHRIL.48095	0.0	-1.468	0.3697266	0.0	0.0	0.14570552147239263	0.1058282208588957	0.9602356406480118	1.4694663365511549	5.0	-1.2402036974529085	55	0	0	0	1	0.08252063015753938	0	0.0	0.637
MITHRIL.48096	0.0	-1.468	0.3697266	0.0	0.0	0.14570552147239263	0.0950920245398773	0.9602356406480118	1.4694663365511549	5.0	-1.3945318438442023	55	0	0	0	1	0.08252063015753938	0	0.0	0.637
MITHRIL.48097	0.033	0.321	0.38052991	0.02941176470588236	3.299999999999999	0.5442748091603054	0.03206106870229008	0.9646539027982327	1.228106231210748	6.0	-2.963033673646052	54	0	0	1	0	0.017923823749066467	1	1.0	0.572
MITHRIL.48098	0.033	0.321	0.38052991	0.02941176470588236	3.3999999999999995	0.5442748091603054	0.008396946564885497	0.9646539027982327	1.228106231210748	6.0	-4.8959194777875155	54	0	0	1	0	0.017923823749066467	1	1.0	0.572
MITHRIL.48099	0.033	0.321	0.38052991	0.02941176470588236	3.0999999999999996	0.5442748091603054	0.4152671755725191	0.9646539027982327	1.228106231210748	6.0	0.7321117448255268	54	0	0	1	0	0.017923823749066467	1	1.0	0.572
MITHRIL.48100	0.0	-0.391	0.39097109	0.02941176470588236	4.499999999999999	0.340393343419062	0.02042360060514372	0.9734904270986745	1.178469081700878	7.0	-3.6136189593442234	53	0	0	1	0	0.008882309400444115	2	2.0	0.521
MITHRIL.48101	0.0	-0.391	0.39097109	0.0	0.7999999999999989	0.340393343419062	0.6217851739788199	0.9734904270986745	1.178469081700878	7.0	1.3144881221739912	53	0	0	1	0	0.008882309400444115	2	2.0	0.521
MITHRIL.48102	0.0	-0.391	0.39097109	0.02941176470588236	4.3999999999999995	0.340393343419062	0.01739788199697428	0.9734904270986745	1.178469081700878	7.0	-3.844944505450679	53	0	0	1	0	0.008882309400444115	2	2.0	0.521
MITHRIL.48103	0.0	-0.881	0.40120104	0.02941176470588236	3.3999999999999995	0.6512322628827483	0.0537714712471994	0.9860088365243005	1.246414729228912	2.0	-2.217015243881998	52	0	0	1	0	0.014619883040935672	3	3.0	0.383
MITHRIL.48104	0.0	-0.881	0.40120104	0.02941176470588236	3.6999999999999993	0.6512322628827483	0.01717699775952203	0.9860088365243005	1.246414729228912	2.0	-3.8633782892672976	52	0	0	1	0	0.014619883040935672	3	3.0	0.383
MITHRIL.48105	0.0	-0.881	0.40120104	0.0	-0.40000000000000036	0.6512322628827483	0.27781926811053026	0.9860088365243005	1.246414729228912	2.0	0.15221856578372092	52	0	0	1	0	0.014619883040935672	3	3.0	0.383
MITHRIL.48106	0.0	-0.194	0.40974108	0.02941176470588236	0.5	0.690067214339059	0.017923823749066467	0.9860088365243005	1.1305088164671284	5.0	-3.801977744603154	51	0	0	1	0	0.007309941520467836	4	2.0	0.409
MITHRIL.48107	0.0	-0.194	0.40974108	0.02941176470588236	0.3999999999999986	0.690067214339059	0.028379387602688575	0.9860088365243005	1.1305088164671284	5.0	-3.139012731880725	51	0	0	1	0	0.007309941520467836	4	2.0	0.409
MITHRIL.48108	0.0	-0.194	0.40974108	0.0	-0.10000000000000142	0.690067214339059	0.26362957430918593	0.9860088365243005	1.1305088164671284	5.0	0.0765841279468696	51	0	0	1	0	0.007309941520467836	4	2.0	0.409
MITHRIL.48109	0.0	0.112	0.41985032	0.0	-0.20000000000000107	0.8489154824233358	0.011219147344801795	0.9845360824742269	0.8103010736812992	5.0	-4.477893154484835	49	1	0	0	0	1.0	5	3.0	0.914
MITHRIL.48110	0.0	0.112	0.41985032	0.0	-0.10000000000000142	0.8489154824233358	0.0912490650710546	0.9845360824742269	0.8103010736812992	5.0	-1.4540464125304666	49	1	0	0	0	1.0	5	3.0	0.914
MITHRIL.48111	0.0	0.112	0.41985032	0.0	-0.20000000000000107	0.8489154824233358	0.048616305160807775	0.9845360824742269	0.8103010736812992	5.0	-2.3624159370648985	49	1	0	0	0	1.0	5	3.0	0.914
MITHRIL.48112	0.002	1.777	0.42823948	0.0	0.0	0.667910447761194	0.014179104477611941	0.9867452135493373	1.0072909554790874	10.0	-4.1400897719015495	48	1	0	0	0	1.0	6	4.0	0.311
MITHRIL.48113	0.002	1.777	0.42823948	0.0	0.0	0.667910447761194	0.0	0.9867452135493373	1.0072909554790874	10.0	-44.50699332842307	48	1	0	0	0	1.0	6	4.0	0.311
MITHRIL.48114	0.002	1.777	0.42823948	0.0	0.0	0.667910447761194	0.31791044776119404	0.9867452135493373	1.0072909554790874	10.0	0.3466923348807035	48	1	0	0	0	1.0	6	4.0	0.311
MITHRIL.48115	0.0	0.035	0.43638723	0.0	0.0	0.9194029850746268	0.006716417910447761	0.9867452135493373	0.45082632956624014	5.0	-5.2180922839028225	47	1	0	0	0	1.0	7	3.0	0.964
MITHRIL.48116	0.0	0.035	0.43638723	0.0	0.0	0.9194029850746268	0.0	0.9867452135493373	0.45082632956624014	5.0	-44.50699332842307	47	1	0	0	0	1.0	7	3.0	0.964
MITHRIL.48117	0.0	0.035	0.43638723	0.0	0.0	0.9194029850746268	0.07388059701492537	0.9867452135493373	0.45082632956624014	5.0	-1.7586606652655252	47	1	0	0	0	1.0	7	3.0	0.964
MITHRIL.48118	0.0	-1.289	0.44308649	0.0	-0.20000000000000107	0.373134328358209	0.3328358208955224	0.9867452135493373	1.7945250377012347	3.0	0.41288261457516995	46	1	0	0	0	0.34989043097151207	6	2.0	1.085
MITHRIL.48119	0.0	-1.289	0.44308649	0.0	0.09999999999999964	0.373134328358209	0.06343283582089553	0.9867452135493373	1.7945250377012347	3.0	-1.978626349207433	46	1	0	0	0	0.34989043097151207	6	2.0	1.085
MITHRIL.48120	0.0	-1.289	0.44308649	0.0	-0.20000000000000107	0.373134328358209	0.23059701492537313	0.9867452135493373	1.7945250377012347	3.0	-0.11655425744076026	46	1	0	0	0	0.34989043097151207	6	2.0	1.085
MITHRIL.48121	0.259	0.743	0.44954433	0.02941176470588236	0.8999999999999986	0.37776141384388806	0.05670103092783505	1.0	1.2870358728437779	5.0	-2.1404812235498305	45	0	0	1	0	0.020216606498194945	5	1.0	0.593
MITHRIL.48122	0.259	0.743	0.44954433	0.0	0.29999999999999893	0.37776141384388806	0.5581737849779087	1.0	1.2870358728437779	5.0	1.15878627392636	45	0	0	1	0	0.020216606498194945	5	1.0	0.593
MITHRIL.48123	0.259	0.743	0.44954433	0.02941176470588236	1.0	0.37776141384388806	0.007363770250368188	1.0	1.2870358728437779	5.0	-5.08533966935737	45	0	0	1	0	0.020216606498194945	5	1.0	0.593
MITHRIL.48124	0.766	4.33	0.45865773	0.02941176470588236	3.8999999999999995	0.5743740795287187	0.042709867452135494	1.0	1.2323277184316177	2.0	-2.5492867691171597	44	0	0	1	0	0.007220216606498195	4	2.0	0.697
MITHRIL.48125	0.766	4.33	0.45865773	0.0	-0.10000000000000142	0.5743740795287187	0.37628865979381443	1.0	1.2323277184316177	2.0	0.5899117166928896	44	0	0	1	0	0.007220216606498195	4	2.0	0.697
MITHRIL.48126	0.766	4.33	0.45865773	0.02941176470588236	4.1	0.5743740795287187	0.0066273932253313695	1.0	1.2323277184316177	2.0	-5.237342762802419	44	0	0	1	0	0.007220216606498195	4	2.0	0.697
MITHRIL.48127	0.625	1.672	0.46783149	0.02941176470588236	4.6	0.7334315169366715	0.008836524300441826	1.0	0.976855656891478	9.0	-4.8223052635235755	43	0	0	1	0	0.01227436823104693	3	3.0	0.389
MITHRIL.48128	0.625	1.672	0.46783149	0.02941176470588236	4.6	0.7334315169366715	0.2422680412371134	1.0	0.976855656891478	9.0	-0.04532399050949031	43	0	0	1	0	0.01227436823104693	3	3.0	0.389
MITHRIL.48129	0.625	1.672	0.46783149	0.02941176470588236	4.6	0.7334315169366715	0.015463917525773196	1.0	0.976855656891478	9.0	-4.014950341465972	43	0	0	1	0	0.01227436823104693	3	3.0	0.389
MITHRIL.48130	0.0	-1.764	0.47474199	0.0	2.3999999999999995	0.4366715758468336	0.553019145802651	1.0	1.0703657861842166	5.0	1.14540133326954	42	0	0	1	0	0.001444043321299639	2	2.0	0.291
MITHRIL.48131	0.0	-1.764	0.47474199	0.02941176470588236	4.1	0.4366715758468336	0.0022091310751104565	1.0	1.0703657861842166	5.0	-6.8223052635235755	42	0	0	1	0	0.001444043321299639	2	2.0	0.291
MITHRIL.48132	0.0	-1.764	0.47474199	0.02941176470588236	6.699999999999999	0.4366715758468336	0.008100147275405008	1.0	1.0703657861842166	5.0	-4.947836145607434	42	0	0	1	0	0.001444043321299639	2	2.0	0.291
MITHRIL.48133	0.379	2.384	0.48138089	0.02941176470588236	5.3999999999999995	0.8284241531664213	0.009572901325478646	1.0	0.7358138881986341	5.0	-4.70682804610364	41	0	0	1	0	0.0036101083032490976	1	1.0	0.394
MITHRIL.48134	0.379	2.384	0.48138089	0.02941176470588236	5.199999999999999	0.8284241531664213	0.0029455081001472753	1.0	0.7358138881986341	5.0	-6.4072677642447315	41	0	0	1	0	0.0036101083032490976	1	1.0	0.394
MITHRIL.48135	0.379	2.384	0.48138089	0.02941176470588236	4.799999999999999	0.8284241531664213	0.15905743740795286	1.0	0.7358138881986341	5.0	-0.6523802620812633	41	0	0	1	0	0.0036101083032490976	1	1.0	0.394
MITHRIL.48136	0.386	0.216	0.48783873	0.0	1.0999999999999996	0.22312223858615612	0.22385861561119294	1.0	1.4759876210054943	3.0	-0.15934025080114622	40	0	0	0	1	0.9992779783393502	0	0.0	0.403
MITHRIL.48137	0.386	0.216	0.48783873	0.0	0.6999999999999993	0.22312223858615612	0.004418262150220913	1.0	1.4759876210054943	3.0	-5.8223052635235755	40	0	0	0	1	0.9992779783393502	0	0.0	0.403
MITHRIL.48138	0.386	0.216	0.48783873	0.0	1.0999999999999996	0.22312223858615612	0.5486008836524301	1.0	1.4759876210054943	3.0	1.1338288511047923	40	0	0	0	1	0.9992779783393502	0	0.0	0.403
MITHRIL.48139	1.0	5.594	0.49372322	0.0	0.0	0.9138438880706922	0.0007363770250368188	1.0	0.44441888809093205	15.0	-8.407267764244732	39	0	0	0	1	1.0	0	0.0	0.44
MITHRIL.48140	1.0	5.594	0.49372322	0.0	0.0	0.9138438880706922	0.0022091310751104565	1.0	0.44441888809093205	15.0	-6.8223052635235755	39	0	0	0	1	1.0	0	0.0	0.44
MITHRIL.48141	1.0	5.594	0.49372322	0.0	0.0	0.9138438880706922	0.08321060382916053	1.0	0.44441888809093205	15.0	-1.5870888018295441	39	0	0	0	1	1.0	0	0.0	0.44
MITHRIL.48142	1.0	7.303	0.50051301	0.0	0.0	1.0	0.0	1.0	-1.601713251907458e-15	27.0	-44.50699332842307	38	0	0	0	1	1.0	1	1.0	0.047
MITHRIL.48143	1.0	7.303	0.50051301	0.0	0.0	1.0	0.0	1.0	-1.601713251907458e-15	27.0	-44.50699332842307	38	0	0	0	1	1.0	1	1.0	0.047
MITHRIL.48144	1.0	7.303	0.50051301	0.0	0.0	1.0	0.0	1.0	-1.601713251907458e-15	27.0	-44.50699332842307	38	0	0	0	1	1.0	1	1.0	0.047
MITHRIL.48145	1.0	7.3	0.51035065	0.0	0.0	1.0	0.0	1.0	-1.601713251907458e-15	27.0	-44.50699332842307	37	0	0	0	1	1.0	2	2.0	0.044
MITHRIL.48146	1.0	7.3	0.51035065	0.0	0.0	1.0	0.0	1.0	-1.601713251907458e-15	27.0	-44.50699332842307	37	0	0	0	1	1.0	2	2.0	0.044
MITHRIL.48147	1.0	7.3	0.51035065	0.0	0.0	1.0	0.0	1.0	-1.601713251907458e-15	27.0	-44.50699332842307	37	0	0	0	1	1.0	2	2.0	0.044
MITHRIL.48148	1.0	8.592	0.51750257	0.0	0.0	1.0	0.0	1.0	-1.601713251907458e-15	27.0	-44.50699332842307	36	0	0	0	1	1.0	2	2.0	0.319
MITHRIL.48149	1.0	8.592	0.51750257	0.0	0.0	1.0	0.0	1.0	-1.601713251907458e-15	27.0	-44.50699332842307	36	0	0	0	1	1.0	2	2.0	0.319
MITHRIL.48150	1.0	8.592	0.51750257	0.0	0.0	1.0	0.0	1.0	-1.601713251907458e-15	27.0	-44.50699332842307	36	0	0	0	1	1.0	2	2.0	0.319
MITHRIL.48151	1.0	8.595	0.52821534	0.0	0.0	0.9985272459499264	0.0	1.0	0.015977761289734556	15.0	-44.50699332842307	35	0	0	0	1	1.0	1	1.0	0.615
MITHRIL.48152	1.0	8.595	0.52821534	0.0	0.0	0.9985272459499264	0.0014727540500736377	1.0	0.015977761289734556	15.0	-7.4072677642447315	35	0	0	0	1	1.0	1	1.0	0.615
MITHRIL.48153	1.0	8.595	0.52821534	0.0	0.0	0.9985272459499264	0.0	1.0	0.015977761289734556	15.0	-44.50699332842307	35	0	0	0	1	1.0	1	1.0	0.615
MITHRIL.48154	1.0	6.796	0.53916953	0.0	0.5999999999999996	0.9683357879234168	0.0007363770250368188	1.0	0.23736691861296794	15.0	-8.407267764244732	34	0	0	0	1	1.0	0	0.0	0.546
MITHRIL.48155	1.0	6.796	0.53916953	0.0	1.299999999999999	0.9683357879234168	0.01914580265095729	1.0	0.23736691861296794	15.0	-3.7068280461036394	34	0	0	0	1	1.0	0	0.0	0.546
MITHRIL.48156	1.0	6.796	0.53916953	0.0	0.5999999999999996	0.9683357879234168	0.011782032400589101	1.0	0.23736691861296794	15.0	-4.4072677642447315	34	0	0	0	1	1.0	0	0.0	0.546
MITHRIL.48157	1.0	3.088	0.55151186	0.0	2.0999999999999996	0.7938144329896907	0.1958762886597938	1.0	0.8009067480461318	5.0	-0.3519853287435422	33	0	0	1	0	0.004332129963898917	1	1.0	0.376
MITHRIL.48158	1.0	3.088	0.55151186	0.02941176470588236	3.6999999999999993	0.7938144329896907	0.0022091310751104565	1.0	0.8009067480461318	5.0	-6.8223052635235755	33	0	0	1	0	0.004332129963898917	1	1.0	0.376
MITHRIL.48159	1.0	3.088	0.55151186	0.02941176470588236	4.6	0.7938144329896907	0.008100147275405008	1.0	0.8009067480461318	5.0	-4.947836145607434	33	0	0	1	0	0.004332129963898917	1	1.0	0.376
MITHRIL.48160	1.0	5.601	0.56385419	0.02941176470588236	6.699999999999999	0.8637702503681886	0.008100147275405008	1.0	0.6346944829928095	5.0	-4.947836145607434	32	0	0	1	0	0.001444043321299639	2	2.0	0.432
MITHRIL.48161	1.0	5.601	0.56385419	0.02941176470588236	6.699999999999999	0.8637702503681886	0.0022091310751104565	1.0	0.6346944829928095	5.0	-6.8223052635235755	32	0	0	1	0	0.001444043321299639	2	2.0	0.432
MITHRIL.48162	1.0	5.601	0.56385419	0.02941176470588236	6.699999999999999	0.8637702503681886	0.12592047128129602	1.0	0.6346944829928095	5.0	-0.989415249358834	32	0	0	1	0	0.001444043321299639	2	2.0	0.432
MITHRIL.48163	1.0	0.766	0.57743376	0.02941176470588236	4.6	0.7245949926362297	0.021354933726067747	1.0	0.9978631004959794	3.0	-3.5492867691171597	31	0	0	1	0	0.01227436823104693	2	2.0	0.517
MITHRIL.48164	1.0	0.766	0.57743376	0.0	0.29999999999999893	0.7245949926362297	0.24815905743740796	1.0	0.9978631004959794	3.0	-0.010662983062873284	31	0	0	1	0	0.01227436823104693	2	2.0	0.517
MITHRIL.48165	1.0	0.766	0.57743376	0.02941176470588236	4.6	0.7245949926362297	0.005891016200294551	1.0	0.9978631004959794	3.0	-5.4072677642447315	31	0	0	1	0	0.01227436823104693	2	2.0	0.517
MITHRIL.48166	1.0	4.633	0.59481562	0.02941176470588236	4.1	0.6170839469808542	0.012518409425625921	1.0	1.1905443849627875	5.0	-4.3198049229943924	30	0	0	1	0	0.007220216606498195	1	1.0	0.376
MITHRIL.48167	1.0	4.633	0.59481562	0.02941176470588236	4.1	0.6170839469808542	0.3402061855670103	1.0	1.1905443849627875	5.0	0.4444812771713258	30	0	0	1	0	0.007220216606498195	1	1.0	0.376
MITHRIL.48168	1.0	4.633	0.59481562	0.02941176470588236	4.1	0.6170839469808542	0.030191458026509573	1.0	1.1905443849627875	5.0	-3.049715759626648	30	0	0	1	0	0.007220216606498195	1	1.0	0.376
MITHRIL.48169	0.084	0.534	0.60646388	0.02941176470588236	0.8999999999999986	0.46170839469808544	0.011782032400589101	1.0	1.278209950426533	5.0	-4.4072677642447315	29	0	0	1	0	0.019494584837545126	0	0.0	0.455
MITHRIL.48170	0.084	0.534	0.60646388	0.02941176470588236	0.6999999999999993	0.46170839469808544	0.48748159057437407	1.0	1.278209950426533	5.0	0.9634196425624859	29	0	0	1	0	0.019494584837545126	0	0.0	0.455
MITHRIL.48171	0.084	0.534	0.60646388	0.02941176470588236	0.8999999999999986	0.46170839469808544	0.0390279823269514	1.0	1.278209950426533	5.0	-2.679347309681533	29	0	0	1	0	0.019494584837545126	0	0.0	0.455
MITHRIL.48172	0.0	-7.404	0.61609029	0.0	0.0	0.22312223858615612	0.28865979381443296	1.0	1.9528993750762695	2.0	0.2074420798704763	27	1	0	0	0	0.3574007220216607	1	1.0	1.354
MITHRIL.48173	0.0	-7.404	0.61609029	0.0	0.3999999999999986	0.22312223858615612	0.16200294550810015	1.0	1.9528993750762695	2.0	-0.6259080507200722	27	1	0	0	0	0.3574007220216607	1	1.0	1.354
MITHRIL.48174	0.0	-7.404	0.61609029	0.0	-0.10000000000000142	0.22312223858615612	0.32621502209131076	1.0	1.9528993750762695	2.0	0.38389512431028655	27	1	0	0	0	0.3574007220216607	1	1.0	1.354
MITHRIL.48175	0.994	3.285	0.63582594	0.02941176470588236	1.299999999999999	0.9086892488954345	0.0	1.0	0.4408298669263533	5.0	-44.50699332842307	26	0	0	1	0	0.032490974729241874	2	2.0	0.449
MITHRIL.48176	0.994	3.285	0.63582594	0.0	-1.6000000000000014	0.9086892488954345	0.09131075110456553	1.0	0.4408298669263533	5.0	-1.4530714538578566	26	0	0	1	0	0.032490974729241874	2	2.0	0.449
MITHRIL.48177	0.994	3.285	0.63582594	0.02941176470588236	1.299999999999999	0.9086892488954345	0.0	1.0	0.4408298669263533	5.0	-44.50699332842307	26	0	0	1	0	0.032490974729241874	2	2.0	0.449
MITHRIL.48178	1.0	7.406	0.65363027	0.02941176470588236	3.499999999999999	0.9837997054491899	0.013254786450662739	1.0	0.13062005822757336	14.0	-4.237342762802419	25	0	0	1	0	0.0036101083032490976	3	3.0	0.16
MITHRIL.48179	1.0	7.406	0.65363027	0.0	2.999999999999999	0.9837997054491899	0.0029455081001472753	1.0	0.13062005822757336	14.0	-6.4072677642447315	25	0	0	1	0	0.0036101083032490976	3	3.0	0.16
MITHRIL.48180	1.0	7.406	0.65363027	0.02941176470588236	4.199999999999999	0.9837997054491899	0.0	1.0	0.13062005822757336	14.0	-44.50699332842307	25	0	0	1	0	0.0036101083032490976	3	3.0	0.16
MITHRIL.48181	1.0	3.642	0.66968435	0.02941176470588236	3.799999999999999	0.9337260677466863	0.005154639175257732	1.0	0.39170479681886144	14.0	-5.599912842187128	24	0	0	1	0	0.0036101083032490976	4	4.0	0.343
MITHRIL.48182	1.0	3.642	0.66968435	0.0	0.3999999999999986	0.9337260677466863	0.05891016200294551	1.0	0.39170479681886144	14.0	-2.0853396693573694	24	0	0	1	0	0.0036101083032490976	4	4.0	0.343
MITHRIL.48183	1.0	3.642	0.66968435	0.02941176470588236	4.1	0.9337260677466863	0.0022091310751104565	1.0	0.39170479681886144	14.0	-6.8223052635235755	24	0	0	1	0	0.0036101083032490976	4	4.0	0.343
MITHRIL.48184	0.998	0.996	0.68338463	0.02941176470588236	1.0	0.6656848306332842	0.045655375552282766	1.0	1.1302666678020838	14.0	-2.4530714538578566	23	0	0	1	0	0.06787003610108304	5	5.0	0.269
MITHRIL.48185	0.998	0.996	0.68338463	0.02941176470588236	1.799999999999999	0.6656848306332842	0.0022091310751104565	1.0	1.1302666678020838	14.0	-6.8223052635235755	23	0	0	1	0	0.06787003610108304	5	5.0	0.269
MITHRIL.48186	0.998	0.996	0.68338463	0.0	0.3999999999999986	0.6656848306332842	0.2864506627393225	1.0	1.1302666678020838	14.0	0.19635858074146006	23	0	0	1	0	0.06787003610108304	5	5.0	0.269
MITHRIL.48187	1.0	7.406	0.69868429	0.0	0.1999999999999993	0.7594627594627594	0.15506715506715507	0.6030927835051546	1.1076105627452337	3.0	-0.6890349548688427	18	0	0	0	1	1.0	6	6.0	1.998
MITHRIL.48188	1.0	7.406	0.69868429	0.0	-0.10000000000000142	0.7594627594627594	0.045177045177045176	0.6030927835051546	1.1076105627452337	3.0	-2.468266276012059	18	0	0	0	1	1.0	6	6.0	1.998
MITHRIL.48189	1.0	7.406	0.69868429	0.0	0.1999999999999993	0.7594627594627594	0.040293040293040296	0.6030927835051546	1.1076105627452337	3.0	-2.633325522282555	18	0	0	0	1	1.0	6	6.0	1.998
MITHRIL.48190	0.0	-1.88	0.71232422	0.0	0.0	0.4024390243902439	0.06021341463414634	0.9661266568483063	1.4972008749628416	5.0	-2.0537712564409807	17	0	0	0	1	1.0	7	7.0	1.567
MITHRIL.48191	0.0	-1.88	0.71232422	0.0	0.0	0.4024390243902439	0.051829268292682924	0.9661266568483063	1.4972008749628416	5.0	-2.2700891633677442	17	0	0	0	1	1.0	7	7.0	1.567
MITHRIL.48192	0.0	-1.88	0.71232422	0.0	0.0	0.4024390243902439	0.48551829268292684	0.9661266568483063	1.4972008749628416	5.0	0.9575975576382167	17	0	0	0	1	1.0	7	7.0	1.567
MITHRIL.48193	0.0	-3.376	0.7287706	0.0	0.0	0.6595273264401772	0.1137370753323486	0.9970544918998527	1.3689404374859984	3.0	-1.1362254828800953	16	0	0	0	1	1.0	8	8.0	0.654
MITHRIL.48194	0.0	-3.376	0.7287706	0.0	0.0	0.6595273264401772	0.0310192023633678	0.9970544918998527	1.3689404374859984	3.0	-3.0106946007962363	16	0	0	0	1	1.0	8	8.0	0.654
MITHRIL.48195	0.0	-3.376	0.7287706	0.0	0.0	0.6595273264401772	0.19571639586410636	0.9970544918998527	1.3689404374859984	3.0	-0.35316347412443516	16	0	0	0	1	1.0	8	8.0	0.654
MITHRIL.48196	0.0	-2.532	0.73758223	0.0	0.0	0.1715758468335788	0.6156111929307806	1.0	1.5440569802139865	4.0	1.300091367836151	15	0	0	0	1	1.0	7	7.0	1.028
MITHRIL.48197	0.0	-2.532	0.73758223	0.0	0.0	0.1715758468335788	0.13475699558173784	1.0	1.5440569802139865	4.0	-0.8915679259606895	15	0	0	0	1	1.0	7	7.0	1.028
MITHRIL.48198	0.0	-2.532	0.73758223	0.0	0.0	0.1715758468335788	0.0780559646539028	1.0	1.5440569802139865	4.0	-1.6793473096815326	15	0	0	0	1	1.0	7	7.0	1.028
MITHRIL.48199	0.001	-0.262	0.74582051	0.0	0.0	0.6892488954344624	0.12812960235640647	1.0	1.2317218435572672	5.0	-0.9643242683960036	14	0	0	0	1	1.0	6	6.0	0.615
MITHRIL.48200	0.001	-0.262	0.74582051	0.0	0.0	0.6892488954344624	0.17746686303387335	1.0	1.2317218435572672	5.0	-0.4943784280147701	14	0	0	0	1	1.0	6	6.0	0.615
MITHRIL.48201	0.001	-0.262	0.74582051	0.0	0.0	0.6892488954344624	0.005154639175257732	1.0	1.2317218435572672	5.0	-5.599912842187128	14	0	0	0	1	1.0	6	6.0	0.615
MITHRIL.48202	1.0	7.406	0.75411914	0.0	0.29999999999999893	0.9624447717231223	0.022827687776141383	1.0	0.2778857000793178	14.0	-3.4530714538578566	13	0	0	0	1	1.0	5	5.0	0.585
MITHRIL.48203	1.0	7.406	0.75411914	0.0	-0.40000000000000036	0.9624447717231223	0.011782032400589101	1.0	0.2778857000793178	14.0	-4.4072677642447315	13	0	0	0	1	1.0	5	5.0	0.585
MITHRIL.48204	1.0	7.406	0.75411914	0.0	0.29999999999999893	0.9624447717231223	0.0029455081001472753	1.0	0.2778857000793178	14.0	-6.4072677642447315	13	0	0	0	1	1.0	5	5.0	0.585
MITHRIL.48205	1.0	5.623	0.76247812	0.02941176470588236	0.3999999999999986	0.9499263622974963	0.0014727540500736377	1.0	0.34281530560378004	9.0	-7.4072677642447315	12	0	0	1	0	0.06787003610108304	4	4.0	0.391
MITHRIL.48206	1.0	5.623	0.76247812	0.0	-2.1000000000000014	0.9499263622974963	0.018409425625920472	1.0	0.34281530560378004	9.0	-3.763411574470007	12	0	0	1	0	0.06787003610108304	4	4.0	0.391
MITHRIL.48207	1.0	5.623	0.76247812	0.02941176470588236	1.3999999999999986	0.9499263622974963	0.030191458026509573	1.0	0.34281530560378004	9.0	-3.049715759626648	12	0	0	1	0	0.06787003610108304	4	4.0	0.391
MITHRIL.48208	1.0	6.698	0.7674573	0.02941176470588236	4.1	0.9580265095729014	0.0029455081001472753	1.0	0.29230712933097514	18.0	-6.4072677642447315	11	0	0	1	0	0.0036101083032490976	3	3.0	0.179
MITHRIL.48209	1.0	6.698	0.7674573	0.02941176470588236	4.1	0.9580265095729014	0.03240058910162003	1.0	0.29230712933097514	18.0	-2.9478361456074342	11	0	0	1	0	0.0036101083032490976	3	3.0	0.179
MITHRIL.48210	1.0	6.698	0.7674573	0.02941176470588236	4.1	0.9580265095729014	0.0066273932253313695	1.0	0.29230712933097514	18.0	-5.237342762802419	11	0	0	1	0	0.0036101083032490976	3	3.0	0.179
MITHRIL.48211	1.0	8.595	0.76978092	0.02941176470588236	4.199999999999999	0.9830633284241531	0.0029455081001472753	1.0	0.13516636642960136	10.0	-6.4072677642447315	10	0	0	1	0	0.0036101083032490976	2	2.0	0.048
MITHRIL.48212	1.0	8.595	0.76978092	0.02941176470588236	4.199999999999999	0.9830633284241531	0.0	1.0	0.13516636642960136	10.0	-44.50699332842307	10	0	0	1	0	0.0036101083032490976	2	2.0	0.048
MITHRIL.48213	1.0	8.595	0.76978092	0.02941176470588236	4.199999999999999	0.9830633284241531	0.013991163475699559	1.0	0.13516636642960136	10.0	-4.159340250801146	10	0	0	1	0	0.0036101083032490976	2	2.0	0.048
MITHRIL.48214	1.0	2.398	0.76827207	0.02941176470588236	1.299999999999999	0.9418262150220913	0.03166421207658321	1.0	0.37799634559691664	10.0	-2.981003009542634	9	0	0	1	0	0.032490974729241874	1	1.0	0.231
MITHRIL.48215	1.0	2.398	0.76827207	0.02941176470588236	1.299999999999999	0.9418262150220913	0.0	1.0	0.37799634559691664	10.0	-44.50699332842307	9	0	0	1	0	0.032490974729241874	1	1.0	0.231
MITHRIL.48216	1.0	2.398	0.76827207	0.0	0.29999999999999893	0.9418262150220913	0.026509572901325478	1.0	0.37799634559691664	10.0	-3.2373427628024194	9	0	0	1	0	0.032490974729241874	1	1.0	0.231
MITHRIL.48217	1.0	7.406	0.76437926	0.0	0.1999999999999993	0.9668630338733432	0.003681885125184094	1.0	0.24626985729330517	14.0	-6.08533966935737	8	1	0	0	0	1.0	0	0.0	0.26
MITHRIL.48218	1.0	7.406	0.76437926	0.0	0.0	0.9668630338733432	0.024300441826215022	1.0	0.24626985729330517	14.0	-3.362873644886278	8	1	0	0	0	1.0	0	0.0	0.26
MITHRIL.48219	1.0	7.406	0.76437926	0.0	0.09999999999999964	0.9668630338733432	0.005154639175257732	1.0	0.24626985729330517	14.0	-5.599912842187128	8	1	0	0	0	1.0	0	0.0	0.26
MITHRIL.48220	1.0	5.646	0.76121069	0.0	-0.20000000000000107	0.9845360824742269	0.0029455081001472753	1.0	0.13773948980868037	15.0	-6.4072677642447315	7	1	0	0	0	1.0	1	1.0	0.287
MITHRIL.48221	1.0	5.646	0.76121069	0.0	0.09999999999999964	0.9845360824742269	0.008100147275405008	1.0	0.13773948980868037	15.0	-4.947836145607434	7	1	0	0	0	1.0	1	1.0	0.287
MITHRIL.48222	1.0	5.646	0.76121069	0.0	-0.20000000000000107	0.9845360824742269	0.004418262150220913	1.0	0.13773948980868037	15.0	-5.8223052635235755	7	1	0	0	0	1.0	1	1.0	0.287
MITHRIL.48223	0.0	-1.054	0.7563824	0.02941176470588236	0.8999999999999986	0.5936343449296817	0.02442635085122132	0.9948453608247423	1.1488630202003074	3.0	-3.355417839967231	6	0	1	0	0	0.015965166908563134	2	1.0	0.501
MITHRIL.48224	0.0	-1.054	0.7563824	0.0	0.5	0.5936343449296817	0.3767579570688379	0.9948453608247423	1.1488630202003074	3.0	0.5917098867500108	6	0	1	0	0	0.015965166908563134	2	1.0	0.501
MITHRIL.48225	0.0	-1.054	0.7563824	0.02941176470588236	1.0	0.5936343449296817	0.0051813471502590676	0.9948453608247423	1.1488630202003074	3.0	-5.592457037268081	6	0	1	0	0	0.015965166908563134	2	1.0	0.501
MITHRIL.48226	0.0	-0.018	0.75411914	0.02941176470588236	4.499999999999999	0.647450110864745	0.027346637102734665	0.9963181148748159	1.172312467723475	8.0	-3.1924927583475875	5	0	1	0	0	0.012318840579710146	3	1.0	0.506
MITHRIL.48227	0.0	-0.018	0.75411914	0.0	0.5	0.647450110864745	0.3082039911308204	0.9963181148748159	1.172312467723475	8.0	0.3019574494681266	5	0	1	0	0	0.012318840579710146	3	1.0	0.506
MITHRIL.48228	0.0	-0.018	0.75411914	0.02941176470588236	4.499999999999999	0.647450110864745	0.016999260901699925	0.9963181148748159	1.172312467723475	8.0	-3.878384167919524	5	0	1	0	0	0.012318840579710146	3	1.0	0.506
MITHRIL.48229	0.0	-0.806	0.74962279	0.02941176470588236	6.3999999999999995	0.5799557848194546	0.01694915254237288	0.9992636229749632	1.1888287305905243	5.0	-3.882643049361841	4	0	1	0	0	0.00939306358381503	4	2.0	0.468
MITHRIL.48230	0.0	-0.806	0.74962279	0.02941176470588236	6.3999999999999995	0.5799557848194546	0.017686072218128224	0.9992636229749632	1.1888287305905243	5.0	-3.821242504697698	4	0	1	0	0	0.00939306358381503	4	2.0	0.468
MITHRIL.48231	0.0	-0.806	0.74962279	0.02941176470588236	6.3999999999999995	0.5799557848194546	0.38540899042004423	0.9992636229749632	1.1888287305905243	5.0	0.6244621308280873	4	0	1	0	0	0.00939306358381503	4	2.0	0.468
MITHRIL.48232	0.0	0.411	0.74621281	0.02941176470588236	4.3999999999999995	0.6315401621223287	0.025055268975681652	0.9992636229749632	1.1331301526621307	5.0	-3.3187421641685146	3	0	1	0	0	0.0036127167630057803	5	3.0	0.437
MITHRIL.48233	0.0	0.411	0.74621281	0.0	0.8999999999999986	0.6315401621223287	0.33603537214443624	0.9992636229749632	1.1331301526621307	5.0	0.4266850087458875	3	0	1	0	0	0.0036127167630057803	5	3.0	0.437
MITHRIL.48234	0.0	0.411	0.74621281	0.02941176470588236	4.499999999999999	0.6315401621223287	0.007369196757553427	0.9992636229749632	1.1331301526621307	5.0	-5.084276910531492	3	0	1	0	0	0.0036127167630057803	5	3.0	0.437
MITHRIL.48235	0.0	-0.689	0.74228982	0.02941176470588236	6.3999999999999995	0.6244477172312224	0.008836524300441826	1.0	1.0449632375238174	8.0	-4.8223052635235755	2	0	1	0	0	0.010108303249097473	6	4.0	0.293
MITHRIL.48236	0.0	-0.689	0.74228982	0.02941176470588236	6.3999999999999995	0.6244477172312224	0.003681885125184094	1.0	1.0449632375238174	8.0	-6.08533966935737	2	0	1	0	0	0.010108303249097473	6	4.0	0.293
MITHRIL.48237	0.0	-0.689	0.74228982	0.02941176470588236	6.3999999999999995	0.6244477172312224	0.3630338733431517	1.0	1.0449632375238174	8.0	0.5381760721331796	2	0	1	0	0	0.010108303249097473	6	4.0	0.293
MITHRIL.48238	1.0	3.604	0.73872895	0.02941176470588236	4.6	0.9565537555228277	0.015463917525773196	1.0	0.3162908237075548	14.0	-4.014950341465972	1	0	1	0	0	0.009386281588447653	7	5.0	0.358
MITHRIL.48239	1.0	3.604	0.73872895	0.0	0.6999999999999993	0.9565537555228277	0.023564064801178203	1.0	0.3162908237075548	14.0	-3.407267764244732	1	0	1	0	0	0.009386281588447653	7	5.0	0.358
MITHRIL.48240	1.0	3.604	0.73872895	0.02941176470588236	4.699999999999999	0.9565537555228277	0.004418262150220913	1.0	0.3162908237075548	14.0	-5.8223052635235755	1	0	1	0	0	0.009386281588447653	7	5.0	0.358
MITHRIL.48241	1.0	5.938	0.73402137	0.0	1.8999999999999995	0.9815905743740795	0.012518409425625921	1.0	0.15468602930992692	14.0	-4.3198049229943924	0	0	1	0	0	0.0036101083032490976	8	6.0	0.47
MITHRIL.48242	1.0	5.938	0.73402137	0.02941176470588236	2.499999999999999	0.9815905743740795	0.003681885125184094	1.0	0.15468602930992692	14.0	-6.08533966935737	0	0	1	0	0	0.0036101083032490976	8	6.0	0.47
MITHRIL.48243	1.0	5.938	0.73402137	0.02941176470588236	2.5999999999999996	0.9815905743740795	0.0022091310751104565	1.0	0.15468602930992692	14.0	-6.8223052635235755	0	0	1	0	0	0.0036101083032490976	8	6.0	0.47
