Gene_symbol	Gene_position	x_coord	y_coord	z_coord	Mithril_id	lisa	p_value	rAPOGEE_score_posFree
MT-RNR1	1	74.98986956521739	3.792304347826087	-17.81513043478261	MITHRIL.1941	-4.013461731661539e-06	0.1457477395706057	0.19373219373219372
MT-RNR1	2	78.75445454545455	2.011318181818182	-16.298545454545454	MITHRIL.1944	-6.077164144435115e-07	0.7424239501039501	0.40811965811965817
MT-RNR1	3	85.0814	0.8178000000000001	-16.398699999999998	MITHRIL.1947	-4.640951341281922e-06	0.06540348702053468	0.18732193732193733
MT-RNR1	4	80.69254545454545	-0.9821818181818182	-11.784409090909092	MITHRIL.1950	-4.177625235268541e-06	0.11424363833243097	0.34829059829059833
MT-RNR1	5	78.44004347826088	-2.0445217391304347	-7.095739130434782	MITHRIL.1953	-1.5469687888073753e-05	0.0008775545851528385	0.2435897435897436
MT-RNR1	6	74.97547826086956	-3.3360869565217395	-3.7930869565217393	MITHRIL.1956	-1.2177665332190023e-05	0.1127744080968733	0.3269230769230769
MT-RNR1	7	71.80825	-6.0137	-2.43465	MITHRIL.1959	8.068115468586674e-06	0.8059419196062346	0.48931623931623935
MT-RNR1	8	67.50784999999999	-10.9714	-3.3732999999999995	MITHRIL.1962	7.691092053648256e-06	0.0035334201615003905	0.4807692307692308
MT-RNR1	9	68.36675	-15.19555	0.3774499999999999	MITHRIL.1965	1.3318761810302196e-05	0.4451807582796343	0.5042735042735043
MT-RNR1	10	68.87004347826087	-20.717956521739133	3.5548260869565214	MITHRIL.1968	-1.993878257004661e-05	0.6291033153867951	0.33547008547008544
MT-RNR1	11	72.01673913043479	-19.969	0.4240434782608696	MITHRIL.1971	-3.059047268460163e-06	0.32349543099387656	0.41452991452991456
MT-RNR1	12	74.40045	-19.32325	-3.8749	MITHRIL.1974	1.5762948113488133e-05	0.005652	0.547008547008547
MT-RNR1	13	74.7551	-18.0606	-8.605	MITHRIL.1977	2.3705840610079167e-06	0.01971287962757703	0.4551282051282051
MT-RNR1	14	72.65805	-15.7794	-12.43415	MITHRIL.1980	-4.075116816804037e-06	0.5759571983316555	0.38247863247863245
MT-RNR1	15	69.82165	-12.42245	-14.46755	MITHRIL.1983	3.939658592433295e-06	0.6022768615120767	0.48504273504273504
MT-RNR1	16	67.97022727272727	-8.250318181818182	-13.353318181818183	MITHRIL.1986	-1.2316606442399362e-05	0.04624432781590634	0.27777777777777773
MT-RNR1	17	66.13026086956522	-3.707391304347826	-11.436739130434784	MITHRIL.1989	-1.2293460524221395e-05	0.03561555834378921	0.2948717948717949
MT-RNR1	18	66.4542	0.31415	-9.3037	MITHRIL.1992	-1.1047965906016653e-05	0.05286313272220008	0.3162393162393162
MT-RNR1	19	69.2634	3.3453000000000004	-6.9027	MITHRIL.1995	-4.9247113248728035e-06	0.7496380741560598	0.38247863247863245
MT-RNR1	20	73.75455	5.48265	-5.7444	MITHRIL.1998	1.2187587580512976e-05	0.028181044487427465	0.5619658119658119
MT-RNR1	21	77.9657	7.491200000000001	-6.821299999999999	MITHRIL.2001	8.787454535991644e-06	0.06386192419825074	0.5491452991452991
MT-RNR1	22	79.65965	11.7499	-9.6731	MITHRIL.2004	8.772176927704485e-06	0.03887742468014858	0.606125356125356
MT-RNR1	23	79.13534999999999	16.37865	-11.58415	MITHRIL.2007	1.786893404988992e-06	0.2704857556735876	0.48717948717948717
MT-RNR1	24	76.64695	20.734	-12.2908	MITHRIL.2010	5.607084826289059e-06	0.15040610898993406	0.6666666666666666
MT-RNR1	25	72.66550000000001	23.975181818181817	-11.349136363636363	MITHRIL.2013	-2.8700335623918036e-07	0.8746761634965601	0.4188034188034188
MT-RNR1	26	69.43095	26.70365	-9.03815	MITHRIL.2016	8.18448815420699e-06	0.051785537355173786	0.717948717948718
MT-RNR1	27	67.0521	27.86025	-4.9926	MITHRIL.2019	4.426953378224617e-06	0.8227809316262599	0.5427350427350427
MT-RNR1	28	66.96195454545455	27.165272727272725	0.0523636363636363	MITHRIL.2022	-4.444440522702301e-06	0.29564675984752226	0.3547008547008547
MT-RNR1	29	69.104	26.70804347826087	4.560695652173913	MITHRIL.2025	-1.577501630879085e-06	0.3960743930371049	0.4102564102564103
MT-RNR1	30	72.03144999999999	28.2133	7.55445	MITHRIL.2028	3.2250657446628152e-06	0.23596953750612845	0.4764957264957265
MT-RNR1	31	75.78200000000001	30.91625	7.718649999999999	MITHRIL.2031	1.120515623328961e-05	0.017281294964028776	0.6239316239316239
MT-RNR1	32	78.9936	34.5563	5.880599999999999	MITHRIL.2034	-6.308603374126023e-06	0.09804738495656996	0.2371794871794872
MT-RNR1	33	85.51820000000001	37.8124	4.06545	MITHRIL.2037	5.99192108730661e-07	0.6522150295524908	0.4807692307692308
MT-RNR1	34	86.8154	41.1882	-0.1810999999999999	MITHRIL.2040	-1.5901825519001577e-08	0.888996664873588	0.5448717948717948
MT-RNR1	35	87.35709090909091	42.39590909090909	-5.074318181818182	MITHRIL.2043	1.0367144058608434e-06	0.7193120912759149	0.3433048433048433
MT-RNR1	36	86.4675652173913	41.81721739130435	-9.902782608695652	MITHRIL.2046	2.252122798638915e-06	0.8242532045176214	0.3076923076923077
MT-RNR1	37	84.24205	40.9264	-13.85715	MITHRIL.2049	-3.694100490293588e-06	0.17767908951927977	0.6175213675213675
MT-RNR1	38	80.05722727272727	38.62522727272727	-15.75018181818182	MITHRIL.2052	4.557272623724497e-06	0.253602463932566	0.2514245014245014
MT-RNR1	39	75.58145454545455	38.43731818181818	-15.748727272727272	MITHRIL.2055	1.2164730920409785e-06	0.8779470477217579	0.3803418803418803
MT-RNR1	40	71.28791304347827	39.71591304347826	-14.181391304347828	MITHRIL.2058	1.7120564979198102e-06	0.6787152908199019	0.34401709401709396
MT-RNR1	41	61.74727272727273	39.64222727272728	-11.91022727272727	MITHRIL.2061	1.6439333243128247e-06	0.5426533662934419	0.23860398860398857
MT-RNR1	42	59.3701	33.91005	-11.08875	MITHRIL.2064	7.257653785298681e-07	0.9975294742432289	0.5327635327635328
MT-RNR1	43	55.3278	35.06895	-13.919	MITHRIL.2067	-3.6576300391016454e-07	0.7255259382819015	0.5719373219373219
MT-RNR1	44	52.61040909090909	36.15863636363636	-21.951136363636365	MITHRIL.2070	1.6308858624025766e-06	0.518397182685253	0.391025641025641
MT-RNR1	45	49.07595	38.60105	-14.91385	MITHRIL.2073	-1.0379278640568132e-06	0.7947955610357583	0.5213675213675214
MT-RNR1	46	48.35140909090909	43.95104545454546	-13.627772727272726	MITHRIL.2076	-1.4259666011159251e-07	0.9786882892463113	0.4423076923076923
MT-RNR1	47	49.75795	48.4357	-13.77155	MITHRIL.2079	-2.5044564383704796e-06	0.6215434251633059	0.5790598290598291
MT-RNR1	48	52.02554545454545	54.43027272727272	-10.403454545454546	MITHRIL.2082	1.188118942812061e-06	0.6027507929704243	0.3397435897435897
MT-RNR1	49	54.07975	57.51025	-12.0335	MITHRIL.2085	-3.6969596037641114e-06	0.13329341571050307	0.6645299145299145
MT-RNR1	50	58.189913043478256	58.93982608695652	-14.950869565217392	MITHRIL.2088	-2.8508259310688676e-06	0.5181138325991189	0.5534188034188033
MT-RNR1	51	60.22095	59.52985	-18.871	MITHRIL.2091	-3.493824135270953e-06	0.3669117628897808	0.5341880341880342
MT-RNR1	52	61.16459090909091	56.74827272727273	-23.569000000000003	MITHRIL.2094	2.3096473071391354e-06	0.46518795827123693	0.3846153846153846
MT-RNR1	53	62.608	58.34540909090909	-30.99636363636364	MITHRIL.2097	5.943068025940589e-06	0.16663549546465858	0.34971509971509973
MT-RNR1	54	62.06434782608696	63.57391304347826	-33.02717391304348	MITHRIL.2100	-1.0047690298366559e-05	0.14617184720041862	0.5662393162393162
MT-RNR1	55	64.82755	66.70660000000001	-35.396550000000005	MITHRIL.2103	7.104772021648067e-06	0.7547448142521751	0.3433048433048433
MT-RNR1	56	64.63863636363637	70.17731818181818	-38.21159090909091	MITHRIL.2106	5.368406016645433e-06	0.47251302795954786	0.36894586894586895
MT-RNR1	57	64.69995	76.62195	-41.98925	MITHRIL.2109	-1.3072952565881337e-05	0.0008775545851528385	0.5918803418803419
MT-RNR1	58	59.57685	73.2217	-43.74495	MITHRIL.2112	4.59330796837107e-06	0.6629731947176173	0.3846153846153846
MT-RNR1	59	57.752	69.34465	-45.47415	MITHRIL.2115	3.270979288221677e-06	0.5091292316750075	0.4017094017094018
MT-RNR1	60	58.3004	65.0958	-45.1125	MITHRIL.2118	2.615578690728704e-05	0.0	0.20227920227920226
MT-RNR1	61	60.04825	61.06895	-43.3776	MITHRIL.2121	-1.1195248475474095e-06	0.2239694233937397	0.4423076923076923
MT-RNR1	62	60.32026086956522	58.46165217391304	-39.22021739130435	MITHRIL.2124	1.5620381368036068e-05	0.005998805970149254	0.2799145299145299
MT-RNR1	63	58.580650000000006	56.0818	-35.8935	MITHRIL.2127	1.5329425311544726e-05	0.023714685314685315	0.2706552706552707
MT-RNR1	64	57.24455	50.6308	-38.08485	MITHRIL.2130	-3.796822512497926e-07	0.685225203024363	0.4358974358974359
MT-RNR1	65	62.9922	49.4832	-35.15785	MITHRIL.2133	-3.2752499370865547e-06	0.4263774529012811	0.47008547008547014
MT-RNR1	66	65.47965	48.051550000000006	-31.8293	MITHRIL.2136	3.4199009581460598e-06	0.8215862632869992	0.3853276353276353
MT-RNR1	67	64.54722727272727	46.045863636363634	-27.878954545454544	MITHRIL.2139	-6.063330595652605e-07	0.9766736170212766	0.4423076923076923
MT-RNR1	68	62.05065217391304	42.50747826086957	-25.469695652173915	MITHRIL.2142	-1.1942697520623235e-06	0.5597797889258349	0.4551282051282051
MT-RNR1	69	60.33235	38.53405	-23.70095	MITHRIL.2145	-5.430390278983499e-06	0.10855787559112405	0.5555555555555555
MT-RNR1	70	59.17273913043478	33.683608695652175	-25.0	MITHRIL.2148	-1.090059735043752e-06	0.8050356996306934	0.4551282051282051
MT-RNR1	71	52.95536363636364	32.38272727272727	-25.385272727272728	MITHRIL.2151	7.849477041589044e-06	0.08671484257871065	0.2792022792022792
MT-RNR1	72	52.43608695652174	29.621	-28.65643478260869	MITHRIL.2154	3.551465481111762e-06	0.26174099418979985	0.37393162393162394
MT-RNR1	73	53.128600000000006	26.419600000000003	-31.42975	MITHRIL.2157	9.846585493042538e-06	0.08373333333333333	0.28632478632478636
MT-RNR1	74	55.859950000000005	22.24495	-37.88985	MITHRIL.2160	-2.3652051835416997e-06	0.30282406586447125	0.4615384615384615
MT-RNR1	75	56.46105	28.5751	-39.84925	MITHRIL.2163	2.261182915462124e-05	0.006695360315893386	0.20085470085470084
MT-RNR1	76	61.749545454545455	29.105500000000003	-39.65768181818182	MITHRIL.2166	9.10186336483489e-06	0.275860635226179	0.33547008547008544
MT-RNR1	77	65.923	28.4859	-44.38155	MITHRIL.2169	3.798725038448626e-06	0.675430109335576	0.39316239316239315
MT-RNR1	78	67.31955	27.6877	-49.13305	MITHRIL.2172	-1.4179140917218836e-05	0.02874856408058294	0.5747863247863249
MT-RNR1	79	66.5222	28.2005	-54.0283	MITHRIL.2175	-7.034413364101821e-06	0.6364728044123886	0.49786324786324787
MT-RNR1	80	64.1894	30.3165	-58.0159	MITHRIL.2178	-1.0452662726861429e-05	0.04325568898839813	0.5213675213675214
MT-RNR1	81	62.27895	34.1139	-59.72275	MITHRIL.2181	3.698874720469038e-05	0.0	0.14957264957264957
MT-RNR1	82	61.6063	38.6759	-59.3428	MITHRIL.2184	2.7856800193481753e-05	0.0	0.23005698005698005
MT-RNR1	83	59.79750000000001	43.91390909090909	-55.71122727272727	MITHRIL.2187	3.116152591167877e-05	0.0	0.21367521367521367
MT-RNR1	84	61.52618181818182	47.34854545454545	-53.32990909090909	MITHRIL.2190	2.7193340570883075e-05	0.0	0.2378917378917379
MT-RNR1	85	65.053	49.59795454545454	-51.91295454545455	MITHRIL.2193	3.474864087677243e-05	0.0	0.17236467236467234
MT-RNR1	86	69.412	51.58185	-51.72115	MITHRIL.2196	-1.5929285729376682e-05	0.0008775545851528385	0.5633903133903133
MT-RNR1	87	73.5867	52.63155	-54.2417	MITHRIL.2199	1.4597718208233365e-05	0.03561555834378921	0.30982905982905984
MT-RNR1	88	75.2325	59.24227272727273	-56.84372727272727	MITHRIL.2202	2.8484897704358932e-05	0.00045631244323342414	0.18945868945868946
MT-RNR1	89	71.58025	58.7597	-59.287	MITHRIL.2205	2.193497361934996e-05	0.00045631244323342414	0.2578347578347578
MT-RNR1	90	68.30645	57.25595	-64.02380000000001	MITHRIL.2208	3.749120615063558e-05	0.0	0.14957264957264957
MT-RNR1	91	69.05795454545454	53.05981818181818	-65.51899999999999	MITHRIL.2211	1.6002069487972315e-05	0.22018355893034003	0.31125356125356124
MT-RNR1	92	70.55985	48.64445	-65.5967	MITHRIL.2214	4.567262450059172e-05	0.0	0.08547008547008546
MT-RNR1	93	72.3405652173913	45.76952173913044	-62.51604347826087	MITHRIL.2217	-6.539688770578683e-06	0.6343075399632196	0.48504273504273504
MT-RNR1	94	73.47504545454545	43.81663636363636	-58.33977272727272	MITHRIL.2220	-7.041666338091076e-07	0.1231082037533512	0.43803418803418803
MT-RNR1	95	73.0851	42.41935	-53.88295000000001	MITHRIL.2223	9.539839966350233e-06	0.20531050791007494	0.35185185185185186
MT-RNR1	96	70.311	41.2358	-50.40845	MITHRIL.2226	3.964909458681393e-05	0.0	0.10897435897435898
MT-RNR1	97	66.09040909090909	39.36813636363637	-49.73068181818182	MITHRIL.2229	2.492237949283165e-05	0.0008775545851528385	0.2343304843304843
MT-RNR1	98	59.29627272727273	39.5255	-49.49545454545455	MITHRIL.2232	2.9209130931201873e-05	0.0	0.2108262108262108
MT-RNR1	99	55.97704545454545	37.07572727272727	-51.04331818181818	MITHRIL.2235	3.0242109752700112e-05	0.0	0.2022792022792023
MT-RNR1	100	54.810272727272725	33.39504545454545	-53.19809090909091	MITHRIL.2238	-1.3505773881123938e-05	0.0016709534368070955	0.5405982905982906
MT-RNR1	101	55.81308695652174	28.87752173913044	-54.66817391304348	MITHRIL.2241	-1.1482409118793803e-05	0.01880222766763199	0.5299145299145299
MT-RNR1	102	58.074	24.561304347826084	-53.9491304347826	MITHRIL.2244	-1.02304285333768e-05	0.04460798702615042	0.5256410256410257
MT-RNR1	103	59.95595454545455	21.294136363636365	-51.11136363636364	MITHRIL.2247	9.766896061264103e-06	0.09983293468261269	0.3376068376068376
MT-RNR1	104	61.00286363636364	19.84027272727273	-46.74581818181818	MITHRIL.2250	4.523521570012605e-06	0.6834976744186047	0.3846153846153846
MT-RNR1	105	60.93685000000001	19.3467	-42.04855	MITHRIL.2253	6.8739764108341465e-06	0.09418248093732563	0.3525641025641026
MT-RNR1	106	58.87290909090909	18.032545454545456	-33.97786363636363	MITHRIL.2256	1.254066406295118e-05	0.01941750333185251	0.2343304843304843
MT-RNR1	107	57.7355	14.638954545454546	-30.73031818181818	MITHRIL.2259	5.216494099133954e-06	0.40880595654155905	0.30982905982905984
MT-RNR1	108	54.72230434782609	11.264304347826087	-28.914565217391303	MITHRIL.2262	-1.1660673790649449e-06	0.7623361854816451	0.4850427350427351
MT-RNR1	109	51.4205	7.9778	-28.940999999999995	MITHRIL.2265	1.9515337827202105e-07	0.6107017964071856	0.41381766381766383
MT-RNR1	110	48.35590909090909	4.118636363636363	-33.167545454545454	MITHRIL.2268	1.8087429420038674e-06	0.5243202342606149	0.34971509971509973
MT-RNR1	111	43.94645	1.41715	-27.1033	MITHRIL.2271	4.861223555595764e-06	0.13474702874272618	0.5918803418803419
MT-RNR1	112	44.74865	7.62235	-32.1385	MITHRIL.2274	-2.862250684675749e-08	0.5790923673997412	0.4337606837606838
MT-RNR1	113	43.64140909090909	3.6628181818181815	-37.7795	MITHRIL.2277	2.40100213188287e-06	0.5358835642409218	0.36894586894586895
MT-RNR1	114	39.86054545454545	5.144772727272727	-42.03218181818182	MITHRIL.2280	3.3066279074609756e-06	0.21023713052142146	0.3696581196581197
MT-RNR1	115	39.4104347826087	10.200695652173914	-44.07795652173913	MITHRIL.2283	-9.937428693009342e-06	0.015116662867563257	0.5854700854700855
MT-RNR1	116	35.95155	12.1997	-44.98365	MITHRIL.2286	-7.2946928293745765e-06	0.06862805325101293	0.5384615384615384
MT-RNR1	117	36.15	15.92581818181818	-50.99886363636363	MITHRIL.2289	4.0741178921979454e-06	0.27669456469456466	0.3888888888888889
MT-RNR1	118	40.93805	16.489449999999998	-50.00555	MITHRIL.2292	4.714748194306116e-06	0.10221114369501466	0.38247863247863245
MT-RNR1	119	42.5465652173913	16.19717391304348	-57.28730434782609	MITHRIL.2295	6.142121927027331e-06	0.16915449265459512	0.37606837606837606
MT-RNR1	120	44.58795	17.0297	-61.6179	MITHRIL.2298	2.062119192160121e-06	0.37476951501154737	0.41452991452991456
MT-RNR1	121	44.20731818181818	18.898681818181817	-66.32145454545456	MITHRIL.2301	1.1905015353708514e-05	0.07528816015252622	0.3376068376068376
MT-RNR1	122	43.44908695652174	22.651	-68.83647826086957	MITHRIL.2304	3.5973215914664744e-05	0.0	0.16452991452991453
MT-RNR1	123	43.7226	27.8416	-72.40575	MITHRIL.2307	4.140066512325775e-05	0.0	0.13247863247863248
MT-RNR1	124	39.589636363636366	27.378	-70.62581818181819	MITHRIL.2310	2.6518441309129267e-05	0.0	0.24074074074074073
MT-RNR1	125	35.12195454545454	26.059545454545454	-69.81195454545455	MITHRIL.2313	2.9889150153067597e-05	0.0	0.2108262108262108
MT-RNR1	126	34.1277	22.92455	-67.6079	MITHRIL.2316	-1.0501889619658523e-05	0.12539861036878674	0.5142450142450142
MT-RNR1	127	35.40086956521739	17.503304347826088	-67.26426086956522	MITHRIL.2319	-2.823134120390786e-06	0.8797416711590297	0.4551282051282051
MT-RNR1	128	35.87565	13.24825	-65.5485	MITHRIL.2322	1.3947136484532125e-05	0.08872509811250233	0.3141025641025641
MT-RNR1	129	35.89609090909091	11.260227272727272	-61.09272727272728	MITHRIL.2325	2.384187207531675e-06	0.6173710709714122	0.4102564102564103
MT-RNR1	130	39.433521739130434	9.68095652173913	-56.925782608695656	MITHRIL.2328	-9.1822401320102e-06	0.25494075752670764	0.5256410256410257
MT-RNR1	131	43.53735	10.1806	-54.2276	MITHRIL.2331	-8.824757346051834e-06	0.07759331306990881	0.5256410256410257
MT-RNR1	132	46.41385	9.3942	-50.06365	MITHRIL.2334	-2.938816659968729e-06	0.1597050310130944	0.46581196581196577
MT-RNR1	133	47.86835	6.1668	-46.8143	MITHRIL.2337	9.572181319016233e-06	0.18060854237288138	0.31196581196581197
MT-RNR1	134	49.204	1.3461363636363637	-42.22836363636364	MITHRIL.2340	6.15183530140643e-06	0.24940513153621305	0.33475783475783477
MT-RNR1	135	56.878	1.4292272727272726	-45.09159090909091	MITHRIL.2343	1.797612685890993e-05	0.00045631244323342414	0.20441595441595442
MT-RNR1	136	52.773500000000006	5.042090909090909	-39.762818181818176	MITHRIL.2346	1.0478878551884017e-05	0.0702373194685153	0.2606837606837607
MT-RNR1	137	47.301318181818175	9.799227272727272	-41.62386363636364	MITHRIL.2349	2.220331748291417e-06	0.6935563880346659	0.39886039886039887
MT-RNR1	138	45.15605	12.88615	-40.05195	MITHRIL.2352	8.486519216974135e-07	0.1457477395706057	0.4188034188034188
MT-RNR1	139	44.90908695652174	14.138173913043476	-35.435391304347824	MITHRIL.2355	7.515041587371186e-07	0.4467199041485697	0.4166666666666667
MT-RNR1	140	45.08995	15.73995	-30.88015	MITHRIL.2358	-6.848465809343345e-07	0.35624302541847486	0.452991452991453
MT-RNR1	141	47.84015	17.2699	-27.0341	MITHRIL.2361	3.313074286649775e-07	0.8242532045176214	0.4166666666666667
MT-RNR1	142	51.78675	19.58825	-25.29975	MITHRIL.2364	-2.6987546952577627e-06	0.3330763704513509	0.5555555555555555
MT-RNR1	143	55.40636363636364	22.76222727272728	-26.504181818181817	MITHRIL.2367	1.0130067508933984e-05	0.045681955950697115	0.1851851851851852
MT-RNR1	144	60.27139130434782	28.669260869565218	-27.67621739130435	MITHRIL.2370	5.271517305253256e-06	0.2764972418216806	0.33547008547008544
MT-RNR1	145	63.893600000000006	26.33835	-30.2349	MITHRIL.2373	2.8547635489772813e-07	0.5831879396984925	0.42735042735042733
MT-RNR1	146	67.01065	23.6694	-35.0589	MITHRIL.2376	1.5763187826201418e-05	0.003175559652357124	0.21367521367521367
MT-RNR1	147	70.95439999999999	28.74855	-30.3676	MITHRIL.2379	7.185765925001783e-07	0.838128305981283	0.4195156695156695
MT-RNR1	148	77.6700909090909	33.90627272727273	-34.653318181818186	MITHRIL.2382	4.814815765151162e-06	0.3279085928940367	0.358974358974359
MT-RNR1	149	70.68330434782608	34.45443478260869	-32.718434782608696	MITHRIL.2385	5.6121914921824554e-06	0.20689517470881863	0.35042735042735046
MT-RNR1	150	66.2895	34.49375	-35.1412	MITHRIL.2388	-6.218320921435842e-06	0.6032244536494786	0.5106837606837608
MT-RNR1	151	61.34515	34.17865	-35.54600000000001	MITHRIL.2391	7.631436428123665e-06	0.17807014089288745	0.34401709401709396
MT-RNR1	152	57.09418181818182	35.55718181818182	-33.6390909090909	MITHRIL.2394	4.32268285233323e-06	0.47867866369710466	0.3803418803418803
MT-RNR1	153	53.885850000000005	38.39245	-31.6776	MITHRIL.2397	-4.001941497130609e-06	0.08117006802721088	0.4829059829059829
MT-RNR1	154	53.29663636363637	42.87722727272728	-30.032045454545457	MITHRIL.2400	9.584394856658041e-06	0.049817307692307695	0.30769230769230765
MT-RNR1	155	46.493	44.5043	-24.9199	MITHRIL.2403	4.982795270485376e-06	0.2824945466176235	0.3525641025641026
MT-RNR1	156	43.381	40.4758	-26.208350000000003	MITHRIL.2406	1.7909384032646077e-06	0.7900661823166554	0.4038461538461539
MT-RNR1	157	40.32205	38.3891	-29.72675	MITHRIL.2409	-7.312266623125268e-06	0.31019393939393936	0.532051282051282
MT-RNR1	158	43.14985	34.39585	-34.620400000000004	MITHRIL.2412	-4.405939240576731e-06	0.0465016333938294	0.4829059829059829
MT-RNR1	159	43.1596	38.72895	-36.2318	MITHRIL.2415	7.37865152197513e-06	0.4696396605627513	0.35683760683760685
MT-RNR1	160	42.04395454545455	42.81677272727273	-35.16072727272728	MITHRIL.2418	9.033240060531461e-06	0.10612535570959505	0.34045584045584043
MT-RNR1	161	37.512600000000006	47.10185	-38.11195	MITHRIL.2421	2.6247387364298686e-05	0.0	0.19586894586894588
MT-RNR1	162	35.7375652173913	47.05243478260869	-34.194478260869566	MITHRIL.2424	6.64123038390652e-06	0.07177142857142857	0.3632478632478633
MT-RNR1	163	34.85352173913044	46.054173913043485	-29.550217391304347	MITHRIL.2427	-3.1069678911144182e-06	0.3775532523450715	0.47222222222222227
MT-RNR1	164	36.00265217391304	45.60260869565217	-24.884	MITHRIL.2430	1.477248064563874e-06	0.44126976115367283	0.40811965811965817
MT-RNR1	165	36.81740909090909	48.63286363636364	-22.729136363636364	MITHRIL.2433	6.023088047126027e-06	0.5407930131004367	0.32834757834757833
MT-RNR1	166	40.14868181818181	51.822318181818176	-21.329818181818183	MITHRIL.2436	2.1275348378083643e-05	0.0	0.0705128205128205
MT-RNR1	167	45.67131818181818	48.98318181818183	-21.636318181818183	MITHRIL.2439	1.2795662089834511e-05	0.009035971223021582	0.20085470085470084
MT-RNR1	168	53.7197	48.3796	-17.8684	MITHRIL.2442	-3.603794382836197e-06	0.8291647826086956	0.5548433048433048
MT-RNR1	169	54.69536363636364	41.86786363636364	-22.13222727272728	MITHRIL.2445	3.7396901987441534e-06	0.4228621792936915	0.34829059829059833
MT-RNR1	170	59.65491304347827	49.64734782608695	-22.045217391304348	MITHRIL.2448	-3.622705143179866e-06	0.45510999551770503	0.5192307692307693
MT-RNR1	171	63.07885	49.9825	-18.4368	MITHRIL.2451	-3.9916999518016165e-06	0.5739854922279792	0.5726495726495726
MT-RNR1	172	63.01918181818182	50.76154545454545	-13.653363636363638	MITHRIL.2454	-3.074376096114845e-07	0.8135793583617746	0.45085470085470086
MT-RNR1	173	60.25491304347826	49.305217391304346	-10.39095652173913	MITHRIL.2457	-5.140880319214541e-07	0.7737264317180617	0.532051282051282
MT-RNR1	174	56.6562	47.7216	-7.207800000000001	MITHRIL.2460	2.227063715963042e-06	0.4077847697218422	0.7635327635327634
MT-RNR1	175	52.52417391304348	44.40160869565217	-5.936521739130434	MITHRIL.2463	-2.2945493859552155e-07	0.7761914191419143	0.40811965811965817
MT-RNR1	176	51.031090909090906	40.316545454545455	-5.3155	MITHRIL.2466	-2.474055214389499e-06	0.2038591060707138	0.27492877492877493
MT-RNR1	177	51.55800000000001	36.02235	-5.09135	MITHRIL.2469	1.2568185588193462e-06	0.3542913886733902	0.4807692307692308
MT-RNR1	178	54.6604	32.56205	-4.83085	MITHRIL.2472	-5.103018439582939e-06	0.07786484330484329	0.2706552706552707
MT-RNR1	179	59.48109090909091	27.53631818181818	-5.222363636363636	MITHRIL.2475	-4.632337374766112e-06	0.17903275072119465	0.3226495726495726
MT-RNR1	180	61.13400000000001	31.205181818181817	-7.350227272727273	MITHRIL.2478	-1.916771559211333e-06	0.3363970657093803	0.35042735042735046
MT-RNR1	181	62.8772	37.08485	-5.7186	MITHRIL.2481	-1.2728939549657198e-06	0.5028444051304733	0.34116809116809116
MT-RNR1	182	68.01995	43.033550000000005	-9.6186	MITHRIL.2484	2.0151449853829284e-06	0.5420920122217372	0.2257834757834758
MT-RNR1	183	68.6996	49.42285	-8.3669	MITHRIL.2487	-7.251375215488745e-07	0.7958164634981509	0.5299145299145299
MT-RNR1	184	62.63250000000001	54.78325	-7.3399	MITHRIL.2490	-6.121319305723987e-07	0.7527668325041459	0.5804843304843305
MT-RNR1	185	70.29365	56.0086	-11.5228	MITHRIL.2493	3.8466907856071954e-06	0.32349543099387656	0.2514245014245014
MT-RNR1	186	73.13395454545454	58.73631818181818	-15.194454545454546	MITHRIL.2496	-1.2393767942824286e-06	0.5218420404573438	0.47863247863247865
MT-RNR1	187	74.29760869565217	60.33882608695653	-19.61082608695652	MITHRIL.2499	-5.070102475180563e-06	0.11901794687724335	0.5854700854700855
MT-RNR1	188	74.3714	61.1974	-24.4947	MITHRIL.2502	4.255656004099637e-06	0.4776196107562027	0.3368945868945869
MT-RNR1	189	80.713	60.58372727272727	-24.443818181818184	MITHRIL.2505	7.4701464442141394e-06	0.08140872521246459	0.2692307692307692
MT-RNR1	190	81.16131818181817	56.66859090909091	-27.71159090909091	MITHRIL.2508	4.3355396826903403e-07	0.9997326609157267	0.4230769230769231
MT-RNR1	191	79.79185	54.069	-31.1777	MITHRIL.2511	-1.3052066286701217e-05	0.027007253886010364	0.6816239316239315
MT-RNR1	192	75.63022727272727	53.59595454545455	-33.51918181818182	MITHRIL.2514	2.5509464790507163e-06	0.20596058588548605	0.39316239316239315
MT-RNR1	193	71.57727272727273	55.13368181818182	-35.5875	MITHRIL.2517	2.8432691676982474e-06	0.6327466666666666	0.3952991452991453
MT-RNR1	194	68.4719090909091	58.43368181818182	-37.44168181818182	MITHRIL.2520	9.509702172900502e-06	0.05938976671240933	0.32264957264957267
MT-RNR1	195	67.6309	62.1289	-40.0459	MITHRIL.2523	2.4189631397811108e-06	0.06257964912280702	0.40598290598290604
MT-RNR1	196	70.11791304347825	65.93926086956522	-42.10856521739131	MITHRIL.2526	-5.764587491058534e-06	0.059945454545454545	0.49572649572649574
MT-RNR1	197	72.15522727272727	70.10013636363637	-46.05386363636364	MITHRIL.2529	1.2987142128641663e-05	0.03620050125313283	0.29415954415954415
MT-RNR1	198	74.7849090909091	69.64627272727272	-42.454772727272726	MITHRIL.2532	7.156199878693848e-06	0.09888743088831552	0.34829059829059833
MT-RNR1	199	76.78668181818182	70.78181818181818	-38.00668181818182	MITHRIL.2535	4.940814442840945e-06	0.24895605002436252	0.3653846153846154
MT-RNR1	200	75.66878260869565	67.8445652173913	-35.05543478260869	MITHRIL.2538	4.779482970987942e-06	0.058379551710578056	0.3632478632478633
MT-RNR1	201	72.17994999999999	67.00125	-31.45455	MITHRIL.2541	-5.374528351567761e-06	0.32558733343784296	0.5213675213675214
MT-RNR1	202	69.5252	63.8319	-28.8916	MITHRIL.2544	-1.4496404788339422e-05	0.0028052113799521402	0.7094017094017094
MT-RNR1	203	69.07255	59.50025000000001	-26.79615	MITHRIL.2547	-1.2356871757349791e-05	0.009363727598566308	0.6923076923076924
MT-RNR1	204	66.60527272727273	55.39822727272727	-19.66409090909091	MITHRIL.2550	3.574354352747674e-06	0.4754390367177048	0.3311965811965812
MT-RNR1	205	70.18995454545455	51.83868181818182	-26.45018181818181	MITHRIL.2553	2.637500551354047e-06	0.41095053894033706	0.3796296296296296
MT-RNR1	206	73.43285	50.872	-24.5031	MITHRIL.2556	-6.949738705789333e-06	0.17829572301425664	0.6032763532763533
MT-RNR1	207	77.6164	51.6093	-22.0993	MITHRIL.2559	-7.606801358626814e-06	0.06434775858723074	0.6581196581196581
MT-RNR1	208	79.312	52.47050000000001	-17.611636363636364	MITHRIL.2562	1.2957339569715532e-06	0.6614650927487353	0.38888888888888884
MT-RNR1	209	78.46909090909091	51.57172727272727	-12.832	MITHRIL.2565	1.4471474533323945e-06	0.673038383838384	0.3696581196581197
MT-RNR1	210	75.89399999999999	49.30313043478261	-8.894086956521738	MITHRIL.2568	-6.849635183626731e-07	0.9523394845773803	0.4829059829059829
MT-RNR1	211	74.77975	45.9708	-6.09205	MITHRIL.2571	1.12031453062165e-07	0.8798262228810132	0.41381766381766383
MT-RNR1	212	74.58250000000001	41.15765	-5.06015	MITHRIL.2574	-1.5370759527653138e-09	0.965041726618705	0.4294871794871795
MT-RNR1	213	76.96745454545454	34.359272727272725	-1.4395909090909091	MITHRIL.2577	-1.182026592866576e-06	0.9603700680272109	0.3668091168091168
MT-RNR1	214	74.79245	33.358850000000004	-7.607850000000001	MITHRIL.2580	-5.750420087331762e-07	0.7547448142521751	0.32621082621082625
MT-RNR1	215	79.53713636363636	31.668000000000003	-9.787272727272727	MITHRIL.2583	3.9454344817130987e-07	0.9103471819645733	0.27492877492877493
MT-RNR1	216	84.2322	31.13955	-10.69335	MITHRIL.2586	1.305098374807127e-06	0.6374812553011027	0.24145299145299146
MT-RNR1	217	89.0192	32.62745	-10.11495	MITHRIL.2589	-7.640937683811979e-07	0.7527668325041459	0.5356125356125356
MT-RNR1	218	92.5215	34.77081818181818	-7.110545454545454	MITHRIL.2592	1.5441108550171141e-06	0.657598650168729	0.2856125356125356
MT-RNR1	219	94.25945454545456	35.54722727272727	-2.7985454545454544	MITHRIL.2595	9.659980959909664e-07	0.807259368593686	0.31339031339031337
MT-RNR1	220	94.94555	35.3985	1.85195	MITHRIL.2598	1.878224833361259e-06	0.4934192938395627	0.07407407407407407
MT-RNR1	221	98.00505	38.50775	6.1405	MITHRIL.2601	6.33381867797376e-07	0.8327863155036656	0.17450142450142447
MT-RNR1	222	92.55705	38.18855	9.01775	MITHRIL.2604	-1.5879631208397564e-06	0.31673043478260865	0.16809116809116809
MT-RNR1	223	90.431	34.732600000000005	8.7208	MITHRIL.2607	-3.867154957797927e-06	0.1092015253313964	0.1745014245014245
MT-RNR1	224	86.06318181818182	29.252863636363635	8.4265	MITHRIL.2610	-4.766391429359603e-06	0.10514068663257851	0.3176638176638176
MT-RNR1	225	82.24082608695652	25.659	9.101521739130437	MITHRIL.2613	-1.3296704977880318e-06	0.24895605002436252	0.4123931623931624
MT-RNR1	226	78.97547826086956	22.323478260869567	7.659565217391304	MITHRIL.2616	6.401190766822573e-06	0.19087144298688197	0.5064102564102564
MT-RNR1	227	77.71886956521739	17.923521739130432	7.461913043478261	MITHRIL.2619	1.1088105888463868e-05	0.061030985915492955	0.5341880341880342
MT-RNR1	228	77.5778	13.61805	8.5928	MITHRIL.2622	3.123144820425035e-05	0.0	0.6666666666666666
MT-RNR1	229	79.3899	9.42315	11.0529	MITHRIL.2625	2.5849347386734243e-05	0.03015683269476373	0.6018518518518519
MT-RNR1	230	76.02021739130434	1.7619130434782608	9.849608695652174	MITHRIL.2628	1.1498619320424442e-05	0.357779126664602	0.49572649572649574
MT-RNR1	231	77.54352173913044	0.1662608695652174	5.401173913043478	MITHRIL.2631	-7.501328257402844e-07	0.7738273916035788	0.42735042735042733
MT-RNR1	232	78.90115	1.1266	1.3528	MITHRIL.2634	2.675803649483286e-05	0.0	0.6388888888888888
MT-RNR1	233	81.02465	4.2228	0.6468499999999999	MITHRIL.2637	-2.2416124828860194e-05	0.0	0.22863247863247863
MT-RNR1	234	85.33995454545455	7.452909090909091	4.026272727272727	MITHRIL.2640	1.0335128243632417e-05	0.07302213711221754	0.527065527065527
MT-RNR1	235	85.04695454545454	7.574409090909091	8.644636363636364	MITHRIL.2643	1.0581987513447187e-05	0.1227669172932331	0.5149572649572649
MT-RNR1	236	83.1352	7.53625	15.86565	MITHRIL.2646	1.145275732703861e-05	0.08496054114994363	0.5049857549857549
MT-RNR1	237	83.53290000000001	7.091200000000001	21.6278	MITHRIL.2649	3.39238925966001e-05	0.0	0.6324786324786325
MT-RNR1	238	80.4414	6.8152	25.6554	MITHRIL.2652	2.2259804043543983e-05	0.00045631244323342414	0.5512820512820512
MT-RNR1	239	76.1356	7.4069	28.17525	MITHRIL.2655	2.9151059883067986e-05	0.14838671073230128	0.576923076923077
MT-RNR1	240	70.93126086956522	7.393739130434783	27.654086956521738	MITHRIL.2658	3.8771390325779645e-05	0.0	0.6111111111111112
MT-RNR1	241	66.9935	5.45565	27.032400000000003	MITHRIL.2661	7.697413164020388e-05	0.0	0.7606837606837606
MT-RNR1	242	65.23104347826087	1.3850434782608696	26.703478260869563	MITHRIL.2664	6.394594166221393e-05	0.0	0.6837606837606837
MT-RNR1	243	60.6979	-1.93915	19.9798	MITHRIL.2667	7.021874865541408e-05	0.0	0.702991452991453
MT-RNR1	244	59.0495	3.58365	21.94325	MITHRIL.2670	6.401264660745894e-05	0.0	0.7008547008547009
MT-RNR1	245	60.686818181818175	7.783954545454546	19.965818181818182	MITHRIL.2673	2.8473900237041047e-05	0.0	0.5641025641025641
MT-RNR1	246	62.17926086956522	8.248304347826087	15.819347826086958	MITHRIL.2676	4.531898310497886e-05	0.0	0.6517094017094017
MT-RNR1	247	65.12625	8.2711	11.46555	MITHRIL.2679	2.7383153227366442e-06	0.09692335063009637	0.4465811965811966
MT-RNR1	248	66.62745	7.205150000000001	6.779850000000001	MITHRIL.2682	3.726775934940211e-05	0.00045631244323342414	0.6452991452991453
MT-RNR1	249	69.65440909090908	7.051954545454546	0.6321363636363636	MITHRIL.2685	1.654406042070177e-05	0.007018823529411765	0.5527065527065527
MT-RNR1	250	68.39495000000001	2.21035	0.35755	MITHRIL.2688	2.2699446391919997e-05	0.15900817100499912	0.5790598290598291
MT-RNR1	251	68.70135	-1.8476	3.0348	MITHRIL.2691	5.534797740090082e-05	0.0	0.7371794871794872
MT-RNR1	252	66.90417391304348	-1.7035217391304347	7.6872173913043484	MITHRIL.2694	4.747276581194096e-05	0.0	0.6581196581196581
MT-RNR1	253	67.68865	-0.93385	12.89505	MITHRIL.2697	7.315679015514996e-05	0.0	0.75
MT-RNR1	254	65.10721739130435	-0.3073478260869565	17.322739130434783	MITHRIL.2700	5.365153780300439e-05	0.0	0.6495726495726496
MT-RNR1	255	62.63073913043478	-4.766869565217392	21.406652173913045	MITHRIL.2703	5.2696544504147125e-05	0.0	0.6282051282051282
MT-RNR1	256	66.76635	-2.8737	28.88905	MITHRIL.2706	9.541807503956205e-05	0.0	0.7856125356125356
MT-RNR1	257	74.58500000000001	-4.1348	26.5276	MITHRIL.2709	3.458961376864672e-05	0.0012772881355932204	0.5712250712250713
MT-RNR1	258	71.58259090909091	1.4779090909090906	21.290863636363635	MITHRIL.2712	4.316214234912391e-05	0.0	0.6153846153846154
MT-RNR1	259	78.7054	1.04645	16.69285	MITHRIL.2715	1.130894586304966e-05	0.016988277727682598	0.4900284900284901
MT-RNR1	260	72.92786363636364	2.313181818181818	13.527636363636365	MITHRIL.2718	4.4668682358325984e-05	0.0	0.6474358974358975
MT-RNR1	261	69.6581	7.52355	17.20895	MITHRIL.2721	5.812732357515297e-05	0.0	0.7115384615384616
MT-RNR1	262	70.3164347826087	11.64382608695652	20.13234782608696	MITHRIL.2724	3.0271111755126233e-05	0.0	0.5918803418803419
MT-RNR1	263	73.65718181818183	14.34990909090909	21.747136363636365	MITHRIL.2727	1.1817560324018967e-05	0.1956255233629208	0.5021367521367521
MT-RNR1	264	78.0158	15.6684	22.3932	MITHRIL.2730	1.3538363328544911e-05	0.7819323819978047	0.5213675213675214
MT-RNR1	265	83.02495	15.15295	21.6471	MITHRIL.2733	-7.223878656326474e-08	0.23882036553524807	0.43162393162393164
MT-RNR1	266	86.08881818181818	14.28390909090909	18.178272727272727	MITHRIL.2736	7.4823489698182995e-06	0.4136111650485437	0.4914529914529915
MT-RNR1	267	87.29690909090908	13.848863636363635	13.600363636363635	MITHRIL.2739	2.6244774348215535e-06	0.443546782660867	0.4551282051282051
MT-RNR1	268	87.49635	13.634	8.596599999999999	MITHRIL.2742	5.60017215714335e-06	0.17700122365737592	0.4871794871794872
MT-RNR1	269	86.43695	15.46615	3.9097	MITHRIL.2745	1.2835407013097106e-05	0.20107744197695776	0.5833333333333334
MT-RNR1	270	85.99504999999999	19.4028	1.22285	MITHRIL.2748	8.677061624381372e-06	0.633544312393888	0.5705128205128205
MT-RNR1	271	86.79863636363636	23.98990909090909	1.772363636363636	MITHRIL.2751	-5.385939131648102e-06	0.1540565894154272	0.306980056980057
MT-RNR1	272	84.09759090909091	30.292681818181816	2.1592272727272728	MITHRIL.2754	-1.0779276803265893e-06	0.6672323595505618	0.3924501424501425
MT-RNR1	273	80.03386956521739	27.77121739130435	0.2506521739130434	MITHRIL.2757	-2.8026361846000077e-06	0.6383986436846567	0.35683760683760685
MT-RNR1	274	78.35995	23.21655	0.692	MITHRIL.2760	2.710025097638961e-06	0.2916542329726289	0.47792022792022787
MT-RNR1	275	75.70915	20.07975	-0.8015000000000001	MITHRIL.2763	-1.0937915734227134e-05	0.031320101781170485	0.27136752136752135
MT-RNR1	276	69.539	18.4345	0.3236363636363636	MITHRIL.2766	-2.1394159488264213e-06	0.036738	0.40811965811965817
MT-RNR1	277	66.29313636363636	17.95177272727273	-2.9071818181818183	MITHRIL.2769	-2.3004129826052854e-06	0.6898070798936616	0.4038461538461538
MT-RNR1	278	64.5264	17.71315	-7.12815	MITHRIL.2772	1.1094236929229643e-05	0.06232229373902867	0.6004273504273504
MT-RNR1	279	65.90240909090909	17.759454545454545	-11.930818181818182	MITHRIL.2775	-3.007646801715375e-06	0.3141287088128646	0.3525641025641026
MT-RNR1	280	68.9535652173913	16.423608695652174	-15.502521739130437	MITHRIL.2778	-1.389224613920943e-06	0.775060338423442	0.35683760683760685
MT-RNR1	281	72.51854545454545	14.021	-17.73409090909091	MITHRIL.2781	-1.3075373033946209e-06	0.4770187221396731	0.2371794871794872
MT-RNR1	282	72.27209090909092	8.390363636363636	-19.697954545454547	MITHRIL.2784	-6.730685873391625e-07	0.5928550458715596	0.12606837606837606
MT-RNR1	283	68.83708695652173	5.697086956521739	-24.04869565217391	MITHRIL.2787	4.173535678169736e-06	0.18250553018772195	0.07692307692307693
MT-RNR1	284	70.50835	1.2412	-30.0704	MITHRIL.2790	9.182473357929224e-06	0.03806218174291037	0.146011396011396
MT-RNR1	285	74.00185	-3.89705	-32.8415	MITHRIL.2793	1.3756852598244483e-06	0.6731553934633189	0.3952991452991453
MT-RNR1	286	70.31234782608695	-7.995913043478261	-27.22439130434783	MITHRIL.2796	-2.557025722519624e-07	0.9607897599999999	0.4764957264957265
MT-RNR1	287	67.55860869565217	-11.823	-26.974608695652176	MITHRIL.2799	3.5010151277516604e-07	0.974728172386273	0.5683760683760684
MT-RNR1	288	64.17535000000001	-15.66155	-27.13965	MITHRIL.2802	1.3360673370407611e-06	0.9849763252291749	0.6068376068376068
MT-RNR1	289	64.23282608695652	-23.300608695652173	-23.162260869565216	MITHRIL.2805	-6.068089286772488e-07	0.3012011410459588	0.4123931623931624
MT-RNR1	290	62.4717	-22.1626	-18.8106	MITHRIL.2808	8.769697512645614e-06	0.05887962308598352	0.5534188034188033
MT-RNR1	291	63.67922727272728	-16.869590909090906	-16.663045454545454	MITHRIL.2811	-5.420419732340959e-06	0.1026507506407909	0.3653846153846154
MT-RNR1	292	60.48290909090909	-12.306772727272728	-19.34536363636364	MITHRIL.2814	-9.61791089638176e-06	0.013852941176470589	0.28418803418803423
MT-RNR1	293	59.627318181818175	-14.015363636363638	-23.44231818181818	MITHRIL.2817	-4.262057439614285e-06	0.13329341571050307	0.32621082621082625
MT-RNR1	294	58.48830434782609	-17.25491304347826	-30.78091304347826	MITHRIL.2820	1.489974552817663e-06	0.633544312393888	0.25641025641025644
MT-RNR1	295	52.181636363636365	-15.45181818181818	-31.8155	MITHRIL.2823	-1.1909986720712576e-07	0.8776589995955238	0.32905982905982906
MT-RNR1	296	46.49521739130435	-20.47017391304348	-32.59313043478261	MITHRIL.2826	1.2922111687061195e-07	0.742738802660754	0.4423076923076923
MT-RNR1	297	48.5497	-21.7461	-36.89595	MITHRIL.2829	-2.1476733763476822e-06	0.30201298907017265	0.5341880341880342
MT-RNR1	298	49.04365217391304	-20.953260869565216	-42.049217391304346	MITHRIL.2832	-1.8157809409867027e-06	0.5333372245731796	0.4679487179487179
MT-RNR1	299	49.9942	-19.0107	-46.36245	MITHRIL.2835	-1.908198860983195e-06	0.4261158021712907	0.4594017094017094
MT-RNR1	300	51.06905	-14.09205	-49.5645	MITHRIL.2838	-8.647273889963119e-06	0.12774243070362473	0.5405982905982906
MT-RNR1	301	52.188300000000005	-9.32855	-51.49305	MITHRIL.2841	-2.891309342115239e-06	0.08521172051089405	0.46581196581196577
MT-RNR1	302	55.08265	-5.61135	-51.940650000000005	MITHRIL.2844	3.254190404491916e-06	0.7780433205057724	0.396011396011396
MT-RNR1	303	59.18486363636364	-6.5395	-51.72886363636364	MITHRIL.2847	5.002977858911075e-06	0.5233701230228471	0.3782051282051282
MT-RNR1	304	63.53891304347826	-8.61108695652174	-50.16339130434783	MITHRIL.2850	1.328850458464252e-05	0.1479910863509749	0.2905982905982906
MT-RNR1	305	67.19936363636363	-11.522636363636364	-50.13059090909091	MITHRIL.2853	7.116269702447295e-06	0.1856345537371351	0.358974358974359
MT-RNR1	306	70.85225	-14.005	-51.5771	MITHRIL.2856	2.2762300478390518e-05	0.0	0.2101139601139601
MT-RNR1	307	70.16825	-19.67615	-49.57355	MITHRIL.2859	4.0509922036163486e-05	0.0	0.05341880341880342
MT-RNR1	308	68.07295454545455	-20.247636363636364	-55.89795454545454	MITHRIL.2862	6.074688328452553e-06	0.6369321080164004	0.3782051282051282
MT-RNR1	309	68.9866	-22.108	-59.5591	MITHRIL.2865	3.797376287742701e-05	0.0	0.1047008547008547
MT-RNR1	310	72.06395	-24.88155	-61.4471	MITHRIL.2868	1.619335680509174e-05	0.004971733062674448	0.28632478632478636
MT-RNR1	311	73.94635	-28.7415	-60.1822	MITHRIL.2871	9.48535092001241e-06	0.1836247380871916	0.34401709401709396
MT-RNR1	312	73.40180000000001	-32.4904	-57.5341	MITHRIL.2874	3.136870435653294e-05	0.0	0.14387464387464388
MT-RNR1	313	70.59265	-35.57085	-55.2676	MITHRIL.2877	3.603540302518914e-05	0.0	0.10185185185185185
MT-RNR1	314	66.1908	-37.7233	-53.714	MITHRIL.2880	3.057170689381985e-05	0.0	0.14886039886039884
MT-RNR1	315	61.11355	-38.986450000000005	-53.6983	MITHRIL.2883	3.1938378377497986e-05	0.0	0.13532763532763534
MT-RNR1	316	56.6601	-45.157	-51.69765	MITHRIL.2886	3.352214334730988e-05	0.0	0.09615384615384615
MT-RNR1	317	53.2398	-45.615750000000006	-48.6158	MITHRIL.2889	3.156664905405e-05	0.0	0.09829059829059829
MT-RNR1	318	50.831900000000005	-46.0037	-43.9171	MITHRIL.2892	2.9703216776023554e-05	0.0	0.06766381766381767
MT-RNR1	319	46.56436363636363	-44.47140909090909	-38.85177272727273	MITHRIL.2895	8.873397785893673e-06	0.04248235294117647	0.2756410256410256
MT-RNR1	320	44.14072727272728	-37.50777272727273	-44.53309090909091	MITHRIL.2898	1.838927513068853e-05	0.0008775545851528385	0.17094017094017092
MT-RNR1	321	40.0052	-36.03555	-44.1266	MITHRIL.2901	-2.1946548991205136e-06	0.40897283500455794	0.47008547008547
MT-RNR1	322	35.20463636363636	-35.705636363636366	-46.144045454545456	MITHRIL.2904	1.0316766365726933e-06	0.4710840821184172	0.41452991452991456
MT-RNR1	323	31.07077272727273	-37.94045454545454	-47.15431818181818	MITHRIL.2907	6.207390019133328e-06	0.21840951751487112	0.3311965811965812
MT-RNR1	324	28.021727272727272	-41.67140909090909	-47.41559090909091	MITHRIL.2910	6.892140462837384e-06	0.14838671073230128	0.3269230769230769
MT-RNR1	325	26.937391304347823	-46.11795652173913	-46.02234782608695	MITHRIL.2913	5.0422791065311415e-06	0.21442278900298115	0.35683760683760685
MT-RNR1	326	26.7436	-50.051	-43.4975	MITHRIL.2916	8.394738533292386e-07	0.7826522156674441	0.4195156695156695
MT-RNR1	327	27.45745	-53.184450000000005	-39.4109	MITHRIL.2919	3.7593414661974104e-06	0.24854719740048742	0.3732193732193732
MT-RNR1	328	30.140272727272727	-57.064136363636365	-35.405818181818184	MITHRIL.2922	1.3782736629461426e-05	0.00045631244323342414	0.20299145299145302
MT-RNR1	329	29.94340909090909	-57.766681818181816	-30.82945454545455	MITHRIL.2925	7.403764682861268e-06	0.04172072995694074	0.27706552706552706
MT-RNR1	330	28.05536363636364	-56.73131818181818	-26.77936363636364	MITHRIL.2928	6.056760986278016e-06	0.112017938517179	0.2492877492877493
MT-RNR1	331	23.953954545454543	-54.46831818181818	-24.462454545454545	MITHRIL.2931	4.358784178679987e-06	0.3241366588235294	0.2514245014245014
MT-RNR1	332	19.57565	-53.34125	-23.0532	MITHRIL.2934	6.212538241923523e-06	0.08951991034740381	0.15384615384615385
MT-RNR1	333	15.208000000000002	-54.42805	-23.05365	MITHRIL.2937	2.6196524667780826e-06	0.6212542199488491	0.35185185185185186
MT-RNR1	334	11.5202	-57.67999999999999	-23.69715	MITHRIL.2940	1.0519707180786947e-05	0.010669183577159036	0.2343304843304843
MT-RNR1	335	10.192454545454543	-62.62804545454546	-23.75677272727273	MITHRIL.2943	2.539728339938893e-06	0.37081720363804527	0.3945868945868946
MT-RNR1	336	9.63955	-67.52175	-22.3116	MITHRIL.2946	1.9755097697485267e-05	0.00045631244323342414	0.17094017094017097
MT-RNR1	337	10.79375	-70.5638	-18.9451	MITHRIL.2949	2.446173898251583e-06	0.48767602131438714	0.3952991452991453
MT-RNR1	338	12.7315	-71.45694999999999	-14.556299999999998	MITHRIL.2952	-1.8906644645037595e-07	0.23259868938401052	0.4358974358974359
MT-RNR1	339	14.070652173913045	-69.20247826086957	-10.121130434782607	MITHRIL.2955	1.107306202876468e-05	0.0028052113799521402	0.09188034188034189
MT-RNR1	340	13.82909090909091	-66.40372727272728	-6.093272727272727	MITHRIL.2958	6.292130476794494e-07	0.960644011736463	0.3611111111111111
MT-RNR1	341	17.918434782608696	-62.10286956521739	-3.986782608695652	MITHRIL.2961	6.542339455377437e-06	0.07374678899082569	0.641025641025641
MT-RNR1	342	21.3757	-59.4175	-6.532850000000001	MITHRIL.2964	7.900799164204011e-07	0.6098882327770646	0.4501424501424501
MT-RNR1	343	24.444650000000003	-55.98175	-7.12565	MITHRIL.2967	1.9049142439988102e-05	0.0008775545851528385	0.702991452991453
MT-RNR1	344	27.49369565217392	-53.58934782608696	-4.687173913043479	MITHRIL.2970	2.3512526192977267e-05	0.0	0.6645299145299145
MT-RNR1	345	31.95575	-52.1188	-2.00965	MITHRIL.2973	6.554020757424451e-06	0.15241641558441557	0.4843304843304843
MT-RNR1	346	36.25477272727273	-49.605	2.624772727272727	MITHRIL.2976	-3.272050989176373e-06	0.14482180293501049	0.41168091168091164
MT-RNR1	347	32.520272727272726	-51.47722727272728	3.879227272727273	MITHRIL.2979	-3.3731036446589974e-05	0.0	0.19658119658119658
MT-RNR1	348	27.878	-51.38059090909091	3.716090909090909	MITHRIL.2982	-1.5582498011959156e-05	0.0012772881355932204	0.3155270655270655
MT-RNR1	349	23.390590909090907	-49.90327272727273	2.702636363636364	MITHRIL.2985	1.950341833007935e-05	0.0	0.5833333333333334
MT-RNR1	350	20.017454545454545	-48.43959090909091	-0.106590909090909	MITHRIL.2988	-3.3207814418887874e-06	0.5326906861313869	0.4038461538461539
MT-RNR1	351	17.534545454545455	-49.76104545454545	-3.4092727272727275	MITHRIL.2991	-2.2924836560215405e-06	0.5251929167276452	0.4066951566951567
MT-RNR1	352	15.02255	-52.12325	-6.67675	MITHRIL.2994	2.684934490638221e-06	0.9370606741573034	0.4807692307692308
MT-RNR1	353	12.27645	-56.12044999999999	-6.546200000000001	MITHRIL.2997	-1.815947788213467e-06	0.33856199532346065	0.3554131054131054
MT-RNR1	354	7.50235	-56.6917	-12.48125	MITHRIL.3000	4.365329301067189e-06	0.14759477260846837	0.20512820512820515
MT-RNR1	355	14.034200000000002	-58.55185	-12.17075	MITHRIL.3003	1.8922667986512312e-06	0.43335119674845707	0.15598290598290598
MT-RNR1	356	17.769772727272727	-61.686136363636365	-13.485227272727274	MITHRIL.3006	9.091657614122138e-07	0.8573550446307817	0.34829059829059833
MT-RNR1	357	19.904	-65.18165217391304	-16.31808695652174	MITHRIL.3009	2.173126192404403e-06	0.808671165141374	0.34829059829059833
MT-RNR1	358	21.00185	-67.6418	-20.4041	MITHRIL.3012	4.129628777530222e-06	0.2983796954314721	0.3333333333333333
MT-RNR1	359	20.002	-67.7929	-25.0103	MITHRIL.3015	-4.570556459512045e-07	0.656299746835443	0.44017094017094016
MT-RNR1	360	17.678565217391302	-65.20965217391304	-28.84678260869565	MITHRIL.3018	1.0193490050493622e-05	0.007689795918367347	0.2884615384615385
MT-RNR1	361	16.90018181818182	-61.421772727272725	-31.51790909090909	MITHRIL.3021	1.4695325264975287e-05	0.0008775545851528385	0.23646723646723644
MT-RNR1	362	17.97055	-57.1487	-32.824	MITHRIL.3024	2.3097441357350535e-05	0.0	0.1047008547008547
MT-RNR1	363	21.382772727272727	-49.98527272727272	-32.05386363636364	MITHRIL.3027	4.9371729635864875e-06	0.14432039140311026	0.31837606837606836
MT-RNR1	364	20.2076	-43.7837	-35.61855	MITHRIL.3030	1.0083369813748843e-05	0.019129458917835674	0.15313390313390315
MT-RNR1	365	26.228272727272728	-45.76395454545455	-30.836954545454542	MITHRIL.3033	2.1398245813424613e-06	0.4627683865195348	0.30982905982905984
MT-RNR1	366	30.62340909090909	-45.78936363636364	-30.503590909090907	MITHRIL.3036	2.7965631892732425e-06	0.30857749013417524	0.2222222222222222
MT-RNR1	367	34.268181818181816	-47.34977272727272	-32.859545454545454	MITHRIL.3039	7.310463995837465e-06	0.05313172674765983	0.18304843304843307
MT-RNR1	368	39.84618181818182	-54.863772727272725	-29.281272727272725	MITHRIL.3042	4.625098923220169e-06	0.20757844311377247	0.2564102564102564
MT-RNR1	369	43.60535	-55.60015	-30.5423	MITHRIL.3045	5.626506960523916e-06	0.12896687377951357	0.2564102564102564
MT-RNR1	370	46.424090909090914	-54.45490909090909	-33.33804545454546	MITHRIL.3048	8.428057285993255e-06	0.04624432781590634	0.23646723646723644
MT-RNR1	371	48.834826086956525	-51.30134782608696	-33.301478260869565	MITHRIL.3051	1.1564976867897333e-05	0.015742779291553134	0.15384615384615383
MT-RNR1	372	55.73136363636363	-53.90290909090909	-28.35990909090909	MITHRIL.3054	1.7173444378612932e-06	0.7540164686377452	0.3076923076923077
MT-RNR1	373	54.59755	-49.32975	-34.34675	MITHRIL.3057	1.370114316961626e-05	0.003175559652357124	0.11965811965811966
MT-RNR1	374	56.0953	-45.2395	-35.07935	MITHRIL.3060	1.5150472849299353e-06	0.5400726849155504	0.396011396011396
MT-RNR1	375	52.77009090909091	-41.77586363636363	-39.48981818181818	MITHRIL.3063	4.718393299282373e-06	0.352390243902439	0.353988603988604
MT-RNR1	376	50.431650000000005	-38.42975	-42.1468	MITHRIL.3066	-7.887411672174756e-06	0.2266130613587761	0.5512820512820512
MT-RNR1	377	48.98121739130435	-33.7394347826087	-41.58608695652174	MITHRIL.3069	7.80918183433991e-06	0.12299269863994275	0.30128205128205127
MT-RNR1	378	48.09086363636364	-27.511772727272728	-42.32159090909091	MITHRIL.3072	3.7273612088994897e-06	0.5012145701224008	0.3653846153846154
MT-RNR1	379	47.25754545454545	-28.368090909090903	-37.74259090909091	MITHRIL.3075	1.9301165983793545e-06	0.5257007754206291	0.36752136752136755
MT-RNR1	380	44.214681818181816	-30.042181818181817	-34.70790909090909	MITHRIL.3078	7.615143107482355e-07	0.7745448541552009	0.30128205128205127
MT-RNR1	381	44.57469565217392	-34.17882608695652	-34.08086956521739	MITHRIL.3081	-5.154941760421548e-08	0.9578843116328709	0.44017094017094016
MT-RNR1	382	43.0948	-38.5623	-35.3546	MITHRIL.3084	-3.7068238558649507e-06	0.18426423505572442	0.6239316239316239
MT-RNR1	383	44.008434782608695	-45.194478260869566	-34.849347826086955	MITHRIL.3087	9.26271948435021e-06	0.04731801167236868	0.18162393162393164
MT-RNR1	384	35.97082608695652	-49.35095652173913	-38.04147826086956	MITHRIL.3090	5.218999399557565e-06	0.32716980422866093	0.3304843304843305
MT-RNR1	385	36.07175	-50.87085	-42.65735	MITHRIL.3093	-4.026081646500223e-06	0.04624432781590634	0.49786324786324787
MT-RNR1	386	35.35605	-50.0872	-47.7055	MITHRIL.3096	-1.4190920419926087e-05	0.00389860320744956	0.6452991452991453
MT-RNR1	387	35.15625	-47.2626	-51.80165	MITHRIL.3099	-1.5433843860164383e-05	0.0	0.6474358974358975
MT-RNR1	388	35.6072	-42.98485	-54.4732	MITHRIL.3102	-1.8072209715773805e-05	0.00045631244323342414	0.6666666666666666
MT-RNR1	389	37.88813636363636	-38.59768181818182	-54.5135	MITHRIL.3105	1.11897451508306e-06	0.41739951573849876	0.4188034188034188
MT-RNR1	390	41.854	-37.34740909090909	-53.76563636363637	MITHRIL.3108	1.791304064468944e-05	0.008359199421268386	0.2343304843304843
MT-RNR1	391	46.4407	-35.41605	-51.06905	MITHRIL.3111	2.9443424274866117e-05	0.0	0.11752136752136753
MT-RNR1	392	50.38595454545455	-27.90936363636364	-51.893	MITHRIL.3114	1.70491323323704e-05	0.0008775545851528385	0.25356125356125353
MT-RNR1	393	53.66665	-26.51295	-54.51985	MITHRIL.3117	1.6611017775589317e-05	0.0024355507675733906	0.27136752136752135
MT-RNR1	394	59.36386363636364	-27.317636363636367	-60.09031818181818	MITHRIL.3120	1.0019438930659294e-05	0.22795068222916323	0.34188034188034183
MT-RNR1	395	62.7179	-20.31165	-55.46785	MITHRIL.3123	1.2556373714578143e-05	0.03335216016859852	0.31837606837606836
MT-RNR1	396	61.7611	-19.3692	-50.44665	MITHRIL.3126	6.517863027323364e-06	0.33090051602814696	0.36752136752136755
MT-RNR1	397	59.88255	-16.57175	-46.5844	MITHRIL.3129	-1.2082854590814164e-05	0.003175559652357124	0.5747863247863249
MT-RNR1	398	56.14069565217392	-14.08708695652174	-45.91443478260869	MITHRIL.3132	1.3621186412399757e-05	0.00802866828087167	0.2585470085470085
MT-RNR1	399	50.05481818181818	-11.067136363636363	-42.689136363636365	MITHRIL.3135	5.839292919045787e-06	0.14363070466864836	0.3311965811965812
MT-RNR1	400	48.000409090909095	-10.730863636363637	-34.462909090909086	MITHRIL.3138	1.9720751062602245e-06	0.4467199041485697	0.23646723646723644
MT-RNR1	401	46.9155	-4.47315	-40.55545	MITHRIL.3141	1.4080618017852979e-05	0.00389860320744956	0.14743589743589744
MT-RNR1	402	43.990545454545455	-10.371272727272729	-43.102	MITHRIL.3144	9.62206349891663e-06	0.046777267230955266	0.24572649572649574
MT-RNR1	403	41.05905	-13.9715	-44.327	MITHRIL.3147	3.220023308360115e-06	0.4835553446997777	0.36752136752136755
MT-RNR1	404	39.980363636363634	-18.686818181818182	-43.28609090909091	MITHRIL.3150	1.5552540764002117e-06	0.5570750795947902	0.3952991452991453
MT-RNR1	405	39.28795	-22.4369	-40.2768	MITHRIL.3153	1.5185386704213695e-06	0.382700153515505	0.37393162393162394
MT-RNR1	406	39.027181818181816	-23.33777272727273	-35.499863636363635	MITHRIL.3156	-6.319728138087678e-07	0.7731093362709996	0.2735042735042735
MT-RNR1	407	39.20281818181818	-28.488681818181817	-29.130454545454544	MITHRIL.3159	5.798849873075137e-07	0.8058460276220429	0.4437321937321937
MT-RNR1	408	36.07	-29.45995	-26.86875	MITHRIL.3162	-1.0688039234180798e-05	0.02986144013634427	0.2806267806267806
MT-RNR1	409	32.53518181818182	-27.229636363636363	-24.6425	MITHRIL.3165	-3.987355537083752e-06	0.8326947454175153	0.391025641025641
MT-RNR1	410	28.69626086956522	-24.891565217391303	-25.338304347826085	MITHRIL.3168	4.258926865817231e-06	0.03913998351195383	0.4764957264957265
MT-RNR1	411	24.4877	-22.7771	-26.7267	MITHRIL.3171	1.5675545725109455e-05	0.626307757764856	0.611111111111111
MT-RNR1	412	20.30685	-22.5911	-29.75345	MITHRIL.3174	1.3667272781457839e-05	0.007018823529411765	0.6452991452991453
MT-RNR1	413	17.183045454545454	-25.49072727272728	-32.38245454545454	MITHRIL.3177	1.4532146641935546e-06	0.8225011581959396	0.47008547008547
MT-RNR1	414	15.31718181818182	-29.770045454545457	-33.36859090909091	MITHRIL.3180	-1.4387725754135315e-06	0.6034826217335427	0.3611111111111111
MT-RNR1	415	15.847565217391304	-34.73204347826087	-32.63778260869565	MITHRIL.3183	-1.655299028270958e-07	0.9092556703798148	0.4166666666666667
MT-RNR1	416	17.34331818181818	-38.94731818181818	-30.41159090909091	MITHRIL.3186	-4.974517700491693e-07	0.9847066702099391	0.36111111111111116
MT-RNR1	417	17.2912	-42.0958	-26.70335	MITHRIL.3189	-2.625439594176159e-06	0.17654892893573615	0.1688034188034188
MT-RNR1	418	21.70545	-47.01795	-25.03165	MITHRIL.3192	1.9420671372408914e-08	0.9372131585985558	0.1688034188034188
MT-RNR1	419	24.51895	-45.7056	-21.35585	MITHRIL.3195	-2.1152252106803558e-06	0.5159065667695021	0.37393162393162394
MT-RNR1	420	26.86477272727273	-42.14868181818181	-18.73481818181818	MITHRIL.3198	-4.742240931468139e-06	0.09740977777777779	0.3717948717948718
MT-RNR1	421	26.615772727272727	-38.767272727272726	-16.042772727272727	MITHRIL.3201	-8.03615372065454e-06	0.5899994264410668	0.3625356125356125
MT-RNR1	422	26.77540909090909	-31.780272727272724	-13.974272727272728	MITHRIL.3204	-2.262059293127341e-06	0.01542506254264271	0.4180911680911681
MT-RNR1	423	24.3452	-30.92405	-10.9138	MITHRIL.3207	2.3646522729477258e-05	0.0160558476881233	0.5662393162393162
MT-RNR1	424	21.4868	-31.6786	-7.7385	MITHRIL.3210	3.9322893271946857e-05	0.0	0.6495726495726496
MT-RNR1	425	19.472217391304348	-35.390608695652176	-4.690304347826086	MITHRIL.3213	4.436563353005622e-05	0.0	0.69017094017094
MT-RNR1	426	20.06926086956522	-38.94195652173913	-1.5465652173913045	MITHRIL.3216	5.2712445947637846e-05	0.0	0.7457264957264957
MT-RNR1	427	22.83217391304348	-41.82617391304348	1.4039565217391303	MITHRIL.3219	4.669863924063473e-05	0.0	0.7051282051282052
MT-RNR1	428	26.74890909090909	-42.03518181818182	4.114227272727273	MITHRIL.3222	2.4304950673335806e-05	0.0008775545851528385	0.5619658119658119
MT-RNR1	429	30.40675	-40.82145	6.710800000000001	MITHRIL.3225	6.329611274619626e-05	0.0	0.7350427350427351
MT-RNR1	430	31.89045	-37.744150000000005	9.5368	MITHRIL.3228	8.056773279259283e-05	0.0	0.7841880341880342
MT-RNR1	431	33.595045454545456	-32.55527272727273	13.044863636363637	MITHRIL.3231	3.687092939621125e-05	0.0	0.5811965811965812
MT-RNR1	432	31.49030434782609	-31.44052173913044	9.311565217391305	MITHRIL.3234	4.505680995802772e-05	0.0	0.6153846153846154
MT-RNR1	433	31.4705	-32.59840909090909	4.594409090909091	MITHRIL.3237	3.007195832336093e-05	0.0	0.5576923076923076
MT-RNR1	434	27.5536	-28.38725	0.35635	MITHRIL.3240	9.184022769824679e-05	0.0	0.8276353276353277
MT-RNR1	435	32.65895454545454	-33.431681818181815	-1.3058636363636362	MITHRIL.3243	4.7956049783193674e-05	0.0	0.6431623931623932
MT-RNR1	436	34.51855	-37.82605	-2.48235	MITHRIL.3246	6.1121868828446445e-06	0.00045631244323342414	0.4615384615384615
MT-RNR1	437	32.51935	-42.2606	-3.39665	MITHRIL.3249	5.934396930467246e-05	0.0	0.7585470085470085
MT-RNR1	438	28.4241	-44.8073	-4.87095	MITHRIL.3252	5.3775389668586826e-05	0.0	0.7799145299145299
MT-RNR1	439	23.8952	-44.97505	-7.2595	MITHRIL.3255	2.597107690234957e-05	0.11926703750224296	0.6324786324786325
MT-RNR1	440	20.567545454545453	-42.51504545454546	-10.234727272727271	MITHRIL.3258	2.239604244229078e-05	0.0	0.6217948717948718
MT-RNR1	441	19.30565	-39.99935	-13.81175	MITHRIL.3261	2.065991840494909e-05	0.15493849343469246	0.6217948717948718
MT-RNR1	442	19.4553	-35.45055	-17.0328	MITHRIL.3264	4.023732918190826e-05	0.0	0.782051282051282
MT-RNR1	443	22.045954545454546	-31.84890909090909	-20.04409090909091	MITHRIL.3267	2.3718825510806555e-05	0.0	0.6367521367521367
MT-RNR1	444	23.85635	-32.62805	-23.2187	MITHRIL.3270	3.2177204766973194e-05	0.0	0.7692307692307692
MT-RNR1	445	27.07278260869565	-35.96569565217391	-25.58282608695652	MITHRIL.3273	1.3879899556861077e-05	0.043518178121187474	0.6381766381766382
MT-RNR1	446	26.3039	-36.5309	-30.611700000000003	MITHRIL.3276	9.622767842073734e-06	0.11350955391005961	0.7393162393162394
MT-RNR1	447	24.54375	-35.596250000000005	-35.34025	MITHRIL.3279	1.2354884850099697e-06	0.5474160906186465	0.6923076923076924
MT-RNR1	448	23.33485	-32.23935	-38.7215	MITHRIL.3282	-1.7958640084711086e-06	0.2912672397325692	0.6752136752136751
MT-RNR1	449	23.067090909090908	-27.20590909090909	-39.57972727272728	MITHRIL.3285	5.620451576448653e-07	0.9804310963455148	0.3653846153846154
MT-RNR1	450	25.30395652173913	-23.167782608695653	-37.66352173913043	MITHRIL.3288	3.783218947004235e-07	0.9747989892272908	0.48646723646723644
MT-RNR1	451	28.1195	-20.20125	-35.062650000000005	MITHRIL.3291	1.8750663477508835e-06	0.32600877742946716	0.5106837606837606
MT-RNR1	452	31.4104	-18.729750000000003	-31.8626	MITHRIL.3294	-3.035607845775083e-07	0.6912040279720281	0.4252136752136752
MT-RNR1	453	35.66875	-18.0338	-32.0103	MITHRIL.3297	-5.923091867818805e-06	0.08694841730661172	0.27136752136752135
MT-RNR1	454	39.86335	-19.96265	-27.6105	MITHRIL.3300	1.747812756646449e-05	0.00045631244323342414	0.6816239316239315
MT-RNR1	455	43.71095454545454	-23.90618181818182	-25.17231818181818	MITHRIL.3303	1.6779327619920873e-06	0.8723540205072854	0.452991452991453
MT-RNR1	456	49.33540909090909	-25.860227272727272	-19.62018181818182	MITHRIL.3306	1.1388557550824313e-06	0.8337876221498371	0.4423076923076923
MT-RNR1	457	46.15327272727273	-24.26522727272728	-27.749863636363635	MITHRIL.3309	1.2906286116183702e-06	0.9371369265748294	0.45726495726495725
MT-RNR1	458	52.5398	-25.981900000000003	-25.17155	MITHRIL.3312	-2.9836981937162113e-06	0.8192510429447852	0.37393162393162394
MT-RNR1	459	56.2603	-30.7156	-28.853050000000003	MITHRIL.3315	-1.7259526891388148e-06	0.35422241539894445	0.11324786324786325
MT-RNR1	460	56.8104	-25.1721	-22.95965	MITHRIL.3318	-7.11961204665253e-06	0.08140872521246459	0.30128205128205127
MT-RNR1	461	61.2453	-25.59475	-27.7549	MITHRIL.3321	-2.7523077863707526e-07	0.7527666021564833	0.12179487179487179
MT-RNR1	462	61.32181818181818	-20.082636363636365	-34.945454545454545	MITHRIL.3324	1.0124368724367432e-05	0.07250042161747797	0.1923076923076923
MT-RNR1	463	61.68236363636363	-21.25931818181818	-40.07386363636363	MITHRIL.3327	7.850865864114987e-06	0.06701256524260583	0.3176638176638176
MT-RNR1	464	64.13925	-22.9802	-43.48725	MITHRIL.3330	2.0821367133284022e-05	0.0008775545851528385	0.19444444444444442
MT-RNR1	465	68.93245454545455	-24.20768181818181	-44.4785	MITHRIL.3333	1.504273531632854e-05	0.20045634085213035	0.27136752136752135
MT-RNR1	466	72.92617391304348	-26.14869565217391	-42.539869565217394	MITHRIL.3336	1.7959648445915157e-05	0.0016709534368070955	0.2222222222222222
MT-RNR1	467	76.92515	-28.09035	-40.0618	MITHRIL.3339	5.170213964152698e-06	0.3960743930371049	0.3611111111111111
MT-RNR1	468	79.4235	-30.7917	-36.459	MITHRIL.3342	1.0670223774736979e-05	0.035915719063545154	0.25213675213675213
MT-RNR1	469	84.10249999999999	-28.19909090909091	-34.92790909090909	MITHRIL.3345	1.4384932053326002e-05	0.0016709534368070955	0.16452991452991453
MT-RNR1	470	86.0335	-24.38654545454545	-31.790045454545453	MITHRIL.3348	1.2116875804351043e-05	0.005998805970149254	0.1467236467236467
MT-RNR1	471	85.47972727272727	-21.482454545454544	-27.29768181818181	MITHRIL.3351	5.716209391404539e-07	0.8171194762684125	0.40598290598290604
MT-RNR1	472	82.7794	-26.96635	-25.3655	MITHRIL.3354	2.883492571130232e-06	0.4005870082342178	0.2578347578347578
MT-RNR1	473	80.20065	-24.4829	-22.58995	MITHRIL.3357	4.773930009078886e-07	0.8311915240423798	0.1730769230769231
MT-RNR1	474	75.2035909090909	-20.73890909090909	-17.193545454545454	MITHRIL.3360	-9.564117020541506e-06	0.013531491712707181	0.198005698005698
MT-RNR1	475	72.7805	-24.64372727272728	-15.721136363636363	MITHRIL.3363	-5.302001667915388e-06	0.09868240501659904	0.34188034188034183
MT-RNR1	476	70.32464999999999	-28.33965	-16.01435	MITHRIL.3366	-9.47744938949374e-06	0.035915719063545154	0.2841880341880342
MT-RNR1	477	67.83354545454546	-30.221318181818184	-19.67436363636364	MITHRIL.3369	-7.977045271827013e-06	0.02553466550825369	0.24786324786324787
MT-RNR1	478	64.65395454545454	-32.27045454545454	-24.502318181818183	MITHRIL.3372	-3.493562642902189e-06	0.1702673037542662	0.21367521367521367
MT-RNR1	479	73.09222727272727	-31.099454545454545	-27.71163636363637	MITHRIL.3375	4.062100762884545e-06	0.2019829105473965	0.22863247863247863
MT-RNR1	480	74.80313636363637	-26.415636363636363	-29.10272727272727	MITHRIL.3378	5.24242371614911e-06	0.17266252983293556	0.26566951566951563
MT-RNR1	481	75.23925	-22.568	-32.02295	MITHRIL.3381	1.2216323047504176e-05	0.013852941176470589	0.1638176638176638
MT-RNR1	482	75.30165	-19.403550000000003	-36.64885	MITHRIL.3384	-4.7887618147443314e-06	0.17308788550008522	0.5128205128205129
MT-RNR1	483	72.88239130434783	-16.921	-40.71682608695652	MITHRIL.3387	1.5730084107064443e-05	0.03913998351195383	0.2264957264957265
MT-RNR1	484	69.79185	-13.8885	-42.05045	MITHRIL.3390	1.4667385146462424e-05	0.03887742468014858	0.24572649572649574
MT-RNR1	485	65.1422	-12.18505	-41.5534	MITHRIL.3393	-5.740565263771293e-06	0.08425341614906832	0.5142450142450142
MT-RNR1	486	60.51905000000001	-11.2005	-39.3807	MITHRIL.3396	-8.951799976533314e-08	0.7745448541552009	0.4337606837606838
MT-RNR1	487	58.15226086956522	-11.073782608695652	-34.83582608695652	MITHRIL.3399	-1.2055801695368701e-06	0.8284582144313086	0.4743589743589744
MT-RNR1	488	57.4679	-9.72725	-30.67475	MITHRIL.3402	-2.6196591495769665e-07	0.897350289017341	0.5534188034188033
MT-RNR1	489	59.11655	-8.2705	-25.83715	MITHRIL.3405	1.996082043610513e-06	0.38765147058823524	0.5170940170940171
MT-RNR1	490	61.65909090909091	-5.053409090909091	-22.60290909090909	MITHRIL.3408	1.4744671427437011e-06	0.5299971365960555	0.4764957264957265
MT-RNR1	491	60.16460869565218	-4.166217391304348	-12.939956521739132	MITHRIL.3411	-1.0271334401916656e-05	0.02553466550825369	0.3269230769230769
MT-RNR1	492	56.46022727272727	-6.552136363636364	-10.881272727272728	MITHRIL.3414	6.5553830456327465e-06	0.5425130890052355	0.4829059829059829
MT-RNR1	493	52.24077272727273	-6.813363636363636	-10.590045454545454	MITHRIL.3417	-1.1558484313176308e-05	0.09740977777777779	0.35042735042735046
MT-RNR1	494	47.87045	-5.4305	-11.243	MITHRIL.3420	-2.5425826567826728e-05	0.0	0.2542735042735043
MT-RNR1	495	46.11631818181818	-6.069727272727272	-14.782545454545454	MITHRIL.3423	3.8260331967184284e-07	0.545026994043295	0.4351851851851852
MT-RNR1	496	43.0851	-13.3593	-17.69905	MITHRIL.3426	7.991927644768006e-06	0.7041732626290816	0.4935897435897436
MT-RNR1	497	41.4565	-6.764150000000001	-17.1689	MITHRIL.3429	2.2259324416964556e-05	0.0	0.6132478632478632
MT-RNR1	498	39.434681818181815	-1.5730454545454544	-17.660636363636364	MITHRIL.3432	2.462804916973216e-06	0.5741197870197151	0.4551282051282051
MT-RNR1	499	37.39255	1.20095	-20.4095	MITHRIL.3435	4.199293732447236e-06	0.10781390607935931	0.4829059829059829
MT-RNR1	500	37.118086956521736	1.3540869565217393	-25.28921739130435	MITHRIL.3438	-4.929477887337147e-06	0.12965448740688187	0.3333333333333333
MT-RNR1	501	36.02677272727273	-0.5261818181818182	-29.19386363636364	MITHRIL.3441	-3.6251118092011037e-07	0.826357138971988	0.42094017094017094
MT-RNR1	502	34.602347826086955	-4.354130434782609	-31.96708695652174	MITHRIL.3444	2.718726225853056e-06	0.4867046490968314	0.5363247863247863
MT-RNR1	503	31.884950000000003	-7.880249999999999	-33.18665	MITHRIL.3447	3.1765269858681316e-06	0.28788673469387754	0.5527065527065527
MT-RNR1	504	26.88315	-13.04365	-36.114	MITHRIL.3450	-3.2064417822293495e-06	0.1162518652009371	0.1274928774928775
MT-RNR1	505	28.177227272727272	-11.680545454545454	-29.4225	MITHRIL.3453	2.610981809110603e-06	0.2820575815738964	0.4764957264957265
MT-RNR1	506	25.0781	-10.69595	-25.64865	MITHRIL.3456	-1.6642484741745578e-05	0.00045631244323342414	0.23290598290598288
MT-RNR1	507	26.21681818181818	-13.71818181818182	-17.1635	MITHRIL.3459	2.3395535691104497e-07	0.6256301886792454	0.4337606837606838
MT-RNR1	508	31.738173913043475	-11.922739130434785	-23.24791304347826	MITHRIL.3462	1.7517590250563387e-05	0.0012772881355932204	0.6004273504273504
MT-RNR1	509	36.0875	-12.59245	-25.1476	MITHRIL.3465	2.0648025998063145e-05	0.0591290702236171	0.6623931623931624
MT-RNR1	510	40.148	-10.63285	-27.294850000000004	MITHRIL.3468	2.2154418204886877e-05	0.0	0.7713675213675213
MT-RNR1	511	43.47025	-7.2941	-27.1453	MITHRIL.3471	7.911520977643935e-06	0.07073606462781304	0.5854700854700855
MT-RNR1	512	45.394045454545456	-5.346727272727272	-23.71681818181818	MITHRIL.3474	-5.642065687602222e-06	0.536386528648491	0.3454415954415954
MT-RNR1	513	46.917863636363634	-0.4842727272727272	-19.1585	MITHRIL.3477	5.165716902018334e-06	0.20454498166055352	0.49572649572649574
MT-RNR1	514	47.96990909090909	2.332181818181818	-15.33831818181818	MITHRIL.3480	-2.5773265856815617e-06	0.8300759135986958	0.4052706552706553
MT-RNR1	515	48.31468181818182	4.349363636363637	-10.871227272727271	MITHRIL.3483	1.88277864054347e-05	0.0	0.5897435897435898
MT-RNR1	516	49.8543	4.0923	-6.82605	MITHRIL.3486	1.854892040578486e-05	0.057615133004926114	0.561965811965812
MT-RNR1	517	52.93695	1.5652	-4.14255	MITHRIL.3489	5.494325934151343e-05	0.0	0.7692307692307692
MT-RNR1	518	57.1423	-0.99465	-2.9994	MITHRIL.3492	-7.981613881753887e-07	0.07630666159116863	0.4273504273504274
MT-RNR1	519	62.1325	-2.5865454545454543	-3.5386818181818183	MITHRIL.3495	2.8340570734141954e-05	0.0	0.6125356125356125
MT-RNR1	520	63.01	-7.576636363636364	-4.9885	MITHRIL.3498	1.6601042010882937e-05	0.003175559652357124	0.5384615384615384
MT-RNR1	521	60.9234090909091	-11.48231818181818	-7.456636363636363	MITHRIL.3501	2.0887576050867348e-05	0.0012772881355932204	0.5683760683760685
MT-RNR1	522	62.281956521739126	-15.382521739130436	-9.303347826086958	MITHRIL.3504	9.338980500937216e-06	0.12754261333333336	0.49786324786324787
MT-RNR1	523	64.50208695652174	-19.560391304347828	-11.284478260869566	MITHRIL.3507	1.7600771515659296e-05	0.004265294571649087	0.5726495726495726
MT-RNR1	524	66.74345454545454	-23.43268181818182	-10.76990909090909	MITHRIL.3510	2.0402838947092744e-05	0.0012772881355932204	0.5975783475783476
MT-RNR1	525	69.15885	-26.426800000000004	-7.945699999999999	MITHRIL.3513	3.955816975710375e-06	0.07940147811256396	0.4615384615384615
MT-RNR1	526	72.051	-28.19205	-3.4089	MITHRIL.3516	2.8789021025807362e-06	0.06257964912280702	0.45085470085470086
MT-RNR1	527	72.1135	-30.12375	1.00085	MITHRIL.3519	6.629184564989522e-05	0.0	0.7927350427350427
MT-RNR1	528	68.97391304347826	-31.16169565217391	4.780260869565217	MITHRIL.3522	5.947644029840022e-05	0.0	0.702991452991453
MT-RNR1	529	64.9825652173913	-32.44221739130435	6.766173913043479	MITHRIL.3525	6.452709625686389e-05	0.0	0.6944444444444445
MT-RNR1	530	61.1876	-34.5186	7.27295	MITHRIL.3528	0.0001042478521528999	0.0	0.8354700854700855
MT-RNR1	531	57.94586956521739	-37.50708695652174	4.524	MITHRIL.3531	9.004497898905275e-05	0.0	0.7948717948717948
MT-RNR1	532	49.941478260869566	-38.73204347826087	6.225391304347826	MITHRIL.3534	6.855552230829068e-05	0.0	0.7072649572649573
MT-RNR1	533	56.4188	-41.41715	1.6431	MITHRIL.3537	9.86932892907305e-05	0.0	0.8739316239316239
MT-RNR1	534	58.900608695652174	-46.51978260869565	-0.6473913043478261	MITHRIL.3540	2.653810682914249e-05	0.0	0.5783475783475783
MT-RNR1	535	60.2515	-50.9147	-0.609	MITHRIL.3543	4.6066512597752496e-05	0.0	0.7193732193732193
MT-RNR1	536	62.73985	-54.3074	1.81565	MITHRIL.3546	4.679448940885209e-05	0.0	0.7386039886039887
MT-RNR1	537	64.39685	-56.36285	5.96825	MITHRIL.3549	3.796297192121816e-05	0.0	0.6780626780626781
MT-RNR1	538	63.84779999999999	-56.35925	10.95995	MITHRIL.3552	-1.1568146891856094e-06	0.12378361006963043	0.4252136752136752
MT-RNR1	539	62.074409090909086	-54.82522727272727	15.909954545454546	MITHRIL.3555	2.2964316681104936e-05	0.0012772881355932204	0.5534188034188033
MT-RNR1	540	64.2313	-57.73505	20.8218	MITHRIL.3558	-2.8632597931349695e-06	0.3114737340274491	0.41595441595441596
MT-RNR1	541	60.93245454545456	-57.721	27.36118181818182	MITHRIL.3561	-2.2519477105754534e-05	0.008359199421268386	0.3162393162393162
MT-RNR1	542	60.0486	-54.35485	23.1068	MITHRIL.3564	6.071320436783373e-06	0.27300135004821596	0.4615384615384615
MT-RNR1	543	56.52759999999999	-52.28295000000001	18.4247	MITHRIL.3567	2.093463217743788e-05	0.01195632291180588	0.5299145299145299
MT-RNR1	544	52.26645	-55.76655	18.20455	MITHRIL.3570	1.6216223406649654e-05	0.011321690140845072	0.514957264957265
MT-RNR1	545	50.16705	-59.9958	19.49555	MITHRIL.3573	-1.3376672125512907e-05	0.05390343731372938	0.3554131054131054
MT-RNR1	546	50.61895	-62.54175	23.1051	MITHRIL.3576	4.2568780939595275e-05	0.0	0.6787749287749287
MT-RNR1	547	52.1174	-63.619600000000005	28.34265	MITHRIL.3579	4.1723020277510967e-05	0.0016709534368070955	0.665954415954416
MT-RNR1	548	52.112750000000005	-62.60815	33.33765	MITHRIL.3582	6.45758316574792e-05	0.0	0.7663817663817664
MT-RNR1	549	51.1600909090909	-59.22927272727273	36.95818181818182	MITHRIL.3585	3.509877361457277e-05	0.0	0.5982905982905983
MT-RNR1	550	48.905	-54.65804347826087	37.90243478260869	MITHRIL.3588	5.016504955051843e-05	0.0	0.6495726495726496
MT-RNR1	551	46.40686363636364	-50.0765909090909	37.74486363636364	MITHRIL.3591	2.68564839374304e-05	0.0	0.542022792022792
MT-RNR1	552	42.49086956521739	-48.06326086956521	37.2245652173913	MITHRIL.3594	5.786662283338177e-05	0.0	0.673076923076923
MT-RNR1	553	38.94547826086957	-48.56513043478261	41.63952173913044	MITHRIL.3597	4.823055936287383e-05	0.0	0.6517094017094017
MT-RNR1	554	38.688545454545455	-47.9660909090909	46.50172727272727	MITHRIL.3600	3.648376772815503e-05	0.0	0.6068376068376068
MT-RNR1	555	40.461260869565216	-46.166	50.59726086956522	MITHRIL.3603	5.1901717329351914e-05	0.0	0.6837606837606837
MT-RNR1	556	43.383	-43.616	52.8072	MITHRIL.3606	7.97465669173863e-05	0.0	0.8076923076923078
MT-RNR1	557	48.10135	-41.3427	53.01025	MITHRIL.3609	8.614808523018703e-05	0.0	0.8076923076923078
MT-RNR1	558	50.72715	-38.0124	51.26275	MITHRIL.3612	9.431702093102559e-05	0.0	0.8119658119658121
MT-RNR1	559	51.544130434782616	-34.55817391304348	46.905478260869565	MITHRIL.3615	8.617108797810235e-05	0.0	0.7457264957264957
MT-RNR1	560	50.63415	-30.9672	44.29735	MITHRIL.3618	0.00011957596961329458	0.0	0.8525641025641025
MT-RNR1	561	47.4	-27.8955	42.19575	MITHRIL.3621	7.94511669334884e-05	0.0	0.7200854700854702
MT-RNR1	562	43.96035	-25.00775	42.8519	MITHRIL.3624	3.7882583113251445e-05	0.04925292702485966	0.5811965811965812
MT-RNR1	563	41.13415	-22.43335	45.8311	MITHRIL.3627	5.0089906284325975e-05	0.0	0.6517094017094017
MT-RNR1	564	41.52930434782608	-20.22417391304348	50.21582608695652	MITHRIL.3630	-1.0346917665851784e-05	0.23016354679802956	0.38247863247863245
MT-RNR1	565	43.2466	-17.1439	53.0361	MITHRIL.3633	7.06384161229589e-05	0.0	0.7806267806267807
MT-RNR1	566	46.397636363636366	-12.801772727272729	56.904363636363634	MITHRIL.3636	-9.820698668788811e-06	0.737285595337219	0.3796296296296296
MT-RNR1	567	49.07881818181818	-16.16059090909091	55.28395454545455	MITHRIL.3639	7.297156347050488e-06	0.15452448132780083	0.4672364672364672
MT-RNR1	568	56.02255	-19.56615	50.75015	MITHRIL.3642	5.179422296672593e-05	0.0	0.6346153846153846
MT-RNR1	569	58.31235	-20.4316	46.5239	MITHRIL.3645	7.500851430348481e-05	0.0	0.6987179487179488
MT-RNR1	570	59.84647826086957	-23.49895652173913	42.614304347826085	MITHRIL.3648	0.00010481287463886364	0.0	0.7799145299145299
MT-RNR1	571	58.97309090909091	-26.629454545454543	39.132318181818185	MITHRIL.3651	5.064794061691561e-05	0.0	0.5961538461538461
MT-RNR1	572	56.62429999999999	-26.84525	36.0551	MITHRIL.3654	0.00010711250947801427	0.0	0.7777777777777778
MT-RNR1	573	55.9865	-31.8595	27.95681818181818	MITHRIL.3657	5.627932902065783e-05	0.0	0.6210826210826211
MT-RNR1	574	58.91081818181818	-35.52704545454546	28.01009090909091	MITHRIL.3660	7.6833503031335e-06	0.24010017935757377	0.4586894586894587
MT-RNR1	575	62.43454545454545	-35.592454545454544	29.61131818181818	MITHRIL.3663	-9.728838543404832e-07	0.4345816704288939	0.42877492877492873
MT-RNR1	576	57.75505	-33.22675	36.58695	MITHRIL.3666	6.726344528572284e-05	0.0	0.6538461538461539
MT-RNR1	577	55.0636	-35.65485	39.76925	MITHRIL.3669	6.688868908042927e-05	0.0	0.6581196581196581
MT-RNR1	578	56.772000000000006	-39.2611	47.9139	MITHRIL.3672	2.3827498636658396e-05	0.46858749255509236	0.5227920227920227
MT-RNR1	579	60.30725	-34.59	43.94555	MITHRIL.3675	0.00010844341630253272	0.0	0.80982905982906
MT-RNR1	580	63.795478260869565	-30.0385652173913	46.42260869565217	MITHRIL.3678	5.627904289857922e-05	0.0	0.6346153846153846
MT-RNR1	581	63.83918181818182	-31.471545454545456	50.58436363636363	MITHRIL.3681	1.7130727553085378e-05	0.07630666159116863	0.5
MT-RNR1	582	67.8071	-38.626	51.9206	MITHRIL.3684	6.544267784076475e-05	0.0	0.7243589743589745
MT-RNR1	583	63.57095	-34.951350000000005	55.91	MITHRIL.3687	-3.6419065941304674e-05	0.0	0.2606837606837607
MT-RNR1	584	58.8305	-29.15736363636364	57.453272727272726	MITHRIL.3690	-2.6059481943034518e-05	0.007689795918367347	0.30982905982905984
MT-RNR1	585	56.87113636363636	-29.79059090909091	65.85795454545455	MITHRIL.3693	-1.4035173492762647e-05	0.056527437820765886	0.3454415954415954
MT-RNR1	586	59.77725	-25.0931	65.9989	MITHRIL.3696	1.1002756048287805e-05	0.003175559652357124	0.49572649572649574
MT-RNR1	587	63.07365	-23.9547	63.9277	MITHRIL.3699	2.6458539657234813e-05	0.21292230144254684	0.5726495726495726
MT-RNR1	588	63.98675000000001	-23.87775	60.0729	MITHRIL.3702	4.929783349812442e-05	0.0	0.6666666666666666
MT-RNR1	589	62.69045	-21.6725	57.3389	MITHRIL.3705	2.195678248019504e-05	0.0	0.5292022792022791
MT-RNR1	590	62.29822727272727	-18.035136363636365	54.44440909090909	MITHRIL.3708	3.765497618046279e-05	0.0	0.5876068376068376
MT-RNR1	591	57.70175	-15.46705	54.98615	MITHRIL.3711	4.2275406004250975e-05	0.23159173499508037	0.6132478632478632
MT-RNR1	592	54.0675	-12.6043	56.85425	MITHRIL.3714	8.08169212525033e-05	0.0	0.8098290598290597
MT-RNR1	593	52.74604545454545	-9.501	60.70977272727273	MITHRIL.3717	-1.274060305012834e-06	0.052055420243561586	0.4252136752136752
MT-RNR1	594	53.7693	-6.17185	63.66015	MITHRIL.3720	1.3320025154876047e-06	0.03806218174291037	0.44017094017094016
MT-RNR1	595	57.286350000000006	-3.75815	66.23945	MITHRIL.3723	-1.4164491236051823e-06	0.09763464741810107	0.4230769230769231
MT-RNR1	596	61.84665	-1.91095	66.6588	MITHRIL.3726	3.1094813097645526e-05	0.0	0.6303418803418803
MT-RNR1	597	66.69489999999999	-0.37065	65.1735	MITHRIL.3729	2.9621529158194808e-05	0.0	0.6175213675213675
MT-RNR1	598	69.79429999999999	1.93845	62.03795	MITHRIL.3732	3.893967294681687e-05	0.0	0.6709401709401709
MT-RNR1	599	77.96665	1.8466	59.866200000000006	MITHRIL.3735	1.569706657077392e-05	0.0024355507675733906	0.532051282051282
MT-RNR1	600	76.46234782608695	-2.5775652173913044	60.49586956521739	MITHRIL.3738	2.4328418238005567e-06	0.14683248518647612	0.44658119658119655
MT-RNR1	601	79.06075	-9.69645	61.55309999999999	MITHRIL.3741	1.6639001818960494e-05	0.19096434212737354	0.5299145299145299
MT-RNR1	602	81.15415	-7.577949999999999	58.13775	MITHRIL.3744	-2.6883465998163275e-06	0.3130887066246057	0.4166666666666667
MT-RNR1	603	87.48049999999999	-2.6732	55.68415	MITHRIL.3747	-4.012082962900962e-07	0.3204992765020446	0.4294871794871795
MT-RNR1	604	78.53972727272728	-3.699409090909091	54.02245454545454	MITHRIL.3750	1.948161299828959e-05	0.0008775545851528385	0.5341880341880342
MT-RNR1	605	75.43365217391305	-6.56704347826087	52.29982608695652	MITHRIL.3753	5.026311165307755e-05	0.0	0.6645299145299145
MT-RNR1	606	72.1535	-9.133	50.02885	MITHRIL.3756	4.0705357040600804e-05	0.023106438896189227	0.6011396011396011
MT-RNR1	607	68.32804999999999	-16.125899999999998	49.6957	MITHRIL.3759	2.781253859286485e-05	0.24010017935757377	0.5391737891737892
MT-RNR1	608	66.52985	-9.53705	45.9513	MITHRIL.3762	0.00011504611698806073	0.0	0.8582621082621084
MT-RNR1	609	66.17295454545454	-9.775409090909092	40.17636363636364	MITHRIL.3765	6.045027870058721e-05	0.0	0.6431623931623932
MT-RNR1	610	66.9789	-12.06675	36.36995	MITHRIL.3768	0.00012162931796286724	0.0	0.8368945868945868
MT-RNR1	611	68.74922727272727	-18.54422727272728	35.01163636363636	MITHRIL.3771	8.054239489434761e-05	0.0	0.6923076923076924
MT-RNR1	612	66.70315000000001	-16.11875	27.6354	MITHRIL.3774	0.00010671687963500633	0.0	0.7863247863247863
MT-RNR1	613	73.72854545454545	-13.400272727272728	31.939818181818183	MITHRIL.3777	7.009570888392317e-05	0.0	0.6773504273504273
MT-RNR1	614	75.8535	-17.4498	32.72405	MITHRIL.3780	0.00010891012426182762	0.0	0.8176638176638177
MT-RNR1	615	79.0787	-21.20895	35.097	MITHRIL.3783	7.14696651893124e-05	0.0	0.7044159544159544
MT-RNR1	616	78.52560869565217	-25.03421739130435	37.09991304347826	MITHRIL.3786	2.3081127506743507e-05	0.013852941176470589	0.5213675213675213
MT-RNR1	617	77.2778	-29.3193	37.4694	MITHRIL.3789	9.957991195622129e-05	0.0	0.8176638176638177
MT-RNR1	618	73.76095000000001	-32.3009	35.24355	MITHRIL.3792	8.249599873690424e-05	0.0	0.7393162393162394
MT-RNR1	619	69.2985	-33.92940909090909	31.67904545454545	MITHRIL.3795	3.042032749738061e-05	0.0	0.5405982905982906
MT-RNR1	620	68.2492	-36.20375	28.28055	MITHRIL.3798	0.00010096705464640171	0.0	0.7991452991452991
MT-RNR1	621	68.35069999999999	-38.6433	23.7864	MITHRIL.3801	4.896378612807024e-05	0.0	0.6232193732193733
MT-RNR1	622	71.0304	-41.46025	23.452	MITHRIL.3804	4.317921711132668e-06	0.15285898234683282	0.45085470085470086
MT-RNR1	623	67.7568	-47.76735	25.736700000000003	MITHRIL.3807	5.408558894714605e-05	0.0	0.6752136752136751
MT-RNR1	624	73.1834	-44.83455	20.3811	MITHRIL.3810	-1.1998650564984024e-05	0.18604897133220913	0.3717948717948718
MT-RNR1	625	77.29159090909091	-44.862	18.316136363636364	MITHRIL.3813	-6.75671103969412e-06	0.14124224908039937	0.39316239316239315
MT-RNR1	626	80.3894347826087	-41.27052173913044	15.128652173913045	MITHRIL.3816	-1.4794344359277317e-06	0.036738	0.4230769230769231
MT-RNR1	627	82.05775	-36.47205	14.6892	MITHRIL.3819	7.424720729535479e-06	0.23398213643055782	0.4764957264957265
MT-RNR1	628	85.69686363636363	-34.29095454545455	12.99840909090909	MITHRIL.3822	-1.4023908503093347e-05	0.017281294964028776	0.3368945868945869
MT-RNR1	629	91.26954545454544	-30.98913636363636	12.394727272727271	MITHRIL.3825	-3.387569120611997e-06	0.9488733395696913	0.40527065527065526
MT-RNR1	630	93.62263636363636	-30.276818181818182	9.196045454545454	MITHRIL.3828	-1.0878525727421493e-05	0.013852941176470589	0.33262108262108264
MT-RNR1	631	94.905	-30.76135	4.577	MITHRIL.3831	-1.2601380884887976e-06	0.13569048625792812	0.4188034188034188
MT-RNR1	632	94.12935	-32.24435	-0.35995	MITHRIL.3834	1.5374452006021048e-05	0.05149474525474526	0.6153846153846154
MT-RNR1	633	91.4462	-33.07	-4.4874	MITHRIL.3837	7.541527683230911e-07	0.20001952197894032	0.4423076923076923
MT-RNR1	634	87.31495	-32.8257	-7.682599999999999	MITHRIL.3840	1.758998317040852e-05	0.008359199421268386	0.6752136752136751
MT-RNR1	635	83.53947826086956	-29.94204347826087	-9.214173913043478	MITHRIL.3843	-1.2261486743738861e-05	0.0035334201615003905	0.25854700854700857
MT-RNR1	636	83.35472727272727	-25.95936363636364	-15.91718181818182	MITHRIL.3846	5.81518408500949e-08	0.5922917849462366	0.4337606837606838
MT-RNR1	637	88.8321	-24.17575	-10.26315	MITHRIL.3849	5.496009811877847e-06	0.764304840711626	0.5256410256410257
MT-RNR1	638	79.53926086956521	-23.88678260869565	-7.758869565217392	MITHRIL.3852	-1.874253325904519e-05	0.0053271396112092905	0.22435897435897437
MT-RNR1	639	77.67609090909092	-24.727772727272725	-3.3285	MITHRIL.3855	-5.174765583754473e-06	0.10199097744360903	0.39102564102564097
MT-RNR1	640	80.10481818181819	-28.191	-0.8377272727272728	MITHRIL.3858	-1.374475371420679e-05	0.0035334201615003905	0.3247863247863248
MT-RNR1	641	81.49917391304348	-33.11239130434783	-0.5373913043478261	MITHRIL.3861	-1.095192675152883e-06	0.15199972275168946	0.4230769230769231
MT-RNR1	642	84.34391304347827	-36.93782608695653	0.2265217391304348	MITHRIL.3864	1.3128224747586888e-05	0.0523145421903052	0.5534188034188033
MT-RNR1	643	81.54445	-43.7353	-0.71235	MITHRIL.3867	-2.7820224151201982e-05	0.0	0.1403133903133903
MT-RNR1	644	82.2766	-48.57335	-3.7009	MITHRIL.3870	-1.0099404066150566e-06	0.510531842260153	0.4180911680911681
MT-RNR1	645	86.28868181818183	-54.09427272727273	-0.3702272727272728	MITHRIL.3873	-1.2189848380489136e-05	0.0008775545851528385	0.22792022792022792
MT-RNR1	646	85.55335	-59.6496	-6.617099999999999	MITHRIL.3876	-1.0729274915879102e-05	0.002059579119978136	0.12535612535612536
MT-RNR1	647	88.44740909090909	-52.540000000000006	-4.312136363636363	MITHRIL.3879	-9.209549141897932e-06	0.058379551710578056	0.22792022792022792
MT-RNR1	648	85.81668181818182	-47.43818181818183	-8.622727272727273	MITHRIL.3882	-1.3207108914674648e-05	0.00045631244323342414	0.13247863247863248
MT-RNR1	649	90.80413636363636	-40.46631818181818	-4.565227272727273	MITHRIL.3885	-7.203283320966833e-06	0.09692335063009637	0.3176638176638176
MT-RNR1	650	89.77265217391304	-40.03808695652174	0.9641304347826088	MITHRIL.3888	3.2548298880063017e-07	0.44252224557190034	0.4358974358974359
MT-RNR1	651	93.0599	-40.6428	4.9669	MITHRIL.3891	1.7267124908703158e-05	0.0028052113799521402	0.6232193732193733
MT-RNR1	652	92.62109090909092	-39.536545454545454	9.4765	MITHRIL.3894	-1.2292911823345534e-05	0.17573310638297873	0.30982905982905984
MT-RNR1	653	94.2730909090909	-37.30140909090909	15.572318181818185	MITHRIL.3897	-1.4756432880881432e-05	0.003175559652357124	0.2984330484330484
MT-RNR1	654	91.8256956521739	-37.77473913043478	18.86286956521739	MITHRIL.3900	-3.033143666672647e-06	0.05521425742574257	0.40811965811965817
MT-RNR1	655	88.31960000000001	-38.5418	21.95125	MITHRIL.3903	6.154020842713356e-06	0.07302213711221754	0.4743589743589744
MT-RNR1	656	84.61591304347826	-41.816434782608695	22.38526086956522	MITHRIL.3906	-4.150332591969662e-05	0.0	0.15598290598290598
MT-RNR1	657	82.91585	-45.82305	23.02375	MITHRIL.3909	-3.220863470274013e-05	0.0	0.21153846153846154
MT-RNR1	658	84.82104545454546	-49.50672727272727	24.137954545454544	MITHRIL.3912	-1.2454568710593236e-05	0.004971733062674448	0.33547008547008544
MT-RNR1	659	87.34913636363636	-51.99304545454545	26.706045454545457	MITHRIL.3915	-1.5978440798068113e-05	0.0035334201615003905	0.29273504273504275
MT-RNR1	660	88.17547826086957	-52.85434782608696	30.830130434782607	MITHRIL.3918	-3.0380020431664387e-05	0.0	0.16025641025641027
MT-RNR1	661	87.8777	-53.5058	35.3115	MITHRIL.3921	-1.1175523411298809e-05	0.057615133004926114	0.33618233618233617
MT-RNR1	662	84.67818181818183	-54.50545454545454	39.32431818181818	MITHRIL.3924	-3.608888392839067e-06	0.6849949579831933	0.4038461538461538
MT-RNR1	663	82.19405	-57.67925	41.67685	MITHRIL.3927	-2.2328984314883992e-05	0.0	0.25427350427350426
MT-RNR1	664	80.1893	-62.22615	42.29205	MITHRIL.3930	-1.7258969691730605e-05	0.06078371182458889	0.2884615384615385
MT-RNR1	665	82.9418	-63.80415000000001	36.28615	MITHRIL.3933	-2.1773375304346753e-05	0.0	0.2257834757834758
MT-RNR1	666	85.52863636363637	-64.19018181818181	30.626	MITHRIL.3936	5.791300408567027e-07	0.6991926267281106	0.43803418803418803
MT-RNR1	667	79.05109999999999	-62.21405	30.4668	MITHRIL.3939	-9.987105241029735e-06	0.18378625232224285	0.35042735042735046
MT-RNR1	668	76.51826086956522	-59.16191304347826	32.430608695652175	MITHRIL.3942	-2.5461545067926045e-06	0.5598358144240497	0.41452991452991456
MT-RNR1	669	74.88445	-55.389	34.375	MITHRIL.3945	3.1419509384481974e-05	0.0012772881355932204	0.6182336182336182
MT-RNR1	670	76.57695454545454	-51.19695454545455	36.02572727272727	MITHRIL.3948	-4.2117880190963245e-06	0.09001567749160135	0.40811965811965817
MT-RNR1	671	78.38922727272728	-47.61268181818182	34.68386363636363	MITHRIL.3951	2.2126920037866812e-05	0.003175559652357124	0.5548433048433048
MT-RNR1	672	79.19768181818182	-44.72336363636364	31.62277272727273	MITHRIL.3954	-1.5504968170758092e-05	0.0008775545851528385	0.3475783475783476
MT-RNR1	673	77.57339130434784	-42.119565217391305	28.790217391304346	MITHRIL.3957	-3.529930459078273e-06	0.12754261333333336	0.41452991452991456
MT-RNR1	674	79.85140909090909	-37.39009090909091	23.015454545454546	MITHRIL.3960	3.6502186750090046e-05	0.0	0.6153846153846154
MT-RNR1	675	79.5283	-33.1617	20.9763	MITHRIL.3963	1.1964478680471228e-05	0.01542506254264271	0.48931623931623935
MT-RNR1	676	75.56265217391305	-31.02352173913044	21.035434782608696	MITHRIL.3966	3.515063454328353e-05	0.0	0.5790598290598291
MT-RNR1	677	70.6459	-29.3143	21.2126	MITHRIL.3969	8.840535670572266e-05	0.0	0.7592592592592592
MT-RNR1	678	66.98315	-27.2121	23.3738	MITHRIL.3972	6.271000131084296e-05	0.0	0.6474358974358975
MT-RNR1	679	67.77122727272727	-19.26286363636364	24.344	MITHRIL.3975	5.679812980069809e-05	0.0	0.6260683760683761
MT-RNR1	680	67.23482608695653	-26.360304347826087	29.29417391304348	MITHRIL.3978	9.305362948806875e-05	0.0	0.7371794871794872
MT-RNR1	681	67.2993043478261	-25.82578260869565	34.16160869565217	MITHRIL.3981	7.794582650227428e-05	0.0	0.6837606837606837
MT-RNR1	682	68.26015	-23.29775	37.6741	MITHRIL.3984	0.0001386615310007486	0.0	0.8803418803418803
MT-RNR1	683	69.8254	-16.9499	39.819	MITHRIL.3987	7.143365038958086e-05	0.0	0.6709401709401709
MT-RNR1	684	66.39227272727273	-19.13222727272728	46.70872727272728	MITHRIL.3990	2.427673684469809e-05	0.0	0.5192307692307692
MT-RNR1	685	73.80695454545454	-24.310227272727275	45.61245454545455	MITHRIL.3993	3.491706285241736e-05	0.0	0.5662393162393163
MT-RNR1	686	76.26821739130435	-21.033826086956523	45.5225652173913	MITHRIL.3996	7.991203299257654e-06	0.6716524764978251	0.46367521367521364
MT-RNR1	687	78.475	-17.448304347826085	43.48208695652174	MITHRIL.3999	6.283248592383573e-05	0.0	0.6794871794871794
MT-RNR1	688	78.77975	-13.71465	41.5358	MITHRIL.4002	9.750933840737572e-05	0.0	0.8119658119658121
MT-RNR1	689	77.33382608695652	-9.813260869565218	36.7304347826087	MITHRIL.4005	5.719618070175327e-05	0.0	0.6495726495726496
MT-RNR1	690	75.67654999999999	-6.01175	36.1399	MITHRIL.4008	0.00010900469054385433	0.0	0.8497150997150996
MT-RNR1	691	71.97022727272727	-3.312227272727273	38.02181818181818	MITHRIL.4011	5.265120718584112e-05	0.0	0.636039886039886
MT-RNR1	692	70.1304347826087	-1.7329565217391305	42.12482608695653	MITHRIL.4014	5.983709291597106e-05	0.0	0.6752136752136751
MT-RNR1	693	68.75605	-0.2427	46.707	MITHRIL.4017	5.710843961075245e-05	0.0	0.6837606837606837
MT-RNR1	694	70.6316	1.53005	50.3726	MITHRIL.4020	-3.827456766515254e-06	0.49409096278795034	0.41310541310541304
MT-RNR1	695	67.333	4.63605	57.733050000000006	MITHRIL.4023	-3.39011737904493e-05	0.0	0.22435897435897437
MT-RNR1	696	65.931	-0.2043181818181818	54.526272727272726	MITHRIL.4026	-1.770697952412878e-06	0.28122822851656265	0.4230769230769231
MT-RNR1	697	63.5414	-3.7341	48.91125	MITHRIL.4029	5.488635361561299e-05	0.0	0.6666666666666666
MT-RNR1	698	67.54730434782608	-5.472652173913043	55.65204347826087	MITHRIL.4032	-2.7767519994526043e-06	0.6215434251633059	0.4188034188034188
MT-RNR1	699	67.86831818181818	-7.702045454545455	59.60463636363636	MITHRIL.4035	-1.05972392337223e-05	0.016988277727682598	0.37749287749287747
MT-RNR1	700	66.10726086956522	-9.47308695652174	63.99569565217392	MITHRIL.4038	-1.750682150339103e-05	0.002059579119978136	0.3333333333333333
MT-RNR1	701	62.65569565217391	-11.200608695652171	67.07352173913044	MITHRIL.4041	-6.549703852078692e-06	0.1169402700270027	0.39316239316239315
MT-RNR1	702	58.9297	-13.5504	68.9077	MITHRIL.4044	4.7946319940476433e-05	0.0	0.722934472934473
MT-RNR1	703	54.75217391304348	-15.728695652173911	67.1958695652174	MITHRIL.4047	4.238117666089408e-05	0.0	0.6837606837606837
MT-RNR1	704	52.41	-18.32278260869565	63.92678260869565	MITHRIL.4050	7.401253811955952e-06	0.1026507506407909	0.4743589743589744
MT-RNR1	705	50.3085	-20.92785	60.0737	MITHRIL.4053	-6.472739893421581e-05	0.0	0.07905982905982906
MT-RNR1	706	51.077318181818185	-24.834	58.37936363636364	MITHRIL.4056	-3.5629555671269076e-05	0.0	0.2492877492877493
MT-RNR1	707	45.13340909090909	-26.946954545454545	54.892590909090906	MITHRIL.4059	-2.1105491206427217e-05	0.0	0.3269230769230769
MT-RNR1	708	41.77317391304348	-29.36791304347826	52.46078260869565	MITHRIL.4062	4.246582629756945e-06	0.03191867852604828	0.452991452991453
MT-RNR1	709	35.77404545454545	-28.82422727272728	49.08395454545455	MITHRIL.4065	-3.819453419103806e-05	0.0	0.23076923076923075
MT-RNR1	710	37.81454545454545	-31.687136363636363	45.92663636363636	MITHRIL.4068	-2.5654223907591356e-06	0.4637538461538462	0.4202279202279202
MT-RNR1	711	40.27340909090909	-34.035681818181814	42.12340909090909	MITHRIL.4071	4.625635557812589e-05	0.0	0.6217948717948718
MT-RNR1	712	43.2607	-36.9678	40.4899	MITHRIL.4074	9.375418252138486e-05	0.0	0.7884615384615384
MT-RNR1	713	48.63273913043479	-39.5818695652174	40.84308695652174	MITHRIL.4077	7.43703534247884e-05	0.0	0.6987179487179488
MT-RNR1	714	50.96943478260869	-42.98291304347826	42.70621739130434	MITHRIL.4080	8.748920527994745e-05	0.0	0.7521367521367521
MT-RNR1	715	51.2398695652174	-46.360956521739126	45.93882608695653	MITHRIL.4083	6.770613985178719e-05	0.0	0.6965811965811967
MT-RNR1	716	50.57265	-49.6853	49.343	MITHRIL.4086	7.984632752902989e-05	0.0	0.7735042735042734
MT-RNR1	717	47.62405	-52.88225	51.5245	MITHRIL.4089	9.541458949206732e-05	0.0	0.8846153846153846
MT-RNR1	718	43.406636363636366	-55.47986363636364	50.19409090909091	MITHRIL.4092	3.6952543016393896e-05	0.0	0.6217948717948718
MT-RNR1	719	39.74585	-58.28339999999999	48.46385	MITHRIL.4095	4.749160038482162e-05	0.0	0.6987179487179488
MT-RNR1	720	38.67259090909091	-63.76022727272727	51.047	MITHRIL.4098	3.098014498696451e-05	0.0	0.6431623931623932
MT-RNR1	721	39.60635	-68.98995	50.5294	MITHRIL.4101	4.1727843269002466e-05	0.0	0.7478632478632479
MT-RNR1	722	46.1708	-70.93025	46.89605	MITHRIL.4104	5.271795488556358e-05	0.0	0.8012820512820514
MT-RNR1	723	44.3238	-67.96335	53.1614	MITHRIL.4107	4.065037795503863e-05	0.0	0.7200854700854701
MT-RNR1	724	44.1704	-65.60510000000001	57.68705	MITHRIL.4110	3.3563394686923576e-05	0.0	0.6837606837606837
MT-RNR1	725	45.3783	-65.83869999999999	62.6108	MITHRIL.4113	1.805741551620425e-05	0.6991926267281106	0.5897435897435898
MT-RNR1	726	48.07245	-68.0197	66.12140000000001	MITHRIL.4116	2.1941670785787144e-05	0.0008775545851528385	0.6531339031339032
MT-RNR1	727	51.75263636363636	-71.35927272727272	66.9154090909091	MITHRIL.4119	6.290798468138207e-06	0.2579035419699175	0.5064102564102564
MT-RNR1	728	55.752750000000006	-72.56015	66.1002	MITHRIL.4122	-1.8662236617933663e-05	0.00045631244323342414	0.18945868945868946
MT-RNR1	729	59.5982	-72.1115	63.48255	MITHRIL.4125	-2.233165951715646e-05	0.0	0.16096866096866094
MT-RNR1	730	58.09515	-75.1902	57.7558	MITHRIL.4128	-2.8667584399704188e-05	0.0	0.09971509971509972
MT-RNR1	731	54.2235	-82.9727	58.94555	MITHRIL.4131	-1.5203918744498207e-05	0.00045631244323342414	0.1858974358974359
MT-RNR1	732	48.47927272727273	-78.27568181818182	62.213136363636366	MITHRIL.4134	-5.337529014928134e-06	0.49185598581141	0.3575498575498575
MT-RNR1	733	44.165608695652175	-76.48878260869564	64.11386956521739	MITHRIL.4137	-1.1156689001862316e-06	0.30539440493124703	0.4166666666666667
MT-RNR1	734	40.37922727272727	-73.9369090909091	63.67481818181818	MITHRIL.4140	-2.338065143869913e-06	0.7393850762829404	0.400997150997151
MT-RNR1	735	37.50113636363636	-70.6945	61.29577272727273	MITHRIL.4143	-1.0849659586820845e-05	0.01542506254264271	0.2998575498575498
MT-RNR1	736	34.95218181818182	-70.10877272727272	58.06195454545455	MITHRIL.4146	-1.742317044797452e-05	0.006350037174721189	0.2257834757834758
MT-RNR1	737	30.66172727272728	-64.718	53.95004545454546	MITHRIL.4149	-1.2506262881662814e-05	0.003175559652357124	0.301994301994302
MT-RNR1	738	25.2563	-59.4097	57.2291	MITHRIL.4152	-2.6599209494464725e-05	0.0	0.0811965811965812
MT-RNR1	739	28.57345	-61.21735	65.0496	MITHRIL.4155	-1.0701342455014434e-05	0.004265294571649087	0.27136752136752135
MT-RNR1	740	33.64368181818182	-61.874772727272735	58.28631818181818	MITHRIL.4158	1.922657386998474e-06	0.8807230396119644	0.45085470085470086
MT-RNR1	741	37.4996	-60.50005	56.9539	MITHRIL.4161	1.2912023884671982e-06	0.013531491712707181	0.4423076923076923
MT-RNR1	742	38.713478260869564	-56.42173913043479	56.88413043478261	MITHRIL.4164	3.5467022969059857e-06	0.3034438746438747	0.45726495726495725
MT-RNR1	743	40.95727272727273	-50.222	58.319	MITHRIL.4167	-9.488839767679099e-06	0.6851100966251226	0.3696581196581197
MT-RNR1	744	47.7054	-49.0313	59.51765	MITHRIL.4170	2.1679675927152766e-06	0.15132110282642622	0.44515669515669515
MT-RNR1	745	41.61340909090909	-44.68268181818182	60.68168181818182	MITHRIL.4173	-2.988297565308216e-05	0.0	0.22578347578347577
MT-RNR1	746	39.27752173913044	-42.29747826086957	63.86460869565217	MITHRIL.4176	-3.274719756675403e-05	0.0	0.1623931623931624
MT-RNR1	747	38.71475	-40.5015	67.87715	MITHRIL.4179	-9.580388539809064e-06	0.0709850057670127	0.34188034188034183
MT-RNR1	748	39.9724	-40.75665	72.7234	MITHRIL.4182	-1.2106122364886492e-05	0.09647198515769945	0.3005698005698006
MT-RNR1	749	43.35195	-41.60055	76.2828	MITHRIL.4185	-9.145732539018807e-06	0.19857441899347933	0.32834757834757833
MT-RNR1	750	47.94985	-42.26855	77.9211	MITHRIL.4188	1.0115484510755085e-05	0.5484904049934678	0.5405982905982906
MT-RNR1	751	52.85	-42.2539	77.5355	MITHRIL.4191	3.940534604235094e-06	0.11036954866775421	0.4715099715099715
MT-RNR1	752	57.30295454545455	-40.92477272727273	74.99281818181818	MITHRIL.4194	-5.690211994629511e-06	0.29694160977933004	0.3817663817663817
MT-RNR1	753	60.5552	-37.86855	74.1037	MITHRIL.4197	2.0635962006788098e-05	0.018179316506589237	0.5982905982905983
MT-RNR1	754	60.60760869565217	-33.40795652173913	74.80360869565217	MITHRIL.4200	2.0684845884398563e-06	0.6112593014967925	0.4487179487179487
MT-RNR1	755	61.38236363636364	-26.995454545454542	75.25440909090909	MITHRIL.4203	1.1577385313004765e-07	0.4866976744186046	0.433048433048433
MT-RNR1	756	57.250181818181815	-28.107227272727275	73.89177272727274	MITHRIL.4206	-4.7610956789878384e-06	0.44126976115367283	0.3952991452991453
MT-RNR1	757	53.48690909090909	-32.550636363636364	71.46527272727273	MITHRIL.4209	-6.90827122255512e-06	0.30857749013417524	0.3782051282051282
MT-RNR1	758	45.8064	-31.101350000000004	69.8734	MITHRIL.4212	-2.9708303185313583e-05	0.0	0.18376068376068377
MT-RNR1	759	48.8896	-32.1113	67.23105000000001	MITHRIL.4215	-2.372439958549107e-05	0.0028052113799521402	0.25854700854700857
MT-RNR1	760	52.89059999999999	-36.51725	65.5723	MITHRIL.4218	-7.768462103564773e-06	0.5713071891658262	0.3803418803418803
MT-RNR1	761	53.787000000000006	-41.23713636363636	66.59890909090909	MITHRIL.4221	-1.940637886933964e-05	0.010669183577159036	0.2934472934472934
MT-RNR1	762	52.83390909090909	-45.5395	68.557	MITHRIL.4224	-1.6024240132019644e-05	0.2768918243026611	0.3034188034188034
MT-RNR1	763	49.89517391304348	-48.519217391304345	71.0354347826087	MITHRIL.4227	-1.6090177887714463e-05	0.008695384615384615	0.28205128205128205
MT-RNR1	764	45.58230434782609	-49.943782608695656	72.58282608695652	MITHRIL.4230	-9.815472039948867e-06	0.1540565894154272	0.32905982905982906
MT-RNR1	765	40.823565217391305	-49.99082608695653	72.44169565217392	MITHRIL.4233	-4.2993260858189525e-07	0.7349796779566907	0.42735042735042733
MT-RNR1	766	36.88605	-50.0872	70.58805	MITHRIL.4236	1.4706324523045085e-05	0.016364080524768152	0.5982905982905983
MT-RNR1	767	34.5002	-49.98135	66.60499999999999	MITHRIL.4239	-2.627424381645055e-05	0.0	0.13888888888888887
MT-RNR1	768	33.46304347826087	-52.88673913043478	63.58882608695653	MITHRIL.4242	-1.8780860572159818e-05	0.06434775858723074	0.23290598290598288
MT-RNR1	769	33.29890909090909	-50.235181818181815	56.652136363636366	MITHRIL.4245	-1.5526570162540953e-05	0.007018823529411765	0.31196581196581197
MT-RNR1	770	33.33659090909091	-50.315045454545455	52.06100000000001	MITHRIL.4248	8.377358503971733e-06	0.5263517987715707	0.48717948717948717
MT-RNR1	771	33.87117391304348	-53.39213043478261	49.56665217391304	MITHRIL.4251	7.69920857383894e-06	0.2386523016650343	0.4807692307692308
MT-RNR1	772	32.92860869565217	-57.46260869565218	47.07804347826088	MITHRIL.4254	1.6260311801222777e-05	0.013531491712707181	0.5405982905982906
MT-RNR1	773	38.195350000000005	-58.8939	42.0901	MITHRIL.4257	2.2454843960923132e-05	0.6382758796100042	0.5584045584045584
MT-RNR1	774	38.678	-54.47934782608696	39.19173913043478	MITHRIL.4260	2.033725916520122e-05	0.005652	0.5341880341880342
MT-RNR1	775	36.76778260869565	-48.736	32.850434782608694	MITHRIL.4263	2.9118961460623845e-05	0.0	0.5705128205128206
MT-RNR1	776	38.89331818181818	-47.1215	29.03304545454545	MITHRIL.4266	1.3161385852325365e-05	0.034470163659253046	0.4914529914529915
MT-RNR1	777	42.79555	-47.680150000000005	27.78045	MITHRIL.4269	3.082815538937271e-05	0.0	0.5641025641025641
MT-RNR1	778	47.56655	-48.3132	28.97755	MITHRIL.4272	6.09730178730625e-05	0.0	0.6794871794871794
MT-RNR1	779	52.69685	-49.49495	31.634000000000004	MITHRIL.4275	5.6581184733237055e-05	0.0	0.6581196581196581
MT-RNR1	780	56.597545454545454	-52.473	32.72581818181818	MITHRIL.4278	8.803654504086467e-07	0.08270699603997737	0.4358974358974359
MT-RNR1	781	59.27334782608696	-56.3384347826087	31.94669565217391	MITHRIL.4281	2.2714606245378083e-05	0.011321690140845072	0.5384615384615384
MT-RNR1	782	63.51955	-60.7042	29.42275	MITHRIL.4284	1.3327300183119918e-05	0.004971733062674448	0.5064102564102564
MT-RNR1	783	65.64	-65.03054545454546	34.26518181818182	MITHRIL.4287	1.998004862410335e-06	0.5248285714285714	0.4444444444444444
MT-RNR1	784	67.99578260869565	-66.42195652173913	39.87656521739131	MITHRIL.4290	3.6166588407240296e-05	0.0	0.6623931623931624
MT-RNR1	785	64.65475	-61.4418	38.0269	MITHRIL.4293	6.111099078224396e-05	0.0	0.7564102564102564
MT-RNR1	786	59.772409090909086	-60.255	38.928	MITHRIL.4296	2.7982487986752864e-05	0.005652	0.5705128205128206
MT-RNR1	787	57.559318181818185	-59.980045454545454	42.29186363636364	MITHRIL.4299	2.7713285205163066e-05	0.0	0.5683760683760684
MT-RNR1	788	56.770772727272735	-60.39336363636364	46.90581818181818	MITHRIL.4302	6.872211377561416e-06	0.22035960396039603	0.4679487179487179
MT-RNR1	789	57.83135	-59.8842	51.39145	MITHRIL.4305	-7.718310938975098e-06	0.7810130404941661	0.3888888888888889
MT-RNR1	790	60.96995	-58.6955	55.32745	MITHRIL.4308	2.5309602752420642e-05	0.0035334201615003905	0.5847578347578347
MT-RNR1	791	64.81227272727273	-55.92618181818182	57.47986363636364	MITHRIL.4311	-8.263237344374533e-06	0.4191729141475211	0.3796296296296296
MT-RNR1	792	67.77372727272727	-52.211909090909096	58.39331818181818	MITHRIL.4314	-1.0179863664940441e-05	0.09692335063009637	0.36752136752136755
MT-RNR1	793	69.64730434782608	-47.67104347826087	57.85569565217392	MITHRIL.4317	9.82722353398693e-07	0.7905776315789473	0.43803418803418803
MT-RNR1	794	70.28081818181818	-42.97563636363636	57.28977272727273	MITHRIL.4320	-2.8722775508379506e-05	0.0	0.2692307692307692
MT-RNR1	795	69.06304347826087	-39.455304347826086	59.12117391304348	MITHRIL.4323	-2.6275192166842367e-05	0.0	0.2841880341880342
MT-RNR1	796	67.39965	-36.7095	63.1309	MITHRIL.4326	1.4203602268012105e-05	0.8085757377049181	0.5163817663817664
MT-RNR1	797	65.38272727272728	-34.20859090909091	68.48195454545454	MITHRIL.4329	-6.86088424232511e-06	0.4177924648206991	0.386039886039886
MT-RNR1	798	62.53373913043479	-36.84339130434783	66.54069565217391	MITHRIL.4332	-5.001854442245742e-06	0.6913181373234513	0.39957264957264954
MT-RNR1	799	60.53218181818182	-38.33822727272727	62.82668181818181	MITHRIL.4335	-1.4656613814440732e-05	0.10761792349726776	0.3454415954415955
MT-RNR1	800	59.03686956521739	-41.31786956521739	56.92082608695653	MITHRIL.4338	-1.3455453079291401e-05	0.7611932091097308	0.3653846153846154
MT-RNR1	801	53.36185	-46.00605	55.04785	MITHRIL.4341	2.4439357609165243e-05	0.0012772881355932204	0.5484330484330484
MT-RNR1	802	59.85734782608696	-43.868	51.89943478260869	MITHRIL.4344	3.25472955782276e-05	0.0012772881355932204	0.5747863247863249
MT-RNR1	803	63.52184999999999	-44.43435	49.4491	MITHRIL.4347	3.247677865976336e-05	0.0523145421903052	0.5726495726495727
MT-RNR1	804	67.5937	-46.87505	48.75575	MITHRIL.4350	5.2926614218996466e-05	0.0	0.6773504273504273
MT-RNR1	805	70.296	-50.994150000000005	49.19045	MITHRIL.4353	4.423393957675117e-05	0.0	0.6623931623931624
MT-RNR1	806	70.52586363636364	-56.030772727272726	50.353409090909096	MITHRIL.4356	5.147997623957104e-07	0.011321690140845072	0.4351851851851851
MT-RNR1	807	68.63360869565217	-60.53852173913043	50.478565217391306	MITHRIL.4359	6.8256377397948635e-06	0.13192997347480107	0.4743589743589744
MT-RNR1	808	66.16130000000001	-64.85979999999999	50.1735	MITHRIL.4362	5.4446681323259855e-05	0.0	0.7770655270655271
MT-RNR1	809	62.95055	-67.7778	47.87015	MITHRIL.4365	5.454573937342998e-05	0.0	0.7799145299145299
MT-RNR1	810	62.46617391304348	-68.1378695652174	43.54582608695653	MITHRIL.4368	2.8334454621850026e-05	0.003175559652357124	0.608974358974359
MT-RNR1	811	58.76218181818182	-67.84345454545455	37.52972727272727	MITHRIL.4371	1.9151844250737828e-05	0.0160558476881233	0.5491452991452991
MT-RNR1	812	57.25740909090909	-67.91431818181819	32.93359090909091	MITHRIL.4374	-2.873217379070698e-06	0.2519739257337441	0.41381766381766383
MT-RNR1	813	57.3477	-67.7313	28.32465	MITHRIL.4377	-4.069527842147129e-05	0.0	0.15384615384615385
MT-RNR1	814	60.99036363636364	-67.38586363636364	25.39522727272728	MITHRIL.4380	-2.8200214534773712e-05	0.0	0.22934472934472935
MT-RNR1	815	58.38504347826087	-66.81921739130435	19.20982608695652	MITHRIL.4383	-1.5460519459855702e-05	0.0008775545851528385	0.31837606837606836
MT-RNR1	816	57.092	-64.91634782608696	14.941652173913043	MITHRIL.4386	4.133586576030677e-06	0.3769738809413936	0.4615384615384615
MT-RNR1	817	56.567956521739134	-61.247130434782605	11.87613043478261	MITHRIL.4389	3.778426615347283e-05	0.0	0.6752136752136751
MT-RNR1	818	56.53765	-57.2189	8.9053	MITHRIL.4392	2.7425831781052038e-05	0.7698991045598567	0.5961538461538461
MT-RNR1	819	50.5388	-54.7865	8.39915	MITHRIL.4395	-3.980191532039658e-05	0.0	0.198005698005698
MT-RNR1	820	50.9112	-50.67525	11.7025	MITHRIL.4398	8.199659513650496e-06	0.04787647768395658	0.47222222222222227
MT-RNR1	821	53.924850000000006	-47.595600000000005	13.75455	MITHRIL.4401	8.091465495075966e-05	0.0	0.7841880341880342
MT-RNR1	822	58.83613043478261	-46.91630434782609	13.615173913043478	MITHRIL.4404	1.203163343420951e-05	0.048687640449438206	0.48504273504273504
MT-RNR1	823	63.65081818181818	-46.97768181818182	12.124136363636364	MITHRIL.4407	1.800577247675671e-05	0.3068194567277321	0.5163817663817664
MT-RNR1	824	67.36395454545455	-47.328500000000005	9.11840909090909	MITHRIL.4410	2.4631007765097493e-05	0.0	0.5598290598290597
MT-RNR1	825	69.279	-47.64169565217392	4.583130434782609	MITHRIL.4413	3.3372597984027914e-05	0.00802866828087167	0.6282051282051282
MT-RNR1	826	69.81565	-46.21945	0.2905	MITHRIL.4416	3.886960469436246e-05	0.010996281477994823	0.6837606837606837
MT-RNR1	827	66.28852173913043	-43.1755652173913	-2.619	MITHRIL.4419	1.1328739716068076e-05	0.3865030042918455	0.5021367521367521
MT-RNR1	828	63.53189999999999	-39.67135	-4.52395	MITHRIL.4422	5.1927267647693673e-05	0.0	0.7321937321937323
MT-RNR1	829	60.96673913043478	-35.309217391304344	-3.5671739130434785	MITHRIL.4425	6.522618218944862e-05	0.0	0.7564102564102564
MT-RNR1	830	60.82809999999999	-30.95285	-2.7983	MITHRIL.4428	7.751657813539506e-05	0.0	0.7962962962962963
MT-RNR1	831	56.79131818181818	-24.59809090909091	-3.2540454545454547	MITHRIL.4431	3.3419928650165467e-05	0.0	0.5854700854700855
MT-RNR1	832	60.54385	-24.99915	3.2764	MITHRIL.4434	6.238184548525338e-05	0.0	0.6837606837606837
MT-RNR1	833	64.73454545454545	-23.59509090909091	5.455818181818182	MITHRIL.4437	4.1548942978696764e-05	0.0	0.6047008547008547
MT-RNR1	834	63.194	-19.94875	12.5108	MITHRIL.4440	7.505971747803677e-05	0.0	0.7108262108262108
MT-RNR1	835	63.81345454545454	-26.77104545454545	10.830363636363636	MITHRIL.4443	5.0568469089282664e-05	0.0	0.6217948717948718
MT-RNR1	836	56.8267	-30.19435	9.126	MITHRIL.4446	6.619283148931953e-05	0.0	0.6709401709401709
MT-RNR1	837	54.88205000000001	-28.7249	16.2604	MITHRIL.4449	2.8701630903995644e-05	0.007689795918367347	0.532051282051282
MT-RNR1	838	55.14204347826088	-25.49704347826087	8.687173913043479	MITHRIL.4452	7.04251329275808e-05	0.0	0.6837606837606837
MT-RNR1	839	54.1574	-22.26235	6.3092500000000005	MITHRIL.4455	8.398128316251772e-05	0.0	0.7414529914529915
MT-RNR1	840	51.0285	-19.913400000000003	3.9687	MITHRIL.4458	2.160233300538768e-05	0.0	0.514957264957265
MT-RNR1	841	45.9352	-18.67445	1.15395	MITHRIL.4461	5.457607909118221e-05	0.0	0.6474358974358975
MT-RNR1	842	41.26178260869565	-16.641695652173915	1.0689565217391304	MITHRIL.4464	5.81658299950933e-05	0.0	0.6623931623931624
MT-RNR1	843	36.9979	-14.1247	2.0549500000000003	MITHRIL.4467	9.393315492057612e-05	0.0	0.8076923076923076
MT-RNR1	844	34.87195	-11.39465	5.1299	MITHRIL.4470	6.643921577728523e-05	0.0	0.7008547008547009
MT-RNR1	845	35.536227272727274	-7.834227272727273	8.816818181818181	MITHRIL.4473	4.8530622650121456e-05	0.0	0.6324786324786325
MT-RNR1	846	36.8179	-3.4012	9.9293	MITHRIL.4476	4.797454133138568e-05	0.0	0.6410256410256411
MT-RNR1	847	39.21585	0.4389999999999999	8.3918	MITHRIL.4479	2.5671055380704504e-05	0.0	0.5512820512820512
MT-RNR1	848	42.4002	3.51605	5.20775	MITHRIL.4482	5.2135747475614216e-05	0.0	0.6923076923076922
MT-RNR1	849	43.95775	5.3696	0.7768499999999999	MITHRIL.4485	5.428235309058713e-05	0.0	0.732905982905983
MT-RNR1	850	43.45775	5.94095	-4.08435	MITHRIL.4488	4.461809526703693e-05	0.0	0.7136752136752137
MT-RNR1	851	40.9127	5.43145	-8.31075	MITHRIL.4491	2.0573519519614117e-05	0.65142953681543	0.5790598290598291
MT-RNR1	852	36.931	4.351999999999999	-11.59065	MITHRIL.4494	4.854994677916281e-05	0.0	0.8055555555555555
MT-RNR1	853	32.11805	4.42095	-13.2379	MITHRIL.4497	1.6871671411077436e-05	0.004615054860933911	0.5726495726495726
MT-RNR1	854	28.4795	7.181590909090909	-12.720590909090909	MITHRIL.4500	-1.1268569559504914e-05	0.006695360315893386	0.3311965811965812
MT-RNR1	855	22.485227272727272	10.133181818181818	-12.383772727272726	MITHRIL.4503	2.991762654129916e-06	0.008359199421268386	0.4594017094017094
MT-RNR1	856	22.77078260869565	13.960478260869566	-13.394652173913045	MITHRIL.4506	-7.564109210141838e-06	0.017281294964028776	0.34829059829059833
MT-RNR1	857	23.55695	18.6607	-12.74625	MITHRIL.4509	3.3313765143987515e-07	0.5267156016961544	0.43660968660968663
MT-RNR1	858	27.12181818181818	22.185181818181817	-12.472909090909091	MITHRIL.4512	-1.0654567404856564e-05	0.00045631244323342414	0.23076923076923075
MT-RNR1	859	30.764100000000003	25.00315	-13.7725	MITHRIL.4515	-6.533413634783908e-06	0.03620050125313283	0.2094017094017094
MT-RNR1	860	34.73581818181818	25.71736363636364	-16.965545454545456	MITHRIL.4518	-1.2873067313004933e-06	0.34361157796451913	0.1923076923076923
MT-RNR1	861	37.0061	26.1623	-21.05415	MITHRIL.4521	5.616191393170045e-06	0.08547876056338029	0.1346153846153846
MT-RNR1	862	37.62905	25.5242	-26.3178	MITHRIL.4524	7.3596400750658666e-06	0.045423300970873784	0.254985754985755
MT-RNR1	863	36.1191	26.483600000000003	-30.704	MITHRIL.4527	1.3570719963135595e-05	0.0035334201615003905	0.21296296296296294
MT-RNR1	864	33.12005	28.9483	-34.02535	MITHRIL.4530	1.7811713619837013e-05	0.0	0.20299145299145302
MT-RNR1	865	31.87822727272728	33.40540909090909	-39.415454545454544	MITHRIL.4533	1.52565164360216e-05	0.0035334201615003905	0.28062678062678065
MT-RNR1	866	39.08663636363636	29.18290909090909	-42.090272727272726	MITHRIL.4536	1.845198361614796e-05	0.00045631244323342414	0.25213675213675213
MT-RNR1	867	31.938954545454543	32.32545454545454	-44.86459090909091	MITHRIL.4539	9.599246744345727e-06	0.029584467676552165	0.3461538461538461
MT-RNR1	868	27.99778260869565	33.87391304347826	-47.448565217391305	MITHRIL.4542	2.6939637826141852e-05	0.0	0.20299145299145302
MT-RNR1	869	25.481	37.06408695652174	-50.062260869565215	MITHRIL.4545	3.123882403970426e-05	0.0	0.1794871794871795
MT-RNR1	870	24.582636363636365	41.81836363636364	-52.405772727272726	MITHRIL.4548	-5.1362352057400575e-06	0.3571342728821434	0.47222222222222227
MT-RNR1	871	24.7712	45.882850000000005	-54.9224	MITHRIL.4551	4.861412732804021e-05	0.0	0.07834757834757834
MT-RNR1	872	27.11504545454545	47.90463636363637	-58.18322727272727	MITHRIL.4554	6.982538858381431e-06	0.1452976597974153	0.38247863247863245
MT-RNR1	873	31.02775	53.19865	-60.7554	MITHRIL.4557	4.6672654704534974e-05	0.0	0.11965811965811966
MT-RNR1	874	31.2541	58.81815	-62.566100000000006	MITHRIL.4560	3.4168935956128365e-05	0.0	0.20085470085470084
MT-RNR1	875	32.52525	64.08135	-62.8953	MITHRIL.4563	1.0169145463165307e-05	0.04325568898839813	0.36111111111111116
MT-RNR1	876	35.907545454545456	67.19836363636364	-63.960863636363634	MITHRIL.4566	2.3936853734236317e-05	0.0	0.26424501424501423
MT-RNR1	877	39.95763636363636	69.36604545454544	-65.45009090909092	MITHRIL.4569	1.6238970681919466e-05	0.1227669172932331	0.3155270655270655
MT-RNR1	878	44.8152	76.20465	-66.67255	MITHRIL.4572	4.282688467632142e-05	0.0	0.10042735042735042
MT-RNR1	879	48.0277	74.19905	-60.7992	MITHRIL.4575	1.2923087129706366e-05	0.03532992884051905	0.3311965811965812
MT-RNR1	880	45.07804545454545	69.11640909090909	-60.05718181818182	MITHRIL.4578	2.8731053388477985e-05	0.0	0.22792022792022792
MT-RNR1	881	41.87413636363636	66.48959090909091	-57.207772727272726	MITHRIL.4581	3.810642409256505e-05	0.0	0.17094017094017092
MT-RNR1	882	37.42459090909091	64.51290909090909	-55.40195454545455	MITHRIL.4584	4.469288084514694e-05	0.0	0.13034188034188035
MT-RNR1	883	35.16440909090909	61.11431818181818	-54.3505909090909	MITHRIL.4587	3.953176343433999e-05	0.0	0.16666666666666666
MT-RNR1	884	34.52995	57.22865	-52.16414999999999	MITHRIL.4590	3.282634263665686e-05	0.0	0.20726495726495728
MT-RNR1	885	30.78845	54.4592	-47.65035	MITHRIL.4593	3.748793926568385e-05	0.0	0.15384615384615385
MT-RNR1	886	28.23805	46.8916	-46.71445	MITHRIL.4596	2.450174030313338e-05	0.0	0.24145299145299146
MT-RNR1	887	25.698950000000004	43.7975	-43.36295	MITHRIL.4599	1.8251534031102087e-05	0.0	0.2735042735042735
MT-RNR1	888	25.2628	39.727	-40.457	MITHRIL.4602	8.27734077695465e-06	0.15805063815108658	0.35113960113960113
MT-RNR1	889	27.717954545454543	36.343363636363634	-35.346045454545454	MITHRIL.4605	1.567176057069035e-05	0.23280746928746926	0.25284900284900286
MT-RNR1	890	26.9226	33.1208	-30.9934	MITHRIL.4608	2.0514797647457993e-05	0.0	0.12606837606837606
MT-RNR1	891	24.80160869565217	30.79708695652174	-27.635608695652174	MITHRIL.4611	8.20974303269092e-06	0.029584467676552165	0.2435897435897436
MT-RNR1	892	22.927950000000003	27.25995	-20.83275	MITHRIL.4614	-6.780243810706064e-07	0.49743381528474473	0.08333333333333333
MT-RNR1	893	25.34936363636364	25.49709090909091	-27.54909090909091	MITHRIL.4617	7.760990781053324e-06	0.03971214491560313	0.18732193732193733
MT-RNR1	894	28.561200000000003	22.0339	-27.65635	MITHRIL.4620	2.8582731109877017e-06	0.27476260841631867	0.32407407407407407
MT-RNR1	895	32.8814	19.205350000000003	-26.6134	MITHRIL.4623	3.913761648080398e-06	0.1728605316973415	0.21723646723646725
MT-RNR1	896	35.66185	17.090600000000002	-23.40275	MITHRIL.4626	-2.774130021809958e-07	0.7873895516248457	0.37606837606837606
MT-RNR1	897	36.637409090909095	16.76081818181818	-18.43163636363636	MITHRIL.4629	1.5446705358253787e-06	0.9776161659133209	0.4779202279202279
MT-RNR1	898	36.6011	16.473300000000002	-13.535750000000002	MITHRIL.4632	2.75256336867872e-07	0.7604660408614025	0.43660968660968663
MT-RNR1	899	33.86390909090909	16.180227272727272	-9.28509090909091	MITHRIL.4635	4.521365267321299e-06	0.43687942238267147	0.4843304843304843
MT-RNR1	900	30.5222	13.2013	-6.7176	MITHRIL.4638	-2.5040316318749755e-05	0.0	0.20868945868945868
MT-RNR1	901	25.109590909090908	9.631	-4.717	MITHRIL.4641	1.6327132527420002e-05	0.0	0.547008547008547
MT-RNR1	902	26.548217391304348	5.91295652173913	-4.147260869565217	MITHRIL.4644	6.925979123865794e-06	0.2248885375494071	0.4764957264957265
MT-RNR1	903	28.558818181818182	1.6138636363636365	-4.988681818181818	MITHRIL.4647	2.8746573651740715e-05	0.0	0.6025641025641025
MT-RNR1	904	32.59369565217391	-1.2014347826086955	-5.704217391304348	MITHRIL.4650	9.314451701129946e-06	0.5941576278470134	0.48504273504273504
MT-RNR1	905	37.419826086956526	-2.9149565217391302	-6.023260869565218	MITHRIL.4653	2.8691691842973786e-05	0.0	0.5897435897435898
MT-RNR1	906	41.97918181818182	-3.776318181818182	-5.035136363636363	MITHRIL.4656	3.0217159084552513e-07	0.14124224908039937	0.4337606837606838
MT-RNR1	907	45.77478260869565	-3.5776956521739134	-2.177652173913043	MITHRIL.4659	6.348633625800441e-05	0.0	0.7478632478632479
MT-RNR1	908	48.01059090909091	-3.396409090909091	1.8478181818181816	MITHRIL.4662	4.768892410759911e-05	0.0	0.6538461538461539
MT-RNR1	909	48.9295	-4.3611	6.0775	MITHRIL.4665	6.57940795541104e-06	0.00045631244323342414	0.46082621082621084
MT-RNR1	910	53.13077272727273	-5.935636363636363	14.063318181818182	MITHRIL.4668	3.228817745545774e-05	0.0	0.5598290598290598
MT-RNR1	911	49.80622727272728	-8.92590909090909	16.351045454545456	MITHRIL.4671	3.632111249486197e-05	0.0	0.5705128205128206
MT-RNR1	912	41.45278260869565	-11.578391304347829	13.210347826086958	MITHRIL.4674	5.205719262953317e-05	0.0	0.6303418803418803
MT-RNR1	913	38.4693	-15.60235	12.9043	MITHRIL.4677	9.708186078315027e-05	0.0	0.7927350427350427
MT-RNR1	914	37.04635	-19.77205	10.6353	MITHRIL.4680	7.711717219523827e-05	0.0	0.7158119658119658
MT-RNR1	915	38.84404347826087	-23.317304347826088	8.062608695652173	MITHRIL.4683	7.019741041345607e-05	0.0	0.6880341880341879
MT-RNR1	916	42.0584	-26.2502	6.42545	MITHRIL.4686	0.00010072217508141023	0.0	0.7991452991452991
MT-RNR1	917	43.47036363636364	-25.85140909090909	0.0218636363636363	MITHRIL.4689	3.2470085732873694e-05	0.0	0.5598290598290597
MT-RNR1	918	48.1195	-26.625954545454544	-1.334	MITHRIL.4692	3.398487242186843e-05	0.0	0.5705128205128206
MT-RNR1	919	52.68635	-28.31855	-1.35485	MITHRIL.4695	6.277302462605272e-05	0.0	0.6923076923076922
MT-RNR1	920	55.007090909090905	-33.54509090909091	0.5919545454545454	MITHRIL.4698	2.9942374800741227e-05	0.0	0.5555555555555556
MT-RNR1	921	53.0056	-39.3724	-3.63595	MITHRIL.4701	4.427511580265366e-05	0.0	0.650997150997151
MT-RNR1	922	50.887130434782605	-32.56404347826087	0.5170869565217392	MITHRIL.4704	1.0924723611116289e-05	0.0946726630737781	0.4764957264957265
MT-RNR1	923	46.85982608695653	-35.36382608695652	2.559608695652174	MITHRIL.4707	4.795792589450582e-05	0.0	0.6260683760683761
MT-RNR1	924	40.50795	-36.30275	-2.7611	MITHRIL.4710	7.08859941199162e-05	0.0	0.7542735042735043
MT-RNR1	925	47.193681818181815	-36.313818181818185	-8.635636363636364	MITHRIL.4713	4.3753191375723306e-05	0.0	0.6688034188034188
MT-RNR1	926	47.03622727272728	-31.39818181818182	-9.963	MITHRIL.4716	-8.505976247067612e-06	0.4220797101449275	0.3867521367521367
MT-RNR1	927	45.76565217391304	-28.02578260869565	-13.17104347826087	MITHRIL.4719	4.826075529534177e-05	0.0	0.7094017094017094
MT-RNR1	928	44.08075	-24.992600000000003	-16.9055	MITHRIL.4722	5.0130720957378354e-05	0.0	0.7628205128205128
MT-RNR1	929	39.967608695652174	-24.037086956521737	-19.77395652173913	MITHRIL.4725	2.678124832876276e-05	0.0	0.6282051282051282
MT-RNR1	930	35.82115	-22.89775	-19.6393	MITHRIL.4728	7.084475756506676e-05	0.0	0.9223646723646723
MT-RNR1	931	31.25531818181818	-24.044409090909088	-17.424181818181818	MITHRIL.4731	3.677277019206435e-05	0.0	0.6623931623931624
MT-RNR1	932	27.980650000000004	-24.09785	-14.04355	MITHRIL.4734	6.197929391928341e-05	0.0	0.7777777777777778
MT-RNR1	933	27.2435	-23.8508	-9.235	MITHRIL.4737	5.408186223447407e-05	0.0	0.6987179487179488
MT-RNR1	934	28.96560869565217	-22.55452173913044	-4.293739130434783	MITHRIL.4740	6.359718098619899e-05	0.0	0.7136752136752137
MT-RNR1	935	30.36913043478261	-20.364043478260868	2.763913043478261	MITHRIL.4743	4.144014197254033e-05	0.0	0.6004273504273504
MT-RNR1	936	34.38318181818182	-20.54231818181818	0.8429545454545455	MITHRIL.4746	1.697747713930332e-05	0.004615054860933911	0.5
MT-RNR1	937	38.34377272727273	-22.106772727272727	-0.9000454545454546	MITHRIL.4749	3.294247705442857e-05	0.0	0.564102564102564
MT-RNR1	938	37.66054545454545	-24.010636363636365	-5.240454545454546	MITHRIL.4752	1.5099688846326597e-05	0.023106438896189227	0.49786324786324787
MT-RNR1	939	35.06521739130435	-28.50978260869565	-7.140217391304348	MITHRIL.4755	4.94648123294163e-05	0.0	0.6581196581196581
MT-RNR1	940	34.2258	-31.7605	-10.0514	MITHRIL.4758	8.339368346994142e-05	0.0	0.8547008547008547
MT-RNR1	941	33.2904347826087	-32.565260869565215	-15.420565217391305	MITHRIL.4761	4.818191381232508e-05	0.0	0.7350427350427351
MT-RNR1	942	34.93	-33.74795	-19.5892	MITHRIL.4764	2.4390226558658392e-05	0.07528816015252622	0.6303418803418804
MT-RNR1	943	38.99663636363636	-33.23909090909091	-22.25140909090909	MITHRIL.4767	1.1321286645093946e-05	0.09188187919463087	0.5448717948717948
MT-RNR1	944	43.603	-32.97985	-22.5717	MITHRIL.4770	2.0447929669065163e-05	0.02848048099634958	0.6495726495726496
MT-RNR1	945	48.591	-32.28875	-20.8362	MITHRIL.4773	4.1711078547854535e-05	0.0	0.839031339031339
MT-RNR1	946	52.62985	-33.6104	-18.1398	MITHRIL.4776	4.61684559604253e-05	0.0	0.844017094017094
MT-RNR1	947	55.41839130434783	-28.338217391304347	-16.48282608695652	MITHRIL.4779	1.6186499357935302e-05	0.007689795918367347	0.5683760683760684
MT-RNR1	948	53.45791304347826	-36.2424347826087	-11.782	MITHRIL.4782	1.8446670596975776e-05	0.0012772881355932204	0.5534188034188033
MT-RNR1	949	55.057909090909085	-40.68031818181818	-11.32990909090909	MITHRIL.4785	1.3955431946635153e-05	0.02034053097345133	0.5341880341880342
MT-RNR1	950	55.87015	-45.25215	-11.5729	MITHRIL.4788	-2.404273995272212e-05	0.0	0.21866096866096865
MT-RNR1	951	58.983304347826085	-47.54939130434782	-7.739173913043478	MITHRIL.4791	-1.2287893860138848e-05	0.03753143805768832	0.33547008547008544
MT-RNR1	952	64.62018181818182	-48.929	-13.2505	MITHRIL.4794	-3.441578397958459e-06	0.30582250316055626	0.3867521367521367
MT-RNR1	953	66.11127272727273	-57.99836363636364	-13.785363636363638	MITHRIL.4797	-3.7669685558900064e-06	0.15132110282642622	0.35185185185185186
MT-RNR1	954	62.215250000000005	-60.39149999999999	-13.43765	MITHRIL.4800	-1.3180769774685233e-05	0.00045631244323342414	0.13390313390313388
MT-RNR2	1	-75.27791666666667	32.68666666666667	-22.158541666666665	MITHRIL.5010	-5.68178785947495e-07	0.23259868938401052	0.4358974358974359
MT-RNR2	2	-72.46185	29.89105	-25.69825	MITHRIL.5013	-1.2396753392342598e-05	0.018499442088819457	0.514957264957265
MT-RNR2	3	-70.55715000000001	25.4177	-26.008550000000003	MITHRIL.5016	1.4783034817340746e-05	0.3644573547589617	0.3333333333333333
MT-RNR2	4	-72.64840909090908	21.60859090909091	-25.52659090909091	MITHRIL.5019	2.7994029723223106e-05	0.0	0.2564102564102564
MT-RNR2	5	-75.53240909090908	18.082818181818183	-23.939681818181818	MITHRIL.5022	4.981333520644688e-05	0.0	0.13675213675213674
MT-RNR2	6	-78.4499090909091	14.822909090909093	-24.57818181818181	MITHRIL.5025	2.4334998482063792e-05	0.00045631244323342414	0.29273504273504275
MT-RNR2	7	-80.53490000000001	11.0748	-26.6392	MITHRIL.5028	5.843676682315675e-05	0.0	0.10683760683760683
MT-RNR2	8	-82.49835	5.7696	-28.60985	MITHRIL.5031	1.85933305831534e-05	0.003175559652357124	0.32834757834757833
MT-RNR2	9	-81.9638	1.98315	-31.73055	MITHRIL.5034	-6.720663814331034e-07	0.04325568898839813	0.4358974358974359
MT-RNR2	10	-77.91986363636364	-1.2681363636363636	-33.59040909090909	MITHRIL.5037	3.01800163919712e-05	0.0	0.26495726495726496
MT-RNR2	11	-77.16926086956522	-5.200521739130434	-32.57382608695652	MITHRIL.5040	-4.0038671640466595e-06	0.06812532354645548	0.45441595441595445
MT-RNR2	12	-75.17105000000001	-8.80155	-30.0516	MITHRIL.5043	-5.989365263346256e-06	0.015742779291553134	0.46581196581196577
MT-RNR2	13	-74.6489	-12.32545	-26.16935	MITHRIL.5046	1.987555574970967e-06	0.030752646121147715	0.42094017094017094
MT-RNR2	14	-75.82055	-16.40685	-23.5406	MITHRIL.5049	1.0693786845236879e-05	0.7975651602300741	0.37393162393162394
MT-RNR2	15	-78.56944999999999	-20.79905	-23.6965	MITHRIL.5052	7.43071371319572e-05	0.0	0.05982905982905983
MT-RNR2	16	-81.17040909090909	-24.26568181818181	-26.41681818181818	MITHRIL.5055	5.256121168778208e-05	0.0	0.18162393162393164
MT-RNR2	17	-81.67877272727273	-27.139045454545453	-29.677136363636365	MITHRIL.5058	6.611604236301993e-05	0.0	0.12393162393162394
MT-RNR2	18	-79.78240909090908	-29.43081818181818	-32.72718181818182	MITHRIL.5061	5.625004082176959e-05	0.0	0.16809116809116809
MT-RNR2	19	-75.6448	-31.92875	-36.5604	MITHRIL.5064	6.52373763669138e-05	0.0	0.12108262108262108
MT-RNR2	20	-73.90145	-27.8909	-40.67635	MITHRIL.5067	5.587996059180213e-05	0.0	0.16666666666666666
MT-RNR2	21	-71.80475	-25.58045	-45.0093	MITHRIL.5070	6.132240164760517e-05	0.0	0.14102564102564102
MT-RNR2	22	-69.74822727272728	-25.320636363636364	-49.34277272727272	MITHRIL.5073	6.105395346225976e-05	0.0	0.14245014245014245
MT-RNR2	23	-70.5548	-24.73295	-57.6337	MITHRIL.5076	6.136447252062903e-05	0.0	0.13675213675213674
MT-RNR2	24	-69.6268	-17.0083	-60.28235	MITHRIL.5079	5.917247208666201e-05	0.0	0.146011396011396
MT-RNR2	25	-65.64	-17.2423	-63.63099999999999	MITHRIL.5082	5.0683020634059175e-05	0.0	0.19017094017094016
MT-RNR2	26	-60.89020000000001	-17.193	-63.9461	MITHRIL.5085	7.69402049868794e-05	0.0	0.07264957264957266
MT-RNR2	27	-56.93636363636363	-17.50918181818182	-61.118818181818185	MITHRIL.5088	2.6855343997619035e-05	0.00389860320744956	0.306980056980057
MT-RNR2	28	-54.0529	-19.28205	-57.87255	MITHRIL.5091	5.381230089940119e-05	0.0	0.18162393162393162
MT-RNR2	29	-48.9319	-23.0057	-53.530550000000005	MITHRIL.5094	5.6353988373684024e-05	0.0	0.1581196581196581
MT-RNR2	30	-43.3428	-19.6485	-56.9457	MITHRIL.5097	2.567553560493381e-05	0.22386864490603361	0.30484330484330485
MT-RNR2	31	-41.26045	-13.79965	-55.05499999999999	MITHRIL.5100	4.2459734591834737e-05	0.0	0.20299145299145302
MT-RNR2	32	-49.98563636363636	-15.685863636363637	-52.20495454545455	MITHRIL.5103	4.463297135552026e-05	0.0	0.20512820512820515
MT-RNR2	33	-52.8231	-13.42065	-55.6274	MITHRIL.5106	6.95679141200281e-05	0.0	0.09188034188034189
MT-RNR2	34	-48.785250000000005	-14.63745	-60.47615	MITHRIL.5109	1.156029727928571e-05	0.7633708137931035	0.37606837606837606
MT-RNR2	35	-49.35940909090909	-18.39181818181818	-68.98986363636364	MITHRIL.5112	3.176806942801142e-05	0.0	0.28205128205128205
MT-RNR2	36	-45.8542	-21.8978	-68.77655	MITHRIL.5115	5.3617934375000385e-05	0.0	0.18376068376068377
MT-RNR2	37	-42.0056	-27.3599	-67.7711	MITHRIL.5118	6.706481393809525e-05	0.0	0.1217948717948718
MT-RNR2	38	-37.27872727272728	-33.912	-65.245	MITHRIL.5121	5.114621054693488e-05	0.0	0.1858974358974359
MT-RNR2	39	-37.527956521739135	-33.76526086956522	-58.98034782608696	MITHRIL.5124	8.122613615329171e-05	0.0	0.038461538461538464
MT-RNR2	40	-39.351681818181824	-37.269636363636366	-56.33145454545454	MITHRIL.5127	5.5981808100638866e-05	0.0	0.15384615384615385
MT-RNR2	41	-37.8694	-34.79515	-50.32685	MITHRIL.5130	5.8573015250938556e-05	0.0	0.12393162393162394
MT-RNR2	42	-41.44245454545455	-35.80195454545455	-47.48654545454545	MITHRIL.5133	4.4824808273300114e-05	0.0	0.19444444444444442
MT-RNR2	43	-45.266045454545456	-37.304272727272725	-40.566818181818185	MITHRIL.5136	4.150586576384141e-05	0.0	0.20156695156695156
MT-RNR2	44	-45.4865	-39.30475	-36.58585	MITHRIL.5139	5.9396393538298085e-05	0.0	0.09188034188034189
MT-RNR2	45	-44.01395	-38.46565	-30.08435	MITHRIL.5142	4.9704264966079145e-05	0.0	0.1111111111111111
MT-RNR2	46	-44.77625	-38.04635	-21.9013	MITHRIL.5145	3.015487201810516e-05	0.0	0.20299145299145302
MT-RNR2	47	-48.01305	-31.8849	-20.605	MITHRIL.5148	1.414977674751629e-05	0.5598358144240497	0.3176638176638176
MT-RNR2	48	-45.55477272727273	-28.876590909090908	-17.22481818181818	MITHRIL.5151	1.0788014206117142e-05	0.2051962006332278	0.31980056980056976
MT-RNR2	49	-45.354608695652175	-25.92595652173913	-13.887956521739133	MITHRIL.5154	8.390443541567131e-06	0.15001313183949974	0.3205128205128205
MT-RNR2	50	-46.376	-22.25615	-10.80165	MITHRIL.5157	1.0994600787483353e-05	0.013531491712707181	0.2435897435897436
MT-RNR2	51	-47.8854	-22.1125	-6.9943	MITHRIL.5160	1.1667930178628352e-05	0.02281131827155078	0.21794871794871795
MT-RNR2	52	-49.22440909090909	-24.41409090909091	-2.504318181818182	MITHRIL.5163	5.4665750269763945e-06	0.2239694233937397	0.33547008547008544
MT-RNR2	53	-47.24827272727273	-25.796454545454548	1.0956818181818182	MITHRIL.5166	3.818324460143912e-06	0.2912672397325692	0.3461538461538462
MT-RNR2	54	-47.34118181818182	-20.73813636363636	6.336818181818182	MITHRIL.5169	1.958476660016521e-06	0.612628807522439	0.35042735042735046
MT-RNR2	55	-41.2353	-23.25805	2.46775	MITHRIL.5172	1.0446484647871869e-06	0.6577180936313792	0.2692307692307692
MT-RNR2	56	-40.8372	-25.738350000000004	-0.55565	MITHRIL.5175	-1.4192144382650167e-06	0.9033480048367593	0.5235042735042735
MT-RNR2	57	-37.14172727272727	-30.176181818181817	-1.9858636363636364	MITHRIL.5178	8.394933307264833e-07	0.7803997253878896	0.3846153846153846
MT-RNR2	58	-42.20225	-35.2092	-3.16585	MITHRIL.5181	-1.0906256451907884e-05	0.005652	0.6346153846153846
MT-RNR2	59	-45.95575	-34.44895	-4.754	MITHRIL.5184	-1.1314771976943996e-05	0.0028052113799521402	0.594017094017094
MT-RNR2	60	-49.77175	-31.74925	-6.4079	MITHRIL.5187	-3.4064587661112083e-06	0.9132156136820926	0.47222222222222215
MT-RNR2	61	-56.95863636363636	-30.90909090909091	-9.008954545454545	MITHRIL.5190	3.0080556442092534e-05	0.0	0.18803418803418803
MT-RNR2	62	-57.7395	-30.8985	-13.3831	MITHRIL.5193	4.325742431232439e-05	0.0	0.11965811965811966
MT-RNR2	63	-62.67935	-34.7859	-17.36815	MITHRIL.5196	2.3112249406976566e-05	0.00045631244323342414	0.29273504273504275
MT-RNR2	64	-63.1977	-37.3826	-20.82905	MITHRIL.5199	4.287717022320599e-05	0.0	0.18803418803418803
MT-RNR2	65	-68.30468181818182	-41.98972727272727	-22.66959090909091	MITHRIL.5202	5.69997712164901e-05	0.0	0.12606837606837606
MT-RNR2	66	-76.17836363636364	-42.38140909090909	-16.182000000000002	MITHRIL.5205	4.0155807929610635e-05	0.0	0.21794871794871795
MT-RNR2	67	-78.16250000000001	-37.5075	-12.650636363636364	MITHRIL.5208	3.41745181482672e-05	0.0	0.2514245014245014
MT-RNR2	68	-77.8844	-38.2434	-7.763249999999999	MITHRIL.5211	3.468995945694742e-05	0.0016709534368070955	0.24145299145299146
MT-RNR2	69	-76.43913636363636	-40.73663636363637	-3.972	MITHRIL.5214	2.014120171202323e-05	0.00045631244323342414	0.3155270655270655
MT-RNR2	70	-73.20313636363636	-43.093272727272726	-1.8215	MITHRIL.5217	3.617093408730575e-05	0.0	0.2094017094017094
MT-RNR2	71	-69.67200000000001	-41.53468181818182	-0.667409090909091	MITHRIL.5220	9.997738317532043e-06	0.3745951339698183	0.3653846153846154
MT-RNR2	72	-66.67091304347827	-36.36260869565218	-0.0107826086956521	MITHRIL.5223	-1.5030571241850167e-05	0.0	0.5427350427350427
MT-RNR2	73	-65.75585	-41.819	2.68045	MITHRIL.5226	-3.698417422805066e-05	0.0	0.7200854700854701
MT-RNR2	74	-62.40236363636364	-45.82222727272727	1.877772727272728	MITHRIL.5229	-1.1268228918819416e-05	0.0035334201615003905	0.5227920227920227
MT-RNR2	75	-58.5899	-45.87485	1.99295	MITHRIL.5232	-1.7694964286179125e-05	0.00389860320744956	0.5854700854700855
MT-RNR2	76	-54.079181818181816	-43.268	0.7257727272727273	MITHRIL.5235	1.0515130005748524e-05	0.013531491712707181	0.3333333333333333
MT-RNR2	77	-50.95095652173914	-40.487434782608695	2.404826086956522	MITHRIL.5238	7.369566900256565e-06	0.07250042161747797	0.35042735042735046
MT-RNR2	78	-44.073565217391305	-35.346739130434784	3.5221739130434786	MITHRIL.5241	4.0134519352263067e-07	0.5941576278470134	0.4245014245014245
MT-RNR2	79	-49.1591	-40.76865	6.6352	MITHRIL.5244	9.76839713303201e-06	0.05861826753093695	0.30982905982905984
MT-RNR2	80	-48.99647826086957	-34.29086956521739	5.491869565217392	MITHRIL.5247	-9.0917947789577e-06	0.016364080524768152	0.5747863247863249
MT-RNR2	81	-51.87718181818182	-31.53245454545454	2.942590909090909	MITHRIL.5250	-7.3820251356715e-06	0.03015683269476373	0.5356125356125356
MT-RNR2	82	-55.40805	-32.2562	1.1069	MITHRIL.5253	-2.45810115904932e-05	0.0	0.7115384615384616
MT-RNR2	83	-57.54654545454545	-36.04090909090909	-2.440909090909091	MITHRIL.5256	-7.674463552841059e-06	0.10687218374043018	0.5014245014245015
MT-RNR2	84	-61.0684347826087	-38.36713043478261	-3.3612608695652173	MITHRIL.5259	-1.5653024557522055e-06	0.11054255704454907	0.4444444444444444
MT-RNR2	85	-64.39422727272728	-44.02345454545454	-5.371181818181818	MITHRIL.5262	5.031009742728598e-06	0.16846843274653905	0.3974358974358974
MT-RNR2	86	-67.57131818181819	-47.299181818181815	-6.341454545454545	MITHRIL.5265	7.435516908936901e-06	0.0648823734729494	0.38390313390313385
MT-RNR2	87	-70.88081818181819	-50.98727272727273	-6.204136363636363	MITHRIL.5268	1.3597720333324973e-05	0.10029529411764707	0.3454415954415954
MT-RNR2	88	-74.70235	-50.8083	-7.28445	MITHRIL.5271	-4.503720895080039e-06	0.5504176359680928	0.4601139601139601
MT-RNR2	89	-78.86215	-48.2531	-7.89585	MITHRIL.5274	-1.5899914093815548e-05	0.0	0.527065527065527
MT-RNR2	90	-80.74295652173913	-45.54891304347826	-10.934260869565218	MITHRIL.5277	2.113366866073853e-06	0.13569048625792812	0.4202279202279202
MT-RNR2	91	-83.16027272727273	-40.04368181818182	-14.342136363636364	MITHRIL.5280	2.7948505936842982e-05	0.0012772881355932204	0.28561253561253563
MT-RNR2	92	-88.91663636363636	-38.450818181818185	-15.959181818181817	MITHRIL.5283	5.7325230546342756e-05	0.0	0.13247863247863248
MT-RNR2	93	-89.9759090909091	-34.31695454545454	-23.04509090909091	MITHRIL.5286	5.267005884928509e-05	0.0	0.16595441595441596
MT-RNR2	94	-92.10625	-28.498	-27.19015	MITHRIL.5289	4.2967661375040146e-05	0.0	0.21581196581196582
MT-RNR2	95	-86.98615	-26.55365	-29.4754	MITHRIL.5292	6.199798188558331e-05	0.0	0.13675213675213674
MT-RNR2	96	-88.42125	-21.7847	-30.48975	MITHRIL.5295	2.49679267203701e-05	0.0	0.30840455840455844
MT-RNR2	97	-86.67334782608695	-17.419391304347826	-25.577608695652174	MITHRIL.5298	2.4857370530147207e-05	0.008695384615384615	0.30484330484330485
MT-RNR2	98	-84.93386956521739	-13.57591304347826	-22.36517391304348	MITHRIL.5301	-1.3493142237797162e-06	0.186717006573403	0.43945868945868943
MT-RNR2	99	-86.64855	-11.4178	-13.645500000000002	MITHRIL.5304	3.0645456303727634e-05	0.0	0.25569800569800566
MT-RNR2	100	-80.43104347826088	-9.86608695652174	-20.375739130434784	MITHRIL.5307	-1.6113201422653238e-05	0.3302451047857366	0.5256410256410257
MT-RNR2	101	-78.5802	-5.1208	-21.64025	MITHRIL.5310	-2.7972390093641355e-05	0.06649411764705883	0.6004273504273504
MT-RNR2	102	-79.39886363636364	-1.2423636363636363	-24.35363636363636	MITHRIL.5313	1.5880937033934685e-05	0.062064637002341924	0.3397435897435897
MT-RNR2	103	-74.01613636363636	3.4355	-28.326454545454546	MITHRIL.5316	1.8761675766701046e-05	0.00045631244323342414	0.3198005698005698
MT-RNR2	104	-68.0316	5.3703	-22.03025	MITHRIL.5319	-7.279062418255422e-06	0.07889004361843352	0.4871794871794872
MT-RNR2	105	-71.39831818181818	-1.117590909090909	-22.86490909090909	MITHRIL.5322	1.7495790169882577e-05	0.0024355507675733906	0.3176638176638176
MT-RNR2	106	-71.58421739130435	-4.943434782608696	-24.702391304347824	MITHRIL.5325	1.8242349146131866e-05	0.3317395028919807	0.31837606837606836
MT-RNR2	107	-69.09136363636364	-8.4825	-28.73172727272727	MITHRIL.5328	1.7086135213827275e-05	0.010669183577159036	0.3283475783475784
MT-RNR2	108	-63.57039999999999	-7.15455	-29.16075	MITHRIL.5331	9.093784191435787e-06	0.24564320104098894	0.3696581196581197
MT-RNR2	109	-66.5480909090909	-5.827590909090909	-32.59290909090909	MITHRIL.5334	2.484573564150529e-06	0.3328929709465792	0.4166666666666667
MT-RNR2	110	-69.35475	0.22605	-36.84235	MITHRIL.5337	3.6517792412081017e-05	0.0	0.2172364672364672
MT-RNR2	111	-64.09668181818182	-3.3685909090909094	-37.44113636363637	MITHRIL.5340	2.0206572708730482e-05	0.00045631244323342414	0.3055555555555556
MT-RNR2	112	-60.16239130434782	-8.10495652173913	-36.38639130434783	MITHRIL.5343	-6.023488385963802e-06	0.3219561144294247	0.47222222222222227
MT-RNR2	113	-58.7775	-3.4616	-39.7805	MITHRIL.5346	-3.752593619054605e-05	0.0	0.69017094017094
MT-RNR2	114	-56.14454545454546	1.0167272727272727	-39.152	MITHRIL.5349	-9.538498031573592e-06	0.06309345794392524	0.5042735042735043
MT-RNR2	115	-52.4242	1.78205	-38.40835	MITHRIL.5352	-1.7559770142948162e-05	0.1858574898785425	0.5811965811965812
MT-RNR2	116	-48.0082	0.41655	-36.1151	MITHRIL.5355	-1.7961192236673645e-05	0.10781390607935931	0.6175213675213675
MT-RNR2	117	-44.6148695652174	-3.2864347826086955	-36.48534782608696	MITHRIL.5358	-1.1973268346586685e-05	0.01195632291180588	0.5598290598290597
MT-RNR2	118	-39.2346	-5.95315	-38.2184	MITHRIL.5361	7.511171523973106e-06	0.4698785714285714	0.35042735042735046
MT-RNR2	119	-42.30590909090909	-9.1765	-36.99036363636364	MITHRIL.5364	6.868366797468e-06	0.24650352788164523	0.3653846153846154
MT-RNR2	120	-45.33322727272727	-12.05890909090909	-34.56313636363637	MITHRIL.5367	1.2204224315441747e-05	0.007689795918367347	0.31980056980056976
MT-RNR2	121	-49.265	-10.02804347826087	-33.80326086956522	MITHRIL.5370	-7.325330134904739e-06	0.41095053894033706	0.49786324786324787
MT-RNR2	122	-51.91321739130434	-6.439260869565218	-31.47082608695652	MITHRIL.5373	-1.1694603447136841e-05	0.020956433458397705	0.5448717948717948
MT-RNR2	123	-55.59604347826088	-4.899826086956522	-31.72404347826087	MITHRIL.5376	-8.872088935305395e-06	0.11673198847262248	0.5085470085470085
MT-RNR2	124	-59.62122727272727	0.6838636363636362	-32.07754545454546	MITHRIL.5379	1.7931986518891526e-06	0.13894293239683933	0.4180911680911681
MT-RNR2	125	-63.01613636363636	3.945590909090909	-32.09377272727273	MITHRIL.5382	1.8196862980964663e-05	0.00045631244323342414	0.3012820512820513
MT-RNR2	126	-66.85222727272728	5.434545454545455	-32.95790909090909	MITHRIL.5385	3.3283883582290484e-06	0.61442597180692	0.4102564102564103
MT-RNR2	127	-73.41513043478261	8.047521739130435	-33.255478260869566	MITHRIL.5388	9.768099755027976e-06	0.0028052113799521402	0.37393162393162394
MT-RNR2	128	-76.9860909090909	10.777363636363637	-32.79590909090909	MITHRIL.5391	-1.0573959501934027e-05	0.17612627997958835	0.4935897435897436
MT-RNR2	129	-82.52515	15.3139	-38.0567	MITHRIL.5394	-3.083327139967206e-05	0.0	0.608974358974359
MT-RNR2	130	-86.55817391304348	14.388826086956522	-40.070086956521735	MITHRIL.5397	-3.2963355200044315e-06	0.27522362002567397	0.45085470085470086
MT-RNR2	131	-92.25577272727271	13.008818181818183	-42.330318181818186	MITHRIL.5400	8.348687475895458e-06	0.8262645450836393	0.38390313390313385
MT-RNR2	132	-89.41368181818183	14.78881818181818	-45.1615	MITHRIL.5403	1.3915210869238759e-05	0.03646198123044838	0.3525641025641026
MT-RNR2	133	-84.25695454545455	18.09618181818182	-45.64231818181818	MITHRIL.5406	1.3340921824544657e-05	0.11252234273318873	0.35683760683760685
MT-RNR2	134	-84.26018181818182	17.451136363636365	-55.06327272727273	MITHRIL.5409	3.8866275773652866e-05	0.0	0.20512820512820515
MT-RNR2	135	-87.97181818181818	20.056545454545457	-46.93922727272727	MITHRIL.5412	1.2521053112134315e-05	0.043518178121187474	0.3603988603988604
MT-RNR2	136	-82.89175	23.823	-44.74615	MITHRIL.5415	5.6538092478605055e-05	0.0	0.11467236467236468
MT-RNR2	137	-87.3933	25.9258	-42.54315	MITHRIL.5418	2.7149351942693312e-05	0.00045631244323342414	0.2777777777777778
MT-RNR2	138	-87.59945454545455	27.64340909090909	-38.78477272727272	MITHRIL.5421	3.1330489361322494e-05	0.0	0.2542735042735043
MT-RNR2	139	-88.60815	28.8258	-32.121050000000004	MITHRIL.5424	5.0689736120926024e-05	0.0	0.14743589743589744
MT-RNR2	140	-87.50913636363636	25.21968181818181	-28.115181818181817	MITHRIL.5427	6.29600461309324e-05	0.0	0.08974358974358974
MT-RNR2	141	-84.73127272727272	25.834	-24.02404545454545	MITHRIL.5430	6.418184675292712e-05	0.0	0.07905982905982906
MT-RNR2	142	-82.4161	25.2625	-20.12115	MITHRIL.5433	4.8857398825936506e-05	0.0	0.15384615384615385
MT-RNR2	143	-78.20295	22.6857	-17.5963	MITHRIL.5436	4.85811356547604e-05	0.0	0.13888888888888887
MT-RNR2	144	-70.93013636363636	20.738954545454547	-16.562227272727274	MITHRIL.5439	2.5720888837319933e-05	0.0	0.24572649572649574
MT-RNR2	145	-67.27268181818182	22.75036363636364	-16.068045454545455	MITHRIL.5442	5.17534791115887e-06	0.5884392426850258	0.38888888888888884
MT-RNR2	146	-65.42060869565218	26.500391304347826	-17.63804347826087	MITHRIL.5445	-3.877828047510354e-06	0.42100558659217874	0.46581196581196577
MT-RNR2	147	-65.18679999999999	30.951	-18.438650000000003	MITHRIL.5448	-5.001850263297537e-06	0.07759331306990881	0.4743589743589743
MT-RNR2	148	-68.24881818181818	35.21372727272728	-18.838727272727272	MITHRIL.5451	1.4792152374688085e-06	0.37354972273567466	0.42094017094017094
MT-RNR2	149	-70.95565	38.7011	-17.5812	MITHRIL.5454	1.016807648607092e-05	0.06836363636363636	0.35897435897435903
MT-RNR2	150	-70.36118181818182	40.45390909090909	-14.218227272727272	MITHRIL.5457	2.8862804484550817e-05	0.0	0.2222222222222222
MT-RNR2	151	-61.49031818181818	43.94531818181818	-12.99640909090909	MITHRIL.5460	1.9885326746654768e-05	0.00045631244323342414	0.2692307692307692
MT-RNR2	152	-60.6501	44.58265	-8.219199999999999	MITHRIL.5463	3.370137630095802e-05	0.0	0.1517094017094017
MT-RNR2	153	-60.08	47.124545454545455	-3.594363636363636	MITHRIL.5466	7.606618625597466e-06	0.059945454545454545	0.36752136752136755
MT-RNR2	154	-56.6863	46.82455	4.58805	MITHRIL.5469	2.0019393059387365e-05	0.0008775545851528385	0.24287749287749286
MT-RNR2	155	-55.49409090909091	41.44236363636364	7.298545454545455	MITHRIL.5472	-4.650176296441408e-06	0.1089674114441417	0.48504273504273504
MT-RNR2	156	-55.32256521739131	37.00269565217391	6.857913043478261	MITHRIL.5475	-2.5637432015470575e-06	0.5582222222222222	0.46581196581196577
MT-RNR2	157	-57.4918	27.61325	5.8483	MITHRIL.5478	-6.894101322737818e-07	0.12299269863994275	0.44230769230769235
MT-RNR2	158	-60.52463636363636	30.615681818181816	3.455818181818181	MITHRIL.5481	1.1798867885623016e-05	0.03335216016859852	0.297008547008547
MT-RNR2	159	-65.96772727272727	31.360636363636363	6.4259545454545455	MITHRIL.5484	-2.7808509626735366e-06	0.3412439738399253	0.45726495726495725
MT-RNR2	160	-69.19673913043479	31.885521739130432	10.170913043478262	MITHRIL.5487	1.4211980897719027e-05	0.007689795918367347	0.31837606837606836
MT-RNR2	161	-71.65065217391304	34.56291304347826	13.08617391304348	MITHRIL.5490	-7.294635417051267e-06	0.608730697873555	0.4871794871794872
MT-RNR2	162	-74.03622727272727	37.58027272727273	11.837	MITHRIL.5493	1.9335358885646136e-05	0.0016709534368070955	0.292022792022792
MT-RNR2	163	-76.13645	41.60355	10.9255	MITHRIL.5496	2.4772173934378205e-05	0.0	0.25427350427350426
MT-RNR2	164	-78.26335	47.10555	9.5963	MITHRIL.5499	-9.907131314397873e-06	0.050089129129129134	0.5064102564102564
MT-RNR2	165	-74.57372727272728	46.10731818181818	7.019954545454545	MITHRIL.5502	9.266092121805577e-07	0.56490090922211	0.4252136752136752
MT-RNR2	166	-70.32090909090908	43.737	2.252818181818182	MITHRIL.5505	2.371213117615809e-05	0.0	0.25356125356125353
MT-RNR2	167	-66.79585	43.20925	4.81235	MITHRIL.5508	3.012191808286155e-05	0.0	0.19444444444444442
MT-RNR2	168	-64.5447	44.28845	8.7718	MITHRIL.5511	6.175660409288073e-06	0.16978187403993855	0.3803418803418803
MT-RNR2	169	-64.13419999999999	42.3101	13.1626	MITHRIL.5514	-3.0050659897852977e-05	0.0	0.6965811965811964
MT-RNR2	170	-63.66445	38.54600000000001	16.44955	MITHRIL.5517	-1.718733178572141e-05	0.006350037174721189	0.5833333333333334
MT-RNR2	171	-62.59795	33.70595	16.74475	MITHRIL.5520	-2.0755225893489458e-05	0.0	0.6217948717948718
MT-RNR2	172	-60.42036363636364	30.241227272727272	14.371090909090908	MITHRIL.5523	2.506712860021612e-05	0.0	0.1794871794871795
MT-RNR2	173	-54.2684	25.13205	13.95045	MITHRIL.5526	-6.031898402874674e-06	0.10338394000365832	0.5341880341880342
MT-RNR2	174	-57.197272727272725	21.19890909090909	5.521681818181818	MITHRIL.5529	5.853615678392275e-06	0.1231082037533512	0.32905982905982906
MT-RNR2	175	-58.74204999999999	16.451900000000002	4.9439	MITHRIL.5532	2.781558655341533e-07	0.9578843116328709	0.42735042735042733
MT-RNR2	176	-58.1663	11.67345	4.6607	MITHRIL.5535	2.742376975859859e-06	0.9639490269261531	0.37606837606837606
MT-RNR2	177	-55.56475	7.774649999999999	5.5734	MITHRIL.5538	-2.9493590525076245e-06	0.23753846153846156	0.5341880341880342
MT-RNR2	178	-52.5347	5.5126	8.2659	MITHRIL.5541	-1.3459722176863172e-06	0.4450882926098037	0.5363247863247863
MT-RNR2	179	-50.55595	5.27365	12.5875	MITHRIL.5544	7.257027155452742e-07	0.9657162648195018	0.37393162393162394
MT-RNR2	180	-47.5705	5.67535	18.2302	MITHRIL.5547	-2.356722619014556e-06	0.2918476372315036	0.6666666666666666
MT-RNR2	181	-48.391304347826086	9.845347826086956	16.563913043478262	MITHRIL.5550	3.92730046007281e-08	0.6829598991172763	0.42948717948717946
MT-RNR2	182	-50.1116	13.7945	11.9226	MITHRIL.5553	-1.0130823474636952e-06	0.9659891315929675	0.5035612535612536
MT-RNR2	183	-50.781045454545456	21.04113636363636	11.045409090909091	MITHRIL.5556	2.383915362073475e-06	0.5421535418181818	0.3433048433048433
MT-RNR2	184	-48.3646	18.5173	9.76315	MITHRIL.5559	-6.531336334727603e-07	0.6248635641316685	0.6923076923076922
MT-RNR2	185	-43.01309090909091	21.4875	5.2568636363636365	MITHRIL.5562	-2.6596375354436854e-06	0.3371275620028077	0.3461538461538461
MT-RNR2	186	-46.19186363636364	13.266772727272723	5.696090909090909	MITHRIL.5565	3.2001018733009207e-06	0.3638068965517241	0.5505698005698005
MT-RNR2	187	-48.4528	11.4072	1.10185	MITHRIL.5568	4.826482702413961e-06	0.12987574468085106	0.6752136752136751
MT-RNR2	188	-51.87839130434782	12.054304347826088	-2.204217391304348	MITHRIL.5571	-3.490212450728098e-07	0.9706199440820131	0.5064102564102564
MT-RNR2	189	-54.07236363636364	14.719090909090909	-5.018727272727273	MITHRIL.5574	3.6326118192472745e-07	0.9034291241268135	0.4166666666666667
MT-RNR2	190	-56.093954545454544	18.54190909090909	-12.149363636363637	MITHRIL.5577	-9.533962379466847e-07	0.6947398071817802	0.4522792022792023
MT-RNR2	191	-60.395050000000005	18.50035	-11.3135	MITHRIL.5580	-1.5795424838080094e-05	0.002059579119978136	0.6623931623931624
MT-RNR2	192	-65.13165000000001	17.097550000000002	-12.82455	MITHRIL.5583	-2.4378030368172172e-05	0.00045631244323342414	0.6858974358974358
MT-RNR2	193	-67.93786363636364	13.327727272727271	-14.812636363636363	MITHRIL.5586	4.286544401387966e-06	0.4468367554624364	0.3952991452991453
MT-RNR2	194	-68.8965	8.8005	-14.990636363636362	MITHRIL.5589	1.968756906564062e-05	0.0016709534368070955	0.27136752136752135
MT-RNR2	195	-68.23530000000001	4.35515	-13.7282	MITHRIL.5592	-4.182134318200912e-06	0.10879243636363636	0.467948717948718
MT-RNR2	196	-66.40005	1.63075	-10.3594	MITHRIL.5595	5.616789671712773e-06	0.3722714329738059	0.3782051282051282
MT-RNR2	197	-64.83586363636364	-1.5983636363636364	-5.667363636363636	MITHRIL.5598	6.462635012907963e-06	0.26984485590082113	0.3611111111111111
MT-RNR2	198	-66.64821739130436	-6.642956521739131	-0.0735652173913043	MITHRIL.5601	9.87760906805009e-06	0.2181965294992563	0.33547008547008544
MT-RNR2	199	-68.35395454545454	-13.23940909090909	-3.4720454545454547	MITHRIL.5604	7.87355283446324e-06	0.41684141689373294	0.36894586894586895
MT-RNR2	200	-69.13377272727273	-18.63336363636364	0.7156818181818182	MITHRIL.5607	1.7579135732522175e-05	0.0008775545851528385	0.30056980056980054
MT-RNR2	201	-70.7765	-22.90786363636364	4.654954545454546	MITHRIL.5610	2.0919334315115397e-05	0.0016709534368070955	0.2841880341880342
MT-RNR2	202	-72.03540000000001	-25.9865	8.5307	MITHRIL.5613	2.1406493462786256e-05	0.006695360315893386	0.28347578347578345
MT-RNR2	203	-73.83181818181818	-24.68340909090909	12.772363636363638	MITHRIL.5616	2.0896509958510368e-05	0.0008775545851528385	0.2884615384615385
MT-RNR2	204	-76.73663636363636	-22.2145	15.172863636363637	MITHRIL.5619	4.619376287278232e-05	0.0	0.12393162393162394
MT-RNR2	205	-80.3981	-19.56115	16.15	MITHRIL.5622	1.1289680611218771e-05	0.09847707641196013	0.35683760683760685
MT-RNR2	206	-84.92275	-17.6543	15.17315	MITHRIL.5625	-1.6936690236341284e-05	0.011321690140845072	0.5448717948717948
MT-RNR2	207	-89.38755	-18.3705	13.4582	MITHRIL.5628	-2.540133395529707e-06	0.08243832516031686	0.44871794871794873
MT-RNR2	208	-92.8784	-21.83315	11.6388	MITHRIL.5631	9.068447420736006e-06	0.3639274076364199	0.37393162393162394
MT-RNR2	209	-94.35443478260868	-26.88234782608696	11.326478260869566	MITHRIL.5634	1.3009150329453286e-05	0.5560649587494572	0.34829059829059833
MT-RNR2	210	-95.8695	-30.799650000000003	12.9445	MITHRIL.5637	-1.4586430951070205e-05	0.2756630835873576	0.5299145299145299
MT-RNR2	211	-94.72972727272727	-33.283454545454546	16.945318181818184	MITHRIL.5640	1.6033750362756803e-05	0.0028052113799521402	0.32264957264957267
MT-RNR2	212	-91.00209090909092	-38.61890909090909	19.774	MITHRIL.5643	-1.1052793204473683e-05	0.028181044487427465	0.5106837606837606
MT-RNR2	213	-90.48365217391306	-40.0445652173913	14.737608695652176	MITHRIL.5646	9.554305268301843e-06	0.5609806675335934	0.36752136752136755
MT-RNR2	214	-89.54217391304348	-37.164478260869565	10.390434782608695	MITHRIL.5649	-1.3045342380593062e-05	0.00802866828087167	0.5163817663817664
MT-RNR2	215	-89.39913636363636	-36.81545454545455	6.097772727272727	MITHRIL.5652	2.6801360770935756e-05	0.0	0.26851851851851855
MT-RNR2	216	-92.46252173913044	-35.493434782608695	-1.495304347826087	MITHRIL.5655	1.611813527462371e-05	0.014479048490393413	0.3376068376068376
MT-RNR2	217	-86.63881818181818	-42.862590909090905	-1.9763636363636363	MITHRIL.5658	3.600244027666607e-05	0.0	0.22435897435897437
MT-RNR2	218	-81.95326086956521	-42.24360869565217	0.1150434782608695	MITHRIL.5661	4.005490913606441e-05	0.0	0.1987179487179487
MT-RNR2	219	-80.1064	-40.591	6.19285	MITHRIL.5664	3.807136819408442e-06	0.32716980422866093	0.40811965811965817
MT-RNR2	220	-80.2729	-38.9116	11.01795	MITHRIL.5667	-2.4513625177451665e-07	0.013531491712707181	0.4337606837606838
MT-RNR2	221	-82.22418181818182	-39.62668181818182	15.7615	MITHRIL.5670	2.653837867010378e-05	0.0	0.25427350427350426
MT-RNR2	222	-81.35277272727272	-40.117636363636365	23.85422727272727	MITHRIL.5673	3.331772120995685e-05	0.0	0.19515669515669512
MT-RNR2	223	-87.80090909090909	-33.98795454545455	21.899545454545457	MITHRIL.5676	6.568915186079613e-06	0.24437102392967605	0.386039886039886
MT-RNR2	224	-86.2005652173913	-32.127782608695654	17.465565217391305	MITHRIL.5679	-2.2151900896568973e-05	0.0	0.5833333333333334
MT-RNR2	225	-85.2647	-32.27935	12.85925	MITHRIL.5682	1.5106348190218066e-06	0.7508899585062242	0.42236467236467234
MT-RNR2	226	-86.13475	-30.32325	8.39465	MITHRIL.5685	1.3272785271609629e-05	0.5420920122217372	0.35042735042735046
MT-RNR2	227	-86.63127272727273	-26.0435	5.739136363636363	MITHRIL.5688	6.349085012681509e-06	0.07325464982778415	0.3938746438746439
MT-RNR2	228	-85.46854545454545	-21.49736363636364	4.714636363636363	MITHRIL.5691	3.2771586020695825e-05	0.0	0.23646723646723647
MT-RNR2	229	-82.90252173913044	-17.474304347826088	5.563130434782608	MITHRIL.5694	3.710510321447706e-05	0.0	0.20512820512820515
MT-RNR2	230	-79.06681818181818	-15.523954545454544	5.878590909090909	MITHRIL.5697	1.7678986647453482e-05	0.029028033383265567	0.3183760683760684
MT-RNR2	231	-73.209	-14.64835	5.6609	MITHRIL.5700	3.070192884846729e-05	0.0	0.21367521367521367
MT-RNR2	232	-67.95644999999999	-14.3684	3.4698	MITHRIL.5703	1.0312862382996556e-05	0.32349543099387656	0.3461538461538461
MT-RNR2	233	-62.8961	-8.4525	-0.9495	MITHRIL.5706	1.3881523633600652e-06	0.399160823798627	0.41595441595441596
MT-RNR2	234	-60.0277	-6.21995	-5.1659	MITHRIL.5709	-3.6854132716286038e-06	0.43273568202348695	0.48504273504273504
MT-RNR2	235	-55.97915	-4.5968	-7.9768	MITHRIL.5712	1.0770476831739978e-06	0.44126976115367283	0.4102564102564102
MT-RNR2	236	-50.85434782608696	-5.146565217391304	-8.034260869565218	MITHRIL.5715	1.331263724668565e-06	1.0	0.3653846153846154
MT-RNR2	237	-45.2945	-8.01609090909091	-9.170136363636365	MITHRIL.5718	-2.3753458638484383e-07	0.763268202510691	0.35683760683760685
MT-RNR2	238	-41.05986363636364	-9.523409090909093	-10.660409090909091	MITHRIL.5721	-1.1798332464725637e-06	0.4935690398818316	0.36752136752136755
MT-RNR2	239	-40.879909090909095	-13.701	-13.068181818181818	MITHRIL.5724	1.7868285460043898e-07	0.9183836975465881	0.3846153846153846
MT-RNR2	240	-40.52635	-18.39285	-14.69075	MITHRIL.5727	-9.488715254040937e-07	0.16646301369863012	0.47008547008547
MT-RNR2	241	-41.44775	-21.889	-18.0196	MITHRIL.5730	2.301539815333513e-06	0.3114737340274491	0.39102564102564097
MT-RNR2	242	-43.16831818181818	-23.28572727272727	-22.73677272727273	MITHRIL.5733	4.7050338969529377e-07	0.8159030832196452	0.4266381766381766
MT-RNR2	243	-43.64695652173913	-22.73165217391304	-27.44034782608696	MITHRIL.5736	2.9046086969937394e-06	0.6611343921293042	0.4038461538461539
MT-RNR2	244	-42.78845454545455	-20.04072727272728	-31.36281818181818	MITHRIL.5739	6.691464772727931e-06	0.2267863838184509	0.3696581196581197
MT-RNR2	245	-40.9738	-16.62355	-34.368700000000004	MITHRIL.5742	6.973050395219408e-06	0.13450497354497354	0.3653846153846154
MT-RNR2	246	-36.57930434782609	-13.709	-34.952	MITHRIL.5745	8.948970344848144e-06	0.013531491712707181	0.3247863247863248
MT-RNR2	247	-30.01277272727273	-12.311272727272728	-36.82790909090909	MITHRIL.5748	7.83490710033135e-06	0.055490736342042754	0.30982905982905984
MT-RNR2	248	-33.723	-7.2998260869565215	-42.32952173913044	MITHRIL.5751	9.933549698962037e-06	0.01757667638483965	0.3311965811965812
MT-RNR2	249	-29.5781	-3.98255	-37.2491	MITHRIL.5754	-6.481446168779821e-06	0.7698991045598567	0.5747863247863249
MT-RNR2	250	-25.87935	-5.096	-35.7906	MITHRIL.5757	-6.165639140829259e-06	0.03646198123044838	0.6880341880341881
MT-RNR2	251	-22.331727272727274	-9.163636363636364	-34.57359090909091	MITHRIL.5760	2.737671701816142e-07	0.9501037670317927	0.41452991452991456
MT-RNR2	252	-19.33065	-11.6431	-36.792	MITHRIL.5763	-3.310711335187568e-06	0.4899180124223602	0.5555555555555556
MT-RNR2	253	-18.55925	-14.2059	-41.0051	MITHRIL.5766	-4.110666032072933e-06	0.09367413472273911	0.5021367521367521
MT-RNR2	254	-18.93285	-15.7394	-46.0546	MITHRIL.5769	-9.28197058794961e-06	0.010669183577159036	0.5299145299145299
MT-RNR2	255	-19.686454545454545	-14.720181818181818	-51.03322727272728	MITHRIL.5772	2.633923961809949e-05	0.0	0.22435897435897437
MT-RNR2	256	-18.414454545454547	-12.528681818181816	-54.57213636363636	MITHRIL.5775	3.645363243580384e-05	0.0	0.17236467236467234
MT-RNR2	257	-17.493695652173916	-6.964521739130435	-55.37947826086957	MITHRIL.5778	1.4296985683052706e-05	0.03505116279069767	0.3247863247863248
MT-RNR2	258	-15.6415	-2.4645454545454544	-54.91959090909091	MITHRIL.5781	5.257928972861666e-06	0.14124224908039937	0.38888888888888884
MT-RNR2	259	-13.122272727272728	1.4964545454545457	-53.4425	MITHRIL.5784	1.2740208348691988e-05	0.008695384615384615	0.3141025641025641
MT-RNR2	260	-9.4331	4.262	-52.45545	MITHRIL.5787	-1.828099914341075e-06	0.13549656266525648	0.45085470085470086
MT-RNR2	261	-6.274818181818182	11.911454545454546	-53.038272727272734	MITHRIL.5790	1.1855215727642275e-05	0.007018823529411765	0.31125356125356124
MT-RNR2	262	-2.2461304347826085	12.936304347826088	-53.19573913043478	MITHRIL.5793	-3.365594684019148e-06	0.6234550872711792	0.4679487179487179
MT-RNR2	263	2.35125	13.707150000000002	-52.53475	MITHRIL.5796	-1.3813865007555006e-05	0.02641921661977927	0.5897435897435898
MT-RNR2	264	6.629	11.5193	-50.52995	MITHRIL.5799	-4.469804806971495e-06	0.1981366783743101	0.4871794871794872
MT-RNR2	265	8.969045454545453	7.357045454545454	-50.07136363636364	MITHRIL.5802	2.0974590808912978e-05	0.0	0.18304843304843302
MT-RNR2	266	10.283227272727272	3.5419545454545456	-51.57795454545454	MITHRIL.5805	2.6815978709018827e-05	0.0	0.14458689458689458
MT-RNR2	267	9.05190909090909	-1.8879545454545448	-52.45736363636363	MITHRIL.5808	2.8122839215616317e-05	0.0	0.150997150997151
MT-RNR2	268	5.564272727272727	-0.9206818181818182	-46.83568181818182	MITHRIL.5811	9.504103937575747e-06	0.09804738495656996	0.2898860398860399
MT-RNR2	269	1.0140434782608696	-4.446391304347826	-39.52630434782609	MITHRIL.5814	1.2005287011825462e-06	0.518397182685253	0.3269230769230769
MT-RNR2	270	3.5095	3.274454545454545	-43.32095454545455	MITHRIL.5817	1.9668124340899824e-06	0.2775721750280494	0.3846153846153846
MT-RNR2	271	2.971304347826087	8.428652173913044	-43.04273913043478	MITHRIL.5820	1.2325768576824255e-06	0.2267863838184509	0.40170940170940167
MT-RNR2	272	0.6463	12.5298	-42.78145	MITHRIL.5823	-3.886468895415553e-06	0.39773333333333327	0.5299145299145299
MT-RNR2	273	-3.4660454545454544	13.542227272727274	-43.96331818181818	MITHRIL.5826	1.2915989518085301e-05	0.0016709534368070955	0.17521367521367523
MT-RNR2	274	-8.9606	14.1256	-47.11865	MITHRIL.5829	1.9184358120407764e-05	0.0	0.16666666666666666
MT-RNR2	275	-12.937272727272727	11.230045454545454	-47.605045454545454	MITHRIL.5832	6.631772488866328e-06	0.10806857142857142	0.3433048433048433
MT-RNR2	276	-15.1744	9.3271	-45.23715	MITHRIL.5835	-4.3897818359589245e-06	0.10561401459854014	0.5064102564102564
MT-RNR2	277	-15.73775	6.547	-40.9804	MITHRIL.5838	-2.8193688189259716e-06	0.7809133443163098	0.532051282051282
MT-RNR2	278	-15.7489	6.70125	-36.1675	MITHRIL.5841	1.159467994427309e-06	0.9858465462274176	0.594017094017094
MT-RNR2	279	-16.51582608695652	9.303260869565218	-32.50569565217391	MITHRIL.5844	-1.8652884093904961e-06	0.40138390243902433	0.36894586894586895
MT-RNR2	280	-11.8656	11.63575	-27.758050000000004	MITHRIL.5847	9.463740259156335e-06	0.008695384615384615	0.5683760683760685
MT-RNR2	281	-12.40715	15.55065	-25.07775	MITHRIL.5850	1.2628885055823899e-05	0.15587237569060775	0.5854700854700855
MT-RNR2	282	-14.92285	19.70505	-23.8219	MITHRIL.5853	2.3971168804151556e-05	0.0	0.7286324786324786
MT-RNR2	283	-19.137454545454545	22.367590909090907	-24.343909090909094	MITHRIL.5856	-1.3496678028834745e-06	0.26133884404262187	0.4102564102564103
MT-RNR2	284	-23.69915	23.37175	-24.792250000000003	MITHRIL.5859	1.6160172233764893e-05	0.0	0.7713675213675213
MT-RNR2	285	-27.58165217391305	21.056	-24.526913043478263	MITHRIL.5862	7.225618968419802e-06	0.12796476021314387	0.6025641025641025
MT-RNR2	286	-30.7609	19.3622	-21.78475	MITHRIL.5865	1.3702782074382215e-05	0.0008775545851528385	0.7072649572649573
MT-RNR2	287	-39.590954545454544	17.202727272727273	-22.36572727272728	MITHRIL.5868	-1.1202506961103015e-07	0.9041175554063129	0.3782051282051282
MT-RNR2	288	-34.045826086956524	17.931043478260868	-27.29665217391304	MITHRIL.5871	1.2406288377314686e-07	0.9556529027091952	0.4871794871794872
MT-RNR2	289	-32.82945	19.90555	-32.8752	MITHRIL.5874	-3.4513597681944596e-06	0.30201298907017265	0.5534188034188033
MT-RNR2	290	-32.48836363636364	15.267181818181818	-31.034454545454548	MITHRIL.5877	-5.79790989672668e-07	0.717314778736432	0.4807692307692308
MT-RNR2	291	-36.111090909090905	8.273545454545454	-28.60936363636364	MITHRIL.5880	3.590754728975031e-08	0.6939944102850755	0.42948717948717946
MT-RNR2	292	-28.114727272727272	9.251954545454543	-27.564818181818183	MITHRIL.5883	-1.0551547424536497e-06	0.6126689645349664	0.3952991452991453
MT-RNR2	293	-25.876181818181816	14.774818181818182	-31.26727272727273	MITHRIL.5886	3.242758479693974e-07	0.974657336703472	0.4615384615384615
MT-RNR2	294	-23.769	18.6077	-33.5826	MITHRIL.5889	-2.831393449135685e-07	0.768767576509512	0.6089743589743589
MT-RNR2	295	-19.637454545454545	21.572318181818183	-33.79718181818182	MITHRIL.5892	-9.879092798737463e-09	0.9435611868484363	0.40740740740740744
MT-RNR2	296	-14.963478260869566	21.74334782608696	-33.53804347826087	MITHRIL.5895	1.4890501292561778e-06	0.5991702346880367	0.5747863247863249
MT-RNR2	297	-10.9328	20.06855	-33.37885	MITHRIL.5898	2.8106032201709707e-06	0.400985516084769	0.5897435897435898
MT-RNR2	298	-9.077347826086957	15.10986956521739	-33.792434782608694	MITHRIL.5901	2.3531723295608244e-06	0.6200194456289979	0.5363247863247863
MT-RNR2	299	-7.461956521739131	10.01482608695652	-35.16243478260869	MITHRIL.5904	1.8731469266221625e-06	0.7268988745310546	0.532051282051282
MT-RNR2	300	-6.703739130434783	7.345086956521739	-38.958608695652174	MITHRIL.5907	1.7744688383783095e-07	0.8748467700606878	0.4102564102564103
MT-RNR2	301	-5.926909090909091	7.643772727272728	-43.16372727272727	MITHRIL.5910	-1.0379421437035724e-06	0.7252077297372446	0.4586894586894587
MT-RNR2	302	-3.918045454545455	1.3123181818181815	-49.523545454545456	MITHRIL.5913	4.3897431479092835e-06	0.30100998573466475	0.3782051282051282
MT-RNR2	303	-4.943347826086956	-1.783695652173913	-45.88973913043478	MITHRIL.5916	1.4074345870275206e-06	0.3383797942001871	0.40811965811965817
MT-RNR2	304	-5.520363636363636	-7.27	-38.46036363636364	MITHRIL.5919	6.706521489665867e-07	0.8093841027041793	0.33903133903133903
MT-RNR2	305	-10.04145	-2.773	-43.8232	MITHRIL.5922	-6.360102997553225e-06	0.034757232704402515	0.5747863247863247
MT-RNR2	306	-14.4829	-0.8199	-44.08845	MITHRIL.5925	-1.2826135918596204e-05	0.0	0.6965811965811967
MT-RNR2	307	-18.8088	-1.17805	-45.8566	MITHRIL.5928	-7.44637365608345e-06	0.11549945906959973	0.5384615384615384
MT-RNR2	308	-23.31690909090909	-2.712454545454545	-49.621590909090905	MITHRIL.5931	2.1559033912950984e-05	0.0	0.23076923076923075
MT-RNR2	309	-26.4845	-5.917949999999999	-50.4947	MITHRIL.5934	-9.720759648401491e-06	0.026722248648648653	0.5128205128205129
MT-RNR2	310	-27.93768181818182	-10.571454545454545	-49.649409090909096	MITHRIL.5937	1.2055420308841416e-05	0.02986144013634427	0.3376068376068376
MT-RNR2	311	-27.84786956521739	-14.394260869565215	-46.50978260869565	MITHRIL.5940	-2.6701867737337983e-06	0.6165233134073441	0.4551282051282051
MT-RNR2	312	-27.07782608695652	-17.10817391304348	-42.19373913043479	MITHRIL.5943	-1.9753048868747374e-06	0.470032911769082	0.452991452991453
MT-RNR2	313	-27.4341	-18.6239	-37.6563	MITHRIL.5946	-2.2889987382846838e-05	0.0	0.75
MT-RNR2	314	-31.65231818181818	-17.692	-33.43990909090909	MITHRIL.5949	-2.1816848408415055e-06	0.48257234421364986	0.46581196581196577
MT-RNR2	315	-32.638304347826086	-17.288173913043476	-27.23734782608696	MITHRIL.5952	-9.152671480890118e-06	0.017281294964028776	0.6880341880341879
MT-RNR2	316	-33.17368181818182	-24.215772727272725	-21.51286363636364	MITHRIL.5955	6.2349562194553845e-06	0.07685114155251142	0.28632478632478636
MT-RNR2	317	-28.656782608695654	-19.667782608695653	-26.31452173913044	MITHRIL.5958	1.04899683529598e-06	0.9940595405656619	0.39102564102564097
MT-RNR2	318	-25.58760869565217	-17.60978260869565	-29.64495652173913	MITHRIL.5961	-4.129727995375854e-06	0.16583074550128532	0.6303418803418803
MT-RNR2	319	-21.9088	-16.183500000000002	-31.19385	MITHRIL.5964	-1.122944992297198e-06	0.6409906589530125	0.517094017094017
MT-RNR2	320	-18.110217391304342	-14.234826086956522	-28.804	MITHRIL.5967	-9.844944030672241e-07	0.596015353766829	0.3696581196581197
MT-RNR2	321	-10.894409090909091	-9.581090909090909	-31.694772727272724	MITHRIL.5970	-2.222248953995919e-06	0.4124270147215055	0.3603988603988604
MT-RNR2	322	-14.47355	-11.57975	-24.0695	MITHRIL.5973	-9.401356173181191e-06	0.0073575787161337565	0.27564102564102566
MT-RNR2	323	-16.194636363636363	-7.22409090909091	-22.18045454545455	MITHRIL.5976	-7.740934221959646e-06	0.02281131827155078	0.33475783475783477
MT-RNR2	324	-20.254454545454543	-10.589863636363637	-17.206545454545452	MITHRIL.5979	-1.614638239379721e-05	0.0	0.23076923076923075
MT-RNR2	325	-21.77840909090909	-7.974818181818182	-24.31490909090909	MITHRIL.5982	-1.4843070437286747e-06	0.2719650048247025	0.4017094017094018
MT-RNR2	326	-25.00415	-7.30185	-27.30245	MITHRIL.5985	4.968180942966098e-06	0.5479135888501742	0.6303418803418803
MT-RNR2	327	-29.13465	-9.45905	-29.4786	MITHRIL.5988	-1.5841239148339371e-06	0.6082590149892934	0.6153846153846153
MT-RNR2	328	-34.4164	-5.8211	-33.990050000000004	MITHRIL.5991	-8.669449857717593e-06	0.004615054860933911	0.611111111111111
MT-RNR2	329	-35.30659090909091	2.027681818181818	-30.06836363636364	MITHRIL.5994	1.2963306813623018e-06	0.8257619151251361	0.37393162393162394
MT-RNR2	330	-34.6144	-1.2193	-23.89195	MITHRIL.5997	-1.0292105415023992e-06	0.8490376269809021	0.32051282051282054
MT-RNR2	331	-30.58175	-7.41745	-23.248	MITHRIL.6000	1.8141738986436617e-06	0.4166763361090084	0.5170940170940171
MT-RNR2	332	-26.354739130434783	-10.19395652173913	-15.491478260869563	MITHRIL.6003	-6.375619688272748e-06	0.12611429588748443	0.3397435897435897
MT-RNR2	333	-29.46436363636364	-13.345090909090908	-18.91386363636364	MITHRIL.6006	9.235389326543923e-07	0.973713373253493	0.46367521367521364
MT-RNR2	334	-35.59391304347826	-12.55395652173913	-25.827391304347824	MITHRIL.6009	2.9782539067427164e-06	0.36071138613861387	0.3333333333333333
MT-RNR2	335	-39.5353	-10.8227	-26.1822	MITHRIL.6012	5.944953112171738e-07	0.24457656249999998	0.4188034188034188
MT-RNR2	336	-44.4822	-11.82585	-26.98165	MITHRIL.6015	-3.885905874417775e-06	0.05363594433399602	0.48717948717948717
MT-RNR2	337	-48.55675	-14.130350000000002	-25.77335	MITHRIL.6018	-2.2349809859233144e-05	0.0	0.6894586894586895
MT-RNR2	338	-50.27004347826087	-17.679391304347824	-22.54391304347826	MITHRIL.6021	1.1908076168604215e-05	0.009696068620443175	0.3076923076923077
MT-RNR2	339	-50.65626086956522	-19.76934782608696	-18.211260869565216	MITHRIL.6024	-1.108336610677645e-05	0.08447350009403799	0.5576923076923077
MT-RNR2	340	-52.29375	-17.597450000000002	-15.535	MITHRIL.6027	-8.067398216674558e-06	0.04248235294117647	0.532051282051282
MT-RNR2	341	-58.5225652173913	-13.60173913043478	-13.013347826086957	MITHRIL.6030	-1.3586231235028906e-06	0.2983796954314721	0.44658119658119655
MT-RNR2	342	-49.38436363636363	-14.787954545454545	-11.101136363636364	MITHRIL.6033	-1.5571443641867465e-06	0.7787579612584147	0.4672364672364672
MT-RNR2	343	-49.69585	-14.59145	-6.79495	MITHRIL.6036	-9.903328728174418e-06	0.004615054860933911	0.7521367521367521
MT-RNR2	344	-48.77640909090909	-10.932272727272728	-3.513818181818182	MITHRIL.6039	-1.1422996086133123e-06	0.4466279550561798	0.5876068376068376
MT-RNR2	345	-47.478565217391306	-12.959043478260869	5.09495652173913	MITHRIL.6042	2.647898096142448e-07	0.9507821023106717	0.5555555555555555
MT-RNR2	346	-47.6108	-6.22405	2.3828500000000004	MITHRIL.6045	5.9932827625821825e-06	0.10781390607935931	0.7243589743589745
MT-RNR2	347	-49.0823	-1.44145	0.89495	MITHRIL.6048	6.667228326226135e-06	0.061818750000000006	0.782051282051282
MT-RNR2	348	-53.2915652173913	0.8626956521739132	-0.6631304347826087	MITHRIL.6051	-2.332373856904137e-06	0.3176673697465764	0.7307692307692308
MT-RNR2	349	-57.94539130434782	1.4853478260869566	-0.7798695652173914	MITHRIL.6054	-9.162239798001647e-06	0.02034053097345133	0.6752136752136751
MT-RNR2	350	-62.15475	1.27645	0.46215	MITHRIL.6057	-2.090152845091359e-05	0.0	0.767094017094017
MT-RNR2	351	-68.50065	3.1367000000000003	-1.66785	MITHRIL.6060	-3.0589694938218734e-05	0.0	0.7457264957264957
MT-RNR2	352	-75.69921739130436	4.965565217391304	2.6321304347826087	MITHRIL.6063	-1.2808955124812025e-05	0.8626241253545861	0.5341880341880342
MT-RNR2	353	-76.8717	6.65025	6.936249999999999	MITHRIL.6066	-2.8459244760284157e-05	0.0	0.6538461538461539
MT-RNR2	354	-77.71765	6.984700000000001	11.8921	MITHRIL.6069	-2.0857083825925385e-05	0.14906949417695115	0.5854700854700855
MT-RNR2	355	-77.3116	5.49685	16.837600000000002	MITHRIL.6072	-7.871652899752103e-06	0.004265294571649087	0.48717948717948717
MT-RNR2	356	-74.91827272727272	2.627818181818182	20.424045454545453	MITHRIL.6075	1.1001614273371669e-05	0.07225311601150528	0.3547008547008547
MT-RNR2	357	-71.25072727272727	0.3045454545454545	22.814	MITHRIL.6078	3.3716624826796904e-05	0.0	0.18376068376068377
MT-RNR2	358	-66.98752173913043	0.6370434782608695	23.11543478260869	MITHRIL.6081	1.0388467632610684e-05	0.06674701218333011	0.34829059829059833
MT-RNR2	359	-59.82018181818182	1.014	23.75909090909091	MITHRIL.6084	1.1208272258284551e-05	0.03781281360149284	0.3176638176638176
MT-RNR2	360	-57.3966	-4.918	25.20995	MITHRIL.6087	2.0510035285936613e-05	0.014173211009174312	0.19658119658119658
MT-RNR2	361	-52.44036363636364	-10.008909090909093	29.395727272727274	MITHRIL.6090	9.510405465380491e-06	0.03532992884051905	0.3141025641025641
MT-RNR2	362	-49.455260869565215	-12.68091304347826	26.908521739130432	MITHRIL.6093	-4.184536713086865e-06	0.5462614758861127	0.5021367521367521
MT-RNR2	363	-47.22027272727273	-16.849863636363636	24.77713636363636	MITHRIL.6096	-1.6283806981135249e-06	0.6936701048218029	0.4672364672364672
MT-RNR2	364	-45.21472727272727	-19.24531818181818	21.294272727272727	MITHRIL.6099	-6.151402783881667e-07	0.7216367125573634	0.452991452991453
MT-RNR2	365	-42.98665	-19.57135	17.41805	MITHRIL.6102	-1.3846793831096803e-06	0.4259527673050822	0.5790598290598291
MT-RNR2	366	-38.2256	-21.17635	10.9905	MITHRIL.6105	-3.1238433848344205e-06	0.18080271094544223	0.1987179487179487
MT-RNR2	367	-40.96155	-16.7107	13.612800000000002	MITHRIL.6108	1.2227125320759847e-06	0.5929011177987962	0.517094017094017
MT-RNR2	368	-41.282	-11.51055	15.35125	MITHRIL.6111	-2.9645145686882054e-06	0.4412422001803426	0.27777777777777773
MT-RNR2	369	-43.282045454545454	-6.163818181818183	8.8125	MITHRIL.6114	-2.4560727103117488e-06	0.45695226153157187	0.3653846153846154
MT-RNR2	370	-47.88086956521739	-12.041086956521738	11.869304347826088	MITHRIL.6117	-2.485138081621752e-07	0.9537687132941804	0.4893162393162393
MT-RNR2	371	-51.35895000000001	-14.782749999999998	13.0523	MITHRIL.6120	-9.306720444072493e-06	0.006350037174721189	0.784900284900285
MT-RNR2	372	-53.9308	-18.0554	16.08845	MITHRIL.6123	-1.843102593687488e-05	0.0	0.8076923076923078
MT-RNR2	373	-55.72295	-18.92275	20.58325	MITHRIL.6126	-1.0659477372701928e-05	0.365395923409512	0.5854700854700855
MT-RNR2	374	-56.57172727272727	-16.569363636363637	24.859954545454546	MITHRIL.6129	5.774856322472665e-06	0.15924053774560495	0.3632478632478633
MT-RNR2	375	-58.3044090909091	-13.157227272727273	26.832500000000003	MITHRIL.6132	1.4496601730831e-05	0.0035334201615003905	0.27777777777777773
MT-RNR2	376	-61.02665	-9.5399	27.1533	MITHRIL.6135	-1.4717870446677924e-05	0.4906644589000591	0.5790598290598291
MT-RNR2	377	-64.86395	-7.69165	25.21825	MITHRIL.6138	-1.2867457423889472e-05	0.004265294571649087	0.5512820512820512
MT-RNR2	378	-69.5736	-7.910649999999999	22.9852	MITHRIL.6141	-2.2752606107724355e-05	0.0	0.6260683760683761
MT-RNR2	379	-74.2372	-9.67985	22.33255	MITHRIL.6144	-2.667373285163251e-05	0.004265294571649087	0.6403133903133903
MT-RNR2	380	-77.74545454545455	-13.052090909090907	23.787681818181817	MITHRIL.6147	1.3214257717509576e-05	0.012279329608938547	0.3368945868945869
MT-RNR2	381	-79.80418181818182	-15.809318181818185	27.07963636363636	MITHRIL.6150	2.1647230420653144e-05	0.00045631244323342414	0.2792022792022792
MT-RNR2	382	-80.40522727272727	-18.016136363636363	31.39031818181818	MITHRIL.6153	2.696869942186314e-05	0.0	0.2386039886039886
MT-RNR2	383	-80.28715	-18.40345	35.895050000000005	MITHRIL.6156	-1.07563345046375e-06	0.03417543564980055	0.44017094017094016
MT-RNR2	384	-78.6439	-16.8527	40.49315	MITHRIL.6159	-2.311195719325402e-05	0.00045631244323342414	0.6089743589743589
MT-RNR2	385	-74.87870000000001	-14.76865	44.3051	MITHRIL.6162	-2.1957599115198228e-05	0.0	0.5961538461538461
MT-RNR2	386	-71.02626086956522	-10.209304347826087	43.23782608695653	MITHRIL.6165	2.954753646627442e-05	0.0	0.2264957264957265
MT-RNR2	387	-67.8205	-7.24215	44.287850000000006	MITHRIL.6168	6.562067721955342e-06	0.38108313364055296	0.38675213675213677
MT-RNR2	388	-66.08935	-4.66525	47.9284	MITHRIL.6171	1.0764157624006045e-05	0.5486094298563761	0.358974358974359
MT-RNR2	389	-64.08185	-5.896800000000001	51.2611	MITHRIL.6174	4.14709690981617e-05	0.0	0.1581196581196581
MT-RNR2	390	-64.26013636363636	-7.756045454545455	58.51127272727273	MITHRIL.6177	2.8323798614591436e-05	0.00045631244323342414	0.24074074074074078
MT-RNR2	391	-61.16459999999999	-9.0164	61.92565	MITHRIL.6180	4.119988037036598e-05	0.0	0.1452991452991453
MT-RNR2	392	-57.99627272727273	-12.648818181818182	61.72245454545455	MITHRIL.6183	2.564869315986571e-05	0.0	0.25
MT-RNR2	393	-54.59226086956522	-14.478652173913044	59.466565217391306	MITHRIL.6186	2.7531484937065707e-05	0.0008775545851528385	0.235042735042735
MT-RNR2	394	-50.75031818181819	-14.880454545454546	56.41281818181819	MITHRIL.6189	2.7680070549792373e-05	0.0	0.22863247863247863
MT-RNR2	395	-42.50222727272728	-18.128136363636365	55.696681818181816	MITHRIL.6192	3.1213988353431914e-05	0.0	0.16595441595441596
MT-RNR2	396	-38.4842	-18.0513	58.0151	MITHRIL.6195	2.9628808518301302e-05	0.0	0.15598290598290598
MT-RNR2	397	-34.22975	-16.2883	56.9038	MITHRIL.6198	2.605494301503797e-05	0.0	0.15598290598290598
MT-RNR2	398	-29.48655	-13.903200000000002	56.1193	MITHRIL.6201	2.646024942579053e-05	0.0	0.0811965811965812
MT-RNR2	399	-31.46525	-9.8253	60.37605	MITHRIL.6204	8.654338600975524e-06	0.08117006802721088	0.3269230769230769
MT-RNR2	400	-34.98485	-6.33145	60.620450000000005	MITHRIL.6207	2.3400414127157503e-05	0.0	0.18162393162393162
MT-RNR2	401	-38.2989	-4.56635	58.155150000000006	MITHRIL.6210	-3.7562510606098475e-07	0.17632266621322903	0.4358974358974359
MT-RNR2	402	-42.675	-1.5288636363636363	53.14213636363636	MITHRIL.6213	5.7375811840475324e-08	0.1823431472081218	0.43162393162393164
MT-RNR2	403	-46.695772727272725	0.0994545454545454	50.68081818181818	MITHRIL.6216	2.758006957564335e-05	0.0	0.1987179487179487
MT-RNR2	404	-50.20640909090909	-2.5611818181818182	51.031681818181816	MITHRIL.6219	2.826138054160899e-05	0.0	0.21367521367521367
MT-RNR2	405	-52.9293	-6.4301	49.3443	MITHRIL.6222	-3.373646327552454e-06	0.0160558476881233	0.45726495726495725
MT-RNR2	406	-55.52495	-10.86185	49.242	MITHRIL.6225	1.8980667983555064e-05	0.02848048099634958	0.29914529914529914
MT-RNR2	407	-59.1433	-13.101400000000002	50.7556	MITHRIL.6228	4.7496707601483084e-05	0.0	0.11538461538461538
MT-RNR2	408	-63.23895	-12.39755	52.1645	MITHRIL.6231	4.11715772776e-05	0.0	0.1623931623931624
MT-RNR2	409	-68.57469999999999	-11.89255	55.51174999999999	MITHRIL.6234	3.82626267442431e-05	0.0	0.1730769230769231
MT-RNR2	410	-71.62395000000001	-8.3113	55.9701	MITHRIL.6237	-2.9480287539134378e-06	0.2577431483578709	0.452991452991453
MT-RNR2	411	-73.64055	-4.7196	54.61024999999999	MITHRIL.6240	3.0528546946144138e-06	0.3219561144294247	0.4102564102564103
MT-RNR2	412	-74.36404347826087	-1.7517391304347825	50.64069565217392	MITHRIL.6243	1.8714505299704848e-06	0.2051962006332278	0.4188034188034188
MT-RNR2	413	-76.14189999999999	-1.3815	46.60985	MITHRIL.6246	-1.550030236914488e-05	0.11833388429752068	0.5427350427350427
MT-RNR2	414	-77.02027272727273	-4.016727272727272	41.98172727272727	MITHRIL.6249	1.638183647575369e-05	0.0008775545851528385	0.3183760683760684
MT-RNR2	415	-74.9789090909091	-6.683318181818183	37.62386363636364	MITHRIL.6252	1.9179157731148757e-05	0.0028052113799521402	0.2984330484330484
MT-RNR2	416	-72.26118181818183	-10.81909090909091	36.36322727272727	MITHRIL.6255	2.1607166420744774e-05	0.02002923588039867	0.2756410256410256
MT-RNR2	417	-70.49375	-15.1493	35.1437	MITHRIL.6258	-4.338621175532676e-06	0.3993298352654057	0.46581196581196577
MT-RNR2	418	-70.8343	-19.0764	32.4102	MITHRIL.6261	-3.3767234179351146e-05	0.0	0.7094017094017094
MT-RNR2	419	-72.1055	-21.3623	28.2096	MITHRIL.6264	-3.146550263313014e-05	0.0	0.6880341880341879
MT-RNR2	420	-72.55704545454546	-20.66268181818182	23.23631818181818	MITHRIL.6267	5.892578184643204e-06	0.11901794687724335	0.38675213675213677
MT-RNR2	421	-70.72595454545454	-18.628681818181818	19.31831818181818	MITHRIL.6270	1.9179356315712335e-05	0.0016709534368070955	0.2827635327635328
MT-RNR2	422	-67.4473	-15.92105	16.752850000000002	MITHRIL.6273	2.1561115323308566e-05	0.0	0.24572649572649574
MT-RNR2	423	-64.22945	-12.0413	15.28715	MITHRIL.6276	-4.631792062489678e-06	0.3956256073338426	0.4807692307692308
MT-RNR2	424	-60.75934782608695	-8.76104347826087	16.33508695652174	MITHRIL.6279	-3.5922416572784052e-06	0.9181026548672566	0.47863247863247865
MT-RNR2	425	-56.7338	-6.8717	17.7405	MITHRIL.6282	-1.4715861392370316e-05	0.002059579119978136	0.6873219373219374
MT-RNR2	426	-52.2928	-8.16225	18.1551	MITHRIL.6285	-8.122010335100234e-06	0.02189636803874092	0.655982905982906
MT-RNR2	427	-46.34809090909091	-3.5083181818181823	15.266363636363636	MITHRIL.6288	-1.5467949047146752e-07	0.9032668637463047	0.3974358974358974
MT-RNR2	428	-48.88982608695652	1.8568695652173912	22.631	MITHRIL.6291	-1.2836424750712362e-07	0.7797860733415739	0.4358974358974359
MT-RNR2	429	-46.5589	6.0926	24.2488	MITHRIL.6294	-6.876649116665743e-06	0.02583397700151877	0.6880341880341879
MT-RNR2	430	-45.4601	9.40295	27.917	MITHRIL.6297	-4.169299493247419e-06	0.3322905	0.5363247863247863
MT-RNR2	431	-45.5467	11.1116	32.7862	MITHRIL.6300	8.280630300437625e-07	0.29353259141494437	0.4188034188034188
MT-RNR2	432	-45.35327272727273	9.828181818181818	37.77618181818182	MITHRIL.6303	5.1886360073103355e-06	0.15241641558441557	0.3653846153846154
MT-RNR2	433	-43.41336363636364	6.860500000000001	40.71672727272728	MITHRIL.6306	6.98638719244054e-06	0.07350086058519793	0.34401709401709396
MT-RNR2	434	-40.57145454545454	2.792590909090909	42.04740909090909	MITHRIL.6309	1.2653786338593405e-05	0.0073575787161337565	0.26282051282051283
MT-RNR2	435	-36.70213043478261	0.804	39.68734782608696	MITHRIL.6312	-8.207283152240495e-07	0.6846686650791427	0.44871794871794873
MT-RNR2	436	-32.93331818181818	-0.5596818181818182	36.38295454545455	MITHRIL.6315	4.987866229209776e-08	0.7707249139237021	0.42948717948717946
MT-RNR2	437	-29.65417391304348	0.4002173913043479	32.756521739130434	MITHRIL.6318	3.692728434756722e-06	0.22833361813999345	0.6837606837606837
MT-RNR2	438	-27.03613043478261	3.65	31.77813043478261	MITHRIL.6321	4.106032477579652e-06	0.17217800511508952	0.5790598290598291
MT-RNR2	439	-23.162454545454548	7.7017727272727265	30.49290909090909	MITHRIL.6324	-8.628184743410709e-06	0.01478995892286627	0.22863247863247863
MT-RNR2	440	-26.02104545454545	9.282	39.04031818181818	MITHRIL.6327	1.090867507833855e-06	0.640868416596105	0.29273504273504275
MT-RNR2	441	-27.6147	10.6533	30.48015	MITHRIL.6330	2.6858768186591517e-07	0.513188410060303	0.4423076923076923
MT-RNR2	442	-31.514045454545453	10.143954545454546	27.3715	MITHRIL.6333	-2.734668294343012e-06	0.282886139088729	0.3311965811965812
MT-RNR2	443	-38.45239130434783	14.472	24.088478260869564	MITHRIL.6336	-4.1116753586739996e-07	0.7655487108782573	0.3461538461538462
MT-RNR2	444	-34.82245	7.238550000000001	26.19515	MITHRIL.6339	4.674398695962483e-06	0.5533533468559838	0.6324786324786325
MT-RNR2	445	-35.7757	2.5017	26.3813	MITHRIL.6342	4.481042288098792e-06	0.13639098591549295	0.655982905982906
MT-RNR2	446	-37.89725	-1.40885	28.756400000000003	MITHRIL.6345	-4.0434858094035933e-07	0.8543792095289658	0.5384615384615384
MT-RNR2	447	-41.34975	-3.4198500000000003	32.507	MITHRIL.6348	-6.6202562657756205e-06	0.034757232704402515	0.6047008547008547
MT-RNR2	448	-45.13935	-2.85195	36.08615	MITHRIL.6351	-1.3145355202534852e-05	0.0012772881355932204	0.6239316239316239
MT-RNR2	449	-49.13705	-0.6235999999999999	38.3745	MITHRIL.6354	-2.0331359275654995e-05	0.0	0.6581196581196581
MT-RNR2	450	-51.947130434782615	3.439217391304348	37.30478260869565	MITHRIL.6357	9.356379587949494e-06	0.10314598353156451	0.3376068376068376
MT-RNR2	451	-53.83539130434782	6.878521739130434	34.45313043478261	MITHRIL.6360	1.1633340529952949e-05	0.010996281477994823	0.3162393162393162
MT-RNR2	452	-55.10245454545454	9.083318181818182	30.682590909090912	MITHRIL.6363	-4.2468524169651594e-06	0.08569742916119347	0.4757834757834758
MT-RNR2	453	-55.70285	9.91895	26.16585	MITHRIL.6366	9.434969857978431e-06	0.10962945764556502	0.32905982905982906
MT-RNR2	454	-56.76245454545455	7.677772727272727	22.011045454545453	MITHRIL.6369	1.1637845973383878e-05	0.02281131827155078	0.29415954415954415
MT-RNR2	455	-63.21325	10.30145	22.6394	MITHRIL.6372	3.3484041432115754e-05	0.0	0.1581196581196581
MT-RNR2	456	-64.5543	16.26575	23.8589	MITHRIL.6375	2.2837912869266925e-05	0.0024355507675733906	0.25854700854700857
MT-RNR2	457	-63.9005	20.652545454545454	26.08222727272727	MITHRIL.6378	2.701392562262157e-06	0.39454532110091745	0.4116809116809117
MT-RNR2	458	-61.58847826086957	24.47117391304348	28.85926086956522	MITHRIL.6381	-1.0962581449735207e-05	0.03700574282147316	0.5170940170940171
MT-RNR2	459	-57.28517391304348	26.15826086956522	30.05634782608696	MITHRIL.6384	-2.498900488806196e-06	0.6088589041095891	0.452991452991453
MT-RNR2	460	-52.33027272727273	26.557954545454542	29.98490909090909	MITHRIL.6387	1.2855443252542473e-05	0.028181044487427465	0.30982905982905984
MT-RNR2	461	-48.13009090909091	31.19363636363636	25.96059090909091	MITHRIL.6390	2.4324008531950963e-05	0.0	0.15313390313390313
MT-RNR2	462	-49.401363636363634	28.239590909090907	22.26309090909091	MITHRIL.6393	3.848710187612103e-06	0.4148571428571428	0.3767806267806268
MT-RNR2	463	-50.74672727272727	23.57677272727273	23.594636363636365	MITHRIL.6396	3.440657680479192e-06	0.39602566452795596	0.3846153846153846
MT-RNR2	464	-50.44868181818183	14.509363636363638	21.988	MITHRIL.6399	3.944405719301625e-06	0.28580264964086194	0.358974358974359
MT-RNR2	465	-49.88290909090909	13.915727272727274	26.581045454545457	MITHRIL.6402	1.5757428552120703e-05	0.004971733062674448	0.198005698005698
MT-RNR2	466	-51.69735000000001	17.26225	32.2337	MITHRIL.6405	-1.346030669029268e-06	0.24670845253576074	0.44658119658119655
MT-RNR2	467	-55.1382	19.0331	35.445	MITHRIL.6408	-4.538829044163253e-06	0.05707739644970414	0.47222222222222227
MT-RNR2	468	-59.91855	19.38385	36.131	MITHRIL.6411	-1.579703318697424e-05	0.021270297684674755	0.5555555555555555
MT-RNR2	469	-63.923950000000005	17.4809	34.9189	MITHRIL.6414	1.0546915816025256e-06	0.4457915492957747	0.42450142450142453
MT-RNR2	470	-67.39204347826087	12.769347826086957	31.88291304347826	MITHRIL.6417	3.9959592483181916e-05	0.0	0.16025641025641024
MT-RNR2	471	-73.0587	11.35265	29.44665	MITHRIL.6420	2.2356968022197212e-05	0.02761034482758621	0.28917378917378916
MT-RNR2	472	-74.67363636363636	13.297409090909092	25.21086363636364	MITHRIL.6423	4.210739705729756e-05	0.0	0.17094017094017092
MT-RNR2	473	-79.63230434782609	19.50726086956522	22.899956521739128	MITHRIL.6426	3.99449422939315e-05	0.0	0.1923076923076923
MT-RNR2	474	-80.98440909090908	24.06381818181818	22.148454545454545	MITHRIL.6429	2.8430051391987007e-05	0.0	0.25854700854700857
MT-RNR2	475	-80.57591304347827	28.25669565217392	24.444086956521737	MITHRIL.6432	2.7476630634629437e-05	0.0	0.26068376068376065
MT-RNR2	476	-79.04031818181818	36.17722727272727	21.375636363636364	MITHRIL.6435	1.5376270178060297e-05	0.006695360315893386	0.3283475783475784
MT-RNR2	477	-79.73617391304347	32.04491304347826	30.35769565217392	MITHRIL.6438	-9.029000759589063e-07	0.5409336632222385	0.43803418803418803
MT-RNR2	478	-76.79804545454546	31.860818181818185	34.57145454545454	MITHRIL.6441	1.2206016486711693e-05	0.045681955950697115	0.3525641025641026
MT-RNR2	479	-73.54082608695653	30.278565217391307	38.17095652173913	MITHRIL.6444	1.052332526521092e-06	0.16135600688468157	0.4252136752136752
MT-RNR2	480	-69.26825	28.99925	39.39765	MITHRIL.6447	-2.4520749939540984e-05	0.0	0.5961538461538461
MT-RNR2	481	-64.35377272727273	25.779272727272726	38.26745454545455	MITHRIL.6450	8.840476028765739e-06	0.08472509870276368	0.3717948717948718
MT-RNR2	482	-60.00086363636364	25.89781818181818	37.82931818181818	MITHRIL.6453	2.0129043814027557e-05	0.00045631244323342414	0.2884615384615385
MT-RNR2	483	-57.50009090909091	29.254363636363635	37.884772727272725	MITHRIL.6456	2.512976218432397e-05	0.009035971223021582	0.25213675213675213
MT-RNR2	484	-53.31740909090909	35.04118181818182	36.72504545454546	MITHRIL.6459	2.3958906111528823e-05	0.0	0.2556980056980057
MT-RNR2	485	-44.30822727272727	33.32336363636364	38.80404545454545	MITHRIL.6462	1.5118918411200822e-05	0.041952353663528445	0.30056980056980054
MT-RNR2	486	-41.62704545454545	36.01831818181818	42.18354545454545	MITHRIL.6465	1.034904364411974e-05	0.14954147697654213	0.3461538461538461
MT-RNR2	487	-37.91425	38.4388	44.0321	MITHRIL.6468	3.346813921041402e-05	0.0	0.15954415954415954
MT-RNR2	488	-33.513099999999994	42.0188	44.456	MITHRIL.6471	2.9927896596620773e-05	0.0	0.1851851851851852
MT-RNR2	489	-28.33575	41.4641	47.6008	MITHRIL.6474	3.1966230894791864e-05	0.0	0.1581196581196581
MT-RNR2	490	-22.104318181818183	42.54440909090909	50.741772727272725	MITHRIL.6477	3.337503489007125e-05	0.0	0.12321937321937321
MT-RNR2	491	-19.880136363636364	49.753	56.42968181818182	MITHRIL.6480	2.900314671491479e-05	0.0	0.19444444444444445
MT-RNR2	492	-16.89285	48.89305	59.6145	MITHRIL.6483	3.630226255379985e-05	0.0	0.12820512820512822
MT-RNR2	493	-12.980318181818182	50.19522727272727	66.0010909090909	MITHRIL.6486	2.9573096265634146e-05	0.0	0.1794871794871795
MT-RNR2	494	-9.567	53.555150000000005	67.26849999999999	MITHRIL.6489	2.754318338760321e-05	0.0	0.1858974358974359
MT-RNR2	495	-5.7694	54.571000000000005	69.4436	MITHRIL.6492	2.426616606540713e-05	0.0024355507675733906	0.19444444444444442
MT-RNR2	496	-1.40325	53.7683	71.13965	MITHRIL.6495	1.0421551578555692e-05	0.10665577238737917	0.31196581196581197
MT-RNR2	497	2.393545454545454	50.5555	71.88918181818181	MITHRIL.6498	9.977430943750888e-06	0.055490736342042754	0.29273504273504275
MT-RNR2	498	8.22985	49.8738	76.6692	MITHRIL.6501	5.406394871242933e-06	0.31431677175283734	0.3311965811965812
MT-RNR2	499	11.674227272727274	46.38431818181818	78.79522727272727	MITHRIL.6504	1.307647501110843e-06	0.7816260189378345	0.3974358974358974
MT-RNR2	500	14.811043478260869	41.99265217391304	81.34947826086956	MITHRIL.6507	7.50906920819524e-07	0.5433720017444396	0.3952991452991453
MT-RNR2	501	17.1386	40.3172	78.80600000000001	MITHRIL.6510	-1.3574630758411284e-06	0.39522542787286064	0.7350427350427351
MT-RNR2	502	20.77177272727273	40.77277272727272	71.89513636363637	MITHRIL.6513	6.209797573949427e-07	0.8584336352575368	0.514957264957265
MT-RNR2	503	16.05182608695652	33.715739130434784	75.94682608695652	MITHRIL.6516	6.634552978590291e-07	0.8846785137318255	0.5427350427350427
MT-RNR2	504	19.17482608695652	30.06121739130435	75.65752173913043	MITHRIL.6519	3.860963344422341e-06	0.31606793760831886	0.6047008547008548
MT-RNR2	505	21.8821	27.04255	73.56065	MITHRIL.6522	7.419802552878242e-06	0.6280890148830616	0.6410256410256411
MT-RNR2	506	23.65505	25.67675	69.48085	MITHRIL.6525	-1.4060522154295388e-06	0.5486094298563761	0.39957264957264954
MT-RNR2	507	25.71345	27.3697	65.9245	MITHRIL.6528	8.645084910293988e-06	0.03388033613445378	0.6089743589743589
MT-RNR2	508	28.272	30.77136363636364	60.99668181818181	MITHRIL.6531	-4.039483029906047e-06	0.1311189227498228	0.35042735042735046
MT-RNR2	509	25.237136363636363	33.19854545454545	63.30777272727273	MITHRIL.6534	-8.067520575499484e-06	0.010669183577159036	0.2008547008547009
MT-RNR2	510	20.62181818181818	32.59836363636364	64.76527272727273	MITHRIL.6537	-3.403872118156382e-06	0.2168453778733256	0.3091168091168091
MT-RNR2	511	19.22909090909091	38.35045454545455	67.99686363636364	MITHRIL.6540	-5.9833021168315506e-09	0.9736423742347617	0.43162393162393164
MT-RNR2	512	10.808608695652174	38.73517391304348	69.03652173913044	MITHRIL.6543	-4.904761796999812e-07	0.7292092790665371	0.46581196581196577
MT-RNR2	513	11.3545	36.1735	65.29275	MITHRIL.6546	6.650670960871105e-08	0.9901883665338644	0.5213675213675214
MT-RNR2	514	15.982090909090909	29.398681818181817	62.72213636363636	MITHRIL.6549	-1.909344535791187e-06	0.6230787052810903	0.36752136752136755
MT-RNR2	515	14.778	25.970391304347825	65.58869565217391	MITHRIL.6552	2.003695367946601e-06	0.705028125	0.49786324786324787
MT-RNR2	516	13.5323	23.5721	69.4995	MITHRIL.6555	3.837718096306032e-06	0.692696644295302	0.5747863247863249
MT-RNR2	517	12.3769	23.7421	74.4071	MITHRIL.6558	1.748166530232342e-06	0.49185598581141	0.5427350427350427
MT-RNR2	518	10.338545454545455	26.65672727272727	77.58268181818181	MITHRIL.6561	3.331455905155037e-08	0.9316832775471952	0.40811965811965817
MT-RNR2	519	6.976850000000001	29.0583	78.57225	MITHRIL.6564	8.098847740056579e-07	0.8470214876033058	0.3867521367521367
MT-RNR2	520	7.9411	33.30255	83.22825	MITHRIL.6567	-1.4297134743515426e-06	0.6005519450800916	0.48717948717948717
MT-RNR2	521	7.8095	37.82895454545454	84.93163636363637	MITHRIL.6570	1.3635949243259948e-06	0.46979410538850847	0.3952991452991453
MT-RNR2	522	8.20581818181818	43.793	86.00572727272727	MITHRIL.6573	9.737882153522795e-06	0.025229217391304348	0.22863247863247863
MT-RNR2	523	5.299799999999999	46.910250000000005	86.85535	MITHRIL.6576	-3.3076347078863354e-06	0.8254641817439804	0.49145299145299143
MT-RNR2	524	0.3564	50.2902	87.6658	MITHRIL.6579	1.3620930703231993e-06	0.6419634311512415	0.4123931623931624
MT-RNR2	525	0.2129545454545454	47.87436363636364	83.14586363636364	MITHRIL.6582	1.4422465847608212e-05	0.011321690140845072	0.24572649572649574
MT-RNR2	526	2.765	45.18277272727273	79.1705909090909	MITHRIL.6585	1.5884194564982234e-05	0.0028052113799521402	0.20726495726495728
MT-RNR2	527	3.250782608695652	39.08891304347826	74.86695652173913	MITHRIL.6588	1.1372916891064567e-05	0.023106438896189227	0.2222222222222222
MT-RNR2	528	10.1315	34.656409090909094	77.81163636363637	MITHRIL.6591	2.895287259453564e-06	0.36982652683528683	0.2948717948717949
MT-RNR2	529	7.263772727272727	37.23536363636364	71.31145454545455	MITHRIL.6594	5.76855944044682e-06	0.19904513540621865	0.24287749287749286
MT-RNR2	530	1.659318181818182	36.66059090909091	67.33513636363637	MITHRIL.6597	3.940830458939339e-06	0.2599627906976744	0.3304843304843305
MT-RNR2	531	2.6545652173913044	38.23108695652174	62.53813043478261	MITHRIL.6600	-1.1195511422993277e-06	0.689156389083275	0.4764957264957265
MT-RNR2	532	5.3541	39.8507	58.78545	MITHRIL.6603	-3.578083118011178e-08	0.6294763914459709	0.4358974358974359
MT-RNR2	533	10.034739130434785	40.67873913043479	58.003956521739134	MITHRIL.6606	-4.1733267454847454e-07	0.7503683497025868	0.30982905982905984
MT-RNR2	534	15.06065	40.71545	57.5875	MITHRIL.6609	2.469745835242329e-06	0.4113457194899818	0.5641025641025641
MT-RNR2	535	21.0788	38.96635	56.16605	MITHRIL.6612	3.979650274244701e-06	0.22018355893034003	0.5427350427350427
MT-RNR2	536	20.27185	39.09275	60.5831	MITHRIL.6615	3.811682770797497e-08	0.5713071891658262	0.4337606837606838
MT-RNR2	537	18.812181818181816	43.20931818181818	62.84981818181818	MITHRIL.6618	-8.747761194612706e-07	0.6369321080164004	0.31196581196581197
MT-RNR2	538	15.606045454545455	46.42113636363637	62.94286363636363	MITHRIL.6621	4.861581445823448e-07	0.874761478284327	0.3454415954415954
MT-RNR2	539	11.533347826086956	47.82660869565217	62.89939130434782	MITHRIL.6624	3.7280439883889616e-07	0.5699514051015997	0.4102564102564103
MT-RNR2	540	6.6995000000000005	48.58825	62.680150000000005	MITHRIL.6627	-4.240091594036065e-06	0.7648229453943739	0.5747863247863249
MT-RNR2	541	1.9997	47.1092	64.4137	MITHRIL.6630	-9.853550118641665e-06	0.007689795918367347	0.6388888888888888
MT-RNR2	542	-1.54915	44.646	67.4857	MITHRIL.6633	1.7626978016733751e-06	0.34714824261275273	0.40598290598290604
MT-RNR2	543	-2.870590909090909	42.983681818181815	72.01272727272728	MITHRIL.6636	1.7544022741911842e-05	0.0024355507675733906	0.2094017094017094
MT-RNR2	544	-3.4437272727272727	45.91922727272727	76.57104545454546	MITHRIL.6639	1.3699890472376688e-05	0.16663549546465858	0.2777777777777778
MT-RNR2	545	-4.75465	49.5849	79.5064	MITHRIL.6642	1.4638137640003773e-05	0.9510576923076922	0.27777777777777773
MT-RNR2	546	-6.7255	54.02613636363637	79.4150909090909	MITHRIL.6645	1.3572750073364708e-05	0.016988277727682598	0.2984330484330484
MT-RNR2	547	-9.9286	57.1814	78.35445	MITHRIL.6648	3.869895102576346e-05	0.0	0.08333333333333333
MT-RNR2	548	-13.872649999999998	58.01525	76.1284	MITHRIL.6651	3.0358368762942948e-05	0.0	0.17521367521367517
MT-RNR2	549	-17.6473	57.27485	72.30935	MITHRIL.6654	4.6181448530809354e-05	0.0	0.06837606837606837
MT-RNR2	550	-20.591272727272727	54.01927272727273	70.05940909090909	MITHRIL.6657	1.569388118234116e-05	0.03806218174291037	0.31125356125356124
MT-RNR2	551	-23.3704	50.62785	69.86635	MITHRIL.6660	4.1570432538677886e-05	0.0	0.11538461538461538
MT-RNR2	552	-24.4593	48.62695	63.8538	MITHRIL.6663	4.442306656111265e-05	0.0	0.10256410256410257
MT-RNR2	553	-23.945818181818183	42.60404545454546	60.85854545454545	MITHRIL.6666	3.472594930121459e-05	0.0	0.15598290598290598
MT-RNR2	554	-24.29905	38.16575	60.93755	MITHRIL.6669	3.0067512016019364e-05	0.0	0.17307692307692304
MT-RNR2	555	-28.33915	32.98755	56.31805000000001	MITHRIL.6672	2.5610600589006154e-05	0.0	0.19658119658119658
MT-RNR2	556	-26.44155	33.1859	51.4139	MITHRIL.6675	2.823832693378428e-05	0.0	0.15384615384615385
MT-RNR2	557	-23.87772727272727	34.691818181818185	47.670863636363634	MITHRIL.6678	2.962811554957772e-05	0.0	0.1047008547008547
MT-RNR2	558	-21.959954545454544	34.26022727272727	38.66459090909091	MITHRIL.6681	1.7056880713601868e-05	0.0008775545851528385	0.10897435897435898
MT-RNR2	559	-23.124772727272727	34.60331818181818	33.967636363636366	MITHRIL.6684	1.1532172863987079e-05	0.0073575787161337565	0.1517094017094017
MT-RNR2	560	-22.711181818181817	33.99527272727273	28.7095	MITHRIL.6687	4.923244044376267e-06	0.12965448740688187	0.1175213675213675
MT-RNR2	561	-23.264227272727272	32.71395454545455	21.87272727272727	MITHRIL.6690	-4.695354869253026e-06	0.07834809334092202	0.1794871794871795
MT-RNR2	562	-25.2605	32.371545454545455	17.511954545454547	MITHRIL.6693	-3.944934995942107e-06	0.15265096952908588	0.31196581196581197
MT-RNR2	563	-31.7481	35.2154	11.76235	MITHRIL.6696	-1.6913315428259937e-07	0.8201666303162487	0.42094017094017094
MT-RNR2	564	-33.9034	40.87845	14.452100000000002	MITHRIL.6699	8.908260515664103e-06	0.016364080524768152	0.14957264957264957
MT-RNR2	565	-35.68775	40.8874	21.393	MITHRIL.6702	9.114395747493269e-06	0.13963881382698717	0.2756410256410256
MT-RNR2	566	-39.4913	39.0027	22.40115	MITHRIL.6705	1.3589005321967506e-05	0.007689795918367347	0.22863247863247863
MT-RNR2	567	-47.02977272727273	40.71372727272728	25.768181818181816	MITHRIL.6708	2.5767935268240115e-05	0.0	0.18803418803418803
MT-RNR2	568	-46.95490909090909	45.17263636363637	27.47936363636364	MITHRIL.6711	2.7910130310909208e-05	0.0	0.19658119658119658
MT-RNR2	569	-46.53059090909091	47.33059090909091	31.385272727272728	MITHRIL.6714	2.90476810547566e-05	0.0	0.20655270655270655
MT-RNR2	570	-46.7013	49.0746	35.9169	MITHRIL.6717	4.057582410055604e-05	0.0	0.13675213675213674
MT-RNR2	571	-46.29459090909091	51.56854545454546	43.70363636363636	MITHRIL.6720	3.370384846123565e-05	0.0	0.19373219373219372
MT-RNR2	572	-51.6784	53.538	44.80155	MITHRIL.6723	3.455699366562573e-05	0.0	0.19230769230769232
MT-RNR2	573	-59.81818181818182	53.941818181818185	44.9295	MITHRIL.6726	2.505404651683883e-05	0.0	0.25854700854700857
MT-RNR2	574	-62.6287	48.58265	48.43395	MITHRIL.6729	5.01022072763131e-05	0.0	0.10042735042735042
MT-RNR2	575	-61.90163636363637	41.21536363636364	47.36213636363637	MITHRIL.6732	5.8049081509049164e-05	0.0	0.0641025641025641
MT-RNR2	576	-64.38877272727272	39.12568181818182	45.39563636363636	MITHRIL.6735	4.9219570221431235e-05	0.0	0.12321937321937321
MT-RNR2	577	-66.12445	38.271550000000005	40.8268	MITHRIL.6738	5.425469912129101e-05	0.0	0.09188034188034189
MT-RNR2	578	-65.9915	36.32975	36.3716	MITHRIL.6741	9.537166481834896e-06	0.1089674114441417	0.3703703703703704
MT-RNR2	579	-66.06243478260869	32.26260869565217	34.76004347826087	MITHRIL.6744	5.193258889187876e-05	0.0	0.09615384615384615
MT-RNR2	580	-67.60240909090909	26.00190909090909	31.59759090909091	MITHRIL.6747	2.74718240617819e-05	0.0	0.25
MT-RNR2	581	-69.95831818181819	23.01540909090909	26.29536363636364	MITHRIL.6750	2.854932978713656e-05	0.0	0.24358974358974358
MT-RNR2	582	-70.8951	21.070500000000003	33.6186	MITHRIL.6753	1.548183963403403e-05	0.17700122365737592	0.3311965811965812
MT-RNR2	583	-74.63705	21.239	36.10135	MITHRIL.6756	-2.034713853922446e-05	0.0	0.5662393162393162
MT-RNR2	584	-79.1762	23.2115	36.74195	MITHRIL.6759	-5.140316500782839e-06	0.02874856408058294	0.46581196581196577
MT-RNR2	585	-83.2206	25.18	34.7676	MITHRIL.6762	1.4685322837157658e-05	0.15087689104788343	0.3376068376068376
MT-RNR2	586	-87.0407	25.5109	31.1763	MITHRIL.6765	-1.5911937034177495e-06	0.5430127362605408	0.4423076923076923
MT-RNR2	587	-88.61095	22.4965	27.8779	MITHRIL.6768	5.335776053540246e-05	0.0	0.10683760683760683
MT-RNR2	588	-87.4869090909091	18.076818181818183	25.53590909090909	MITHRIL.6771	3.329574152709622e-05	0.0	0.23290598290598288
MT-RNR2	589	-85.72805	13.4987	25.22245	MITHRIL.6774	5.4213265264890746e-05	0.0	0.10897435897435898
MT-RNR2	590	-83.28318181818182	7.853090909090909	20.708954545454542	MITHRIL.6777	1.8077125548440134e-05	0.041952353663528445	0.31837606837606836
MT-RNR2	591	-80.19235	11.39005	19.8081	MITHRIL.6780	4.070919699939246e-05	0.0	0.1794871794871795
MT-RNR2	592	-71.34675	13.50435	20.42985	MITHRIL.6783	4.153618653044357e-05	0.0	0.1517094017094017
MT-RNR2	593	-65.92715000000001	6.7884	20.8637	MITHRIL.6786	3.185055921562135e-05	0.0	0.1794871794871795
MT-RNR2	594	-62.04113636363636	3.1846363636363635	16.91040909090909	MITHRIL.6789	1.6467536801279825e-05	0.004265294571649087	0.2578347578347578
MT-RNR2	595	-62.4130909090909	-0.8676363636363637	15.133045454545456	MITHRIL.6792	8.090184129619387e-06	0.2873032381560058	0.3397435897435897
MT-RNR2	596	-65.3911	-3.54505	14.43725	MITHRIL.6795	2.7552633197146575e-06	0.5058045963464938	0.4038461538461538
MT-RNR2	597	-69.79679999999999	-5.68495	15.44265	MITHRIL.6798	-2.7007671987862864e-05	0.0	0.673076923076923
MT-RNR2	598	-75.19673913043479	-5.135434782608695	16.21695652173913	MITHRIL.6801	-1.3228999352209932e-05	0.04028289473684211	0.5341880341880342
MT-RNR2	599	-79.40878260869566	-3.4345652173913046	14.804782608695652	MITHRIL.6804	7.363111820683786e-08	0.20454498166055352	0.43162393162393164
MT-RNR2	600	-82.90236363636365	-0.914590909090909	12.4105	MITHRIL.6807	1.605079456337731e-05	0.003175559652357124	0.32264957264957267
MT-RNR2	601	-84.67275	1.04135	8.42015	MITHRIL.6810	-1.3143725162427301e-05	0.0024355507675733906	0.5213675213675214
MT-RNR2	602	-84.4744	2.38935	3.4844500000000003	MITHRIL.6813	1.6813994239889884e-05	0.2519739257337441	0.32051282051282054
MT-RNR2	603	-82.84895454545455	4.631545454545455	-2.337454545454545	MITHRIL.6816	1.6679742533249006e-05	0.0028052113799521402	0.32264957264957267
MT-RNR2	604	-83.50236363636363	3.652909090909091	-6.520545454545455	MITHRIL.6819	2.9753796970053873e-05	0.0	0.24358974358974358
MT-RNR2	605	-84.6777	0.6890000000000001	-10.12605	MITHRIL.6822	-2.3700812815346808e-05	0.0	0.5811965811965812
MT-RNR2	606	-86.87705	-3.36275	-12.3822	MITHRIL.6825	-1.8734979771936136e-05	0.07177142857142857	0.547008547008547
MT-RNR2	607	-90.55915	-6.611549999999999	-12.22915	MITHRIL.6828	-3.5860257606896886e-05	0.0	0.6495726495726496
MT-RNR2	608	-95.19140909090908	-8.20059090909091	-10.059727272727272	MITHRIL.6831	5.042643393929805e-06	0.8323984790874525	0.40170940170940167
MT-RNR2	609	-99.33825	-6.7667	-9.4649	MITHRIL.6834	-2.3551373995832325e-05	0.0	0.576923076923077
MT-RNR2	610	-101.47805	-2.20075	-8.1354	MITHRIL.6837	3.1802101958827996e-05	0.0	0.24145299145299146
MT-RNR2	611	-101.42672727272726	2.3695	-9.165772727272726	MITHRIL.6840	1.463225833744018e-05	0.01195632291180588	0.3461538461538462
MT-RNR2	612	-102.0718	5.94915	-11.48215	MITHRIL.6843	5.083526037532593e-05	0.0	0.1388888888888889
MT-RNR2	613	-98.01075	13.7885	-12.1864	MITHRIL.6846	4.8476626881619695e-05	0.0	0.15384615384615385
MT-RNR2	614	-94.8412	9.869	-8.7859	MITHRIL.6849	4.84906813823573e-05	0.0	0.15527065527065528
MT-RNR2	615	-95.10535	5.924	-4.80585	MITHRIL.6852	3.171607918219493e-05	0.0	0.24572649572649574
MT-RNR2	616	-96.12859090909092	0.8376363636363636	-2.088636363636364	MITHRIL.6855	1.692704893714968e-05	0.0035334201615003905	0.3283475783475784
MT-RNR2	617	-95.4864	-3.4217500000000003	0.1506499999999999	MITHRIL.6858	-4.556306818728552e-05	0.0	0.7264957264957265
MT-RNR2	618	-92.49904545454544	-7.270772727272727	-1.1768181818181818	MITHRIL.6861	4.502340226457106e-06	0.8543792095289658	0.4038461538461538
MT-RNR2	619	-88.59495652173914	-9.736913043478262	-3.741608695652174	MITHRIL.6864	-1.2343824019823245e-05	0.5878750251040022	0.5085470085470085
MT-RNR2	620	-84.39263636363636	-9.591909090909091	-5.45609090909091	MITHRIL.6867	1.4433237258169427e-05	0.02789909599655618	0.34330484330484334
MT-RNR2	621	-80.23022727272728	-8.001863636363636	-6.309590909090909	MITHRIL.6870	2.0270991019205207e-05	0.010669183577159036	0.30270655270655267
MT-RNR2	622	-74.23286956521738	-6.2	-12.952347826086957	MITHRIL.6873	5.720983315193222e-06	0.0016709534368070955	0.39316239316239315
MT-RNR2	623	-76.92618181818182	-3.114636363636363	-4.979318181818182	MITHRIL.6876	-3.748581278715243e-06	0.06363081712062256	0.4586894586894587
MT-RNR2	624	-75.41718181818182	2.974227272727273	-3.131636363636364	MITHRIL.6879	6.864742529792166e-08	0.41614159721169874	0.43162393162393164
MT-RNR2	625	-68.7195	6.322699999999999	-5.5284	MITHRIL.6882	2.9593367578091293e-05	0.0	0.15598290598290598
MT-RNR2	626	-65.83365	13.20205	-1.9399	MITHRIL.6885	-1.4840796293291596e-05	0.002059579119978136	0.6018518518518519
MT-RNR2	627	-61.05827272727272	10.399272727272727	-2.4751818181818184	MITHRIL.6888	4.871362854577432e-06	0.4569318996415771	0.353988603988604
MT-RNR2	628	-57.38122727272727	4.1805	-6.650272727272728	MITHRIL.6891	7.351377594742482e-06	0.04787647768395658	0.2692307692307692
MT-RNR2	629	-49.7808	6.786700000000001	-9.2775	MITHRIL.6894	-1.4524057825755347e-07	0.8544675598863175	0.5170940170940171
MT-RNR2	630	-57.804478260869566	5.889695652173913	-11.51808695652174	MITHRIL.6897	-6.348028082436741e-06	0.7779430927835052	0.5491452991452991
MT-RNR2	631	-58.6822	5.35	-16.0684	MITHRIL.6900	-1.3195868148120126e-05	0.0012772881355932204	0.6225071225071225
MT-RNR2	632	-60.38440000000001	7.41645	-20.2098	MITHRIL.6903	-2.3184807480038777e-05	0.0	0.6965811965811967
MT-RNR2	633	-62.01313636363636	11.755863636363635	-21.967136363636364	MITHRIL.6906	-9.726030749351058e-06	0.007018823529411765	0.5277777777777778
MT-RNR2	634	-62.55647826086956	16.776999999999997	-21.829260869565218	MITHRIL.6909	1.4708212917360116e-05	0.0024355507675733906	0.2948717948717949
MT-RNR2	635	-61.2263	20.9371	-21.56805	MITHRIL.6912	-1.4108034329597939e-05	0.003175559652357124	0.5733618233618234
MT-RNR2	636	-57.794954545454544	24.27590909090909	-18.13818181818182	MITHRIL.6915	-9.037791695412567e-07	0.18833654429100707	0.4437321937321937
MT-RNR2	637	-53.994150000000005	26.5	-16.350450000000002	MITHRIL.6918	-9.603434669038667e-06	0.009696068620443175	0.6004273504273504
MT-RNR2	638	-49.87809090909091	27.48304545454545	-17.234045454545456	MITHRIL.6921	3.31967145762207e-06	0.27496052673839727	0.3547008547008547
MT-RNR2	639	-49.1985909090909	29.87036363636364	-20.430090909090907	MITHRIL.6924	-1.1099813337255988e-06	0.7688693590627153	0.4522792022792022
MT-RNR2	640	-52.07173913043479	33.45652173913044	-24.58608695652174	MITHRIL.6927	1.5181120031448925e-06	0.08221608154020384	0.41452991452991456
MT-RNR2	641	-46.13455	32.68575	-23.16365	MITHRIL.6930	-8.082139946807284e-06	0.04112794419368075	0.5726495726495727
MT-RNR2	642	-42.14840909090909	29.88609090909091	-25.132090909090905	MITHRIL.6933	3.298662238065358e-06	0.2982352269120914	0.358974358974359
MT-RNR2	643	-40.79159090909091	29.830136363636367	-28.84568181818182	MITHRIL.6936	6.843385075829078e-06	0.16686488706365502	0.31125356125356124
MT-RNR2	644	-40.3388	29.7965	-33.685500000000005	MITHRIL.6939	-3.484328129687829e-06	0.010669183577159036	0.47863247863247865
MT-RNR2	645	-40.82081818181818	32.16536363636364	-38.27731818181818	MITHRIL.6942	1.3942803206601696e-05	0.032508860224148874	0.292022792022792
MT-RNR2	646	-40.6878	34.6605	-44.0714	MITHRIL.6945	1.4193350231305177e-05	0.006695360315893386	0.31339031339031337
MT-RNR2	647	-33.81956521739131	37.71939130434783	-49.39078260869565	MITHRIL.6948	-1.745242043907104e-05	0.11858336626549308	0.5876068376068376
MT-RNR2	648	-35.20427272727273	42.34409090909091	-50.879318181818185	MITHRIL.6951	9.113806994909766e-07	0.42533502262443434	0.4245014245014245
MT-RNR2	649	-37.51209090909091	45.36636363636364	-53.84022727272727	MITHRIL.6954	2.013188023785203e-05	0.014479048490393413	0.27706552706552706
MT-RNR2	650	-40.82345454545455	45.81572727272727	-56.79572727272728	MITHRIL.6957	2.6454034984945094e-05	0.0	0.24287749287749286
MT-RNR2	651	-42.57931818181818	47.45109090909091	-62.77622727272728	MITHRIL.6960	4.6147545172285513e-05	0.0	0.11039886039886039
MT-RNR2	652	-44.85525	42.18545	-59.6118	MITHRIL.6963	3.889004055166149e-05	0.0	0.17307692307692304
MT-RNR2	653	-41.4915	40.652181818181816	-64.43968181818182	MITHRIL.6966	2.2462862503179374e-05	0.0	0.27706552706552706
MT-RNR2	654	-37.3156	39.42905	-63.05	MITHRIL.6969	-6.599176476127626e-06	0.25907282714054924	0.4807692307692308
MT-RNR2	655	-32.705	41.24885	-61.4898	MITHRIL.6972	-2.89392887250458e-05	0.0	0.6688034188034188
MT-RNR2	656	-29.1518	41.93035	-58.048	MITHRIL.6975	-2.6599042233614e-05	0.0	0.6688034188034188
MT-RNR2	657	-26.44335	40.6615	-53.8471	MITHRIL.6978	-1.818889564102426e-05	0.0	0.6068376068376068
MT-RNR2	658	-24.34635	37.20825	-51.3605	MITHRIL.6981	-1.4095013908833767e-05	0.05861826753093695	0.5747863247863249
MT-RNR2	659	-23.14235	32.194	-50.0431	MITHRIL.6984	3.626635144427807e-06	0.3457956136257582	0.3952991452991453
MT-RNR2	660	-21.7203	27.63395	-50.9407	MITHRIL.6987	6.4360353485146705e-06	0.6179262798634813	0.3696581196581197
MT-RNR2	661	-18.3639	20.59755	-48.41515	MITHRIL.6990	3.0267611632804306e-05	0.0	0.10256410256410257
MT-RNR2	662	-23.21825	20.0165	-51.911	MITHRIL.6993	2.956848892133546e-05	0.0	0.1688034188034188
MT-RNR2	663	-25.32852173913044	18.03078260869565	-56.48008695652174	MITHRIL.6996	-8.257822559347395e-06	0.8605586374695863	0.49786324786324787
MT-RNR2	664	-27.681600000000003	15.892599999999998	-60.1909	MITHRIL.6999	-2.0470687768039906e-05	0.11227018622310614	0.5833333333333334
MT-RNR2	665	-28.450318181818183	11.175454545454546	-61.28368181818182	MITHRIL.7002	6.1459473397755e-06	0.3639274076364199	0.3888888888888889
MT-RNR2	666	-29.2825	6.336399999999999	-61.056	MITHRIL.7005	-1.5733532384183173e-05	0.0016709534368070955	0.5398860398860399
MT-RNR2	667	-30.208454545454547	2.561681818181818	-57.79163636363637	MITHRIL.7008	2.611416603172046e-05	0.0	0.25427350427350426
MT-RNR2	668	-32.97145454545455	1.326681818181818	-54.66386363636364	MITHRIL.7011	1.9971012848695163e-05	0.006695360315893386	0.29273504273504275
MT-RNR2	669	-36.896130434782606	2.1295652173913044	-52.87347826086956	MITHRIL.7014	6.823829299888252e-07	0.2524217898832685	0.42735042735042733
MT-RNR2	670	-41.2807	3.3247500000000003	-52.27345	MITHRIL.7017	1.843253838982782e-05	0.06727791304347826	0.3076923076923077
MT-RNR2	671	-45.27185	3.4588500000000004	-54.2182	MITHRIL.7020	3.825037960377519e-05	0.0	0.19373219373219372
MT-RNR2	672	-48.581	8.1699	-57.8792	MITHRIL.7023	-2.4597790174421556e-05	0.0	0.5833333333333334
MT-RNR2	673	-47.19082608695652	11.768304347826088	-55.15386956521739	MITHRIL.7026	1.8728294005746612e-05	0.0116563393484884	0.31339031339031337
MT-RNR2	674	-45.0271	19.96185	-55.7993	MITHRIL.7029	1.5748018324548983e-05	0.16381483516483517	0.3311965811965812
MT-RNR2	675	-48.945521739130434	18.414739130434786	-62.93626086956521	MITHRIL.7032	1.0132495436364601e-05	0.13894293239683933	0.3696581196581197
MT-RNR2	676	-52.4712	21.76425	-64.66375000000001	MITHRIL.7035	-2.993845099543656e-05	0.0	0.6217948717948718
MT-RNR2	677	-56.803250000000006	24.018700000000003	-64.02995	MITHRIL.7038	-1.007268244203028e-05	0.0	0.49572649572649574
MT-RNR2	678	-60.218545454545456	25.10577272727273	-60.5605	MITHRIL.7041	-9.46269028713134e-07	0.3237653852188922	0.43803418803418803
MT-RNR2	679	-61.37882608695652	26.071478260869565	-55.964956521739126	MITHRIL.7044	1.8501929731129945e-05	0.0	0.3183760683760684
MT-RNR2	680	-67.44218181818182	27.66240909090909	-51.948	MITHRIL.7047	-1.965440837628814e-06	0.8416698481561823	0.4444444444444444
MT-RNR2	681	-60.56685	28.886000000000003	-47.86165	MITHRIL.7050	2.9319262834238953e-05	0.0	0.24572649572649574
MT-RNR2	682	-59.489250000000006	24.5437	-45.0007	MITHRIL.7053	-1.7705671232373904e-05	0.12331146838156484	0.5505698005698005
MT-RNR2	683	-53.96654545454545	22.7705	-44.620045454545455	MITHRIL.7056	1.7443189420881035e-05	0.052594217347956135	0.31125356125356124
MT-RNR2	684	-49.62136363636364	24.290954545454543	-43.93745454545455	MITHRIL.7059	7.337099713143686e-06	0.0443474025974026	0.3782051282051282
MT-RNR2	685	-46.39686363636363	23.056	-37.203	MITHRIL.7062	9.859219506157088e-06	0.048687640449438206	0.33618233618233617
MT-RNR2	686	-47.522636363636366	31.18572727272728	-40.46659090909091	MITHRIL.7065	1.785324495724414e-05	0.017281294964028776	0.2884615384615385
MT-RNR2	687	-50.0444	32.62905	-43.19845	MITHRIL.7068	3.269189923401443e-05	0.0	0.19658119658119658
MT-RNR2	688	-51.09609090909091	36.04727272727273	-48.36304545454546	MITHRIL.7071	1.5132455413288405e-05	0.009696068620443175	0.3311965811965812
MT-RNR2	689	-51.82605	34.81225	-52.422	MITHRIL.7074	4.5394779289009536e-05	0.0	0.14743589743589744
MT-RNR2	690	-49.7967	33.67635	-57.97805	MITHRIL.7077	3.4667187445882314e-05	0.0	0.21581196581196582
MT-RNR2	691	-51.58752173913043	29.626608695652177	-53.980130434782616	MITHRIL.7080	5.3727491150146563e-05	0.0	0.1047008547008547
MT-RNR2	692	-50.93736363636364	25.216681818181826	-53.45772727272727	MITHRIL.7083	3.286445064807497e-05	0.0	0.22863247863247863
MT-RNR2	693	-46.70477272727273	20.524954545454545	-52.36659090909091	MITHRIL.7086	3.156828350431915e-05	0.0	0.2264957264957265
MT-RNR2	694	-54.3006	19.71235	-50.7273	MITHRIL.7089	-2.4942458869822486e-07	0.2181965294992563	0.4337606837606838
MT-RNR2	695	-58.63995	17.9461	-52.35385	MITHRIL.7092	-3.9141144535814405e-05	0.0	0.6816239316239315
MT-RNR2	696	-60.8425652173913	16.82126086956522	-56.87708695652174	MITHRIL.7095	1.6692603737284296e-05	0.003175559652357124	0.3311965811965812
MT-RNR2	697	-60.66513636363637	15.359181818181815	-61.29018181818182	MITHRIL.7098	1.3824333680005783e-05	0.0871980527991013	0.34971509971509973
MT-RNR2	698	-58.7402	13.999100000000002	-65.25195	MITHRIL.7101	3.3176467123139793e-06	0.0012772881355932204	0.4123931623931624
MT-RNR2	699	-54.340545454545456	12.749136363636364	-67.20686363636364	MITHRIL.7104	2.296790975810247e-05	0.0053271396112092905	0.297008547008547
MT-RNR2	700	-50.54472727272727	10.32209090909091	-67.74554545454545	MITHRIL.7107	3.3215620098811884e-05	0.0	0.2386039886039886
MT-RNR2	701	-44.6396	8.1053	-68.16625	MITHRIL.7110	-3.132254844047951e-06	0.08140872521246459	0.45085470085470086
MT-RNR2	702	-43.3077	6.04615	-74.74385	MITHRIL.7113	-1.3157809644310002e-05	0.8242532045176214	0.5106837606837606
MT-RNR2	703	-37.93727272727273	1.159909090909091	-75.00963636363636	MITHRIL.7116	2.001659405639158e-05	0.004971733062674448	0.31837606837606836
MT-RNR2	704	-34.03218181818182	0.4766363636363636	-79.37609090909092	MITHRIL.7119	2.5928821017995343e-05	0.0	0.28418803418803423
MT-RNR2	705	-31.46565	-0.1297499999999999	-72.82545	MITHRIL.7122	-1.2029390358992126e-05	0.004615054860933911	0.5021367521367521
MT-RNR2	706	-32.07872727272727	-3.175863636363637	-69.26327272727272	MITHRIL.7125	1.0670183968099297e-05	0.48294793057409874	0.3717948717948718
MT-RNR2	707	-33.92295652173913	-7.416260869565218	-67.65852173913044	MITHRIL.7128	8.836905685856483e-06	0.0008775545851528385	0.3846153846153846
MT-RNR2	708	-35.0746	-11.69005	-67.60305	MITHRIL.7131	4.45013664487227e-05	0.0	0.20655270655270655
MT-RNR2	709	-31.7466	-16.40115	-69.03285	MITHRIL.7134	4.3971797756039094e-05	0.0	0.2158119658119658
MT-RNR2	710	-29.2572	-20.5556	-70.97625000000001	MITHRIL.7137	5.833755067197286e-05	0.0	0.14957264957264957
MT-RNR2	711	-29.308	-27.914772727272727	-75.55127272727272	MITHRIL.7140	3.1708179338492816e-05	0.0	0.2792022792022792
MT-RNR2	712	-26.55004545454545	-31.91240909090909	-73.39977272727273	MITHRIL.7143	1.5146785423257152e-05	0.09598395841069439	0.3561253561253561
MT-RNR2	713	-23.1623	-34.94135	-71.85940000000001	MITHRIL.7146	-2.9228639936708153e-05	0.0	0.5876068376068376
MT-RNR2	714	-18.360318181818183	-35.28590909090909	-71.5624090909091	MITHRIL.7149	2.5553036929353927e-05	0.0012772881355932204	0.29415954415954415
MT-RNR2	715	-14.15955	-33.63465	-70.91499999999999	MITHRIL.7152	5.466664178545168e-05	0.0	0.13390313390313388
MT-RNR2	716	-10.16765	-29.8919	-70.7921	MITHRIL.7155	5.6973671668693434e-05	0.0	0.11538461538461538
MT-RNR2	717	-7.89925	-26.47025	-68.41925	MITHRIL.7158	1.7345935536240735e-05	0.14930552659019813	0.3311965811965812
MT-RNR2	718	0.4770909090909091	-24.51231818181818	-66.29163636363636	MITHRIL.7161	3.3548103912696533e-05	0.0	0.21296296296296294
MT-RNR2	719	0.9492	-19.95205	-66.68165	MITHRIL.7164	4.9237767951891575e-05	0.0	0.11752136752136753
MT-RNR2	720	-1.0763181818181815	-12.610363636363637	-61.20381818181818	MITHRIL.7167	1.681109955038075e-05	0.0	0.31837606837606836
MT-RNR2	721	-1.8203181818181813	-8.051272727272728	-61.583272727272735	MITHRIL.7170	2.8642418723113875e-05	0.0	0.23931623931623933
MT-RNR2	722	-0.7251000000000001	-3.7976	-61.7201	MITHRIL.7173	2.4203304499388664e-05	0.030458200382897253	0.26495726495726496
MT-RNR2	723	0.29965	2.6074	-65.6673	MITHRIL.7176	4.453258115451472e-05	0.0	0.12606837606837606
MT-RNR2	724	1.9073636363636368	-3.298227272727273	-66.24231818181818	MITHRIL.7179	4.228440890786427e-05	0.0	0.15598290598290598
MT-RNR2	725	6.814136363636364	-3.611545454545454	-68.2505909090909	MITHRIL.7182	2.9752307642348793e-05	0.0	0.23219373219373218
MT-RNR2	726	10.7443	-5.12185	-65.39189999999999	MITHRIL.7185	4.425569548094755e-05	0.0	0.11965811965811966
MT-RNR2	727	11.97405	-6.5357	-61.46075	MITHRIL.7188	3.4661794994956665e-05	0.0	0.1688034188034188
MT-RNR2	728	10.451954545454546	-8.465772727272727	-57.45727272727272	MITHRIL.7191	2.7497611085931068e-05	0.0	0.2051282051282051
MT-RNR2	729	7.621590909090909	-11.214363636363636	-54.41859090909091	MITHRIL.7194	2.5910145229595955e-05	0.0	0.20014245014245013
MT-RNR2	730	4.68085	-13.91265	-51.48335	MITHRIL.7197	2.903617943080055e-05	0.0	0.14102564102564102
MT-RNR2	731	-0.9114545454545454	-12.838772727272726	-47.75663636363636	MITHRIL.7200	1.307103810718274e-05	0.13377829539438857	0.2692307692307692
MT-RNR2	732	0.1733181818181818	-17.769818181818184	-53.54727272727273	MITHRIL.7203	1.799388717160165e-05	0.00045631244323342414	0.27492877492877493
MT-RNR2	733	-3.489521739130435	-15.535826086956522	-56.81634782608696	MITHRIL.7206	2.8386901928240314e-05	0.0	0.22222222222222224
MT-RNR2	734	-10.74895	-12.6558	-59.82605	MITHRIL.7209	1.1086957978152217e-05	0.8227809316262599	0.358974358974359
MT-RNR2	735	-11.5409	-13.7512	-65.5242	MITHRIL.7212	6.160844320300846e-05	0.0	0.07264957264957266
MT-RNR2	736	-10.226590909090907	-19.008863636363635	-71.09509090909091	MITHRIL.7215	2.1907933966039465e-05	0.0012772881355932204	0.3091168091168091
MT-RNR2	737	-14.07515	-23.61955	-74.4716	MITHRIL.7218	4.87262181546087e-05	0.0	0.1745014245014245
MT-RNR2	738	-14.49495	-27.28725	-77.9897	MITHRIL.7221	1.7727536506069424e-05	0.0008775545851528385	0.3376068376068376
MT-RNR2	739	-16.597590909090908	-31.52140909090909	-80.17427272727274	MITHRIL.7224	4.63360588201427e-05	0.0	0.1858974358974359
MT-RNR2	740	-20.07865	-33.9005	-82.24199999999999	MITHRIL.7227	1.1953530175865067e-05	0.03362020202020202	0.3682336182336183
MT-RNR2	741	-24.80565	-34.36175	-82.8543	MITHRIL.7230	5.147346331557674e-05	0.0	0.16666666666666666
MT-RNR2	742	-29.022227272727275	-31.62722727272727	-82.80513636363636	MITHRIL.7233	5.409213921484047e-05	0.0	0.16452991452991453
MT-RNR2	743	-31.3949	-28.40945	-84.5851	MITHRIL.7236	6.22646410021737e-05	0.0	0.12606837606837606
MT-RNR2	744	-38.06535	-25.59735	-86.22655	MITHRIL.7239	6.649098569738966e-05	0.0	0.10185185185185186
MT-RNR2	745	-39.0261	-19.4502	-85.93055	MITHRIL.7242	5.8023498551538265e-05	0.0	0.14316239316239318
MT-RNR2	746	-39.135000000000005	-14.54385	-85.67695	MITHRIL.7245	2.9338529702931917e-05	0.0	0.28205128205128205
MT-RNR2	747	-38.60485	-9.24695	-82.72115	MITHRIL.7248	5.010212905172595e-05	0.0	0.1730769230769231
MT-RNR2	748	-42.03722727272727	-9.512636363636362	-76.69727272727272	MITHRIL.7251	3.331511852877123e-05	0.0	0.26282051282051283
MT-RNR2	749	-43.5902	-7.90555	-72.8817	MITHRIL.7254	-7.275559449167945e-06	0.031320101781170485	0.47008547008547014
MT-RNR2	750	-42.93885	-5.2173	-68.7428	MITHRIL.7257	-3.3623149897066005e-05	0.0	0.6153846153846154
MT-RNR2	751	-40.27782608695652	-0.9668695652173912	-66.51082608695653	MITHRIL.7260	-1.7705889203674235e-05	0.02189636803874092	0.5341880341880342
MT-RNR2	752	-40.6261	3.31125	-66.91725	MITHRIL.7263	-2.070084820840682e-05	0.0	0.5555555555555555
MT-RNR2	753	-41.8776	9.21015	-62.58735	MITHRIL.7266	1.4711690170440555e-05	0.8138797706797708	0.34188034188034183
MT-RNR2	754	-40.90918181818181	12.204318181818184	-59.01913636363636	MITHRIL.7269	8.529933846237027e-06	0.5225725674091443	0.37749287749287747
MT-RNR2	755	-39.70768181818182	18.76459090909091	-56.22563636363636	MITHRIL.7272	2.9424345710038912e-05	0.0	0.2343304843304843
MT-RNR2	756	-38.68505	12.0517	-53.50599999999999	MITHRIL.7275	9.09066495580847e-06	0.5555713334298538	0.36752136752136755
MT-RNR2	757	-36.96135	8.31345	-48.20385	MITHRIL.7278	-1.1730898449223269e-05	0.1223148692225009	0.532051282051282
MT-RNR2	758	-36.36325	6.0504	-43.6134	MITHRIL.7281	-1.0570018304645958e-05	0.1308982630272953	0.5427350427350427
MT-RNR2	759	-36.72436363636364	8.604545454545455	-39.17972727272727	MITHRIL.7284	1.5578652234624022e-05	0.0012772881355932204	0.2264957264957265
MT-RNR2	760	-42.4805	10.255727272727272	-34.55440909090909	MITHRIL.7287	5.637784407238673e-06	0.17354236075625956	0.3525641025641026
MT-RNR2	761	-42.0817	14.4613	-38.22695	MITHRIL.7290	-9.186743838846781e-06	0.05786650915534554	0.5384615384615384
MT-RNR2	762	-43.025409090909086	19.407954545454547	-44.69222727272727	MITHRIL.7293	1.2498837281327124e-05	0.21356579383493537	0.32905982905982906
MT-RNR2	763	-37.2007	15.7784	-39.3596	MITHRIL.7296	3.3772417857311863e-06	0.41972946509519493	0.3888888888888889
MT-RNR2	764	-30.44840909090909	20.97404545454545	-37.31104545454545	MITHRIL.7299	8.890260239488428e-06	0.07350086058519793	0.25641025641025644
MT-RNR2	765	-29.64860869565217	13.12082608695652	-39.59913043478261	MITHRIL.7302	-5.782131614236747e-06	0.1231082037533512	0.5405982905982906
MT-RNR2	766	-28.266869565217394	9.56586956521739	-42.305608695652175	MITHRIL.7305	-9.859134937612978e-06	0.08400135567689701	0.5833333333333334
MT-RNR2	767	-26.73675	8.097249999999999	-46.0723	MITHRIL.7308	2.120667424198266e-05	0.0073575787161337565	0.18803418803418803
MT-RNR2	768	-24.21259090909091	4.40740909090909	-51.66359090909091	MITHRIL.7311	1.4079287403904658e-05	0.0035334201615003905	0.3055555555555556
MT-RNR2	769	-21.40305	5.0154000000000005	-55.368100000000005	MITHRIL.7314	-2.9855526643473264e-05	0.0	0.6837606837606837
MT-RNR2	770	-20.15082608695652	8.039695652173913	-59.876260869565215	MITHRIL.7317	-9.677936184297782e-06	0.8353107341566018	0.5056980056980057
MT-RNR2	771	-18.11835	11.6883	-61.561	MITHRIL.7320	6.406433595247879e-06	0.012923847045191195	0.3846153846153846
MT-RNR2	772	-17.03945	16.5115	-60.9648	MITHRIL.7323	3.2281110138831945e-05	0.0	0.1923076923076923
MT-RNR2	773	-13.79755	18.9159	-58.2017	MITHRIL.7326	3.758183061716831e-05	0.0	0.13247863247863248
MT-RNR2	774	-15.35609090909091	23.86236363636364	-57.1345	MITHRIL.7329	1.6117896084811372e-05	0.007018823529411765	0.2984330484330484
MT-RNR2	775	-18.97005	26.426350000000003	-59.34165	MITHRIL.7332	2.9892511719414087e-05	0.0	0.198005698005698
MT-RNR2	776	-21.87922727272728	26.384	-66.21154545454546	MITHRIL.7335	3.228115813150786e-05	0.0	0.1987179487179487
MT-RNR2	777	-26.15927272727273	25.075636363636363	-60.94677272727272	MITHRIL.7338	1.2170477639246707e-05	0.1704372505543237	0.34188034188034183
MT-RNR2	778	-28.765826086956523	25.70252173913044	-56.98582608695652	MITHRIL.7341	8.875129322549997e-06	0.09868240501659904	0.3632478632478633
MT-RNR2	779	-30.765391304347823	28.526739130434784	-53.534	MITHRIL.7344	-5.863320290765152e-06	0.29627081613210543	0.4807692307692308
MT-RNR2	780	-32.23459090909091	32.16140909090909	-49.99	MITHRIL.7347	1.027718964262714e-05	0.16892588416196824	0.34188034188034183
MT-RNR2	781	-29.73336363636364	32.906454545454544	-43.92313636363636	MITHRIL.7350	1.093543045638166e-05	0.08091584120982986	0.31196581196581197
MT-RNR2	782	-32.46568181818182	37.03040909090909	-42.00881818181818	MITHRIL.7353	1.0827445339462283e-05	0.012600836042731071	0.3162393162393162
MT-RNR2	783	-40.14486956521739	38.81382608695652	-38.17895652173913	MITHRIL.7356	1.3539820725997964e-06	0.1673234348272323	0.4188034188034188
MT-RNR2	784	-39.34969565217392	43.52356521739131	-37.26047826086956	MITHRIL.7359	7.626759272120933e-06	0.20552727272727273	0.35683760683760685
MT-RNR2	785	-37.1676	46.7774	-35.1356	MITHRIL.7362	-1.602446204336931e-05	0.0028052113799521402	0.6018518518518519
MT-RNR2	786	-34.385	48.5294	-31.3775	MITHRIL.7365	-1.2825895042369664e-05	0.015742779291553134	0.5790598290598291
MT-RNR2	787	-30.25318181818182	47.78422727272727	-29.86772727272728	MITHRIL.7368	1.7570855497081334e-05	0.0012772881355932204	0.20726495726495728
MT-RNR2	788	-31.20554545454545	45.80468181818182	-21.56090909090909	MITHRIL.7371	6.45559740757582e-06	0.20085931863727452	0.3205128205128205
MT-RNR2	789	-29.381	41.68677272727273	-18.89709090909091	MITHRIL.7374	3.5539442807136046e-06	0.32846207759699625	0.30128205128205127
MT-RNR2	790	-27.77627272727273	37.72281818181818	-18.89963636363636	MITHRIL.7377	3.3352186276417886e-08	0.9992651977701087	0.4123931623931624
MT-RNR2	791	-26.07859090909091	34.388909090909095	-21.58390909090909	MITHRIL.7380	-9.239822262249838e-07	0.5507749419953597	0.3304843304843305
MT-RNR2	792	-23.796818181818185	32.20940909090909	-25.43618181818182	MITHRIL.7383	-4.3074468589865257e-07	0.700259891107078	0.3803418803418803
MT-RNR2	793	-20.590681818181817	32.106272727272724	-29.04272727272728	MITHRIL.7386	1.8590655319312769e-07	0.9640938166311301	0.2948717948717949
MT-RNR2	794	-16.768217391304347	34.77978260869565	-30.739521739130435	MITHRIL.7389	-7.080042706424493e-08	0.9975971326164874	0.44017094017094016
MT-RNR2	795	-12.9137	37.781850000000006	-31.444	MITHRIL.7392	-3.256335992656768e-06	0.1551720849887718	0.6623931623931624
MT-RNR2	796	-9.791590909090909	41.12945454545454	-29.37590909090909	MITHRIL.7395	-1.2465474971792534e-06	0.4263774529012811	0.5121082621082621
MT-RNR2	797	-6.999681818181818	42.56909090909091	-25.708	MITHRIL.7398	3.620088007146851e-07	0.9304426466648807	0.36894586894586895
MT-RNR2	798	-2.7018181818181817	46.26995454545455	-21.16768181818182	MITHRIL.7401	-9.742032607032891e-08	0.8239742989381977	0.495014245014245
MT-RNR2	799	0.6647272727272727	44.835136363636366	-19.087818181818182	MITHRIL.7404	2.007642738384999e-06	0.3960743930371049	0.5790598290598291
MT-RNR2	800	1.977652173913044	40.6475652173913	-17.524391304347827	MITHRIL.7407	9.735181102453987e-06	0.013531491712707181	0.685897435897436
MT-RNR2	801	2.549260869565217	36.96904347826087	-19.44317391304348	MITHRIL.7410	6.7832992811070965e-06	0.07504372376955362	0.5876068376068376
MT-RNR2	802	-0.0109545454545454	30.20386363636364	-16.789363636363635	MITHRIL.7413	1.0598512583024881e-05	0.012600836042731071	0.5555555555555555
MT-RNR2	803	0.0207727272727272	32.54059090909091	-11.747318181818184	MITHRIL.7416	1.3305595829836896e-05	0.00045631244323342414	0.5683760683760685
MT-RNR2	804	-4.7004	29.51885	-11.72355	MITHRIL.7419	3.153558283787725e-05	0.00045631244323342414	0.702991452991453
MT-RNR2	805	-6.2108	26.24985	-10.25825	MITHRIL.7422	4.708647115145856e-05	0.0	0.7841880341880342
MT-RNR2	806	-7.9666	20.2627	-9.39655	MITHRIL.7425	-3.4092552305933425e-06	0.04172072995694074	0.40954415954415957
MT-RNR2	807	-5.632173913043478	20.69739130434783	-13.430478260869563	MITHRIL.7428	2.767486988010632e-05	0.0	0.6346153846153847
MT-RNR2	808	-1.166826086956522	25.389086956521737	-18.529260869565217	MITHRIL.7431	1.666162118817083e-05	0.006350037174721189	0.6089743589743589
MT-RNR2	809	-8.0593	23.105	-19.75225	MITHRIL.7434	2.610425629398199e-05	0.00045631244323342414	0.6923076923076924
MT-RNR2	810	-8.962727272727273	25.59436363636364	-23.10804545454545	MITHRIL.7437	6.759313899680362e-06	0.1540565894154272	0.5256410256410257
MT-RNR2	811	-7.432909090909091	28.112045454545456	-26.236954545454545	MITHRIL.7440	4.001219131005252e-06	0.30539440493124703	0.5213675213675214
MT-RNR2	812	-3.848363636363637	29.62590909090909	-28.62059090909091	MITHRIL.7443	9.9393404774892e-07	0.6215434251633059	0.4764957264957265
MT-RNR2	813	-0.2955	29.13895	-31.0664	MITHRIL.7446	-3.248757495282616e-07	0.6698196518809657	0.21296296296296294
MT-RNR2	814	2.8549	26.347	-33.5779	MITHRIL.7449	3.5472409842907526e-06	0.16158760970573052	0.14957264957264957
MT-RNR2	815	6.550749999999999	22.975	-29.93515	MITHRIL.7452	-3.822712607050907e-07	0.7771208579678263	0.39957264957264954
MT-RNR2	816	10.68075	19.4711	-26.08535	MITHRIL.7455	4.303631964351811e-07	0.6173710709714122	0.4444444444444445
MT-RNR2	817	12.285318181818182	15.887409090909092	-23.024181818181816	MITHRIL.7458	-3.0346456503940875e-06	0.2939650929899857	0.3803418803418803
MT-RNR2	818	12.06145	11.75505	-20.10905	MITHRIL.7461	4.834294275202181e-06	0.016364080524768152	0.4871794871794872
MT-RNR2	819	9.72875	7.78575	-17.2907	MITHRIL.7464	2.218898486411942e-05	0.03887742468014858	0.6196581196581197
MT-RNR2	820	6.3317	3.98435	-16.06765	MITHRIL.7467	1.6223827163374647e-05	0.0024355507675733906	0.5512820512820512
MT-RNR2	821	3.83205	0.5431	-17.936500000000002	MITHRIL.7470	2.5177751391350053e-05	0.00045631244323342414	0.6196581196581197
MT-RNR2	822	2.842913043478261	-1.687	-22.23752173913044	MITHRIL.7473	2.889626040496399e-05	0.0	0.6858974358974358
MT-RNR2	823	4.82685	-4.972849999999999	-27.4168	MITHRIL.7476	2.1622707272426922e-05	0.0	0.698005698005698
MT-RNR2	824	2.57635	-2.76795	-31.02565	MITHRIL.7479	1.2767453808879587e-05	0.007018823529411765	0.6517094017094017
MT-RNR2	825	-1.14435	-1.2558	-34.3581	MITHRIL.7482	1.2659773294953382e-05	0.0008775545851528385	0.7863247863247863
MT-RNR2	826	-5.48195652173913	-1.962608695652174	-32.82178260869565	MITHRIL.7485	1.50331060709974e-05	0.0016709534368070955	0.75
MT-RNR2	827	-9.99265	-2.70945	-31.32135	MITHRIL.7488	1.976291087997748e-05	0.0	0.8034188034188033
MT-RNR2	828	-13.733250000000002	-2.129	-27.9975	MITHRIL.7491	2.1960512698087317e-05	0.0	0.7521367521367521
MT-RNR2	829	-17.96785	-0.89545	-24.2777	MITHRIL.7494	1.3733490294219335e-05	0.0012772881355932204	0.6025641025641025
MT-RNR2	830	-24.499636363636363	0.4686818181818182	-29.307227272727275	MITHRIL.7497	5.9918319399834754e-06	0.058379551710578056	0.6346153846153846
MT-RNR2	831	-25.99425	5.17615	-26.58515	MITHRIL.7500	9.759428036057337e-06	0.1271197153024911	0.6517094017094017
MT-RNR2	832	-21.77995	6.60475	-19.3865	MITHRIL.7503	2.4722239685284395e-05	0.0	0.6688034188034188
MT-RNR2	833	-16.643181818181816	3.6735454545454544	-19.871954545454543	MITHRIL.7506	1.0958666737720568e-05	0.012279329608938547	0.5277777777777778
MT-RNR2	834	-12.622272727272728	3.696772727272727	-25.784	MITHRIL.7509	7.766173525933616e-06	0.031320101781170485	0.5213675213675213
MT-RNR2	835	-8.155772727272726	2.063136363636364	-22.15927272727273	MITHRIL.7512	1.2429032397417476e-05	0.0008775545851528385	0.5405982905982906
MT-RNR2	836	-2.6081818181818184	1.043909090909091	-18.611454545454546	MITHRIL.7515	1.319490945971676e-05	0.002059579119978136	0.5299145299145299
MT-RNR2	837	-6.741590909090909	-3.885772727272727	-21.52209090909091	MITHRIL.7518	1.665799114548794e-05	0.0	0.5769230769230769
MT-RNR2	838	-7.21705	-7.699949999999999	-24.1873	MITHRIL.7521	2.8539296235350614e-05	0.0	0.7371794871794872
MT-RNR2	839	-5.108227272727273	-9.509090909090908	-27.99809090909091	MITHRIL.7524	1.1437541689077924e-05	0.0035334201615003905	0.5961538461538461
MT-RNR2	840	-1.65415	-10.98225	-30.24675	MITHRIL.7527	2.177020740470161e-05	0.0	0.8119658119658121
MT-RNR2	841	2.71945	-12.59825	-32.8849	MITHRIL.7530	1.758622493755423e-06	0.16042879779538408	0.48005698005698005
MT-RNR2	842	5.487090909090909	-15.925681818181818	-30.801181818181817	MITHRIL.7533	-5.537819681414795e-07	0.3549514418604651	0.42094017094017094
MT-RNR2	843	6.95475	-19.5433	-28.28805	MITHRIL.7536	1.438340000293989e-05	0.16892588416196824	0.6517094017094017
MT-RNR2	844	5.6017	-23.50255	-25.78555	MITHRIL.7539	2.4538522219057658e-05	0.0	0.767094017094017
MT-RNR2	845	2.53785	-27.49735	-23.8805	MITHRIL.7542	2.512651570233296e-05	0.0	0.8055555555555555
MT-RNR2	846	-0.7546	-31.2057	-24.23685	MITHRIL.7545	1.0480835171598305e-05	0.2371236072537167	0.6752136752136751
MT-RNR2	847	-3.62775	-34.4495	-26.81495	MITHRIL.7548	2.7327094378857004e-06	0.23733106827834044	0.7371794871794872
MT-RNR2	848	-4.295909090909091	-36.814772727272725	-31.205818181818184	MITHRIL.7551	1.968731640244016e-06	0.508316678934197	0.35683760683760685
MT-RNR2	849	-2.203304347826087	-41.02352173913044	-36.09791304347826	MITHRIL.7554	-8.220121234733243e-06	0.01971287962757703	0.5854700854700855
MT-RNR2	850	-6.60745	-40.33765	-38.84675	MITHRIL.7557	-3.967810759149526e-06	0.39414467043890505	0.4850427350427351
MT-RNR2	851	-10.79409090909091	-40.625409090909095	-45.66045454545454	MITHRIL.7560	1.7191389644829103e-05	0.003175559652357124	0.2799145299145299
MT-RNR2	852	-16.5078	-38.957350000000005	-48.2669	MITHRIL.7563	-8.330252292693706e-06	0.02034053097345133	0.49572649572649574
MT-RNR2	853	-22.22965	-32.93155	-45.2197	MITHRIL.7566	3.3041484668595694e-05	0.0	0.18376068376068377
MT-RNR2	854	-16.89122727272727	-29.88636363636364	-40.5925	MITHRIL.7569	4.81020918533246e-06	0.9120450825171071	0.3803418803418803
MT-RNR2	855	-12.9386	-29.62865	-40.411	MITHRIL.7572	1.4498085638008518e-05	0.002059579119978136	0.25427350427350426
MT-RNR2	856	-10.5487	-30.7344	-43.223	MITHRIL.7575	2.1229070791638064e-05	0.0	0.1987179487179487
MT-RNR2	857	-11.761136363636364	-31.114590909090907	-50.82677272727273	MITHRIL.7578	2.5338371684314645e-06	0.1682395897435897	0.4116809116809117
MT-RNR2	858	-6.728173913043478	-32.593391304347826	-45.31926086956522	MITHRIL.7581	7.761311361973028e-06	0.12965448740688187	0.3461538461538461
MT-RNR2	859	-3.25885	-35.0918	-43.9777	MITHRIL.7584	-1.537421272655678e-05	0.0	0.6367521367521368
MT-RNR2	860	1.0294545454545454	-35.71004545454545	-37.02786363636364	MITHRIL.7587	1.4158204458612508e-06	0.9489479422768573	0.39245014245014237
MT-RNR2	861	6.8648	-30.26215	-39.02525	MITHRIL.7590	-3.7942664768538026e-06	0.16583074550128532	0.6111111111111112
MT-RNR2	862	-0.06425	-29.6799	-38.51005	MITHRIL.7593	-8.878276356022825e-06	0.004971733062674448	0.7471509971509972
MT-RNR2	863	-4.324181818181819	-28.834454545454545	-36.28777272727273	MITHRIL.7596	3.368151950966332e-08	0.7193216302684657	0.43091168091168086
MT-RNR2	864	-6.864869565217391	-27.61504347826087	-32.32778260869565	MITHRIL.7599	-1.2504007627212853e-06	0.5018073724565025	0.5876068376068376
MT-RNR2	865	-7.695227272727272	-25.900227272727275	-27.88518181818182	MITHRIL.7602	2.4512859569219852e-06	0.3684835314091681	0.5641025641025642
MT-RNR2	866	-5.419869565217391	-22.765521739130435	-24.776347826086955	MITHRIL.7605	1.9172374738040197e-06	0.36223148778224556	0.47008547008547
MT-RNR2	867	-1.9931739130434785	-19.49873913043478	-22.32991304347826	MITHRIL.7608	4.0828869740931184e-06	0.16176346749226006	0.48290598290598297
MT-RNR2	868	-0.0069999999999999	-15.76755	-21.64405	MITHRIL.7611	-5.748116418719613e-06	0.8247562448979593	0.3717948717948718
MT-RNR2	869	1.345318181818182	-12.07309090909091	-24.145318181818183	MITHRIL.7614	-7.836943751277096e-06	0.004615054860933911	0.3461538461538462
MT-RNR2	870	7.797749999999999	-9.107	-28.4911	MITHRIL.7617	-2.8614229505298236e-06	0.7458761218836565	0.391025641025641
MT-RNR2	871	11.8983	-10.1844	-28.45615	MITHRIL.7620	2.930351640167649e-06	0.07504372376955362	0.4743589743589743
MT-RNR2	872	15.69882608695652	-10.45604347826087	-25.21565217391305	MITHRIL.7623	1.1336460415721024e-05	0.4136111650485437	0.5555555555555556
MT-RNR2	873	18.2437	-12.6468	-21.9713	MITHRIL.7626	4.0573345360146764e-05	0.0	0.7799145299145298
MT-RNR2	874	16.65595	-16.0567	-19.0757	MITHRIL.7629	2.6578833672533048e-05	0.0	0.6303418803418803
MT-RNR2	875	13.3669	-19.35165	-17.076900000000002	MITHRIL.7632	3.8236123630206385e-05	0.0	0.7072649572649573
MT-RNR2	876	13.614304347826089	-21.81321739130435	-10.077434782608696	MITHRIL.7635	4.680319013480364e-05	0.0	0.7115384615384616
MT-RNR2	877	12.9297	-25.65945	-7.3072	MITHRIL.7638	3.44699034844369e-05	0.0	0.6367521367521368
MT-RNR2	878	9.3784	-28.9644	-5.81755	MITHRIL.7641	4.979099874444742e-05	0.0	0.7585470085470085
MT-RNR2	879	5.4069	-33.8133	-7.13505	MITHRIL.7644	2.333700191274976e-05	0.0012772881355932204	0.6324786324786325
MT-RNR2	880	3.0342272727272728	-33.733681818181815	-1.0218181818181815	MITHRIL.7647	8.398469527675036e-06	0.5034367924528302	0.5042735042735043
MT-RNR2	881	-1.8329565217391304	-32.54821739130435	-2.0793478260869565	MITHRIL.7650	2.2233592456925606e-05	0.0	0.6452991452991453
MT-RNR2	882	-5.3627	-32.8736	-4.7568	MITHRIL.7653	3.344481626950714e-05	0.0	0.8141025641025642
MT-RNR2	883	-5.948304347826087	-33.741521739130434	-9.678521739130437	MITHRIL.7656	9.764071878356237e-06	0.010342830099384762	0.5747863247863249
MT-RNR2	884	-5.420681818181818	-36.26522727272727	-13.393318181818184	MITHRIL.7659	8.49236227075919e-06	0.013531491712707181	0.6132478632478632
MT-RNR2	885	-4.286	-39.9817	-15.89465	MITHRIL.7662	3.858085898798611e-06	0.5668845687914623	0.6004273504273504
MT-RNR2	886	-2.752090909090909	-44.47627272727272	-14.944227272727272	MITHRIL.7665	-1.94076811958276e-07	0.9643670086608928	0.39031339031339035
MT-RNR2	887	-2.63105	-48.74975	-13.1933	MITHRIL.7668	3.984044432252147e-06	0.14238768369489152	0.1517094017094017
MT-RNR2	888	3.781090909090909	-54.34631818181818	-10.029227272727272	MITHRIL.7671	1.6212981870605924e-06	0.48812853972481135	0.2756410256410256
MT-RNR2	889	2.2633	-49.00775	-6.27795	MITHRIL.7674	-2.8776993366247894e-06	0.12425524625267664	0.30982905982905984
MT-RNR2	890	3.64304347826087	-43.45652173913044	-9.340782608695651	MITHRIL.7677	2.0790012371932074e-06	0.520082358117026	0.47222222222222215
MT-RNR2	891	4.97755	-39.381150000000005	-12.04005	MITHRIL.7680	1.5621687366120194e-05	0.00045631244323342414	0.6474358974358975
MT-RNR2	892	4.3243	-34.80425	-13.11585	MITHRIL.7683	1.4792336346388665e-05	0.017281294964028776	0.5982905982905983
MT-RNR2	893	5.10845	-28.76755	-11.8277	MITHRIL.7686	-1.0679024848888386e-05	0.002059579119978136	0.34116809116809116
MT-RNR2	894	6.020772727272727	-23.13268181818182	-18.79572727272728	MITHRIL.7689	-1.0926345893833241e-05	0.06943346183500386	0.32905982905982906
MT-RNR2	895	-0.631818181818182	-28.02140909090909	-13.693636363636363	MITHRIL.7692	-9.342107309711114e-07	0.4055287779637803	0.42236467236467234
MT-RNR2	896	-3.0103	-25.37935	-9.87635	MITHRIL.7695	1.0501282388231644e-05	0.02189636803874092	0.5277777777777778
MT-RNR2	897	-0.2189130434782608	-23.56495652173913	-6.893000000000001	MITHRIL.7698	1.7680325931399098e-05	0.0	0.5662393162393162
MT-RNR2	898	3.504217391304348	-22.46391304347826	-3.3994782608695653	MITHRIL.7701	1.4504331825343568e-05	0.699515889416364	0.5277777777777778
MT-RNR2	899	7.510949999999999	-20.77575	-1.70365	MITHRIL.7704	3.065530808815501e-05	0.00389860320744956	0.6132478632478633
MT-RNR2	900	11.4411	-21.01245	6.34565	MITHRIL.7707	2.0960329585959716e-05	0.00045631244323342414	0.547008547008547
MT-RNR2	901	13.281652173913043	-20.39917391304348	12.036347826086956	MITHRIL.7710	-2.083229560039839e-06	0.527960701754386	0.42094017094017094
MT-RNR2	902	15.2557	-19.17145	16.2916	MITHRIL.7713	3.3323161389497604e-05	0.005652	0.6068376068376069
MT-RNR2	903	19.72404347826087	-18.52260869565217	18.784739130434783	MITHRIL.7716	3.616633850993215e-05	0.0	0.6089743589743589
MT-RNR2	904	24.47347826086957	-17.03017391304348	19.19486956521739	MITHRIL.7719	3.3809338239366644e-05	0.0	0.5854700854700855
MT-RNR2	905	28.47325	-14.79775	18.4445	MITHRIL.7722	3.5650518127413694e-05	0.0	0.5854700854700855
MT-RNR2	906	33.32709090909091	-11.296181818181818	15.266636363636364	MITHRIL.7725	-5.84136231956265e-06	0.26218518638050675	0.40811965811965817
MT-RNR2	907	34.96715	-4.9888	19.6042	MITHRIL.7728	8.395590822877845e-07	0.02641921661977927	0.4358974358974359
MT-RNR2	908	30.2295	-3.706	19.0932	MITHRIL.7731	7.994259556375038e-06	0.0	0.47008547008547014
MT-RNR2	909	26.843	-4.32325	16.138749999999998	MITHRIL.7734	1.2367929890440289e-05	0.0	0.4914529914529915
MT-RNR2	910	25.706	-7.473699999999999	13.5326	MITHRIL.7737	3.034780366454804e-05	0.0	0.5726495726495727
MT-RNR2	911	26.530090909090912	-11.979863636363635	12.681954545454545	MITHRIL.7740	-2.1089950806690296e-05	0.0	0.33903133903133903
MT-RNR2	912	30.18918181818182	-15.693545454545454	8.36740909090909	MITHRIL.7743	-8.526381087198483e-06	0.12181849462365592	0.3974358974358974
MT-RNR2	913	29.222050000000003	-19.46575	9.99775	MITHRIL.7746	4.66529248326772e-05	0.11901794687724335	0.6196581196581197
MT-RNR2	914	27.780700000000003	-23.148000000000003	13.29525	MITHRIL.7749	4.914091288165227e-05	0.004265294571649087	0.6346153846153846
MT-RNR2	915	23.852565217391305	-25.672608695652176	15.943565217391305	MITHRIL.7752	3.550079512100237e-05	0.0	0.5918803418803419
MT-RNR2	916	20.1863	-28.0275	15.867	MITHRIL.7755	4.1616460012633416e-05	0.0	0.6367521367521367
MT-RNR2	917	14.68282608695652	-28.326260869565218	14.15717391304348	MITHRIL.7758	1.865561202097359e-05	0.005652	0.5363247863247863
MT-RNR2	918	11.35155	-29.64355	11.456	MITHRIL.7761	1.2429549060272882e-05	0.00045631244323342414	0.5085470085470085
MT-RNR2	919	9.878636363636364	-30.18068181818182	6.639272727272727	MITHRIL.7764	-1.665904906486352e-05	0.0	0.3247863247863248
MT-RNR2	920	6.503954545454545	-30.826636363636364	1.1464545454545456	MITHRIL.7767	-1.1424417192195708e-05	0.08644858481724461	0.35042735042735046
MT-RNR2	921	9.879	-27.83636363636364	0.6197727272727273	MITHRIL.7770	-8.384912656590712e-06	0.009363727598566308	0.3803418803418803
MT-RNR2	922	12.483130434782607	-24.91904347826087	3.3453913043478263	MITHRIL.7773	2.97647990978348e-06	0.23485310660562458	0.44871794871794873
MT-RNR2	923	11.150521739130436	-18.0298695652174	-2.2689565217391303	MITHRIL.7776	4.919543639645135e-06	0.5549970460469158	0.4594017094017094
MT-RNR2	924	16.07425	-17.260749999999998	-5.3399	MITHRIL.7779	2.5918966838101833e-05	0.0	0.5705128205128206
MT-RNR2	925	17.419636363636364	-13.867681818181818	-8.949681818181817	MITHRIL.7782	-7.366030415308144e-06	0.2451927769643729	0.39031339031339035
MT-RNR2	926	16.57504347826087	-9.86482608695652	-8.988173913043479	MITHRIL.7785	8.344564997222207e-06	0.5776082830025885	0.4807692307692308
MT-RNR2	927	15.3656	-5.6267000000000005	-8.53405	MITHRIL.7788	9.93972133756579e-06	0.0	0.4914529914529915
MT-RNR2	928	13.672818181818185	-2.3580454545454543	-4.972863636363637	MITHRIL.7791	-4.644186978303295e-06	0.04731801167236868	0.40527065527065526
MT-RNR2	929	10.0697	2.4692	-0.86765	MITHRIL.7794	1.3151966573308236e-05	0.008359199421268386	0.5064102564102564
MT-RNR2	930	6.781318181818182	0.0763636363636364	-5.412727272727273	MITHRIL.7797	-7.087866358851277e-06	0.5578668210099842	0.391025641025641
MT-RNR2	931	0.1744090909090909	0.9651363636363636	-10.932727272727274	MITHRIL.7800	-1.6524278603879035e-05	0.010996281477994823	0.3311965811965812
MT-RNR2	932	2.6889	-2.69325	-5.15515	MITHRIL.7803	3.047052232984045e-05	0.0	0.6047008547008547
MT-RNR2	933	-0.2267999999999999	-3.3901000000000003	2.91145	MITHRIL.7806	1.1583297299654083e-05	0.0	0.49786324786324787
MT-RNR2	934	0.8061363636363637	-0.3772272727272727	5.971590909090909	MITHRIL.7809	-3.435161914649771e-06	0.07604874333587204	0.4123931623931624
MT-RNR2	935	3.25845	2.82435	8.0822	MITHRIL.7812	2.4908930322289237e-06	0.3046341293689704	0.4465811965811966
MT-RNR2	936	4.87355	6.0119	6.2295	MITHRIL.7815	2.7340301669359007e-05	0.0	0.5876068376068376
MT-RNR2	937	3.3206	12.6043	3.9409	MITHRIL.7818	2.313677737566856e-05	0.0	0.5662393162393162
MT-RNR2	938	10.570391304347826	6.7363478260869565	3.1739130434782608	MITHRIL.7821	2.517438627934939e-05	0.0	0.5747863247863249
MT-RNR2	939	14.40105	9.34095	3.94405	MITHRIL.7824	4.060539494746967e-05	0.0	0.6688034188034188
MT-RNR2	940	17.615850000000002	11.8052	1.49035	MITHRIL.7827	3.149794352705182e-05	0.0	0.6282051282051282
MT-RNR2	941	19.546	14.38015	-2.64645	MITHRIL.7830	1.8934760817272656e-05	0.14172060935037648	0.5662393162393162
MT-RNR2	942	18.41695	17.29685	-6.5027	MITHRIL.7833	1.1360223586416933e-05	0.059945454545454545	0.5256410256410257
MT-RNR2	943	15.48575	20.4937	-8.11685	MITHRIL.7836	1.835044219643342e-05	0.00045631244323342414	0.594017094017094
MT-RNR2	944	12.8569	24.6142	-6.9965	MITHRIL.7839	1.7552213987465077e-05	0.00045631244323342414	0.5897435897435898
MT-RNR2	945	11.040681818181817	30.54618181818181	-4.484136363636363	MITHRIL.7842	-3.0972814499290926e-06	0.5402134808560197	0.40170940170940167
MT-RNR2	946	9.1925	27.02227272727273	-2.434409090909091	MITHRIL.7845	-2.739543161160847e-06	0.6326228765571913	0.4102564102564103
MT-RNR2	947	8.234454545454547	20.77827272727273	-3.9914090909090914	MITHRIL.7848	-8.58968182937041e-06	0.14638367916303402	0.3717948717948718
MT-RNR2	948	2.5281	15.52795	0.6954499999999999	MITHRIL.7851	1.704479002520034e-05	0.04517326852976914	0.532051282051282
MT-RNR2	949	5.624045454545454	15.254272727272728	-6.091590909090908	MITHRIL.7854	-1.6356507305940868e-05	0.0	0.32621082621082625
MT-RNR2	950	8.587260869565217	13.346565217391303	-8.922304347826087	MITHRIL.7857	1.6644436549960862e-05	0.7202697079276773	0.547008547008547
MT-RNR2	951	12.616478260869568	11.020478260869565	-10.044782608695652	MITHRIL.7860	-5.602254683051397e-06	0.03725733277939344	0.391025641025641
MT-RNR2	952	16.64373913043478	8.385043478260869	-8.72	MITHRIL.7863	-6.728845348127931e-07	0.08091584120982986	0.42735042735042733
MT-RNR2	953	18.345772727272728	5.2770909090909095	-5.621045454545454	MITHRIL.7866	1.9273916205378596e-06	0.07201934369602764	0.4444444444444445
MT-RNR2	954	18.9234	2.17285	-1.7064499999999998	MITHRIL.7869	1.1058411222192537e-05	0.0008775545851528385	0.49572649572649574
MT-RNR2	955	17.072300000000002	-1.29265	0.509	MITHRIL.7872	-7.115609869208557e-06	0.07428034383954155	0.39316239316239315
MT-RNR2	956	15.7901	-7.24375	5.3416	MITHRIL.7875	-5.846415873634584e-06	0.17632266621322903	0.40170940170940167
MT-RNR2	957	10.933565217391305	-5.94008695652174	0.9330869565217392	MITHRIL.7878	1.0784018048092086e-06	0.036738	0.43803418803418803
MT-RNR2	958	8.655	-9.62395	7.442449999999999	MITHRIL.7881	1.182036559213493e-05	0.003175559652357124	0.49786324786324787
MT-RNR2	959	1.1298181818181818	-9.050590909090907	3.526409090909091	MITHRIL.7884	-7.348281498944295e-06	0.6382432791519435	0.3888888888888889
MT-RNR2	960	7.682049999999999	-9.535	-2.94235	MITHRIL.7887	2.0366413662359e-05	0.0	0.547008547008547
MT-RNR2	961	8.729869565217392	-12.859391304347827	-5.895478260869566	MITHRIL.7890	-9.58643256694437e-06	0.35026643867557905	0.37606837606837606
MT-RNR2	962	10.23381818181818	-16.10422727272727	-11.650636363636364	MITHRIL.7893	-2.0714178550946786e-05	0.0	0.2984330484330484
MT-RNR2	963	5.877772727272728	-18.12972727272728	-18.89459090909091	MITHRIL.7896	-1.3512821676272492e-05	0.0012772881355932204	0.31339031339031337
MT-RNR2	964	0.34535	-16.4607	-12.5549	MITHRIL.7899	1.3876193882908305e-05	0.0012772881355932204	0.5356125356125356
MT-RNR2	965	5.680913043478261	-13.962434782608696	-16.647521739130433	MITHRIL.7902	-8.384345836865799e-06	0.2929068702290077	0.36752136752136755
MT-RNR2	966	9.940347826086956	-11.066217391304347	-15.009956521739127	MITHRIL.7905	2.01135727585598e-05	0.013852941176470589	0.5705128205128206
MT-RNR2	967	12.38295	-7.32615	-15.3203	MITHRIL.7908	2.4746719701477396e-05	0.0	0.6039886039886039
MT-RNR2	968	14.84845	-3.90445	-18.7702	MITHRIL.7911	-1.0258040824565332e-05	0.0016709534368070955	0.3461538461538461
MT-RNR2	969	14.8501	-1.2534	-22.9788	MITHRIL.7914	-1.4611836485206469e-05	0.0012772881355932204	0.2692307692307692
MT-RNR2	970	13.69795	0.8999499999999999	-28.28905	MITHRIL.7917	-6.14392270604632e-06	0.02281131827155078	0.31980056980056976
MT-RNR2	971	10.037454545454546	2.889136363636364	-30.164954545454545	MITHRIL.7920	-3.91174980805577e-06	0.14432039140311026	0.3454415954415954
MT-RNR2	972	5.92525	4.77485	-30.304700000000004	MITHRIL.7923	1.7476014281835568e-06	0.1823431472081218	0.4679487179487179
MT-RNR2	973	1.5868260869565218	5.834478260869566	-27.37026086956521	MITHRIL.7926	-1.912942151692122e-06	0.2885156518967166	0.40598290598290604
MT-RNR2	974	-6.40509090909091	9.369181818181818	-29.00868181818182	MITHRIL.7929	1.0088817559870032e-06	0.23221898049500084	0.44800569800569795
MT-RNR2	975	-1.7844347826086957	6.972347826086957	-22.051130434782607	MITHRIL.7932	5.357592041583315e-06	0.7870841470104224	0.4807692307692308
MT-RNR2	976	-0.915782608695652	9.083869565217393	-17.800869565217393	MITHRIL.7935	7.483875906896556e-06	0.4418826073896065	0.48931623931623935
MT-RNR2	977	2.010565217391304	12.263782608695651	-15.563521739130437	MITHRIL.7938	7.895615604372914e-06	0.016678590785907856	0.4914529914529915
MT-RNR2	978	4.88475	15.99105	-14.78025	MITHRIL.7941	2.5111839943131257e-05	0.0	0.6324786324786325
MT-RNR2	979	7.38035	19.78335	-16.55285	MITHRIL.7944	2.7201662221978543e-05	0.0	0.7008547008547009
MT-RNR2	980	10.5918	23.87155	-19.7046	MITHRIL.7947	1.5023746161340038e-06	0.5485499346974315	0.45726495726495725
MT-RNR2	981	9.744045454545455	27.330454545454543	-22.73609090909091	MITHRIL.7950	-3.5416562403369823e-06	0.07989700870882242	0.32621082621082625
MT-RNR2	982	6.737652173913044	30.085304347826085	-24.66282608695652	MITHRIL.7953	-4.748764416659016e-06	0.06836363636363636	0.22364672364672367
MT-RNR2	983	3.0851	32.433800000000005	-25.294	MITHRIL.7956	2.802334204067708e-06	0.4034806761078118	0.5455840455840456
MT-RNR2	984	-0.8431000000000001	34.5557	-24.39715	MITHRIL.7959	5.906417087645756e-06	0.05120383693045564	0.6175213675213675
MT-RNR2	985	-7.317826086956522	38.43169565217392	-20.998217391304348	MITHRIL.7962	8.778210691944097e-06	0.018499442088819457	0.6709401709401709
MT-RNR2	986	-6.96575	31.9872	-18.4566	MITHRIL.7965	1.5308622533721577e-05	0.00045631244323342414	0.6296296296296297
MT-RNR2	987	-6.996	35.050200000000004	-14.9172	MITHRIL.7968	2.7161081963402543e-05	0.0	0.7713675213675213
MT-RNR2	988	-5.8653	39.3431	-11.98305	MITHRIL.7971	1.6257455851007458e-05	0.0	0.6794871794871794
MT-RNR2	989	-8.2878	42.27485	-12.2336	MITHRIL.7974	3.528835102549979e-06	0.9435611868484363	0.5128205128205128
MT-RNR2	990	-12.7052	41.4115	-16.0107	MITHRIL.7977	4.5082327273932665e-06	0.2131368700265252	0.576923076923077
MT-RNR2	991	-14.8096	44.554950000000005	-20.02885	MITHRIL.7980	-6.394542761751959e-07	0.5991260234755226	0.6816239316239315
MT-RNR2	992	-16.497272727272726	45.78845454545455	-24.75677272727273	MITHRIL.7983	1.7472765724525512e-06	0.4948350752878653	0.3717948717948718
MT-RNR2	993	-18.9663	45.4465	-28.76345	MITHRIL.7986	-6.193172104132697e-06	0.2693336770866903	0.5833333333333334
MT-RNR2	994	-21.57495	42.673950000000005	-32.29975	MITHRIL.7989	-8.891533526457345e-06	0.006695360315893386	0.6324786324786325
MT-RNR2	995	-24.93285	39.278	-33.5281	MITHRIL.7992	-1.161745008405469e-05	0.00045631244323342414	0.69017094017094
MT-RNR2	996	-28.50225	36.24325	-32.01105	MITHRIL.7995	-7.7784518031584e-06	0.014479048490393413	0.6175213675213675
MT-RNR2	997	-31.6721	36.06415	-28.9406	MITHRIL.7998	8.176505932016296e-07	0.8275466159282415	0.4123931623931624
MT-RNR2	998	-34.347590909090904	38.83022727272727	-26.629136363636363	MITHRIL.8001	4.010258408023453e-06	0.3565996901146576	0.353988603988604
MT-RNR2	999	-37.76422727272728	41.72686363636364	-25.55440909090909	MITHRIL.8004	5.110900290198593e-07	0.8188578753579708	0.4245014245014245
MT-RNR2	1000	-41.8246	44.0394	-26.82575	MITHRIL.8007	-7.59032341202716e-06	0.1457477395706057	0.5213675213675214
MT-RNR2	1001	-45.4122	44.10555	-30.40365	MITHRIL.8010	-1.656770363604954e-05	0.9058577527184857	0.6004273504273504
MT-RNR2	1002	-47.89722727272727	41.12404545454546	-33.81572727272727	MITHRIL.8013	6.856376684717945e-06	0.23318664047151277	0.36894586894586895
MT-RNR2	1003	-49.16769565217391	36.34021739130435	-34.865826086956524	MITHRIL.8016	-1.1062385895863982e-05	0.012923847045191195	0.5341880341880342
MT-RNR2	1004	-50.3786	32.085	-33.81395	MITHRIL.8019	-2.130040460728709e-05	0.0	0.6367521367521368
MT-RNR2	1005	-50.301086956521736	29.68773913043478	-30.00882608695652	MITHRIL.8022	1.6062217235961404e-06	0.9172151803674399	0.41452991452991456
MT-RNR2	1006	-47.27918181818182	24.484045454545456	-25.438	MITHRIL.8025	5.394221572391478e-06	0.437720439163784	0.33903133903133903
MT-RNR2	1007	-46.19286363636364	22.15231818181818	-21.329454545454546	MITHRIL.8028	2.42372019029808e-06	0.5830552556002297	0.3561253561253561
MT-RNR2	1008	-45.317	19.856454545454543	-17.063454545454547	MITHRIL.8031	2.9228297016524013e-07	0.8979193119204408	0.37535612535612534
MT-RNR2	1009	-47.5848	19.8033	-13.19475	MITHRIL.8034	-4.016543078094224e-08	0.8948366765259478	0.75
MT-RNR2	1010	-50.995050000000006	20.6563	-10.1404	MITHRIL.8037	-4.691425914879157e-06	0.07225311601150528	0.7863247863247863
MT-RNR2	1011	-54.62952173913044	20.833565217391307	-2.3133478260869564	MITHRIL.8040	-2.0081170982868157e-07	0.8697732181425487	0.43803418803418803
MT-RNR2	1012	-56.73990909090909	24.932045454545456	-2.487045454545455	MITHRIL.8043	3.54678540680722e-06	0.41095053894033706	0.36752136752136755
MT-RNR2	1013	-55.79615	29.1913	-2.6974	MITHRIL.8046	6.159844119631983e-06	0.5616894409937888	0.3269230769230769
MT-RNR2	1014	-58.4031	35.271249999999995	-0.74715	MITHRIL.8049	-5.1078283043805454e-06	0.16381483516483517	0.4928774928774929
MT-RNR2	1015	-51.26435	33.491699999999994	-1.36655	MITHRIL.8052	-6.8598127964977735e-06	0.029028033383265567	0.5961538461538461
MT-RNR2	1016	-46.82708695652173	38.30130434782608	5.754217391304349	MITHRIL.8055	-4.872855392824144e-06	0.30239467933491687	0.5512820512820512
MT-RNR2	1017	-42.40375	37.8005	8.3924	MITHRIL.8058	-4.734028959253021e-06	0.3888580615525954	0.6282051282051282
MT-RNR2	1018	-39.72805	36.9746	12.6676	MITHRIL.8061	-4.894579647129539e-06	0.22035960396039603	0.6680911680911681
MT-RNR2	1019	-38.965	34.43525	16.74105	MITHRIL.8064	-3.9359222012549665e-06	0.3812560896943634	0.6225071225071225
MT-RNR2	1020	-41.03178260869565	30.49460869565217	18.92652173913044	MITHRIL.8067	-4.841888757214764e-06	0.16468034305317325	0.6616809116809117
MT-RNR2	1021	-42.66715	26.4151	19.6725	MITHRIL.8070	-5.679312822531066e-06	0.04815045207956601	0.7393162393162394
MT-RNR2	1022	-43.69126086956522	22.376217391304348	17.735565217391304	MITHRIL.8073	-5.282821365274913e-07	0.8232846520495711	0.4935897435897436
MT-RNR2	1023	-45.37809090909091	14.668545454545455	15.025136363636364	MITHRIL.8076	-2.897872078954867e-07	0.7700006611570248	0.31980056980056976
MT-RNR2	1024	-39.33263636363636	17.221	17.06118181818182	MITHRIL.8079	2.1301139777731555e-06	0.5518462385853021	0.5085470085470085
MT-RNR2	1025	-35.63760869565217	22.324608695652174	10.855956521739133	MITHRIL.8082	2.26274252759509e-06	0.5141455668284076	0.47222222222222215
MT-RNR2	1026	-44.14722727272727	26.770727272727274	11.172272727272729	MITHRIL.8085	-3.4196804538045974e-10	0.9340081894821357	0.5170940170940171
MT-RNR2	1027	-47.1244347826087	30.398260869565217	4.288695652173913	MITHRIL.8088	-3.1185592508128353e-07	0.8021628129703107	0.4551282051282051
MT-RNR2	1028	-50.871956521739136	29.04365217391305	7.11904347826087	MITHRIL.8091	-4.016448267865717e-06	0.3855842944785276	0.5512820512820512
MT-RNR2	1029	-50.7983	29.53315	14.427699999999998	MITHRIL.8094	-1.5380805041873576e-05	0.010019373219373219	0.7564102564102564
MT-RNR2	1030	-49.45639130434783	32.52360869565217	18.55391304347826	MITHRIL.8097	-3.898356797110564e-06	0.5228610606504541	0.4935897435897436
MT-RNR2	1031	-48.1275652173913	36.81378260869565	19.71813043478261	MITHRIL.8100	-6.133871646842198e-06	0.19430625314333613	0.5149572649572649
MT-RNR2	1032	-46.85739130434783	40.959	17.779391304347826	MITHRIL.8103	-9.659614410674097e-06	0.1089674114441417	0.5598290598290598
MT-RNR2	1033	-46.1906	44.3695	14.60495	MITHRIL.8106	5.356284029792203e-06	0.04460798702615042	0.36324786324786323
MT-RNR2	1034	-47.24804545454545	45.735772727272725	10.03359090909091	MITHRIL.8109	5.526143126824427e-06	0.6566313598649979	0.3603988603988604
MT-RNR2	1035	-49.7641	47.46535	6.7843	MITHRIL.8112	-1.246537126058194e-05	0.0008775545851528385	0.5790598290598291
MT-RNR2	1036	-52.95481818181818	51.03545454545454	-0.9160454545454544	MITHRIL.8115	2.039792432638868e-05	0.0	0.24145299145299146
MT-RNR2	1037	-53.34995454545455	47.82450000000001	-4.893363636363636	MITHRIL.8118	1.3695728280643301e-05	0.19225780463242698	0.30056980056980054
MT-RNR2	1038	-52.4372	45.126	-8.54475	MITHRIL.8121	2.7875930000538988e-05	0.0	0.14743589743589744
MT-RNR2	1039	-48.58018181818181	44.357454545454544	-12.943545454545454	MITHRIL.8124	-1.0312576778094864e-06	0.08373333333333333	0.4444444444444444
MT-RNR2	1040	-44.73325	43.143	-15.3841	MITHRIL.8127	7.035949052107463e-06	0.10007342284347985	0.3333333333333333
MT-RNR2	1041	-39.67209090909091	42.23872727272727	-15.369545454545454	MITHRIL.8130	5.253122813681261e-07	0.644516532769556	0.4216524216524216
MT-RNR2	1042	-35.990086956521736	39.88291304347826	-12.835173913043478	MITHRIL.8133	-1.8210436332364692e-06	0.42012146849977333	0.5299145299145299
MT-RNR2	1043	-33.37145	36.8351	-10.16375	MITHRIL.8136	4.50834096214306e-07	0.6305785077162678	0.46581196581196577
MT-RNR2	1044	-32.98354545454546	32.84322727272728	-8.409363636363636	MITHRIL.8139	4.775653623248253e-06	0.12774243070362473	0.5462962962962963
MT-RNR2	1045	-33.20031818181818	31.910318181818184	-1.7359545454545455	MITHRIL.8142	6.408227036096802e-06	0.09669779343593547	0.5555555555555555
MT-RNR2	1046	-37.05608695652174	28.964565217391304	-0.6604347826086956	MITHRIL.8145	1.5088076768355607e-05	0.002059579119978136	0.7307692307692308
MT-RNR2	1047	-40.960863636363634	26.23386363636364	-1.6752727272727272	MITHRIL.8148	7.008953293485772e-06	0.05887962308598352	0.6068376068376068
MT-RNR2	1048	-39.3217	19.91135	2.78495	MITHRIL.8151	1.360659837215914e-05	0.10123604331069921	0.6538461538461539
MT-RNR2	1049	-38.48213043478261	21.98095652173913	-5.363652173913043	MITHRIL.8154	1.5935603245328065e-05	0.0035334201615003905	0.6816239316239315
MT-RNR2	1050	-39.67272727272727	19.2175	-9.046136363636364	MITHRIL.8157	9.901947069018162e-06	0.01542506254264271	0.608974358974359
MT-RNR2	1051	-38.96895652173913	15.281478260869564	-10.404	MITHRIL.8160	8.990241122200282e-06	0.12105155969881679	0.5833333333333334
MT-RNR2	1052	-38.99522727272727	10.497	-10.4015	MITHRIL.8163	7.196916148087442e-06	0.054149106788408105	0.5534188034188033
MT-RNR2	1053	-44.46072727272727	4.351500000000001	-6.149863636363636	MITHRIL.8166	3.845665740733837e-06	0.28142438399999997	0.5341880341880342
MT-RNR2	1054	-34.93460869565217	6.129652173913043	-2.490521739130435	MITHRIL.8169	1.7008108267884404e-05	0.0008775545851528385	0.6025641025641025
MT-RNR2	1055	-31.316454545454544	3.2545454545454544	-6.966318181818182	MITHRIL.8172	1.6317225416310827e-05	0.0024355507675733906	0.5833333333333334
MT-RNR2	1056	-28.9246	2.2113	-0.76475	MITHRIL.8175	3.060367427503647e-05	0.0	0.6688034188034188
MT-RNR2	1057	-29.51755	-0.09375	2.99845	MITHRIL.8178	4.651624936071728e-05	0.0	0.7991452991452991
MT-RNR2	1058	-32.1899	-3.3820500000000004	5.3452	MITHRIL.8181	4.606997502364919e-05	0.0	0.8482905982905983
MT-RNR2	1059	-35.89265	-6.6995000000000005	5.427899999999999	MITHRIL.8184	4.1584894846254964e-05	0.0	0.9095441595441596
MT-RNR2	1060	-38.75877272727273	-9.888	2.6913636363636364	MITHRIL.8187	7.200007027173835e-06	0.22615439289239883	0.5484330484330484
MT-RNR2	1061	-41.3377	-17.363	4.9529	MITHRIL.8190	7.291416594768214e-06	0.040014159292035396	0.7692307692307692
MT-RNR2	1062	-39.08634782608696	-12.702521739130436	-2.487869565217391	MITHRIL.8193	1.2409063707817382e-05	0.003175559652357124	0.7008547008547009
MT-RNR2	1063	-36.11152173913044	-13.479347826086956	-6.557086956521738	MITHRIL.8196	1.1781290688564377e-05	0.010019373219373219	0.6709401709401709
MT-RNR2	1064	-32.75540909090909	-14.83859090909091	-9.443272727272728	MITHRIL.8199	4.978380629998905e-06	0.23770697142857145	0.5299145299145299
MT-RNR2	1065	-27.800478260869568	-15.373043478260868	-11.258608695652171	MITHRIL.8202	9.845663895231858e-06	0.024622086691352647	0.5811965811965812
MT-RNR2	1066	-24.02635	-17.6101	-11.3625	MITHRIL.8205	2.6890136522097435e-05	0.0	0.797008547008547
MT-RNR2	1067	-20.76175	-20.70895	-9.06115	MITHRIL.8208	3.20243182209417e-05	0.0	0.8333333333333334
MT-RNR2	1068	-19.2521	-24.6412	-6.660850000000001	MITHRIL.8211	2.2929709232354808e-05	0.0	0.7542735042735043
MT-RNR2	1069	-15.733350000000002	-28.77235	-2.3398	MITHRIL.8214	-3.2315249259564256e-06	0.3174801007556675	0.3831908831908832
MT-RNR2	1070	-24.068181818181817	-26.89381818181818	-1.4859090909090908	MITHRIL.8217	2.6504909132025855e-06	0.37900079926221947	0.48504273504273504
MT-RNR2	1071	-27.469318181818185	-30.59313636363636	-1.0743636363636364	MITHRIL.8220	8.018225542087934e-07	0.8392410089503661	0.47008547008547014
MT-RNR2	1072	-29.41235	-34.2235	-3.05965	MITHRIL.8223	-5.494327613702836e-07	0.7258440583738708	0.6175213675213675
MT-RNR2	1073	-29.6125	-37.0914	-7.06045	MITHRIL.8226	-6.524269062480265e-06	0.050652050410082014	0.7008547008547009
MT-RNR2	1074	-27.8627	-39.4256	-11.3331	MITHRIL.8229	-5.499194961661255e-06	0.19474630467571644	0.5576923076923077
MT-RNR2	1075	-31.544136363636365	-39.0245	-16.32677272727273	MITHRIL.8232	4.871146431835085e-06	0.5439502325581396	0.3653846153846154
MT-RNR2	1076	-29.1485	-39.19075	-19.8715	MITHRIL.8235	6.83161213101248e-06	0.11974347202295553	0.3454415954415954
MT-RNR2	1077	-25.0063	-39.9335	-22.38825	MITHRIL.8238	-1.2442499285741427e-05	0.00045631244323342414	0.5961538461538461
MT-RNR2	1078	-20.577318181818185	-42.42586363636364	-22.20709090909091	MITHRIL.8241	1.2624110165413668e-05	0.006350037174721189	0.26282051282051283
MT-RNR2	1079	-17.96	-46.18036363636364	-21.122954545454544	MITHRIL.8244	1.010935050690617e-05	0.6704776873421274	0.301994301994302
MT-RNR2	1080	-17.09455	-50.4648	-19.6089	MITHRIL.8247	-1.4155157374498258e-06	0.6478539306846999	0.44871794871794873
MT-RNR2	1081	-19.31117391304348	-54.68395652173913	-17.187956521739128	MITHRIL.8250	4.757651172507523e-06	0.6099292171681164	0.3846153846153846
MT-RNR2	1082	-21.8077	-58.5247	-16.928050000000002	MITHRIL.8253	3.8300262001469195e-06	0.5715767823707331	0.39957264957264954
MT-RNR2	1083	-26.033636363636365	-60.55031818181818	-18.77481818181818	MITHRIL.8256	2.0128575543436343e-05	0.0	0.28632478632478636
MT-RNR2	1084	-28.42754545454545	-62.03022727272728	-22.3255	MITHRIL.8259	3.287392874991588e-05	0.0	0.21937321937321938
MT-RNR2	1085	-27.95927272727273	-63.87795454545455	-26.237227272727274	MITHRIL.8262	4.27819285796808e-05	0.0	0.17450142450142447
MT-RNR2	1086	-26.0374	-66.505	-29.76645	MITHRIL.8265	4.429883950267514e-05	0.0	0.17521367521367523
MT-RNR2	1087	-22.678954545454545	-71.51613636363636	-30.860681818181817	MITHRIL.8268	5.462977036834398e-05	0.0	0.12037037037037036
MT-RNR2	1088	-19.760826086956524	-75.55217391304348	-31.22791304347826	MITHRIL.8271	5.008316437392288e-05	0.0	0.14316239316239318
MT-RNR2	1089	-16.26455	-78.9362	-31.5615	MITHRIL.8274	1.5687568359393956e-05	0.29044624940277114	0.3376068376068376
MT-RNR2	1090	-13.878818181818184	-83.00254545454546	-28.901681818181817	MITHRIL.8277	5.28815395792801e-05	0.0	0.11039886039886039
MT-RNR2	1091	-13.80725	-87.3503	-26.7496	MITHRIL.8280	4.157353728904855e-05	0.0	0.17521367521367523
MT-RNR2	1092	-15.758500000000002	-91.46005	-24.60915	MITHRIL.8283	4.654529897398111e-05	0.0	0.1452991452991453
MT-RNR2	1093	-19.22585	-95.1603	-23.8225	MITHRIL.8286	4.0493606688398426e-05	0.0	0.18376068376068377
MT-RNR2	1094	-21.166454545454545	-103.212	-22.03818181818181	MITHRIL.8289	1.7255935350947828e-05	0.002059579119978136	0.31837606837606836
MT-RNR2	1095	-26.10727272727273	-104.44395454545452	-21.91936363636364	MITHRIL.8292	2.404362658701723e-05	0.00045631244323342414	0.2813390313390313
MT-RNR2	1096	-30.7361	-104.32825	-20.3798	MITHRIL.8295	5.306483723279203e-05	0.0	0.1175213675213675
MT-RNR2	1097	-33.54018181818182	-101.30936363636364	-18.38272727272727	MITHRIL.8298	4.452029014960289e-05	0.0	0.17735042735042736
MT-RNR2	1098	-41.56886363636364	-102.60631818181818	-19.677727272727275	MITHRIL.8301	2.9039170002923977e-05	0.0	0.26282051282051283
MT-RNR2	1099	-40.67909090909091	-106.3613181818182	-13.658090909090909	MITHRIL.8304	3.494893956916609e-05	0.0	0.22435897435897434
MT-RNR2	1100	-45.59095	-105.03455	-13.725649999999998	MITHRIL.8307	5.567135679813729e-05	0.0	0.1047008547008547
MT-RNR2	1101	-50.4285	-101.89345	-13.22235	MITHRIL.8310	7.44154819263703e-06	0.5232260143547678	0.3867521367521367
MT-RNR2	1102	-51.42045	-98.9123	-15.8209	MITHRIL.8313	3.878703459219934e-05	0.0	0.20085470085470084
MT-RNR2	1103	-52.77377272727272	-93.5608181818182	-20.401454545454545	MITHRIL.8316	-8.23375931629576e-06	0.052055420243561586	0.4829059829059829
MT-RNR2	1104	-49.2265	-91.5079	-18.393	MITHRIL.8319	4.7442232180436726e-05	0.0	0.1574074074074074
MT-RNR2	1105	-48.33177272727273	-90.2009090909091	-14.298363636363636	MITHRIL.8322	4.742388196358377e-05	0.0	0.1574074074074074
MT-RNR2	1106	-47.62347826086956	-91.94113043478262	-10.544869565217391	MITHRIL.8325	2.0228264280708883e-05	0.0	0.31196581196581197
MT-RNR2	1107	-46.496913043478266	-95.953	-7.6662173913043485	MITHRIL.8328	1.7410058385367597e-05	0.0008775545851528385	0.3269230769230769
MT-RNR2	1108	-44.8921	-100.34045	-5.5082	MITHRIL.8331	1.6172490722741614e-05	0.3420762141967622	0.33262108262108264
MT-RNR2	1109	-41.3144	-102.6094	-4.5674	MITHRIL.8334	5.223501763835654e-05	0.0	0.11253561253561255
MT-RNR2	1110	-36.54925	-103.0216	-4.5852	MITHRIL.8337	4.615691169010552e-05	0.0	0.1452991452991453
MT-RNR2	1111	-32.1774	-101.19425	-4.14245	MITHRIL.8340	3.389834679488229e-05	0.0	0.21225071225071224
MT-RNR2	1112	-25.58636363636364	-100.3686818181818	-9.199318181818182	MITHRIL.8343	2.639457473485284e-05	0.0	0.25925925925925924
MT-RNR2	1113	-23.519818181818184	-96.40822727272727	-11.09281818181818	MITHRIL.8346	2.162333322507758e-05	0.0008775545851528385	0.292022792022792
MT-RNR2	1114	-23.27486363636364	-92.28522727272728	-13.124272727272729	MITHRIL.8349	1.9297750323399436e-05	0.012923847045191195	0.30982905982905984
MT-RNR2	1115	-18.08695	-87.67425	-15.90225	MITHRIL.8352	5.0942309765695626e-05	0.0	0.10683760683760683
MT-RNR2	1116	-14.34115	-82.80945	-18.4162	MITHRIL.8355	1.7136424677019272e-05	0.2038591060707138	0.31837606837606836
MT-RNR2	1117	-12.762045454545454	-78.60909090909091	-20.94886363636364	MITHRIL.8358	3.5194040525878845e-05	0.0	0.20014245014245013
MT-RNR2	1118	-12.2667	-74.3338	-23.4217	MITHRIL.8361	5.303725563679296e-05	0.0	0.08475783475783476
MT-RNR2	1119	-14.0814	-70.64645	-26.063	MITHRIL.8364	4.883756961923865e-05	0.0	0.11965811965811966
MT-RNR2	1120	-18.08531818181818	-68.00318181818182	-26.88204545454545	MITHRIL.8367	3.002762987798358e-05	0.0	0.24572649572649574
MT-RNR2	1121	-19.352454545454545	-61.31672727272728	-32.61054545454545	MITHRIL.8370	5.102369839378783e-05	0.0	0.10897435897435898
MT-RNR2	1122	-20.999	-57.307500000000005	-32.000136363636365	MITHRIL.8373	4.2240852099848325e-05	0.0	0.15527065527065528
MT-RNR2	1123	-24.05795	-54.0006	-30.931400000000004	MITHRIL.8376	4.267048419289189e-05	0.0	0.1452991452991453
MT-RNR2	1124	-28.039	-52.59	-28.6354	MITHRIL.8379	4.163704984518314e-05	0.0	0.14743589743589744
MT-RNR2	1125	-30.81295	-52.56915	-24.67515	MITHRIL.8382	-1.5290218330151668e-05	0.017281294964028776	0.5441595441595442
MT-RNR2	1126	-30.922304347826085	-53.26547826086957	-19.451478260869568	MITHRIL.8385	-6.910156220909672e-06	0.5790923673997412	0.4871794871794872
MT-RNR2	1127	-29.86085	-52.40575	-15.0277	MITHRIL.8388	2.0585016736694665e-05	0.0	0.24786324786324787
MT-RNR2	1128	-25.756500000000003	-50.54990909090909	-12.464045454545454	MITHRIL.8391	1.74149115396687e-05	0.00045631244323342414	0.2386039886039886
MT-RNR2	1129	-21.76595	-47.85315	-10.8801	MITHRIL.8394	5.83122262724787e-06	0.5630507436823105	0.3397435897435897
MT-RNR2	1130	-18.5556	-44.1203	-11.27795	MITHRIL.8397	-1.6386205770847565e-06	0.2435085342019544	0.4757834757834758
MT-RNR2	1131	-18.065454545454543	-39.585136363636366	-13.580545454545454	MITHRIL.8400	3.681644589414507e-06	0.47859699985147774	0.2841880341880342
MT-RNR2	1132	-19.345636363636363	-35.47572727272728	-16.029636363636364	MITHRIL.8403	4.570639575588234e-06	0.1836247380871916	0.20441595441595442
MT-RNR2	1133	-21.57490909090909	-32.032045454545454	-16.6355	MITHRIL.8406	1.9389043537377214e-06	0.8071636960087478	0.2877492877492877
MT-RNR2	1134	-25.68309090909091	-30.05127272727273	-15.065545454545456	MITHRIL.8409	8.042183187274392e-07	0.9565309847878304	0.3618233618233618
MT-RNR2	1135	-30.206409090909087	-29.04909090909091	-12.670681818181816	MITHRIL.8412	8.444233916548219e-07	0.9640938166311301	0.3696581196581197
MT-RNR2	1136	-33.5163	-27.35075	-9.61915	MITHRIL.8415	-1.6922794431838556e-06	0.5421535418181818	0.6987179487179488
MT-RNR2	1137	-34.06805	-24.81505	-5.68245	MITHRIL.8418	5.642409766057251e-07	0.8808074363464907	0.4807692307692308
MT-RNR2	1138	-32.8823	-22.1941	-1.3657499999999998	MITHRIL.8421	3.052864343972375e-06	0.44370629874025197	0.5170940170940171
MT-RNR2	1139	-30.37345	-19.145	1.5016	MITHRIL.8424	-1.5299002383287769e-06	0.3321068917018284	0.4074074074074074
MT-RNR2	1140	-31.609695652173915	-18.644826086956524	10.764478260869565	MITHRIL.8427	1.2073983640456541e-05	0.005998805970149254	0.6517094017094017
MT-RNR2	1141	-32.60508695652174	-15.445869565217391	13.940608695652177	MITHRIL.8430	9.018108637977684e-06	0.029028033383265567	0.5918803418803419
MT-RNR2	1142	-32.941250000000004	-11.8158	17.0142	MITHRIL.8433	1.7267041602748504e-05	0.0008775545851528385	0.7350427350427351
MT-RNR2	1143	-31.7179	-7.90775	17.20485	MITHRIL.8436	1.4828815628565407e-05	0.0016709534368070955	0.6502849002849003
MT-RNR2	1144	-30.55878260869565	-1.3087826086956522	22.48795652173913	MITHRIL.8439	7.178723416644242e-06	0.15132110282642622	0.5598290598290598
MT-RNR2	1145	-28.75860869565217	-0.4527826086956522	12.635217391304348	MITHRIL.8442	2.584567321989744e-06	0.18378625232224285	0.45726495726495725
MT-RNR2	1146	-27.259043478260867	-4.409826086956522	11.349173913043478	MITHRIL.8445	1.0752782643837093e-05	0.0073575787161337565	0.532051282051282
MT-RNR2	1147	-23.832086956521746	-7.407782608695652	11.547478260869564	MITHRIL.8448	5.361737581786772e-06	0.5158367083027185	0.4807692307692308
MT-RNR2	1148	-20.86365	-10.109649999999998	13.464850000000002	MITHRIL.8451	1.4712652182949233e-05	0.011321690140845072	0.5698005698005698
MT-RNR2	1149	-20.90017391304348	-11.85321739130435	17.823869565217393	MITHRIL.8454	9.34495756441325e-06	0.02874856408058294	0.5363247863247863
MT-RNR2	1150	-22.80218181818182	-14.44968181818182	20.53872727272727	MITHRIL.8457	5.114997024982438e-07	0.3997286563977429	0.43945868945868943
MT-RNR2	1151	-26.095	-17.16335	22.226	MITHRIL.8460	1.0324867338522104e-05	0.1231082037533512	0.6367521367521367
MT-RNR2	1152	-30.361400000000003	-20.0676	21.8179	MITHRIL.8463	5.66866463832654e-06	0.6154113895216401	0.6153846153846154
MT-RNR2	1153	-33.68205	-23.8441	26.451600000000003	MITHRIL.8466	-6.615394860838162e-07	0.5729833309342162	0.7115384615384616
MT-RNR2	1154	-34.78985	-24.8859	31.17605	MITHRIL.8469	-3.890553464749653e-06	0.28347305848513904	0.5918803418803419
MT-RNR2	1155	-33.730347826086955	-23.74595652173913	36.54678260869565	MITHRIL.8472	-4.831022794432427e-06	0.1401185756884757	0.5598290598290597
MT-RNR2	1156	-32.91873913043478	-20.83573913043478	40.57982608695652	MITHRIL.8475	-5.277775537201638e-06	0.17592976008167432	0.547008547008547
MT-RNR2	1157	-32.55118181818182	-16.451545454545453	42.85177272727273	MITHRIL.8478	-1.0736768498015506e-06	0.8055439824945295	0.452991452991453
MT-RNR2	1158	-33.211173913043474	-11.582434782608695	42.494608695652175	MITHRIL.8481	3.2586182767336773e-06	0.9607897599999999	0.3717948717948718
MT-RNR2	1159	-35.54415	-8.02025	41.449200000000005	MITHRIL.8484	1.939546992743937e-05	0.00045631244323342414	0.11894586894586893
MT-RNR2	1160	-39.4885	-8.200545454545455	41.22918181818182	MITHRIL.8487	7.679233434328183e-06	0.12447977167320728	0.33262108262108264
MT-RNR2	1161	-39.31373913043478	-5.693869565217391	50.01573913043479	MITHRIL.8490	3.6076167242417694e-05	0.0	0.07692307692307693
MT-RNR2	1162	-44.36809090909091	-8.183681818181817	52.49213636363636	MITHRIL.8493	2.4170448001478926e-05	0.00045631244323342414	0.23290598290598288
MT-RNR2	1163	-50.18154545454545	-13.185545454545457	47.57263636363636	MITHRIL.8496	1.4250571950607778e-05	0.013531491712707181	0.32264957264957267
MT-RNR2	1164	-48.6315	-14.2331	43.44505	MITHRIL.8499	4.451970989199062e-05	0.0	0.06196581196581197
MT-RNR2	1165	-46.58615	-13.314699999999998	39.35795	MITHRIL.8502	3.0746048687238736e-05	0.0	0.13105413105413105
MT-RNR2	1166	-43.32375	-10.9312	36.8624	MITHRIL.8505	2.147678886476753e-05	0.0	0.16025641025641027
MT-RNR2	1167	-38.806681818181815	-8.497136363636365	32.503727272727275	MITHRIL.8508	4.874809101201375e-06	0.2948296837756237	0.29843304843304846
MT-RNR2	1168	-34.711000000000006	-8.217727272727272	30.329181818181816	MITHRIL.8511	1.8622117981176173e-06	0.4263774529012811	0.20085470085470084
MT-RNR2	1169	-29.1135	-8.95745	24.29375	MITHRIL.8514	-3.273065755368947e-06	0.8079728887674228	0.35683760683760685
MT-RNR2	1170	-30.04865	-7.710849999999999	32.4592	MITHRIL.8517	3.491951236210097e-07	0.6557560275706852	0.48717948717948717
MT-RNR2	1171	-26.8227	-9.59495	36.3689	MITHRIL.8520	9.822822160618937e-07	0.5995158105594506	0.6709401709401709
MT-RNR2	1172	-24.7159	-13.76955	38.2491	MITHRIL.8523	1.8732071353185099e-07	0.9338547450140544	0.5641025641025641
MT-RNR2	1173	-24.09035	-19.05955	38.82795	MITHRIL.8526	-3.100453769352499e-07	0.7832644081744616	0.49786324786324787
MT-RNR2	1174	-25.455739130434782	-24.041565217391305	36.797826086956526	MITHRIL.8529	1.4340522760779658e-06	0.7382289440821422	0.3183760683760684
MT-RNR2	1175	-26.78154545454545	-28.10718181818181	33.9125	MITHRIL.8532	2.241792249284167e-06	0.48055003710850525	0.29415954415954415
MT-RNR2	1176	-27.633739130434783	-31.155391304347823	29.73869565217392	MITHRIL.8535	9.003656310118636e-07	0.9340081894821357	0.3611111111111111
MT-RNR2	1177	-27.2711	-37.1863	34.82385	MITHRIL.8538	7.605584205495807e-06	0.03191867852604828	0.23076923076923075
MT-RNR2	1178	-26.83831818181818	-40.720454545454544	38.43063636363636	MITHRIL.8541	6.101075593909829e-06	0.08472509870276368	0.30840455840455844
MT-RNR2	1179	-27.52978260869565	-43.95591304347826	42.12952173913044	MITHRIL.8544	1.0223397319018804e-05	0.009363727598566308	0.2670940170940171
MT-RNR2	1180	-29.042900000000003	-47.48605	44.79215	MITHRIL.8547	1.07689666910602e-05	0.08373333333333333	0.28347578347578345
MT-RNR2	1181	-32.27572727272727	-50.846818181818186	44.52186363636363	MITHRIL.8550	9.157948322794467e-06	0.04488622366288492	0.32336182336182334
MT-RNR2	1182	-35.1774	-54.33265	42.7819	MITHRIL.8553	3.482720435280913e-05	0.0	0.05982905982905983
MT-RNR2	1183	-43.67786363636364	-56.00322727272727	45.41877272727272	MITHRIL.8556	2.499349377926376e-05	0.0	0.20299145299145296
MT-RNR2	1184	-39.54325	-48.3827	43.3906	MITHRIL.8559	9.767016832880245e-06	0.054415869867089864	0.33547008547008544
MT-RNR2	1185	-46.75917391304348	-52.210565217391306	42.5745652173913	MITHRIL.8562	1.6684543911022878e-05	0.0008775545851528385	0.28418803418803423
MT-RNR2	1186	-51.11555	-51.2024	40.562	MITHRIL.8565	9.840477936473184e-06	0.09418248093732563	0.3461538461538461
MT-RNR2	1187	-55.199850000000005	-48.5914	40.4315	MITHRIL.8568	8.458227406918846e-06	0.12517469256816968	0.3603988603988604
MT-RNR2	1188	-57.819	-44.42454545454546	41.77277272727272	MITHRIL.8571	3.578129094330728e-05	0.0	0.14245014245014245
MT-RNR2	1189	-60.73272727272728	-39.425090909090905	45.27636363636364	MITHRIL.8574	2.392674765805366e-05	0.0	0.24145299145299148
MT-RNR2	1190	-59.74304347826087	-35.250913043478256	44.40095652173913	MITHRIL.8577	1.2504650880660632e-05	0.007689795918367347	0.3311965811965812
MT-RNR2	1191	-57.265772727272726	-31.26086363636364	42.92554545454545	MITHRIL.8580	-6.987911152142985e-07	0.16663549546465858	0.43803418803418803
MT-RNR2	1192	-53.7075	-27.7666	41.01535	MITHRIL.8583	-3.0362648683269603e-06	0.11476694334175389	0.4594017094017094
MT-RNR2	1193	-51.95309999999999	-25.59655	37.5144	MITHRIL.8586	8.915182876825047e-06	0.055744936708860764	0.3461538461538461
MT-RNR2	1194	-46.291	-22.63565	35.36095	MITHRIL.8589	4.660207282480889e-06	0.7062044345279599	0.37606837606837606
MT-RNR2	1195	-49.47415	-16.91165	32.315	MITHRIL.8592	1.5306736488553844e-05	0.00802866828087167	0.25213675213675213
MT-RNR2	1196	-52.28304545454546	-21.55454545454545	26.919181818181816	MITHRIL.8595	6.301176494552689e-06	0.3745951339698183	0.3525641025641026
MT-RNR2	1197	-52.76095	-25.54625	26.23335	MITHRIL.8598	6.428585200779435e-06	0.2873032381560058	0.3547008547008547
MT-RNR2	1198	-50.53855	-29.4882	26.036700000000003	MITHRIL.8601	1.974141059333296e-05	0.0	0.1858974358974359
MT-RNR2	1199	-48.35440909090909	-31.538954545454544	29.333454545454547	MITHRIL.8604	1.2731863356765286e-06	0.1959990627615063	0.41595441595441596
MT-RNR2	1200	-47.00860869565218	-32.491217391304346	33.98913043478261	MITHRIL.8607	-9.231613760262184e-06	0.03646198123044838	0.5448717948717948
MT-RNR2	1201	-47.27495	-33.969	38.38325	MITHRIL.8610	-1.8392925397831636e-05	0.0	0.6346153846153846
MT-RNR2	1202	-48.88865	-35.49235	43.36895	MITHRIL.8613	-1.2934875107389124e-05	0.07177142857142857	0.5555555555555555
MT-RNR2	1203	-51.46218181818181	-38.75363636363637	45.690045454545455	MITHRIL.8616	6.000506388327244e-06	0.882600080808081	0.3803418803418803
MT-RNR2	1204	-55.87077272727272	-41.31595454545455	50.14131818181818	MITHRIL.8619	1.5376869202476406e-05	0.004971733062674448	0.30484330484330485
MT-RNR2	1205	-57.23618181818181	-45.17881818181818	50.77963636363637	MITHRIL.8622	-9.054363031232524e-06	0.4137770362505688	0.50997150997151
MT-RNR2	1206	-57.109478260869565	-49.68608695652174	49.58278260869565	MITHRIL.8625	-9.36487361112275e-06	0.1046857978431731	0.514957264957265
MT-RNR2	1207	-55.838	-54.06420000000001	48.6588	MITHRIL.8628	-9.051761910943491e-06	0.15473155893536122	0.5142450142450142
MT-RNR2	1208	-51.702565217391296	-56.21813043478261	48.84869565217391	MITHRIL.8631	6.434699371627012e-06	0.1959990627615063	0.37393162393162394
MT-RNR2	1209	-47.52618181818182	-56.57181818181818	51.29668181818182	MITHRIL.8634	1.0308991896696535e-05	0.056263243136480345	0.3376068376068376
MT-RNR2	1210	-44.62509090909091	-55.83	55.0005	MITHRIL.8637	1.4300208838721465e-05	0.03753143805768832	0.297008547008547
MT-RNR2	1211	-43.1551	-55.4183	59.2077	MITHRIL.8640	2.535192351918551e-05	0.0	0.1809116809116809
MT-RNR2	1212	-43.63105	-55.785900000000005	63.944	MITHRIL.8643	-8.620194289413006e-06	0.01195632291180588	0.5277777777777778
MT-RNR2	1213	-38.49163636363637	-51.43209090909091	67.54804545454546	MITHRIL.8646	1.0754441354315802e-05	0.535380306345733	0.3055555555555556
MT-RNR2	1214	-37.70055	-47.28155	65.52565	MITHRIL.8649	1.8407636989530525e-05	0.002059579119978136	0.2264957264957265
MT-RNR2	1215	-37.83365	-45.05735	61.589	MITHRIL.8652	5.3038027024649345e-06	0.9208422406861433	0.37535612535612534
MT-RNR2	1216	-40.45681818181818	-44.922045454545454	57.91731818181818	MITHRIL.8655	1.7096425456054075e-05	0.006350037174721189	0.2670940170940171
MT-RNR2	1217	-43.93005	-44.92365	55.04285	MITHRIL.8658	2.5892983442592958e-05	0.0	0.20085470085470084
MT-RNR2	1218	-46.84963636363637	-43.19536363636364	47.125409090909095	MITHRIL.8661	3.664468370484824e-05	0.0	0.11752136752136753
MT-RNR2	1219	-37.67555	-43.232600000000005	46.00715	MITHRIL.8664	9.071068284263713e-06	0.23159173499508037	0.3376068376068376
MT-RNR2	1220	-34.0931	-39.1502	46.90175	MITHRIL.8667	1.2386981948296115e-05	0.005998805970149254	0.2849002849002849
MT-RNR2	1221	-33.26025	-35.25685	45.2344	MITHRIL.8670	1.4442294222511165e-05	0.005998805970149254	0.24145299145299148
MT-RNR2	1222	-32.182863636363635	-28.43590909090909	42.86095454545455	MITHRIL.8673	6.732822639517072e-06	0.08569742916119347	0.3176638176638176
MT-RNR2	1223	-32.53577272727273	-29.504590909090908	38.00718181818182	MITHRIL.8676	2.5698141731152143e-06	0.5066162544169611	0.3782051282051282
MT-RNR2	1224	-32.284949999999995	-33.55295	35.828050000000005	MITHRIL.8679	-6.211505648206252e-06	0.43856120300751883	0.5683760683760684
MT-RNR2	1225	-33.73505	-34.53935	29.51105	MITHRIL.8682	-5.446577003863792e-06	0.03806218174291037	0.5918803418803419
MT-RNR2	1226	-36.674521739130434	-33.79413043478261	23.53930434782609	MITHRIL.8685	-1.1787799164669782e-06	0.905493863300658	0.47222222222222215
MT-RNR2	1227	-42.88218181818182	-34.98927272727273	19.75009090909091	MITHRIL.8688	-1.8426770260407764e-06	0.44674491017964074	0.47222222222222215
MT-RNR2	1228	-45.45435	-37.4816	16.82515	MITHRIL.8691	-1.165645837494482e-05	0.007018823529411765	0.6474358974358975
MT-RNR2	1229	-45.429	-40.2839	13.06135	MITHRIL.8694	-1.3403358642318114e-05	0.008359199421268386	0.6623931623931624
MT-RNR2	1230	-43.47035	-43.7832	11.4809	MITHRIL.8697	-1.5011807353382962e-05	0.0053271396112092905	0.6752136752136751
MT-RNR2	1231	-40.24904545454546	-47.589045454545456	12.40690909090909	MITHRIL.8700	5.4643392962037755e-06	0.18627172483560953	0.35042735042735046
MT-RNR2	1232	-38.60072727272728	-51.63768181818182	14.634545454545451	MITHRIL.8703	1.0970505522258672e-05	0.013245513413506013	0.2841880341880342
MT-RNR2	1233	-39.616	-55.65845	16.4417	MITHRIL.8706	3.1292306634989503e-06	0.9376924187725632	0.3952991452991453
MT-RNR2	1234	-41.52431818181818	-61.24845454545454	19.33540909090909	MITHRIL.8709	2.77278157383438e-05	0.0	0.15313390313390313
MT-RNR2	1235	-43.268136363636366	-58.13277272727273	22.026727272727275	MITHRIL.8712	1.6859200980564587e-05	0.0035334201615003905	0.2606837606837607
MT-RNR2	1236	-43.42785	-54.78535000000001	25.1438	MITHRIL.8715	2.5843924329666034e-05	0.0	0.1581196581196581
MT-RNR2	1237	-42.1546	-50.88695	24.85355	MITHRIL.8718	-1.1739504623590263e-05	0.002059579119978136	0.5790598290598291
MT-RNR2	1238	-38.30025	-47.56835	23.1971	MITHRIL.8721	-1.7712037739188526e-05	0.0	0.732905982905983
MT-RNR2	1239	-36.30808695652174	-43.924869565217385	19.593217391304343	MITHRIL.8724	-1.0167850087779357e-05	0.009696068620443175	0.6688034188034188
MT-RNR2	1240	-33.556045454545455	-37.88336363636363	18.17086363636364	MITHRIL.8727	-1.763780146932666e-06	0.44386576698155644	0.5128205128205128
MT-RNR2	1241	-26.76665	-33.0572	21.56145	MITHRIL.8730	-1.6337545589234588e-07	0.8168197517391897	0.38888888888888884
MT-RNR2	1242	-33.9427	-32.6325	16.926499999999997	MITHRIL.8733	-3.9816143784517205e-07	0.6098472249964333	0.4764957264957265
MT-RNR2	1243	-29.722136363636363	-28.86640909090909	21.375454545454545	MITHRIL.8736	-4.0832215307258926e-07	0.7193216302684657	0.37606837606837606
MT-RNR2	1244	-31.527272727272727	-23.70086363636364	15.196681818181816	MITHRIL.8739	1.6817122540596375e-07	0.875135275080906	0.43803418803418803
MT-RNR2	1245	-33.97555	-26.162650000000003	22.1654	MITHRIL.8742	6.943557868967539e-08	0.9713646213230401	0.5213675213675214
MT-RNR2	1246	-43.05795652173913	-25.85669565217391	21.66126086956522	MITHRIL.8745	-5.5405162088156136e-08	0.6113870011402509	0.4337606837606838
MT-RNR2	1247	-39.98108695652174	-29.030391304347823	17.550782608695652	MITHRIL.8748	6.291147306126665e-07	0.3820646706586826	0.4038461538461538
MT-RNR2	1248	-38.88190909090909	-26.93913636363636	8.677181818181818	MITHRIL.8751	8.000797396044196e-07	0.7470269970926207	0.3269230769230769
MT-RNR2	1249	-38.15763636363637	-34.946636363636365	6.170909090909091	MITHRIL.8754	3.5296914527947077e-06	0.2100217239661186	0.3141025641025641
MT-RNR2	1250	-33.76035	-33.19995	4.64535	MITHRIL.8757	-7.537774038665078e-07	0.7423179373440533	0.5256410256410257
MT-RNR2	1251	-31.45863636363637	-27.48118181818182	2.6001818181818184	MITHRIL.8760	-2.801980581025924e-06	0.18849513549907423	0.29273504273504275
MT-RNR2	1252	-25.372454545454545	-23.0425	1.2141363636363638	MITHRIL.8763	1.2208515933692073e-05	0.00802866828087167	0.6175213675213675
MT-RNR2	1253	-23.198565217391305	-18.376956521739128	-0.4964347826086956	MITHRIL.8766	1.4424181583960324e-05	0.01195632291180588	0.5854700854700855
MT-RNR2	1254	-22.6442	-14.0897	-2.04275	MITHRIL.8769	4.282879418315604e-05	0.0	0.8076923076923076
MT-RNR2	1255	-24.09095	-10.0395	-4.7573	MITHRIL.8772	3.411955246400018e-05	0.0	0.717948717948718
MT-RNR2	1256	-21.21604545454545	-2.915636363636364	-5.8455	MITHRIL.8775	2.4025050778502728e-05	0.0	0.6004273504273504
MT-RNR2	1257	-23.92305	-7.203149999999999	-11.79715	MITHRIL.8778	2.7328520662152935e-05	0.0	0.6880341880341881
MT-RNR2	1258	-28.153550000000003	-5.869	-9.51125	MITHRIL.8781	1.775768205213392e-05	0.10338394000365832	0.6068376068376068
MT-RNR2	1259	-33.72405	-5.50815	-9.0	MITHRIL.8784	1.894097013346058e-05	0.2419084243115529	0.673076923076923
MT-RNR2	1260	-38.3894	-4.81975	-7.190300000000001	MITHRIL.8787	1.9072582686421282e-05	0.00045631244323342414	0.7414529914529915
MT-RNR2	1261	-41.61131818181818	-3.9525	-3.382	MITHRIL.8790	6.566316210287367e-07	0.5248285714285714	0.4444444444444444
MT-RNR2	1262	-41.7618695652174	-1.2665217391304346	0.3259130434782608	MITHRIL.8793	1.922853165982699e-05	0.0	0.7307692307692308
MT-RNR2	1263	-40.09339130434783	1.6636086956521738	4.122739130434782	MITHRIL.8796	2.510662811061692e-05	0.0	0.7606837606837606
MT-RNR2	1264	-38.332869565217386	6.865173913043479	7.248304347826086	MITHRIL.8799	1.4657942867490684e-05	0.009696068620443175	0.6175213675213675
MT-RNR2	1265	-42.89222727272728	1.818090909090909	11.672727272727274	MITHRIL.8802	4.250635892202266e-06	0.21858632309217046	0.5363247863247863
MT-RNR2	1266	-36.1399	0.55245	11.17215	MITHRIL.8805	2.5354848980802676e-05	0.0	0.7435897435897436
MT-RNR2	1267	-30.413	4.105636363636363	8.945727272727273	MITHRIL.8808	1.3818352460128202e-05	0.010342830099384762	0.5555555555555555
MT-RNR2	1268	-27.34527272727273	7.373954545454546	6.864318181818181	MITHRIL.8811	1.7035893774601776e-05	0.0008775545851528385	0.5662393162393162
MT-RNR2	1269	-26.59355	12.5075	6.6218	MITHRIL.8814	3.182281759898651e-05	0.0	0.6816239316239315
MT-RNR2	1270	-28.537136363636364	15.869772727272728	8.814636363636364	MITHRIL.8817	1.1734705922274205e-05	0.023714685314685315	0.5384615384615384
MT-RNR2	1271	-31.240391304347828	17.810130434782607	12.73521739130435	MITHRIL.8820	1.5930989360166158e-05	0.006350037174721189	0.6196581196581197
MT-RNR2	1272	-32.36005	18.2563	16.924	MITHRIL.8823	2.492853827007651e-05	0.0012772881355932204	0.8162393162393163
MT-RNR2	1273	-31.73078260869565	16.233478260869564	21.78813043478261	MITHRIL.8826	1.3206254904548273e-05	0.013531491712707181	0.7008547008547007
MT-RNR2	1274	-29.06345	16.153399999999998	25.36105	MITHRIL.8829	8.703889259126367e-06	0.6952744341994971	0.638888888888889
MT-RNR2	1275	-25.010454545454547	17.688772727272728	26.60972727272728	MITHRIL.8832	4.325438188044354e-06	0.3571342728821434	0.5235042735042735
MT-RNR2	1276	-20.429954545454542	13.009545454545451	28.09568181818182	MITHRIL.8835	1.16061207769782e-05	0.01941750333185251	0.6132478632478633
MT-RNR2	1277	-16.86575	14.69235	27.03065	MITHRIL.8838	3.105353091906571e-05	0.0	0.8183760683760685
MT-RNR2	1278	-14.81415	18.65575	25.839550000000003	MITHRIL.8841	2.266285573251219e-05	0.0	0.6987179487179488
MT-RNR2	1279	-14.02375	23.46955	26.44565	MITHRIL.8844	1.5581667196577228e-05	0.1585158620689655	0.6452991452991453
MT-RNR2	1280	-14.151750000000002	27.69165	29.181400000000004	MITHRIL.8847	1.149603237588919e-05	0.005652	0.673076923076923
MT-RNR2	1281	-14.791045454545456	30.11404545454545	33.660636363636364	MITHRIL.8850	-2.2193176748869515e-06	0.2728029577238386	0.28632478632478636
MT-RNR2	1282	-14.5442	31.184500000000003	38.1629	MITHRIL.8853	-3.7218176594368553e-07	0.669490495577706	0.6495726495726496
MT-RNR2	1283	-13.98355	29.9252	43.25575	MITHRIL.8856	-2.5163215454448025e-06	0.23485310660562458	0.5982905982905983
MT-RNR2	1284	-10.88385	28.5148	46.5405	MITHRIL.8859	1.587391611059632e-06	0.7101109562308336	0.3076923076923077
MT-RNR2	1285	-6.35475	28.99985	47.9225	MITHRIL.8862	-1.2457932681259003e-07	0.8212873926673028	0.3247863247863248
MT-RNR2	1286	-1.6951363636363637	24.171136363636364	47.680181818181815	MITHRIL.8865	-1.938754906952166e-06	0.25907282714054924	0.3632478632478633
MT-RNR2	1287	2.0780434782608697	25.58717391304348	45.29234782608695	MITHRIL.8868	1.295036642347742e-05	0.015742779291553134	0.6880341880341879
MT-RNR2	1288	5.448454545454545	27.899363636363635	42.31859090909091	MITHRIL.8871	1.1818619675007384e-05	0.01971287962757703	0.6089743589743589
MT-RNR2	1289	7.353565217391305	31.861391304347823	42.422	MITHRIL.8874	1.550751656361311e-05	0.0028052113799521402	0.6645299145299145
MT-RNR2	1290	13.5948	34.535700000000006	44.2148	MITHRIL.8877	1.2389249012848132e-05	0.004615054860933911	0.6196581196581197
MT-RNR2	1291	10.9053	34.8805	48.2208	MITHRIL.8880	5.060412960967834e-06	0.2568093203883495	0.532051282051282
MT-RNR2	1292	6.9137	34.8117	48.341	MITHRIL.8883	9.602100556939012e-06	0.20829589223349407	0.655982905982906
MT-RNR2	1293	-1.010318181818182	32.954772727272726	48.06763636363637	MITHRIL.8886	1.7539642423706084e-06	0.564846427024686	0.5213675213675214
MT-RNR2	1294	-2.4447	36.31155	45.17455	MITHRIL.8889	5.289295179861686e-06	0.11526926406926406	0.7115384615384616
MT-RNR2	1295	2.0168181818181816	38.78981818181818	39.08236363636364	MITHRIL.8892	-3.3262699565642765e-06	0.32227795758051847	0.3611111111111111
MT-RNR2	1296	0.27775	35.8795	36.84685	MITHRIL.8895	1.3788020185309019e-05	0.00389860320744956	0.6773504273504273
MT-RNR2	1297	-0.7039	30.9245	36.2267	MITHRIL.8898	9.350498218184033e-06	0.3379625136441603	0.5854700854700855
MT-RNR2	1298	-3.156409090909091	27.43195454545455	38.29963636363636	MITHRIL.8901	-1.1792199514324825e-05	0.0012772881355932204	0.17877492877492876
MT-RNR2	1299	-4.287727272727273	21.407818181818183	41.18663636363636	MITHRIL.8904	-4.130428111417384e-06	0.13639098591549295	0.3311965811965812
MT-RNR2	1300	-7.1691	18.10325	42.52845	MITHRIL.8907	-4.1981569914083773e-07	0.5262083369899079	0.4188034188034188
MT-RNR2	1301	-11.623772727272726	18.96013636363636	42.63545454545454	MITHRIL.8910	-2.5160656339519474e-06	0.18250553018772195	0.24145299145299146
MT-RNR2	1302	-16.16590909090909	21.221681818181818	42.144681818181816	MITHRIL.8913	4.031278211126267e-07	0.8561597402597402	0.3311965811965812
MT-RNR2	1303	-20.2532	23.4192	40.8092	MITHRIL.8916	-1.0749826304582315e-06	0.6930212218649519	0.4935897435897436
MT-RNR2	1304	-22.359454545454547	25.415954545454543	36.55172727272728	MITHRIL.8919	2.277513311443599e-06	0.3564213854021386	0.28632478632478636
MT-RNR2	1305	-23.01926086956521	26.479565217391304	31.501652173913044	MITHRIL.8922	1.1848425556564577e-07	0.9771449541284404	0.47863247863247865
MT-RNR2	1306	-22.93378260869565	25.934565217391302	26.71395652173913	MITHRIL.8925	2.25241456671438e-07	0.6289788862122715	0.44017094017094016
MT-RNR2	1307	-24.57565217391305	23.69969565217391	23.56217391304348	MITHRIL.8928	-1.3781102109702082e-06	0.7803997253878896	0.40170940170940167
MT-RNR2	1308	-19.43335	23.96895	18.40305	MITHRIL.8931	1.617502540851118e-05	0.0024355507675733906	0.6132478632478633
MT-RNR2	1309	-17.6802	18.0945	18.2144	MITHRIL.8934	8.683985402580071e-06	0.2579035419699175	0.5128205128205129
MT-RNR2	1310	-17.57595	13.36745	17.8669	MITHRIL.8937	1.0898217484404348e-05	0.07302213711221754	0.5277777777777778
MT-RNR2	1311	-21.09859090909091	10.165136363636362	19.42309090909091	MITHRIL.8940	-1.2089963523779879e-05	0.0016709534368070955	0.30982905982905984
MT-RNR2	1312	-25.2227	7.800749999999999	20.5252	MITHRIL.8943	9.881245133082799e-06	0.034470163659253046	0.5491452991452991
MT-RNR2	1313	-30.21730434782609	7.956565217391304	19.781130434782607	MITHRIL.8946	4.9126581153056605e-06	0.5587955446260668	0.5021367521367521
MT-RNR2	1314	-32.607136363636364	6.218681818181818	16.735818181818182	MITHRIL.8949	-9.334108133234994e-06	0.04731801167236868	0.3034188034188034
MT-RNR2	1315	-37.89965	10.40185	16.36155	MITHRIL.8952	3.0297256158238114e-06	0.4451807582796343	0.49572649572649574
MT-RNR2	1316	-39.22395	12.637	11.324	MITHRIL.8955	2.239442670276349e-06	0.07810660592255125	0.47222222222222227
MT-RNR2	1317	-38.74465	11.71845	6.842700000000001	MITHRIL.8958	9.19359656623312e-06	0.022510344827586206	0.5598290598290597
MT-RNR2	1318	-37.63525	6.5376	3.01205	MITHRIL.8961	5.206542577227062e-06	0.007689795918367347	0.4914529914529915
MT-RNR2	1319	-44.8365652173913	6.938695652173913	-2.568782608695652	MITHRIL.8964	-2.315929557692957e-06	0.5830062625682275	0.37606837606837606
MT-RNR2	1320	-37.43454545454545	10.341545454545455	-4.030954545454545	MITHRIL.8967	-9.162050324809893e-06	0.08243832516031686	0.31837606837606836
MT-RNR2	1321	-35.00595	14.93245	1.9171	MITHRIL.8970	9.67919138181749e-06	0.19247846954186942	0.5363247863247863
MT-RNR2	1322	-28.86704347826087	16.635217391304348	-4.02	MITHRIL.8973	-6.8082757384624795e-06	0.3567779395817196	0.37393162393162394
MT-RNR2	1323	-23.17675	16.02275	-0.5779000000000001	MITHRIL.8976	1.4144239304453415e-05	0.004615054860933911	0.532051282051282
MT-RNR2	1324	-17.697200000000002	17.872149999999998	0.6704000000000001	MITHRIL.8979	1.4017506519197192e-05	0.08373333333333333	0.5235042735042735
MT-RNR2	1325	-14.904695652173912	21.379217391304348	-0.6238260869565218	MITHRIL.8982	5.417805651009922e-06	0.09933313696612665	0.4679487179487179
MT-RNR2	1326	-14.63217391304348	25.44465217391304	-2.7464347826086954	MITHRIL.8985	1.1949739125274921e-05	0.35459404466501243	0.5192307692307693
MT-RNR2	1327	-16.119818181818182	29.62790909090909	-4.99	MITHRIL.8988	-5.105330338415097e-06	0.25494075752670764	0.38675213675213677
MT-RNR2	1328	-18.2322	33.5155	-4.8277	MITHRIL.8991	1.1939878549945679e-05	0.0053271396112092905	0.5683760683760685
MT-RNR2	1329	-20.6124	36.4439	-2.19515	MITHRIL.8994	3.2943318597438656e-06	0.0465016333938294	0.4829059829059829
MT-RNR2	1330	-21.34754545454545	36.80227272727273	2.6633636363636364	MITHRIL.8997	-3.963371935797433e-06	0.14595986738789044	0.3653846153846154
MT-RNR2	1331	-23.91095652173913	37.36417391304348	7.450782608695652	MITHRIL.9000	3.871436163418874e-06	0.44040234480685403	0.5213675213675214
MT-RNR2	1332	-23.41478260869565	37.424652173913046	11.996217391304349	MITHRIL.9003	2.4328932763332814e-06	0.7053502580555168	0.5021367521367521
MT-RNR2	1333	-21.793000000000003	36.95222727272727	16.801181818181817	MITHRIL.9006	-7.433635898612474e-08	0.847723435383365	0.42948717948717946
MT-RNR2	1334	-19.06105	38.47845	20.1256	MITHRIL.9009	2.851089892271177e-06	0.49542943173431736	0.5705128205128205
MT-RNR2	1335	-17.315227272727274	34.36518181818182	24.585	MITHRIL.9012	-2.3146289146294085e-06	0.5317457943925233	0.3461538461538461
MT-RNR2	1336	-12.29435	40.19145	21.13205	MITHRIL.9015	2.4889273940164884e-06	0.3809101244430788	0.5
MT-RNR2	1337	-7.2963	38.6883	16.98475	MITHRIL.9018	1.134340813696148e-05	0.40863902735562313	0.5897435897435898
MT-RNR2	1338	-5.95355	43.55525	15.8018	MITHRIL.9021	8.477436745957268e-06	0.6118570532915361	0.5918803418803419
MT-RNR2	1339	-6.4831	48.16575	16.38535	MITHRIL.9024	-5.025040257841985e-06	0.10029529411764707	0.20726495726495728
MT-RNR2	1340	-8.759695652173914	51.34326086956521	20.58495652173913	MITHRIL.9027	1.4528390662653552e-06	0.651458296973962	0.24145299145299146
MT-RNR2	1341	-8.814545454545454	52.84336363636364	25.013454545454547	MITHRIL.9030	1.8815673435294635e-06	0.4880499630013319	0.3269230769230769
MT-RNR2	1342	-7.254250000000001	52.3357	29.5314	MITHRIL.9033	-2.3907829794570342e-06	0.3245585947302384	0.6602564102564102
MT-RNR2	1343	-5.466347826086957	49.06847826086957	34.36530434782609	MITHRIL.9036	5.464657797323194e-08	0.9713646213230401	0.49786324786324787
MT-RNR2	1344	-1.9347391304347827	46.7765652173913	36.35517391304348	MITHRIL.9039	1.661845164077204e-06	0.7119141702661279	0.5170940170940171
MT-RNR2	1345	2.2518	45.8065	36.91485	MITHRIL.9042	1.1777093974703142e-05	0.01941750333185251	0.7428774928774929
MT-RNR2	1346	7.022695652173913	41.05691304347826	39.595	MITHRIL.9045	9.007976144859571e-06	0.11501814901677791	0.6004273504273504
MT-RNR2	1347	5.57975	47.0457	34.5641	MITHRIL.9048	5.233573008630741e-06	0.10055386877412241	0.5448717948717948
MT-RNR2	1348	12.4885	50.55436363636363	32.67572727272727	MITHRIL.9051	6.744065602788798e-06	0.09342844378257634	0.561965811965812
MT-RNR2	1349	11.408565217391304	51.239782608695656	28.367826086956523	MITHRIL.9054	8.931338995977194e-07	0.39471542577587526	0.44871794871794873
MT-RNR2	1350	9.7033	49.9694	24.552950000000003	MITHRIL.9057	1.3596433594300077e-05	0.08849304412864621	0.6645299145299145
MT-RNR2	1351	7.536	46.2291	23.57725	MITHRIL.9060	2.045962388636281e-06	0.5877431276901004	0.46367521367521364
MT-RNR2	1352	4.264347826086956	42.94317391304348	26.319565217391304	MITHRIL.9063	1.4912000170666928e-05	0.007018823529411765	0.6474358974358975
MT-RNR2	1353	1.11425	39.88055	28.579700000000003	MITHRIL.9066	1.8404888786544344e-05	0.056263243136480345	0.6965811965811967
MT-RNR2	1354	-3.11165	39.3226	30.5032	MITHRIL.9069	1.9048007222378885e-05	0.00045631244323342414	0.7756410256410257
MT-RNR2	1355	-7.696045454545454	41.405136363636366	31.30686363636364	MITHRIL.9072	1.645013792737374e-06	0.7443091840975203	0.49501424501424496
MT-RNR2	1356	-12.05495	43.89235	30.71815	MITHRIL.9075	6.346704767462983e-08	0.9804310963455148	0.732905982905983
MT-RNR2	1357	-14.93785	46.0216	27.605200000000004	MITHRIL.9078	-1.6833578315356898e-06	0.6168645510175039	0.5341880341880342
MT-RNR2	1358	-15.749545454545457	46.30918181818182	22.889045454545453	MITHRIL.9081	1.205382470866797e-06	0.600422257187813	0.34188034188034183
MT-RNR2	1359	-17.834681818181817	43.2760909090909	17.8135	MITHRIL.9084	-5.395195493738515e-07	0.7142351859590471	0.34401709401709396
MT-RNR2	1360	-18.045409090909093	48.81486363636363	13.4885	MITHRIL.9087	1.7099959033564054e-06	0.963474736701773	0.32905982905982906
MT-RNR2	1361	-14.892956521739132	46.959	10.445217391304348	MITHRIL.9090	1.953134343608022e-06	0.7338262390670555	0.5854700854700855
MT-RNR2	1362	-11.75308695652174	43.87604347826087	8.625217391304348	MITHRIL.9093	8.961266105484381e-06	0.06649411764705883	0.6303418803418803
MT-RNR2	1363	-9.80135	40.1411	7.522200000000001	MITHRIL.9096	1.8303558475320924e-05	0.0	0.6794871794871794
MT-RNR2	1364	-3.62615	37.3416	2.9837	MITHRIL.9099	2.2634599139983235e-05	0.0	0.655982905982906
MT-RNR2	1365	-1.80045	35.2502	-1.32605	MITHRIL.9102	2.3895835036269553e-05	0.03725733277939344	0.6495726495726496
MT-RNR2	1366	0.8666956521739131	30.69095652173913	-2.5965217391304347	MITHRIL.9105	3.0315894789736382e-05	0.0	0.6666666666666666
MT-RNR2	1367	2.7968	25.92545	-3.70345	MITHRIL.9108	6.145120862601286e-05	0.0	0.8568376068376068
MT-RNR2	1368	1.8878	21.04115	-3.31835	MITHRIL.9111	4.569134419490974e-05	0.0	0.7179487179487181
MT-RNR2	1369	-1.8335	18.37015	-2.78985	MITHRIL.9114	5.1608524475413496e-05	0.0	0.7350427350427351
MT-RNR2	1370	-8.119391304347827	15.884956521739127	-2.62895652173913	MITHRIL.9117	3.680417811669711e-05	0.0	0.6431623931623931
MT-RNR2	1371	-7.0067	18.55145	0.52205	MITHRIL.9120	5.4189183083727594e-05	0.0	0.7478632478632479
MT-RNR2	1372	-9.0319	21.31275	4.9621	MITHRIL.9123	5.1163353590271386e-05	0.0	0.7542735042735043
MT-RNR2	1373	-5.79215	22.11625	7.4918	MITHRIL.9126	3.855201026139743e-05	0.0	0.6816239316239315
MT-RNR2	1374	-1.0254545454545454	22.20736363636364	7.701136363636365	MITHRIL.9129	2.5446723844971763e-06	0.21506479059758316	0.44871794871794873
MT-RNR2	1375	3.554409090909091	23.143363636363635	6.915318181818182	MITHRIL.9132	3.251620366727091e-05	0.0	0.6452991452991453
MT-RNR2	1376	6.72645	25.9703	5.4601	MITHRIL.9135	4.94337604819473e-05	0.0	0.7756410256410255
MT-RNR2	1377	7.589695652173913	30.68617391304348	2.534521739130435	MITHRIL.9138	2.426848554604624e-05	0.00389860320744956	0.6260683760683761
MT-RNR2	1378	7.425818181818181	35.236090909090905	2.5646363636363634	MITHRIL.9141	9.244955870841192e-06	0.034757232704402515	0.5185185185185185
MT-RNR2	1379	5.5722000000000005	39.21645	4.55805	MITHRIL.9144	3.3404263181335605e-05	0.0	0.7799145299145298
MT-RNR2	1380	2.57575	42.33935	7.2923	MITHRIL.9147	2.8477543801078575e-05	0.0	0.7756410256410257
MT-RNR2	1381	-1.6706363636363637	46.42540909090909	10.239954545454545	MITHRIL.9150	3.160935814433356e-06	0.39414467043890505	0.4914529914529915
MT-RNR2	1382	-2.840272727272727	42.023909090909086	10.60140909090909	MITHRIL.9153	6.192143614345426e-06	0.1704372505543237	0.514957264957265
MT-RNR2	1383	-2.450727272727273	37.76	8.3865	MITHRIL.9156	5.169231165350294e-06	0.1231082037533512	0.48504273504273504
MT-RNR2	1384	-10.070695652173914	35.454	13.861782608695654	MITHRIL.9159	1.3841272398404965e-05	0.6182670268733116	0.5897435897435898
MT-RNR2	1385	-12.3532	31.578	15.098250000000002	MITHRIL.9162	3.8716281255418166e-05	0.0	0.8276353276353277
MT-RNR2	1386	-16.437	29.3668	14.3921	MITHRIL.9165	3.6985062590434015e-05	0.0	0.8098290598290597
MT-RNR2	1387	-21.5752	28.4997	12.91345	MITHRIL.9168	2.6745517360671948e-05	0.01478995892286627	0.732905982905983
MT-RNR2	1388	-24.8131	28.3325	9.461	MITHRIL.9171	3.488032482536559e-05	0.0	0.8247863247863249
MT-RNR2	1389	-29.86772727272728	22.68240909090909	5.9875	MITHRIL.9174	1.04998741955193e-05	0.03362020202020202	0.5427350427350427
MT-RNR2	1390	-21.22255	20.09165	7.2682	MITHRIL.9177	2.9635040498747554e-05	0.004265294571649087	0.6581196581196581
MT-RNR2	1391	-22.856608695652174	28.166652173913043	4.178565217391304	MITHRIL.9180	2.1143015844118966e-05	0.00045631244323342414	0.6324786324786325
MT-RNR2	1392	-24.2585	27.15735	0.4694	MITHRIL.9183	4.0023949984991327e-05	0.0	0.797008547008547
MT-RNR2	1393	-25.906782608695654	22.205782608695653	-4.51795652173913	MITHRIL.9186	2.2203866232591656e-05	0.0008775545851528385	0.6175213675213675
MT-RNR2	1394	-33.48686363636364	25.531409090909094	-7.762090909090909	MITHRIL.9189	7.430854433297786e-06	0.050089129129129134	0.532051282051282
MT-RNR2	1395	-26.792	28.96485	-8.517199999999999	MITHRIL.9192	3.952959731735595e-05	0.0	0.8846153846153846
MT-RNR2	1396	-22.4202	26.0777	-10.0287	MITHRIL.9195	4.094505072008459e-05	0.0	0.8034188034188033
MT-RNR2	1397	-18.6261	22.799100000000003	-10.6112	MITHRIL.9198	4.659634942490793e-05	0.0	0.7905982905982906
MT-RNR2	1398	-18.16134782608696	18.618739130434783	-10.790217391304347	MITHRIL.9201	2.45802344069718e-05	0.0	0.6068376068376068
MT-RNR2	1399	-12.20781818181818	16.44240909090909	-8.211590909090908	MITHRIL.9204	1.705461036792597e-05	0.013531491712707181	0.5384615384615384
MT-RNR2	1400	-13.200347826086956	13.01626086956522	-4.605130434782609	MITHRIL.9207	2.8488123653911375e-05	0.0	0.5982905982905983
MT-RNR2	1401	-14.72355	9.3963	-3.3485500000000004	MITHRIL.9210	5.4431229385073525e-05	0.0	0.7457264957264957
MT-RNR2	1402	-15.8586	6.67965	-5.71535	MITHRIL.9213	5.4350630529276516e-05	0.0	0.7521367521367521
MT-RNR2	1403	-20.62525	2.73685	-9.6905	MITHRIL.9216	2.7087072657564783e-05	0.02002923588039867	0.6196581196581197
MT-RNR2	1404	-19.643954545454548	0.3905454545454546	-13.944863636363635	MITHRIL.9219	1.0995253377760404e-05	0.0035334201615003905	0.5170940170940171
MT-RNR2	1405	-14.172	-1.5427391304347824	-15.32682608695652	MITHRIL.9222	3.418378336225093e-05	0.0	0.6816239316239315
MT-RNR2	1406	-10.232	-3.226954545454545	-14.243409090909092	MITHRIL.9225	2.48304614443986e-05	0.0	0.6025641025641025
MT-RNR2	1407	-5.5494	-4.5806	-12.34015	MITHRIL.9228	2.887904115114765e-05	0.03806218174291037	0.6175213675213675
MT-RNR2	1408	-2.35135	-5.8017	-8.507299999999999	MITHRIL.9231	3.4178091436021315e-05	0.09784116885518772	0.6367521367521368
MT-RNR2	1409	-2.182869565217392	-7.572217391304348	-3.841869565217391	MITHRIL.9234	2.6151811703432517e-05	0.0	0.5847578347578347
MT-RNR2	1410	-4.182217391304348	-10.427478260869565	-0.9624347826086956	MITHRIL.9237	2.508542124116605e-05	0.0	0.5854700854700855
MT-RNR2	1411	-7.657318181818183	-13.577954545454547	0.598909090909091	MITHRIL.9240	-2.3831386929561925e-06	0.45733397014925375	0.41595441595441596
MT-RNR2	1412	-9.918391304347823	-17.102391304347826	-0.909304347826087	MITHRIL.9243	9.452001516925725e-06	0.5998612875536481	0.5042735042735043
MT-RNR2	1413	-12.0911	-22.87405	-2.4219	MITHRIL.9246	-1.8034090114031895e-06	0.22795068222916323	0.41452991452991456
MT-RNR2	1414	-14.056363636363637	-19.685318181818182	-5.075318181818182	MITHRIL.9249	-9.612562851964517e-06	0.006350037174721189	0.34188034188034183
MT-RNR2	1415	-16.75222727272727	-16.135954545454545	-6.684954545454545	MITHRIL.9252	-9.628184628620914e-06	0.003175559652357124	0.3461538461538462
MT-RNR2	1416	-15.79435	-12.04235	-6.5881	MITHRIL.9255	2.830230388217931e-05	0.0	0.6474358974358975
MT-RNR2	1417	-14.6192	-8.46075	-2.84495	MITHRIL.9258	3.085740699669163e-05	0.002059579119978136	0.6367521367521367
MT-RNR2	1418	-11.99915	-4.9737	0.0343	MITHRIL.9261	5.578856548992302e-05	0.0	0.7692307692307692
MT-RNR2	1419	-13.676363636363636	2.3683636363636364	5.777863636363636	MITHRIL.9264	2.185651990243654e-05	0.0	0.5683760683760685
MT-RNR2	1420	-6.796391304347827	-0.7466086956521739	0.3502608695652174	MITHRIL.9267	5.439473945130587e-05	0.0	0.7350427350427351
MT-RNR2	1421	-5.205565217391304	1.7506521739130434	-3.7086956521739127	MITHRIL.9270	6.646927306662704e-05	0.0	0.7927350427350427
MT-RNR2	1422	-5.1896	3.93715	-7.61565	MITHRIL.9273	7.65780561229334e-05	0.0	0.8568376068376068
MT-RNR2	1423	-6.584650000000001	5.581650000000001	-12.7046	MITHRIL.9276	6.42892458537453e-05	0.0	0.8226495726495727
MT-RNR2	1424	-11.111608695652174	6.650608695652174	-14.847391304347829	MITHRIL.9279	2.8390047458960075e-05	0.0	0.6196581196581197
MT-RNR2	1425	-15.338695652173914	8.238695652173913	-14.508565217391304	MITHRIL.9282	3.1060114115433666e-05	0.0	0.6452991452991452
MT-RNR2	1426	-22.70205	11.34875	-17.9493	MITHRIL.9285	4.222617203192469e-05	0.0	0.8162393162393161
MT-RNR2	1427	-23.1054	16.78145	-13.0304	MITHRIL.9288	4.364954516888024e-05	0.0	0.7820512820512819
MT-RNR2	1428	-30.4216	19.20435	-14.6548	MITHRIL.9291	4.030129771890536e-05	0.0	0.888888888888889
MT-RNR2	1429	-33.66475	22.91805	-14.658449999999998	MITHRIL.9294	2.637054089141661e-05	0.0	0.8354700854700855
MT-RNR2	1430	-37.87795	26.92005	-19.28215	MITHRIL.9297	4.400728593470319e-06	0.13944775280898877	0.782051282051282
MT-RNR2	1431	-38.32718181818182	30.58004545454545	-12.189136363636363	MITHRIL.9300	4.193659476263961e-06	0.2157775571002979	0.6153846153846154
MT-RNR2	1432	-44.84445	30.6473	-10.7906	MITHRIL.9303	-1.3321300896002864e-06	0.38868679938744255	0.8589743589743589
MT-RNR2	1433	-45.27425	32.82915	-6.242	MITHRIL.9306	-1.5337480151816242e-06	0.6212542199488491	0.6346153846153846
MT-RNR2	1434	-43.4192	35.13985	-2.1724	MITHRIL.9309	-1.8194462354662366e-06	0.3254020696142991	0.7884615384615384
MT-RNR2	1435	-39.7915	37.92754545454545	-1.2016818181818183	MITHRIL.9312	-3.1625606320973564e-07	0.7436800886795067	0.4843304843304843
MT-RNR2	1436	-37.227050000000006	41.4591	-2.0331	MITHRIL.9315	-4.258120518508965e-07	0.5721978692772819	0.45726495726495725
MT-RNR2	1438	-35.45275	44.9037	-5.45075	MITHRIL.9322	-4.896826059372905e-06	0.2344368989205103	0.5883190883190883
MT-RNR2	1439	-31.224400000000003	51.65475	-5.5555	MITHRIL.9325	4.940238178531946e-06	0.19266673376950177	0.3461538461538462
MT-RNR2	1440	-31.6241	57.7749	-0.9582	MITHRIL.9328	1.3506094791140478e-05	0.0024355507675733906	0.2735042735042735
MT-RNR2	1441	-26.70190909090909	59.040818181818175	2.467590909090909	MITHRIL.9331	2.1715480624164712e-05	0.0	0.17094017094017092
MT-RNR2	1442	-22.24304545454545	59.60213636363637	7.682681818181819	MITHRIL.9334	1.5158740925686913e-05	0.0008775545851528385	0.23646723646723644
MT-RNR2	1443	-14.157681818181818	56.34259090909091	4.943909090909092	MITHRIL.9337	8.459282950762136e-06	0.02641921661977927	0.1987179487179487
MT-RNR2	1444	-11.26755	53.85744999999999	8.18225	MITHRIL.9340	-5.977315882767311e-07	0.8272493679488923	0.4764957264957265
MT-RNR2	1445	-6.16045	52.78905	9.0421	MITHRIL.9343	9.951929374278968e-07	0.7885214148615299	0.547008547008547
MT-RNR2	1446	-0.8993499999999999	52.63055000000001	8.6797	MITHRIL.9346	-1.2207506267559342e-06	0.7420029391376681	0.37606837606837606
MT-RNR2	1447	3.608	54.61015	8.02415	MITHRIL.9349	9.641733459210367e-07	0.4033125799573561	0.4743589743589743
MT-RNR2	1448	7.05495	58.31395	7.9689	MITHRIL.9352	3.9889373797666065e-06	0.16289154639175257	0.673076923076923
MT-RNR2	1449	8.8634	62.633500000000005	9.68075	MITHRIL.9355	2.9835526274059076e-07	0.7007932998324958	0.4893162393162393
MT-RNR2	1450	9.2875	65.6337	13.3496	MITHRIL.9358	-5.59655752736869e-09	0.9693443408788283	0.43803418803418803
MT-RNR2	1451	9.67795	65.8768	17.88745	MITHRIL.9361	-1.4706860711295161e-07	0.8314880347684368	0.3376068376068376
MT-RNR2	1452	12.4349	64.3244	20.0252	MITHRIL.9364	1.778490720097722e-06	0.48159715048975954	0.542022792022792
MT-RNR2	1453	17.64608695652174	60.73526086956522	18.74878260869565	MITHRIL.9367	5.594415236337809e-06	0.1317333333333333	0.6004273504273504
MT-RNR2	1454	14.966399999999998	62.920100000000005	23.86715	MITHRIL.9370	9.557781139998644e-06	0.011321690140845072	0.7585470085470085
MT-RNR2	1455	12.571409090909093	60.78159090909091	28.085818181818183	MITHRIL.9373	3.702246141308902e-06	0.21109804181878528	0.5576923076923076
MT-RNR2	1456	14.12445	58.25885	30.75815	MITHRIL.9376	9.220672099760364e-06	0.08042202459791863	0.673076923076923
MT-RNR2	1457	18.11869565217392	55.82078260869565	31.33634782608696	MITHRIL.9379	8.822119889731387e-06	0.03362020202020202	0.6175213675213675
MT-RNR2	1458	23.30154545454545	52.47309090909091	33.42604545454546	MITHRIL.9382	5.1969390772446e-06	0.2094446808510638	0.532051282051282
MT-RNR2	1459	23.32818181818181	52.44990909090909	29.07486363636364	MITHRIL.9385	4.906335993087717e-06	0.21442278900298115	0.5192307692307693
MT-RNR2	1460	21.95	51.157954545454544	25.122454545454545	MITHRIL.9388	5.4470996577248584e-06	0.16176346749226006	0.5213675213675214
MT-RNR2	1461	18.78804347826087	52.38165217391305	22.96552173913044	MITHRIL.9391	1.0417958245476507e-05	0.024330890052356023	0.6068376068376069
MT-RNR2	1462	15.432	54.624913043478266	21.56060869565217	MITHRIL.9394	6.622948461654799e-06	0.08447350009403799	0.5598290598290598
MT-RNR2	1463	8.950272727272727	57.46990909090909	22.471636363636364	MITHRIL.9397	3.056585344648123e-06	0.39414467043890505	0.5277777777777778
MT-RNR2	1464	4.260199999999999	58.825750000000006	22.5596	MITHRIL.9400	9.85543713206541e-07	0.42100558659217874	0.5149572649572649
MT-RNR2	1465	1.0435909090909092	62.65668181818182	21.75836363636364	MITHRIL.9403	4.833016791439868e-06	0.12774243070362473	0.13247863247863248
MT-RNR2	1466	-0.2284090909090908	65.6059090909091	18.599454545454545	MITHRIL.9406	4.8302160993563645e-06	0.1419596638655462	0.25356125356125353
MT-RNR2	1467	0.0720869565217391	67.16147826086956	14.039521739130434	MITHRIL.9409	-6.809797752679064e-07	0.9190687399463807	0.45726495726495725
MT-RNR2	1468	0.5149090909090909	66.99927272727273	9.273090909090907	MITHRIL.9412	-2.3696731030853976e-08	0.888710800268998	0.43304843304843305
MT-RNR2	1469	0.8953913043478261	64.69847826086956	4.951782608695653	MITHRIL.9415	1.2193316930248513e-06	0.7983785323110626	0.3782051282051282
MT-RNR2	1470	0.1712272727272727	61.50290909090909	1.7344090909090908	MITHRIL.9418	2.2132771725302183e-06	0.4674497840011917	0.30982905982905984
MT-RNR2	1471	-1.4443181818181818	57.121818181818185	-0.012590909090909	MITHRIL.9421	1.0364511574418978e-06	0.6395278170008472	0.2905982905982906
MT-RNR2	1472	-4.203454545454545	53.09890909090909	-0.6584545454545455	MITHRIL.9424	-7.594322396092401e-07	0.6215434251633059	0.2948717948717949
MT-RNR2	1473	-7.941549999999999	50.3613	-1.07065	MITHRIL.9427	2.6515958302373772e-06	0.47168656849620705	0.6153846153846154
MT-RNR2	1474	-12.806136363636364	50.76331818181818	-0.949818181818182	MITHRIL.9430	2.3804548275807846e-07	0.9069500134228187	0.3311965811965812
MT-RNR2	1475	-16.85309090909091	52.79372727272728	-2.291818181818182	MITHRIL.9433	5.434465338229787e-06	0.15688617296737442	0.22008547008547008
MT-RNR2	1476	-18.905826086956523	55.82717391304348	-5.314782608695652	MITHRIL.9436	-3.885249981827179e-06	0.20531050791007494	0.5235042735042735
MT-RNR2	1477	-18.46813043478261	58.155565217391306	-9.65186956521739	MITHRIL.9439	-2.74181387107719e-06	0.4172345693960951	0.48504273504273504
MT-RNR2	1478	-17.1779	59.7933	-14.12235	MITHRIL.9442	-8.134834236210952e-06	0.2544972289742343	0.5705128205128205
MT-RNR2	1479	-14.62345	60.31255	-18.8145	MITHRIL.9445	-8.058662897870916e-07	0.07201934369602764	0.4444444444444444
MT-RNR2	1480	-10.08345	65.0056	-19.85475	MITHRIL.9448	9.235824209911821e-06	0.23398213643055782	0.30128205128205127
MT-RNR2	1481	-6.167454545454546	62.161181818181824	-20.76022727272728	MITHRIL.9451	1.0121233101283467e-05	0.043518178121187474	0.2692307692307692
MT-RNR2	1482	-3.9275	58.0972	-21.84395	MITHRIL.9454	3.2818074075451114e-06	0.7779430927835052	0.36752136752136755
MT-RNR2	1483	-4.799300000000001	53.818650000000005	-23.19585	MITHRIL.9457	-3.315422692044986e-06	0.21041752988047807	0.5128205128205129
MT-RNR2	1484	-8.05495	50.0553	-24.97015	MITHRIL.9460	9.041566882876427e-07	0.8442770731707318	0.40811965811965817
MT-RNR2	1485	-9.8363	51.97365	-28.1587	MITHRIL.9463	1.5996826551305282e-05	0.010669183577159036	0.15811965811965814
MT-RNR2	1486	-11.91209090909091	55.71436363636363	-30.655181818181816	MITHRIL.9466	2.1772199470815114e-05	0.0	0.14957264957264957
MT-RNR2	1487	-19.35285	60.024800000000006	-32.12955	MITHRIL.9469	2.6034991707817695e-05	0.0	0.1581196581196581
MT-RNR2	1488	-18.48027272727273	57.366090909090914	-26.271818181818183	MITHRIL.9472	1.2956075561880852e-05	0.0028052113799521402	0.2742165242165242
MT-RNR2	1489	-18.05163636363636	53.98954545454546	-22.571272727272728	MITHRIL.9475	2.1306266383877873e-05	0.0	0.10826210826210825
MT-RNR2	1490	-14.891136363636363	52.34554545454546	-19.308136363636365	MITHRIL.9478	6.263588733972744e-06	0.11974347202295553	0.2898860398860399
MT-RNR2	1491	-10.519695652173914	51.61704347826087	-16.30386956521739	MITHRIL.9481	2.4632801635812377e-06	0.7292092790665371	0.3311965811965812
MT-RNR2	1492	-6.03015	49.0013	-15.59385	MITHRIL.9484	6.895029674490327e-07	0.8583459167117362	0.2371794871794872
MT-RNR2	1493	-7.335217391304348	55.3025652173913	-13.876347826086956	MITHRIL.9487	-2.1867335672583607e-07	0.6746796018505538	0.44017094017094016
MT-RNR2	1494	-7.78895	59.249300000000005	-11.49415	MITHRIL.9490	-3.328965042032259e-06	0.7524539195354624	0.5256410256410257
MT-RNR2	1495	-10.33145	62.112750000000005	-7.976349999999999	MITHRIL.9493	-3.801718684574422e-06	0.2403067492663841	0.5192307692307693
MT-RNR2	1496	-12.69585	62.95735	-3.51885	MITHRIL.9496	-4.147998267005237e-06	0.18080271094544223	0.5170940170940171
MT-RNR2	1497	-13.602100000000002	61.56135	1.0116999999999998	MITHRIL.9499	-7.680177732456994e-06	0.0465016333938294	0.5918803418803419
MT-RNR2	1498	-17.0125	63.8566	6.434900000000001	MITHRIL.9502	1.9250320584981908e-05	0.00045631244323342414	0.1688034188034188
MT-RNR2	1499	-18.7666	61.39640000000001	13.2533	MITHRIL.9505	1.6980200767733713e-05	0.0008775545851528385	0.21153846153846154
MT-RNR2	1500	-18.2679	58.88225	17.85735	MITHRIL.9508	1.8601745702109657e-05	0.0	0.17307692307692304
MT-RNR2	1501	-17.9449	55.3124	21.2483	MITHRIL.9511	1.2347354582651166e-05	0.022213462384513858	0.23076923076923075
MT-RNR2	1502	-18.00645	54.9601	27.62195	MITHRIL.9514	1.580437597344662e-05	0.0008775545851528385	0.1987179487179487
MT-RNR2	1503	-15.115608695652174	52.14626086956522	30.65791304347826	MITHRIL.9517	1.2680839770339388e-05	0.01195632291180588	0.18376068376068377
MT-RNR2	1504	-13.3616	53.8744	34.79235	MITHRIL.9520	-2.3441495077110984e-06	0.8110151829601311	0.4764957264957265
MT-RNR2	1505	-10.935590909090909	58.35277272727273	37.00563636363636	MITHRIL.9523	1.141164963468534e-05	0.013531491712707181	0.24074074074074073
MT-RNR2	1506	-11.68409090909091	62.39877272727272	40.03636363636363	MITHRIL.9526	1.025632018393809e-05	0.10962945764556502	0.28917378917378916
MT-RNR2	1507	-13.971909090909092	66.20795454545454	43.28481818181819	MITHRIL.9529	1.8048295093375724e-05	0.0016709534368070955	0.21509971509971507
MT-RNR2	1508	-15.95535	67.76304999999999	47.0893	MITHRIL.9532	-9.250906438933537e-06	0.04731801167236868	0.5384615384615384
MT-RNR2	1509	-18.157434782608696	65.54308695652173	50.48304347826088	MITHRIL.9535	-2.641085590192477e-06	0.39773333333333327	0.4594017094017094
MT-RNR2	1510	-22.154636363636364	62.1895	53.85686363636364	MITHRIL.9538	1.388783277214966e-05	0.03725733277939344	0.30982905982905984
MT-RNR2	1511	-23.7459	58.3803	56.58455	MITHRIL.9541	6.625827366568344e-06	0.44338721872187215	0.3782051282051282
MT-RNR2	1512	-21.283	56.06022727272728	58.6150909090909	MITHRIL.9544	2.9670870332057826e-05	0.0	0.198005698005698
MT-RNR2	1513	-19.4086	64.53529999999999	62.89955	MITHRIL.9547	-5.762557545619645e-07	0.904198549556809	0.43732193732193725
MT-RNR2	1514	-13.729	62.09465	58.83075	MITHRIL.9550	3.493711016020104e-05	0.0	0.1047008547008547
MT-RNR2	1515	-13.608863636363637	60.86745454545455	54.79509090909091	MITHRIL.9553	1.0924851665736394e-06	0.4496581426648722	0.42094017094017094
MT-RNR2	1516	-14.505	60.1389	50.6659	MITHRIL.9556	-8.269529057875693e-06	0.03335216016859852	0.5235042735042735
MT-RNR2	1517	-14.70335	59.231	43.26955	MITHRIL.9559	7.265687281384704e-07	0.510531842260153	0.4230769230769231
MT-RNR2	1518	-21.1287	59.54105	44.90445	MITHRIL.9562	-1.811430338117867e-05	0.0	0.6175213675213675
MT-RNR2	1519	-25.38545	51.74125	42.1787	MITHRIL.9565	2.5393715346470792e-05	0.0	0.1923076923076923
MT-RNR2	1520	-25.7205	59.08181818181818	47.67968181818182	MITHRIL.9568	5.130060676701482e-06	0.640836589497459	0.3867521367521367
MT-RNR2	1521	-27.32913636363636	63.56531818181818	45.67436363636364	MITHRIL.9571	5.0626356577114176e-06	0.2585094083414161	0.3867521367521367
MT-RNR2	1522	-25.22035	65.68685	41.7259	MITHRIL.9574	3.1336335100835846e-05	0.0	0.1388888888888889
MT-RNR2	1523	-21.3409	67.8985	38.4872	MITHRIL.9577	-4.5075011679101845e-06	0.2394800652528548	0.4807692307692308
MT-RNR2	1524	-17.66745	67.26745	34.66095	MITHRIL.9580	-1.627623160217249e-05	0.008359199421268386	0.6317663817663818
MT-RNR2	1525	-14.780954545454543	64.25168181818182	31.05736363636364	MITHRIL.9583	1.1404200730667285e-05	0.02874856408058294	0.2820512820512821
MT-RNR2	1526	-16.569956521739133	62.530739130434775	28.109130434782607	MITHRIL.9586	1.9635931856060585e-05	0.003175559652357124	0.1858974358974359
MT-RNR2	1527	-21.28905	63.05825	24.9026	MITHRIL.9589	1.1749882676756169e-05	0.014479048490393413	0.301994301994302
MT-RNR2	1528	-26.078136363636364	63.51113636363636	19.40568181818182	MITHRIL.9592	1.747191396167061e-05	0.007018823529411765	0.25783475783475784
MT-RNR2	1529	-32.54735	68.2988	21.08515	MITHRIL.9595	2.1791942982238273e-05	0.0	0.2336182336182336
MT-RNR2	1530	-28.777300000000004	63.92495	15.0055	MITHRIL.9598	3.1481206939291555e-05	0.0	0.1339031339031339
MT-RNR2	1531	-26.83686363636364	67.0690909090909	10.959	MITHRIL.9601	2.179162218675624e-05	0.0	0.2257834757834758
MT-RNR2	1532	-26.6263	68.6905	6.9458	MITHRIL.9604	3.0351492984556194e-05	0.0	0.1467236467236467
MT-RNR2	1533	-27.53459090909091	67.30763636363636	2.1417272727272727	MITHRIL.9607	2.9605592391543695e-05	0.0	0.15099715099715097
MT-RNR2	1534	-29.8888	66.54285	-1.63275	MITHRIL.9610	2.5170866502489686e-05	0.0	0.19444444444444442
MT-RNR2	1535	-34.029700000000005	66.93375	-4.1362000000000005	MITHRIL.9613	2.0946167541043338e-05	0.0	0.24145299145299146
MT-RNR2	1536	-36.5369	70.20635	-5.65085	MITHRIL.9616	2.9429665761901495e-06	0.8875305260325574	0.40598290598290604
MT-RNR2	1537	-41.263318181818185	72.69713636363636	-11.165227272727272	MITHRIL.9619	1.858587691279643e-06	0.583320585701981	0.4166666666666667
MT-RNR2	1538	-45.3397	73.23150000000001	-13.417849999999998	MITHRIL.9622	3.9659992955127675e-05	0.0	0.12393162393162394
MT-RNR2	1539	-48.10609090909091	70.15481818181819	-16.453954545454547	MITHRIL.9625	3.500485653200013e-05	0.0	0.16951566951566951
MT-RNR2	1540	-49.7905	70.3087	-23.24605	MITHRIL.9628	3.8661717971631205e-05	0.0	0.14957264957264957
MT-RNR2	1541	-49.04665	66.05575	-24.49925	MITHRIL.9631	3.735469520544363e-05	0.0	0.16025641025641024
MT-RNR2	1542	-49.1658	63.0669	-30.93465	MITHRIL.9634	4.3110910480857584e-05	0.0	0.11538461538461538
MT-RNR2	1543	-44.962318181818176	61.842409090909086	-32.56195454545455	MITHRIL.9637	2.338297485981899e-05	0.0	0.25213675213675213
MT-RNR2	1544	-40.25305	61.46815	-33.37425	MITHRIL.9640	-7.084841189597028e-07	0.886027556512379	0.43803418803418803
MT-RNR2	1545	-35.560050000000004	61.71395	-31.62745	MITHRIL.9643	-5.952966636190926e-06	0.010342830099384762	0.48504273504273504
MT-RNR2	1546	-32.2969	60.9378	-27.90855	MITHRIL.9646	5.6207267850064674e-08	0.11764834532374102	0.43162393162393164
MT-RNR2	1547	-27.330590909090912	62.7895	-24.072045454545457	MITHRIL.9649	2.5201630668620488e-05	0.0	0.1851851851851852
MT-RNR2	1548	-32.009136363636365	58.57718181818182	-21.62840909090909	MITHRIL.9652	7.096049073504003e-06	0.055744936708860764	0.3611111111111111
MT-RNR2	1549	-33.06086956521739	54.12008695652174	-21.84691304347826	MITHRIL.9655	1.931162541551135e-05	0.012600836042731071	0.22435897435897437
MT-RNR2	1550	-36.67172727272728	47.42781818181818	-20.170318181818185	MITHRIL.9658	5.758360956526433e-06	0.2980433581971116	0.3561253561253561
MT-RNR2	1551	-40.72168181818181	49.31022727272728	-21.38959090909091	MITHRIL.9661	2.3512066175035755e-05	0.0	0.1858974358974359
MT-RNR2	1552	-42.6652	52.76520000000001	-20.79855	MITHRIL.9664	2.895935557409233e-05	0.0	0.16452991452991453
MT-RNR2	1553	-41.55940909090909	56.94136363636364	-19.382272727272724	MITHRIL.9667	-3.258763290571596e-06	0.2396868373837873	0.4615384615384615
MT-RNR2	1554	-39.3365652173913	61.12160869565218	-19.70521739130435	MITHRIL.9670	5.194443663422017e-06	0.024622086691352647	0.38675213675213677
MT-RNR2	1555	-37.469869565217394	65.13465217391304	-21.72917391304348	MITHRIL.9673	-4.8974225104419534e-06	0.22245118733509237	0.4743589743589744
MT-RNR2	1556	-37.55769565217391	68.11652173913043	-25.399391304347827	MITHRIL.9676	5.724944397533645e-07	0.03725733277939344	0.4273504273504274
MT-RNR2	1557	-39.2659	70.39195	-28.92865	MITHRIL.9679	1.0825862108507953e-05	0.09847707641196013	0.34401709401709396
MT-RNR2	1558	-39.32165	77.76065	-31.1561	MITHRIL.9682	2.0386629840273677e-05	0.00045631244323342414	0.2606837606837607
MT-RNR2	1559	-31.7691	74.6067	-33.02185	MITHRIL.9685	-2.7518836066327466e-06	0.9125293265360879	0.45726495726495725
