gene	Gene_position	x_coord	y_coord	z_coord	Ref
MTRNR1	1	74.98986956521739	3.7923043478260867	-17.81513043478261	A
MTRNR1	2	78.75445454545455	2.011318181818182	-16.298545454545454	A
MTRNR1	3	85.0814	0.8178000000000001	-16.398699999999998	U
MTRNR1	4	80.69254545454545	-0.9821818181818182	-11.784409090909092	A
MTRNR1	5	78.44004347826088	-2.0445217391304347	-7.095739130434782	G
MTRNR1	6	74.97547826086956	-3.3360869565217395	-3.7930869565217393	G
MTRNR1	7	71.80825	-6.0137	-2.43465	U
MTRNR1	8	67.50784999999999	-10.9714	-3.3732999999999995	U
MTRNR1	9	68.36675	-15.19555	0.37744999999999995	U
MTRNR1	10	68.87004347826087	-20.717956521739133	3.5548260869565214	G
MTRNR1	11	72.01673913043479	-19.968999999999998	0.4240434782608696	G
MTRNR1	12	74.40045	-19.323249999999998	-3.8749000000000002	U
MTRNR1	13	74.7551	-18.0606	-8.605	C
MTRNR1	14	72.65805	-15.7794	-12.434149999999999	C
MTRNR1	15	69.82165	-12.422450000000001	-14.46755	U
MTRNR1	16	67.97022727272727	-8.250318181818182	-13.353318181818183	A
MTRNR1	17	66.13026086956522	-3.707391304347826	-11.436739130434784	G
MTRNR1	18	66.4542	0.31415000000000004	-9.303700000000001	C
MTRNR1	19	69.2634	3.3453000000000004	-6.9027	C
MTRNR1	20	73.75455	5.48265	-5.7444	U
MTRNR1	21	77.9657	7.491200000000001	-6.821299999999999	U
MTRNR1	22	79.65965	11.7499	-9.6731	U
MTRNR1	23	79.13534999999999	16.37865	-11.58415	C
MTRNR1	24	76.64695	20.734	-12.2908	U
MTRNR1	25	72.66550000000001	23.975181818181817	-11.349136363636363	A
MTRNR1	26	69.43095	26.70365	-9.03815	U
MTRNR1	27	67.0521	27.86025	-4.9926	U
MTRNR1	28	66.96195454545455	27.165272727272725	0.05236363636363633	A
MTRNR1	29	69.104	26.70804347826087	4.560695652173913	G
MTRNR1	30	72.03144999999999	28.213299999999997	7.55445	C
MTRNR1	31	75.78200000000001	30.91625	7.718649999999999	U
MTRNR1	32	78.9936	34.5563	5.880599999999999	C
MTRNR1	33	85.51820000000001	37.8124	4.06545	U
MTRNR1	34	86.8154	41.1882	-0.18109999999999998	U
MTRNR1	35	87.35709090909091	42.39590909090909	-5.074318181818182	A
MTRNR1	36	86.4675652173913	41.81721739130435	-9.902782608695652	G
MTRNR1	37	84.24205	40.9264	-13.85715	U
MTRNR1	38	80.05722727272727	38.62522727272727	-15.750181818181819	A
MTRNR1	39	75.58145454545455	38.43731818181818	-15.748727272727272	A
MTRNR1	40	71.28791304347827	39.71591304347826	-14.181391304347827	G
MTRNR1	41	61.74727272727273	39.642227272727276	-11.91022727272727	A
MTRNR1	42	59.3701	33.91005	-11.088750000000001	U
MTRNR1	43	55.3278	35.06895	-13.919	U
MTRNR1	44	52.610409090909094	36.15863636363636	-21.951136363636365	A
MTRNR1	45	49.07595	38.60105	-14.91385	C
MTRNR1	46	48.351409090909094	43.95104545454546	-13.627772727272726	A
MTRNR1	47	49.75795	48.4357	-13.77155	C
MTRNR1	48	52.02554545454545	54.43027272727272	-10.403454545454546	A
MTRNR1	49	54.079750000000004	57.51025	-12.0335	U
MTRNR1	50	58.189913043478256	58.93982608695652	-14.950869565217392	G
MTRNR1	51	60.22095	59.529849999999996	-18.871000000000002	C
MTRNR1	52	61.16459090909091	56.74827272727273	-23.569000000000003	A
MTRNR1	53	62.608	58.34540909090909	-30.996363636363636	A
MTRNR1	54	62.06434782608696	63.573913043478264	-33.02717391304348	G
MTRNR1	55	64.82755	66.70660000000001	-35.396550000000005	C
MTRNR1	56	64.63863636363637	70.17731818181818	-38.21159090909091	A
MTRNR1	57	64.69995	76.62195	-41.98925	U
MTRNR1	58	59.57685	73.2217	-43.74495	C
MTRNR1	59	57.751999999999995	69.34465	-45.474149999999995	C
MTRNR1	60	58.3004	65.0958	-45.1125	C
MTRNR1	61	60.048249999999996	61.068949999999994	-43.3776	C
MTRNR1	62	60.32026086956522	58.46165217391304	-39.22021739130435	G
MTRNR1	63	58.580650000000006	56.0818	-35.8935	U
MTRNR1	64	57.244550000000004	50.6308	-38.08485	U
MTRNR1	65	62.992200000000004	49.4832	-35.15785	C
MTRNR1	66	65.47965	48.051550000000006	-31.8293	C
MTRNR1	67	64.54722727272727	46.045863636363634	-27.878954545454544	A
MTRNR1	68	62.05065217391304	42.50747826086957	-25.469695652173915	G
MTRNR1	69	60.33235	38.53405	-23.70095	U
MTRNR1	70	59.17273913043478	33.683608695652175	-25.0	G
MTRNR1	71	52.955363636363636	32.38272727272727	-25.385272727272728	A
MTRNR1	72	52.43608695652174	29.621000000000002	-28.656434782608695	G
MTRNR1	73	53.128600000000006	26.419600000000003	-31.429750000000002	U
MTRNR1	74	55.859950000000005	22.24495	-37.88985	U
MTRNR1	75	56.46105	28.5751	-39.84925	C
MTRNR1	76	61.749545454545455	29.105500000000003	-39.65768181818182	A
MTRNR1	77	65.923	28.485899999999997	-44.38155	C
MTRNR1	78	67.31955	27.6877	-49.133050000000004	C
MTRNR1	79	66.5222	28.200499999999998	-54.0283	C
MTRNR1	80	64.1894	30.3165	-58.0159	U
MTRNR1	81	62.278949999999995	34.1139	-59.72275	C
MTRNR1	82	61.6063	38.6759	-59.3428	U
MTRNR1	83	59.79750000000001	43.913909090909094	-55.71122727272727	A
MTRNR1	84	61.52618181818182	47.34854545454545	-53.32990909090909	A
MTRNR1	85	65.053	49.59795454545454	-51.91295454545455	A
MTRNR1	86	69.412	51.581849999999996	-51.72115	U
MTRNR1	87	73.5867	52.631550000000004	-54.2417	C
MTRNR1	88	75.2325	59.24227272727273	-56.84372727272727	A
MTRNR1	89	71.58025	58.759699999999995	-59.287	C
MTRNR1	90	68.30645	57.25595	-64.02380000000001	C
MTRNR1	91	69.05795454545454	53.05981818181818	-65.51899999999999	A
MTRNR1	92	70.55985	48.64445	-65.5967	C
MTRNR1	93	72.3405652173913	45.76952173913044	-62.51604347826087	G
MTRNR1	94	73.47504545454545	43.81663636363636	-58.339772727272724	A
MTRNR1	95	73.0851	42.419349999999994	-53.88295000000001	U
MTRNR1	96	70.311	41.2358	-50.40845	C
MTRNR1	97	66.09040909090909	39.36813636363637	-49.73068181818182	A
MTRNR1	98	59.29627272727273	39.5255	-49.49545454545455	A
MTRNR1	99	55.97704545454545	37.07572727272727	-51.04331818181818	A
MTRNR1	100	54.810272727272725	33.39504545454545	-53.19809090909091	A
MTRNR1	101	55.81308695652174	28.877521739130433	-54.668173913043475	G
MTRNR1	102	58.074	24.561304347826084	-53.9491304347826	G
MTRNR1	103	59.955954545454546	21.294136363636365	-51.11136363636364	A
MTRNR1	104	61.00286363636364	19.840272727272726	-46.74581818181818	A
MTRNR1	105	60.93685000000001	19.346700000000002	-42.04855	C
MTRNR1	106	58.87290909090909	18.032545454545456	-33.97786363636363	A
MTRNR1	107	57.7355	14.638954545454546	-30.73031818181818	A
MTRNR1	108	54.72230434782609	11.264304347826087	-28.914565217391303	G
MTRNR1	109	51.420500000000004	7.9778	-28.940999999999995	C
MTRNR1	110	48.35590909090909	4.118636363636363	-33.167545454545454	A
MTRNR1	111	43.94645	1.41715	-27.1033	U
MTRNR1	112	44.74865	7.62235	-32.1385	C
MTRNR1	113	43.64140909090909	3.6628181818181815	-37.7795	A
MTRNR1	114	39.86054545454545	5.144772727272727	-42.03218181818182	A
MTRNR1	115	39.4104347826087	10.200695652173914	-44.07795652173913	G
MTRNR1	116	35.95155	12.1997	-44.98365	C
MTRNR1	117	36.15	15.925818181818181	-50.99886363636363	A
MTRNR1	118	40.93805	16.489449999999998	-50.00555	C
MTRNR1	119	42.546565217391304	16.19717391304348	-57.28730434782609	G
MTRNR1	120	44.58795	17.0297	-61.6179	C
MTRNR1	121	44.20731818181818	18.898681818181817	-66.32145454545456	A
MTRNR1	122	43.44908695652174	22.651	-68.83647826086957	G
MTRNR1	123	43.7226	27.8416	-72.40575	C
MTRNR1	124	39.589636363636366	27.378	-70.62581818181819	A
MTRNR1	125	35.12195454545454	26.059545454545454	-69.81195454545455	A
MTRNR1	126	34.1277	22.92455	-67.6079	U
MTRNR1	127	35.40086956521739	17.503304347826088	-67.26426086956522	G
MTRNR1	128	35.87565	13.248249999999999	-65.5485	C
MTRNR1	129	35.89609090909091	11.260227272727272	-61.092727272727274	A
MTRNR1	130	39.433521739130434	9.68095652173913	-56.925782608695656	G
MTRNR1	131	43.537349999999996	10.1806	-54.227599999999995	C
MTRNR1	132	46.413850000000004	9.394200000000001	-50.06365	U
MTRNR1	133	47.86835	6.1668	-46.8143	C
MTRNR1	134	49.204	1.3461363636363635	-42.22836363636364	A
MTRNR1	135	56.878	1.4292272727272726	-45.09159090909091	A
MTRNR1	136	52.773500000000006	5.042090909090909	-39.762818181818176	A
MTRNR1	137	47.301318181818175	9.799227272727272	-41.62386363636364	A
MTRNR1	138	45.15605	12.88615	-40.05195	C
MTRNR1	139	44.90908695652174	14.138173913043477	-35.435391304347824	G
MTRNR1	140	45.08995	15.739949999999999	-30.880149999999997	C
MTRNR1	141	47.84015	17.2699	-27.034100000000002	U
MTRNR1	142	51.78675	19.58825	-25.29975	U
MTRNR1	143	55.406363636363636	22.762227272727273	-26.504181818181817	A
MTRNR1	144	60.27139130434782	28.669260869565218	-27.67621739130435	G
MTRNR1	145	63.893600000000006	26.338350000000002	-30.2349	C
MTRNR1	146	67.01065	23.6694	-35.0589	C
MTRNR1	147	70.95439999999999	28.74855	-30.3676	U
MTRNR1	148	77.6700909090909	33.90627272727273	-34.653318181818186	A
MTRNR1	149	70.68330434782608	34.45443478260869	-32.718434782608696	G
MTRNR1	150	66.2895	34.49375	-35.1412	C
MTRNR1	151	61.345150000000004	34.17865	-35.54600000000001	C
MTRNR1	152	57.09418181818182	35.55718181818182	-33.6390909090909	A
MTRNR1	153	53.885850000000005	38.392450000000004	-31.6776	C
MTRNR1	154	53.29663636363637	42.877227272727275	-30.032045454545457	A
MTRNR1	155	46.493	44.5043	-24.919900000000002	C
MTRNR1	156	43.381	40.4758	-26.208350000000003	C
MTRNR1	157	40.322050000000004	38.3891	-29.72675	C
MTRNR1	158	43.14985	34.39585	-34.620400000000004	C
MTRNR1	159	43.1596	38.72895	-36.2318	C
MTRNR1	160	42.04395454545455	42.81677272727273	-35.16072727272728	A
MTRNR1	161	37.512600000000006	47.10185	-38.11195	C
MTRNR1	162	35.7375652173913	47.05243478260869	-34.194478260869566	G
MTRNR1	163	34.853521739130436	46.054173913043485	-29.550217391304347	G
MTRNR1	164	36.00265217391304	45.60260869565217	-24.884	G
MTRNR1	165	36.81740909090909	48.63286363636364	-22.729136363636364	A
MTRNR1	166	40.148681818181814	51.822318181818176	-21.329818181818183	A
MTRNR1	167	45.67131818181818	48.983181818181826	-21.636318181818183	A
MTRNR1	168	53.7197	48.379599999999996	-17.8684	C
MTRNR1	169	54.69536363636364	41.86786363636364	-22.132227272727274	A
MTRNR1	170	59.65491304347827	49.64734782608695	-22.045217391304348	G
MTRNR1	171	63.07885	49.9825	-18.436799999999998	C
MTRNR1	172	63.01918181818182	50.76154545454545	-13.653363636363638	A
MTRNR1	173	60.25491304347826	49.305217391304346	-10.39095652173913	G
MTRNR1	174	56.6562	47.7216	-7.207800000000001	U
MTRNR1	175	52.52417391304348	44.40160869565217	-5.936521739130434	G
MTRNR1	176	51.031090909090906	40.316545454545455	-5.3155	A
MTRNR1	177	51.55800000000001	36.02235	-5.09135	U
MTRNR1	178	54.6604	32.56205	-4.83085	U
MTRNR1	179	59.48109090909091	27.53631818181818	-5.222363636363636	A
MTRNR1	180	61.13400000000001	31.205181818181817	-7.350227272727273	A
MTRNR1	181	62.8772	37.08485	-5.7186	C
MTRNR1	182	68.01995	43.033550000000005	-9.6186	C
MTRNR1	183	68.6996	49.42285	-8.3669	U
MTRNR1	184	62.63250000000001	54.783249999999995	-7.3399	U
MTRNR1	185	70.29365	56.0086	-11.5228	U
MTRNR1	186	73.13395454545454	58.736318181818184	-15.194454545454546	A
MTRNR1	187	74.29760869565217	60.33882608695653	-19.61082608695652	G
MTRNR1	188	74.3714	61.1974	-24.4947	C
MTRNR1	189	80.713	60.583727272727266	-24.443818181818184	A
MTRNR1	190	81.16131818181817	56.66859090909091	-27.71159090909091	A
MTRNR1	191	79.79185	54.069	-31.177699999999998	U
MTRNR1	192	75.63022727272727	53.59595454545455	-33.51918181818182	A
MTRNR1	193	71.57727272727273	55.13368181818182	-35.5875	A
MTRNR1	194	68.4719090909091	58.43368181818182	-37.44168181818182	A
MTRNR1	195	67.6309	62.1289	-40.0459	C
MTRNR1	196	70.11791304347825	65.93926086956522	-42.10856521739131	G
MTRNR1	197	72.15522727272727	70.10013636363637	-46.05386363636364	A
MTRNR1	198	74.7849090909091	69.64627272727272	-42.454772727272726	A
MTRNR1	199	76.78668181818182	70.78181818181818	-38.00668181818182	A
MTRNR1	200	75.66878260869565	67.8445652173913	-35.05543478260869	G
MTRNR1	201	72.17994999999999	67.00125	-31.45455	U
MTRNR1	202	69.5252	63.8319	-28.8916	U
MTRNR1	203	69.07255	59.50025000000001	-26.79615	U
MTRNR1	204	66.60527272727273	55.39822727272727	-19.66409090909091	A
MTRNR1	205	70.18995454545455	51.83868181818182	-26.450181818181818	A
MTRNR1	206	73.43285	50.872	-24.5031	C
MTRNR1	207	77.6164	51.6093	-22.0993	U
MTRNR1	208	79.312	52.47050000000001	-17.611636363636364	A
MTRNR1	209	78.46909090909091	51.57172727272727	-12.831999999999999	A
MTRNR1	210	75.89399999999999	49.30313043478261	-8.894086956521738	G
MTRNR1	211	74.77975	45.9708	-6.0920499999999995	C
MTRNR1	212	74.58250000000001	41.157650000000004	-5.06015	U
MTRNR1	213	76.96745454545454	34.359272727272725	-1.4395909090909091	A
MTRNR1	214	74.79245	33.358850000000004	-7.607850000000001	U
MTRNR1	215	79.53713636363636	31.668000000000003	-9.787272727272727	A
MTRNR1	216	84.2322	31.139549999999996	-10.693349999999999	C
MTRNR1	217	89.0192	32.627449999999996	-10.11495	U
MTRNR1	218	92.5215	34.77081818181818	-7.110545454545454	A
MTRNR1	219	94.25945454545455	35.54722727272727	-2.7985454545454544	A
MTRNR1	220	94.94555	35.3985	1.85195	C
MTRNR1	221	98.00505000000001	38.50775	6.1405	C
MTRNR1	222	92.55705	38.18855	9.01775	C
MTRNR1	223	90.43100000000001	34.732600000000005	8.7208	C
MTRNR1	224	86.06318181818182	29.252863636363635	8.4265	A
MTRNR1	225	82.24082608695652	25.659000000000002	9.101521739130435	G
MTRNR1	226	78.97547826086956	22.323478260869567	7.659565217391304	G
MTRNR1	227	77.71886956521739	17.923521739130432	7.461913043478261	G
MTRNR1	228	77.5778	13.61805	8.5928	U
MTRNR1	229	79.3899	9.42315	11.0529	U
MTRNR1	230	76.02021739130434	1.7619130434782608	9.849608695652174	G
MTRNR1	231	77.54352173913044	0.16626086956521743	5.401173913043478	G
MTRNR1	232	78.90115	1.1266	1.3528	U
MTRNR1	233	81.02465	4.2228	0.6468499999999999	C
MTRNR1	234	85.33995454545455	7.452909090909091	4.026272727272727	A
MTRNR1	235	85.04695454545454	7.574409090909091	8.644636363636364	A
MTRNR1	236	83.1352	7.53625	15.865649999999999	U
MTRNR1	237	83.53290000000001	7.091200000000001	21.6278	U
MTRNR1	238	80.4414	6.8152	25.655399999999997	U
MTRNR1	239	76.1356	7.4069	28.17525	C
MTRNR1	240	70.93126086956522	7.393739130434783	27.654086956521738	G
MTRNR1	241	66.9935	5.45565	27.032400000000003	U
MTRNR1	242	65.23104347826087	1.3850434782608696	26.703478260869563	G
MTRNR1	243	60.697900000000004	-1.9391500000000002	19.9798	C
MTRNR1	244	59.0495	3.58365	21.94325	C
MTRNR1	245	60.686818181818175	7.783954545454546	19.965818181818182	A
MTRNR1	246	62.17926086956522	8.248304347826087	15.819347826086958	G
MTRNR1	247	65.12625	8.2711	11.46555	C
MTRNR1	248	66.62745	7.205150000000001	6.779850000000001	C
MTRNR1	249	69.65440909090908	7.051954545454546	0.6321363636363636	A
MTRNR1	250	68.39495000000001	2.21035	0.35755	C
MTRNR1	251	68.70135	-1.8476	3.0347999999999997	C
MTRNR1	252	66.90417391304348	-1.7035217391304347	7.6872173913043484	G
MTRNR1	253	67.68865	-0.93385	12.895050000000001	C
MTRNR1	254	65.10721739130435	-0.30734782608695654	17.322739130434783	G
MTRNR1	255	62.63073913043478	-4.766869565217392	21.406652173913045	G
MTRNR1	256	66.76635	-2.8737	28.889049999999997	U
MTRNR1	257	74.58500000000001	-4.1348	26.5276	C
MTRNR1	258	71.58259090909091	1.4779090909090906	21.290863636363635	A
MTRNR1	259	78.7054	1.0464499999999999	16.69285	C
MTRNR1	260	72.92786363636364	2.313181818181818	13.527636363636363	A
MTRNR1	261	69.6581	7.52355	17.20895	C
MTRNR1	262	70.3164347826087	11.64382608695652	20.132347826086956	G
MTRNR1	263	73.65718181818183	14.34990909090909	21.747136363636365	A
MTRNR1	264	78.0158	15.6684	22.3932	U
MTRNR1	265	83.02495	15.15295	21.647100000000002	U
MTRNR1	266	86.08881818181818	14.28390909090909	18.178272727272727	A
MTRNR1	267	87.29690909090908	13.848863636363637	13.600363636363637	A
MTRNR1	268	87.49635	13.634	8.596599999999999	C
MTRNR1	269	86.43695	15.466149999999999	3.9097	C
MTRNR1	270	85.99504999999999	19.4028	1.22285	C
MTRNR1	271	86.79863636363636	23.98990909090909	1.7723636363636361	A
MTRNR1	272	84.09759090909091	30.292681818181816	2.1592272727272728	A
MTRNR1	273	80.03386956521739	27.77121739130435	0.25065217391304345	G
MTRNR1	274	78.35995	23.21655	0.692	U
MTRNR1	275	75.70915	20.07975	-0.8015000000000001	C
MTRNR1	276	69.539	18.4345	0.3236363636363636	A
MTRNR1	277	66.29313636363636	17.95177272727273	-2.9071818181818183	A
MTRNR1	278	64.5264	17.71315	-7.12815	U
MTRNR1	279	65.90240909090909	17.759454545454545	-11.930818181818182	A
MTRNR1	280	68.9535652173913	16.423608695652174	-15.502521739130435	G
MTRNR1	281	72.51854545454545	14.020999999999999	-17.73409090909091	A
MTRNR1	282	72.27209090909092	8.390363636363636	-19.697954545454547	A
MTRNR1	283	68.83708695652173	5.697086956521739	-24.04869565217391	G
MTRNR1	284	70.50835	1.2412	-30.0704	C
MTRNR1	285	74.00185	-3.89705	-32.8415	C
MTRNR1	286	70.31234782608695	-7.995913043478261	-27.22439130434783	G
MTRNR1	287	67.55860869565217	-11.822999999999999	-26.974608695652176	G
MTRNR1	288	64.17535000000001	-15.66155	-27.13965	C
MTRNR1	289	64.23282608695652	-23.300608695652173	-23.162260869565216	G
MTRNR1	290	62.4717	-22.1626	-18.8106	U
MTRNR1	291	63.679227272727275	-16.869590909090906	-16.663045454545454	A
MTRNR1	292	60.48290909090909	-12.306772727272728	-19.345363636363636	A
MTRNR1	293	59.627318181818175	-14.015363636363638	-23.44231818181818	A
MTRNR1	294	58.48830434782609	-17.25491304347826	-30.78091304347826	G
MTRNR1	295	52.181636363636365	-15.451818181818181	-31.8155	A
MTRNR1	296	46.49521739130435	-20.470173913043478	-32.59313043478261	G
MTRNR1	297	48.5497	-21.746100000000002	-36.89595	U
MTRNR1	298	49.04365217391304	-20.953260869565216	-42.049217391304346	G
MTRNR1	299	49.9942	-19.0107	-46.36245	U
MTRNR1	300	51.06905	-14.09205	-49.564499999999995	U
MTRNR1	301	52.188300000000005	-9.32855	-51.493050000000004	U
MTRNR1	302	55.08265	-5.61135	-51.940650000000005	U
MTRNR1	303	59.18486363636364	-6.5395	-51.72886363636364	A
MTRNR1	304	63.53891304347826	-8.61108695652174	-50.163391304347826	G
MTRNR1	305	67.19936363636363	-11.522636363636364	-50.13059090909091	A
MTRNR1	306	70.85225	-14.005	-51.577099999999994	U
MTRNR1	307	70.16825	-19.67615	-49.57355	C
MTRNR1	308	68.07295454545455	-20.247636363636364	-55.89795454545454	A
MTRNR1	309	68.9866	-22.108	-59.5591	C
MTRNR1	310	72.06395	-24.881549999999997	-61.4471	C
MTRNR1	311	73.94635	-28.741500000000002	-60.1822	C
MTRNR1	312	73.40180000000001	-32.4904	-57.5341	C
MTRNR1	313	70.59265	-35.57085	-55.2676	C
MTRNR1	314	66.1908	-37.7233	-53.714	U
MTRNR1	315	61.11355	-38.986450000000005	-53.6983	C
MTRNR1	316	56.6601	-45.157	-51.697649999999996	C
MTRNR1	317	53.2398	-45.615750000000006	-48.6158	C
MTRNR1	318	50.831900000000005	-46.003699999999995	-43.9171	C
MTRNR1	319	46.56436363636363	-44.47140909090909	-38.85177272727273	A
MTRNR1	320	44.140727272727275	-37.50777272727273	-44.53309090909091	A
MTRNR1	321	40.0052	-36.03555	-44.1266	U
MTRNR1	322	35.20463636363636	-35.705636363636366	-46.144045454545456	A
MTRNR1	323	31.07077272727273	-37.94045454545454	-47.154318181818184	A
MTRNR1	324	28.021727272727272	-41.67140909090909	-47.41559090909091	A
MTRNR1	325	26.937391304347823	-46.11795652173913	-46.02234782608695	G
MTRNR1	326	26.743599999999997	-50.051	-43.4975	C
MTRNR1	327	27.45745	-53.184450000000005	-39.4109	U
MTRNR1	328	30.140272727272727	-57.064136363636365	-35.405818181818184	A
MTRNR1	329	29.94340909090909	-57.766681818181816	-30.82945454545455	A
MTRNR1	330	28.055363636363634	-56.73131818181818	-26.779363636363634	A
MTRNR1	331	23.953954545454543	-54.46831818181818	-24.462454545454545	A
MTRNR1	332	19.57565	-53.34125	-23.0532	C
MTRNR1	333	15.208000000000002	-54.42805	-23.053649999999998	U
MTRNR1	334	11.520199999999999	-57.67999999999999	-23.69715	C
MTRNR1	335	10.192454545454545	-62.62804545454546	-23.75677272727273	A
MTRNR1	336	9.63955	-67.52175	-22.311600000000002	C
MTRNR1	337	10.79375	-70.5638	-18.9451	C
MTRNR1	338	12.7315	-71.45694999999999	-14.556299999999998	U
MTRNR1	339	14.070652173913043	-69.20247826086957	-10.121130434782609	G
MTRNR1	340	13.82909090909091	-66.40372727272728	-6.093272727272727	A
MTRNR1	341	17.918434782608696	-62.10286956521739	-3.986782608695652	G
MTRNR1	342	21.375700000000002	-59.4175	-6.532850000000001	U
MTRNR1	343	24.444650000000003	-55.98175	-7.12565	U
MTRNR1	344	27.493695652173916	-53.58934782608696	-4.687173913043479	G
MTRNR1	345	31.955750000000002	-52.1188	-2.0096499999999997	U
MTRNR1	346	36.25477272727273	-49.605	2.624772727272727	A
MTRNR1	347	32.520272727272726	-51.477227272727276	3.879227272727273	A
MTRNR1	348	27.878	-51.38059090909091	3.716090909090909	A
MTRNR1	349	23.390590909090907	-49.90327272727273	2.7026363636363637	A
MTRNR1	350	20.017454545454545	-48.43959090909091	-0.10659090909090908	A
MTRNR1	351	17.534545454545455	-49.76104545454545	-3.4092727272727275	A
MTRNR1	352	15.02255	-52.12325	-6.67675	C
MTRNR1	353	12.27645	-56.12044999999999	-6.546200000000001	U
MTRNR1	354	7.50235	-56.691700000000004	-12.48125	C
MTRNR1	355	14.034200000000002	-58.55185	-12.17075	C
MTRNR1	356	17.769772727272727	-61.686136363636365	-13.485227272727274	A
MTRNR1	357	19.904	-65.18165217391304	-16.31808695652174	G
MTRNR1	358	21.001849999999997	-67.6418	-20.4041	U
MTRNR1	359	20.002000000000002	-67.7929	-25.010299999999997	U
MTRNR1	360	17.678565217391302	-65.20965217391304	-28.84678260869565	G
MTRNR1	361	16.90018181818182	-61.421772727272725	-31.51790909090909	A
MTRNR1	362	17.97055	-57.1487	-32.824	C
MTRNR1	363	21.382772727272727	-49.98527272727272	-32.05386363636364	A
MTRNR1	364	20.2076	-43.783699999999996	-35.61855	C
MTRNR1	365	26.228272727272728	-45.763954545454546	-30.836954545454546	A
MTRNR1	366	30.623409090909092	-45.78936363636364	-30.503590909090907	A
MTRNR1	367	34.268181818181816	-47.34977272727272	-32.859545454545454	A
MTRNR1	368	39.84618181818182	-54.863772727272725	-29.281272727272725	A
MTRNR1	369	43.60535	-55.60015	-30.5423	U
MTRNR1	370	46.424090909090914	-54.45490909090909	-33.33804545454546	A
MTRNR1	371	48.834826086956525	-51.30134782608696	-33.301478260869565	G
MTRNR1	372	55.73136363636363	-53.90290909090909	-28.359909090909092	A
MTRNR1	373	54.59755	-49.329750000000004	-34.34675	C
MTRNR1	374	56.095299999999995	-45.2395	-35.07935	U
MTRNR1	375	52.77009090909091	-41.77586363636363	-39.48981818181818	A
MTRNR1	376	50.431650000000005	-38.42975	-42.1468	C
MTRNR1	377	48.98121739130435	-33.7394347826087	-41.58608695652174	G
MTRNR1	378	48.090863636363636	-27.511772727272728	-42.32159090909091	A
MTRNR1	379	47.25754545454545	-28.368090909090906	-37.74259090909091	A
MTRNR1	380	44.214681818181816	-30.042181818181817	-34.70790909090909	A
MTRNR1	381	44.574695652173915	-34.17882608695652	-34.08086956521739	G
MTRNR1	382	43.0948	-38.5623	-35.3546	U
MTRNR1	383	44.008434782608695	-45.194478260869566	-34.849347826086955	G
MTRNR1	384	35.97082608695652	-49.35095652173913	-38.04147826086956	G
MTRNR1	385	36.071749999999994	-50.870850000000004	-42.65735	C
MTRNR1	386	35.356049999999996	-50.0872	-47.7055	U
MTRNR1	387	35.15625	-47.2626	-51.801649999999995	U
MTRNR1	388	35.6072	-42.98485	-54.4732	U
MTRNR1	389	37.88813636363636	-38.59768181818182	-54.5135	A
MTRNR1	390	41.854	-37.34740909090909	-53.76563636363637	A
MTRNR1	391	46.4407	-35.41605	-51.06905	C
MTRNR1	392	50.385954545454545	-27.909363636363636	-51.893	A
MTRNR1	393	53.666650000000004	-26.51295	-54.51985	U
MTRNR1	394	59.36386363636364	-27.317636363636367	-60.09031818181818	A
MTRNR1	395	62.7179	-20.31165	-55.46785	U
MTRNR1	396	61.7611	-19.3692	-50.44665	C
MTRNR1	397	59.88255	-16.57175	-46.5844	U
MTRNR1	398	56.14069565217392	-14.08708695652174	-45.914434782608694	G
MTRNR1	399	50.05481818181818	-11.067136363636363	-42.689136363636365	A
MTRNR1	400	48.000409090909095	-10.730863636363637	-34.462909090909086	A
MTRNR1	401	46.915499999999994	-4.47315	-40.55545	C
MTRNR1	402	43.990545454545455	-10.371272727272727	-43.102000000000004	A
MTRNR1	403	41.05905	-13.9715	-44.327	C
MTRNR1	404	39.980363636363634	-18.686818181818182	-43.28609090909091	A
MTRNR1	405	39.28795	-22.4369	-40.276799999999994	C
MTRNR1	406	39.027181818181816	-23.33777272727273	-35.499863636363635	A
MTRNR1	407	39.20281818181818	-28.488681818181817	-29.130454545454544	A
MTRNR1	408	36.07	-29.45995	-26.86875	U
MTRNR1	409	32.53518181818182	-27.229636363636363	-24.6425	A
MTRNR1	410	28.69626086956522	-24.891565217391303	-25.338304347826085	G
MTRNR1	411	24.4877	-22.7771	-26.7267	C
MTRNR1	412	20.30685	-22.5911	-29.753449999999997	U
MTRNR1	413	17.183045454545454	-25.490727272727273	-32.38245454545454	A
MTRNR1	414	15.317181818181819	-29.770045454545457	-33.36859090909091	A
MTRNR1	415	15.847565217391303	-34.73204347826087	-32.63778260869565	G
MTRNR1	416	17.34331818181818	-38.94731818181818	-30.41159090909091	A
MTRNR1	417	17.2912	-42.0958	-26.70335	C
MTRNR1	418	21.70545	-47.01795	-25.03165	C
MTRNR1	419	24.51895	-45.7056	-21.35585	C
MTRNR1	420	26.864772727272726	-42.148681818181814	-18.73481818181818	A
MTRNR1	421	26.615772727272727	-38.767272727272726	-16.042772727272727	A
MTRNR1	422	26.77540909090909	-31.780272727272724	-13.974272727272728	A
MTRNR1	423	24.3452	-30.92405	-10.9138	C
MTRNR1	424	21.4868	-31.6786	-7.7385	U
MTRNR1	425	19.472217391304348	-35.390608695652176	-4.690304347826086	G
MTRNR1	426	20.06926086956522	-38.94195652173913	-1.5465652173913043	G
MTRNR1	427	22.832173913043476	-41.826173913043476	1.4039565217391305	G
MTRNR1	428	26.74890909090909	-42.03518181818182	4.114227272727273	A
MTRNR1	429	30.40675	-40.82145	6.710800000000001	U
MTRNR1	430	31.890449999999998	-37.744150000000005	9.5368	U
MTRNR1	431	33.595045454545456	-32.55527272727273	13.044863636363637	A
MTRNR1	432	31.49030434782609	-31.44052173913044	9.311565217391305	G
MTRNR1	433	31.4705	-32.59840909090909	4.594409090909091	A
MTRNR1	434	27.5536	-28.38725	0.35635000000000006	U
MTRNR1	435	32.65895454545454	-33.431681818181815	-1.3058636363636362	A
MTRNR1	436	34.51855	-37.826049999999995	-2.48235	C
MTRNR1	437	32.519349999999996	-42.2606	-3.3966499999999997	C
MTRNR1	438	28.4241	-44.8073	-4.87095	C
MTRNR1	439	23.8952	-44.975049999999996	-7.2595	C
MTRNR1	440	20.567545454545453	-42.51504545454546	-10.234727272727271	A
MTRNR1	441	19.30565	-39.99935	-13.81175	C
MTRNR1	442	19.4553	-35.45055	-17.0328	U
MTRNR1	443	22.045954545454546	-31.84890909090909	-20.04409090909091	A
MTRNR1	444	23.85635	-32.62805	-23.218700000000002	U
MTRNR1	445	27.07278260869565	-35.96569565217391	-25.58282608695652	G
MTRNR1	446	26.3039	-36.530899999999995	-30.611700000000003	C
MTRNR1	447	24.54375	-35.596250000000005	-35.34025	U
MTRNR1	448	23.33485	-32.23935	-38.7215	U
MTRNR1	449	23.067090909090908	-27.20590909090909	-39.579727272727276	A
MTRNR1	450	25.30395652173913	-23.167782608695653	-37.66352173913043	G
MTRNR1	451	28.1195	-20.201249999999998	-35.062650000000005	C
MTRNR1	452	31.4104	-18.729750000000003	-31.862599999999997	C
MTRNR1	453	35.66875	-18.0338	-32.0103	C
MTRNR1	454	39.86335	-19.96265	-27.610500000000002	U
MTRNR1	455	43.71095454545454	-23.90618181818182	-25.17231818181818	A
MTRNR1	456	49.33540909090909	-25.860227272727272	-19.62018181818182	A
MTRNR1	457	46.15327272727273	-24.265227272727273	-27.749863636363635	A
MTRNR1	458	52.5398	-25.981900000000003	-25.17155	C
MTRNR1	459	56.260299999999994	-30.715600000000002	-28.853050000000003	C
MTRNR1	460	56.8104	-25.1721	-22.95965	U
MTRNR1	461	61.2453	-25.594749999999998	-27.7549	C
MTRNR1	462	61.32181818181818	-20.082636363636365	-34.945454545454545	A
MTRNR1	463	61.68236363636363	-21.25931818181818	-40.07386363636363	A
MTRNR1	464	64.13925	-22.9802	-43.48725	C
MTRNR1	465	68.93245454545455	-24.207681818181815	-44.478500000000004	A
MTRNR1	466	72.92617391304348	-26.14869565217391	-42.539869565217394	G
MTRNR1	467	76.92515	-28.09035	-40.0618	U
MTRNR1	468	79.4235	-30.7917	-36.458999999999996	U
MTRNR1	469	84.10249999999999	-28.19909090909091	-34.92790909090909	A
MTRNR1	470	86.0335	-24.386545454545455	-31.790045454545453	A
MTRNR1	471	85.47972727272727	-21.482454545454544	-27.297681818181818	A
MTRNR1	472	82.7794	-26.96635	-25.3655	U
MTRNR1	473	80.20065	-24.4829	-22.589949999999998	C
MTRNR1	474	75.2035909090909	-20.73890909090909	-17.193545454545454	A
MTRNR1	475	72.7805	-24.643727272727276	-15.721136363636363	A
MTRNR1	476	70.32464999999999	-28.33965	-16.01435	C
MTRNR1	477	67.83354545454546	-30.221318181818184	-19.674363636363637	A
MTRNR1	478	64.65395454545454	-32.27045454545454	-24.502318181818183	A
MTRNR1	479	73.09222727272727	-31.099454545454545	-27.711636363636366	A
MTRNR1	480	74.80313636363637	-26.415636363636363	-29.10272727272727	A
MTRNR1	481	75.23925	-22.568	-32.02295	C
MTRNR1	482	75.30165	-19.403550000000003	-36.648849999999996	U
MTRNR1	483	72.88239130434783	-16.921	-40.71682608695652	G
MTRNR1	484	69.79185	-13.888499999999999	-42.05045	C
MTRNR1	485	65.1422	-12.18505	-41.553399999999996	U
MTRNR1	486	60.51905000000001	-11.2005	-39.380700000000004	C
MTRNR1	487	58.15226086956522	-11.073782608695652	-34.83582608695652	G
MTRNR1	488	57.4679	-9.72725	-30.67475	C
MTRNR1	489	59.11655	-8.2705	-25.837149999999998	C
MTRNR1	490	61.65909090909091	-5.053409090909091	-22.60290909090909	A
MTRNR1	491	60.16460869565218	-4.166217391304348	-12.939956521739132	G
MTRNR1	492	56.46022727272727	-6.552136363636364	-10.881272727272728	A
MTRNR1	493	52.24077272727273	-6.813363636363636	-10.590045454545454	A
MTRNR1	494	47.87045	-5.4305	-11.243	C
MTRNR1	495	46.11631818181818	-6.069727272727272	-14.782545454545454	A
MTRNR1	496	43.0851	-13.3593	-17.69905	C
MTRNR1	497	41.4565	-6.764150000000001	-17.1689	U
MTRNR1	498	39.434681818181815	-1.5730454545454544	-17.660636363636364	A
MTRNR1	499	37.39255	1.20095	-20.4095	C
MTRNR1	500	37.118086956521736	1.3540869565217393	-25.28921739130435	G
MTRNR1	501	36.02677272727273	-0.5261818181818182	-29.193863636363634	A
MTRNR1	502	34.602347826086955	-4.354130434782609	-31.96708695652174	G
MTRNR1	503	31.884950000000003	-7.880249999999999	-33.18665	C
MTRNR1	504	26.88315	-13.04365	-36.114	C
MTRNR1	505	28.177227272727272	-11.680545454545454	-29.4225	A
MTRNR1	506	25.0781	-10.69595	-25.648649999999996	C
MTRNR1	507	26.21681818181818	-13.718181818181819	-17.1635	A
MTRNR1	508	31.738173913043475	-11.922739130434783	-23.24791304347826	G
MTRNR1	509	36.0875	-12.59245	-25.1476	C
MTRNR1	510	40.148	-10.632850000000001	-27.294850000000004	U
MTRNR1	511	43.47025	-7.2941	-27.1453	U
MTRNR1	512	45.394045454545456	-5.346727272727272	-23.71681818181818	A
MTRNR1	513	46.917863636363634	-0.48427272727272724	-19.1585	A
MTRNR1	514	47.96990909090909	2.332181818181818	-15.338318181818181	A
MTRNR1	515	48.31468181818182	4.349363636363637	-10.871227272727273	A
MTRNR1	516	49.8543	4.0923	-6.82605	C
MTRNR1	517	52.93695	1.5652	-4.14255	U
MTRNR1	518	57.1423	-0.99465	-2.9994	C
MTRNR1	519	62.1325	-2.5865454545454543	-3.5386818181818183	A
MTRNR1	520	63.01	-7.576636363636364	-4.9885	A
MTRNR1	521	60.9234090909091	-11.482318181818181	-7.456636363636363	A
MTRNR1	522	62.281956521739126	-15.382521739130436	-9.303347826086958	G
MTRNR1	523	64.50208695652174	-19.560391304347828	-11.284478260869566	G
MTRNR1	524	66.74345454545454	-23.43268181818182	-10.76990909090909	A
MTRNR1	525	69.15885	-26.426800000000004	-7.9456999999999995	C
MTRNR1	526	72.051	-28.192050000000002	-3.4089	C
MTRNR1	527	72.1135	-30.12375	1.00085	U
MTRNR1	528	68.97391304347826	-31.16169565217391	4.780260869565217	G
MTRNR1	529	64.9825652173913	-32.44221739130435	6.766173913043479	G
MTRNR1	530	61.187599999999996	-34.5186	7.27295	C
MTRNR1	531	57.94586956521739	-37.50708695652174	4.524	G
MTRNR1	532	49.941478260869566	-38.73204347826087	6.225391304347826	G
MTRNR1	533	56.4188	-41.41715	1.6431	U
MTRNR1	534	58.900608695652174	-46.51978260869565	-0.6473913043478261	G
MTRNR1	535	60.2515	-50.914699999999996	-0.609	C
MTRNR1	536	62.739850000000004	-54.307399999999994	1.8156500000000002	U
MTRNR1	537	64.39685	-56.36285	5.96825	U
MTRNR1	538	63.84779999999999	-56.359249999999996	10.959950000000001	C
MTRNR1	539	62.074409090909086	-54.82522727272727	15.909954545454546	A
MTRNR1	540	64.2313	-57.73505	20.8218	U
MTRNR1	541	60.932454545454554	-57.721000000000004	27.36118181818182	A
MTRNR1	542	60.0486	-54.35485	23.1068	U
MTRNR1	543	56.52759999999999	-52.28295000000001	18.4247	C
MTRNR1	544	52.26645	-55.766549999999995	18.20455	C
MTRNR1	545	50.16705	-59.995799999999996	19.49555	C
MTRNR1	546	50.61895	-62.54175	23.1051	U
MTRNR1	547	52.117399999999996	-63.619600000000005	28.34265	C
MTRNR1	548	52.112750000000005	-62.60815	33.33765	U
MTRNR1	549	51.160090909090904	-59.22927272727273	36.95818181818182	A
MTRNR1	550	48.905	-54.65804347826087	37.902434782608694	G
MTRNR1	551	46.40686363636364	-50.0765909090909	37.74486363636364	A
MTRNR1	552	42.49086956521739	-48.06326086956521	37.2245652173913	G
MTRNR1	553	38.945478260869564	-48.56513043478261	41.63952173913044	G
MTRNR1	554	38.688545454545455	-47.9660909090909	46.50172727272727	A
MTRNR1	555	40.461260869565216	-46.166	50.59726086956522	G
MTRNR1	556	43.382999999999996	-43.616	52.8072	C
MTRNR1	557	48.101350000000004	-41.3427	53.01025	C
MTRNR1	558	50.72715	-38.0124	51.26275	U
MTRNR1	559	51.544130434782616	-34.558173913043476	46.905478260869565	G
MTRNR1	560	50.63415	-30.967200000000002	44.29735	U
MTRNR1	561	47.4	-27.8955	42.19575	U
MTRNR1	562	43.96035	-25.007749999999998	42.8519	C
MTRNR1	563	41.13415	-22.433349999999997	45.8311	U
MTRNR1	564	41.529304347826084	-20.22417391304348	50.21582608695652	G
MTRNR1	565	43.2466	-17.1439	53.0361	U
MTRNR1	566	46.397636363636366	-12.801772727272727	56.904363636363634	A
MTRNR1	567	49.07881818181818	-16.16059090909091	55.28395454545455	A
MTRNR1	568	56.02255	-19.56615	50.75015	U
MTRNR1	569	58.31235	-20.4316	46.5239	C
MTRNR1	570	59.84647826086957	-23.49895652173913	42.614304347826085	G
MTRNR1	571	58.97309090909091	-26.629454545454543	39.132318181818185	A
MTRNR1	572	56.62429999999999	-26.84525	36.055099999999996	U
MTRNR1	573	55.9865	-31.8595	27.95681818181818	A
MTRNR1	574	58.91081818181818	-35.52704545454546	28.01009090909091	A
MTRNR1	575	62.43454545454545	-35.592454545454544	29.61131818181818	A
MTRNR1	576	57.755050000000004	-33.226749999999996	36.58695	C
MTRNR1	577	55.063599999999994	-35.654849999999996	39.76925	C
MTRNR1	578	56.772000000000006	-39.2611	47.9139	C
MTRNR1	579	60.307249999999996	-34.589999999999996	43.945550000000004	C
MTRNR1	580	63.795478260869565	-30.0385652173913	46.42260869565217	G
MTRNR1	581	63.83918181818182	-31.471545454545456	50.58436363636363	A
MTRNR1	582	67.8071	-38.626	51.9206	U
MTRNR1	583	63.570949999999996	-34.951350000000005	55.910000000000004	C
MTRNR1	584	58.8305	-29.157363636363637	57.453272727272726	A
MTRNR1	585	56.87113636363636	-29.79059090909091	65.85795454545455	A
MTRNR1	586	59.77725	-25.0931	65.9989	C
MTRNR1	587	63.07365	-23.9547	63.9277	C
MTRNR1	588	63.98675000000001	-23.87775	60.072900000000004	U
MTRNR1	589	62.69045	-21.6725	57.3389	C
MTRNR1	590	62.29822727272727	-18.035136363636365	54.44440909090909	A
MTRNR1	591	57.701750000000004	-15.46705	54.986149999999995	C
MTRNR1	592	54.067499999999995	-12.6043	56.85425	C
MTRNR1	593	52.74604545454545	-9.501	60.70977272727273	A
MTRNR1	594	53.7693	-6.17185	63.66015	C
MTRNR1	595	57.286350000000006	-3.7581499999999997	66.23945	C
MTRNR1	596	61.84665	-1.9109500000000001	66.6588	U
MTRNR1	597	66.69489999999999	-0.37065000000000003	65.1735	C
MTRNR1	598	69.79429999999999	1.93845	62.03795	U
MTRNR1	599	77.96665	1.8466	59.866200000000006	U
MTRNR1	600	76.46234782608695	-2.5775652173913044	60.49586956521739	G
MTRNR1	601	79.06075	-9.69645	61.55309999999999	C
MTRNR1	602	81.15415	-7.5779499999999995	58.137750000000004	U
MTRNR1	603	87.48049999999999	-2.6732	55.68415	C
MTRNR1	604	78.53972727272728	-3.699409090909091	54.02245454545454	A
MTRNR1	605	75.43365217391305	-6.56704347826087	52.29982608695652	G
MTRNR1	606	72.1535	-9.133	50.02885	C
MTRNR1	607	68.32804999999999	-16.125899999999998	49.6957	C
MTRNR1	608	66.52985	-9.537049999999999	45.9513	U
MTRNR1	609	66.17295454545454	-9.775409090909092	40.17636363636364	A
MTRNR1	610	66.9789	-12.06675	36.36995	U
MTRNR1	611	68.74922727272727	-18.544227272727273	35.01163636363636	A
MTRNR1	612	66.70315000000001	-16.11875	27.635399999999997	U
MTRNR1	613	73.72854545454545	-13.400272727272727	31.939818181818183	A
MTRNR1	614	75.8535	-17.4498	32.72405	C
MTRNR1	615	79.0787	-21.208949999999998	35.097	C
MTRNR1	616	78.52560869565217	-25.03421739130435	37.09991304347826	G
MTRNR1	617	77.2778	-29.3193	37.4694	C
MTRNR1	618	73.76095000000001	-32.3009	35.24355	C
MTRNR1	619	69.2985	-33.92940909090909	31.679045454545452	A
MTRNR1	620	68.2492	-36.20375	28.280549999999998	U
MTRNR1	621	68.35069999999999	-38.643299999999996	23.7864	C
MTRNR1	622	71.0304	-41.46025	23.452	U
MTRNR1	623	67.7568	-47.76735	25.736700000000003	U
MTRNR1	624	73.1834	-44.83455	20.3811	C
MTRNR1	625	77.29159090909091	-44.861999999999995	18.316136363636364	A
MTRNR1	626	80.3894347826087	-41.27052173913044	15.128652173913043	G
MTRNR1	627	82.05775	-36.47205	14.6892	C
MTRNR1	628	85.69686363636363	-34.29095454545455	12.99840909090909	A
MTRNR1	629	91.26954545454545	-30.989136363636362	12.394727272727273	A
MTRNR1	630	93.62263636363636	-30.276818181818182	9.196045454545454	A
MTRNR1	631	94.905	-30.76135	4.577	C
MTRNR1	632	94.12935	-32.24435	-0.35995	C
MTRNR1	633	91.4462	-33.07	-4.4874	C
MTRNR1	634	87.31495	-32.8257	-7.682599999999999	U
MTRNR1	635	83.53947826086956	-29.94204347826087	-9.214173913043478	G
MTRNR1	636	83.35472727272727	-25.959363636363637	-15.917181818181819	A
MTRNR1	637	88.8321	-24.17575	-10.26315	U
MTRNR1	638	79.53926086956521	-23.88678260869565	-7.758869565217392	G
MTRNR1	639	77.67609090909092	-24.727772727272725	-3.3285	A
MTRNR1	640	80.10481818181819	-28.191	-0.8377272727272728	A
MTRNR1	641	81.49917391304348	-33.11239130434783	-0.5373913043478261	G
MTRNR1	642	84.34391304347827	-36.93782608695653	0.22652173913043483	G
MTRNR1	643	81.54445	-43.7353	-0.71235	C
MTRNR1	644	82.2766	-48.57335	-3.7009	U
MTRNR1	645	86.28868181818183	-54.09427272727273	-0.3702272727272728	A
MTRNR1	646	85.55335	-59.6496	-6.617099999999999	C
MTRNR1	647	88.44740909090909	-52.540000000000006	-4.312136363636363	A
MTRNR1	648	85.81668181818182	-47.438181818181825	-8.622727272727273	A
MTRNR1	649	90.80413636363636	-40.46631818181818	-4.565227272727273	A
MTRNR1	650	89.77265217391304	-40.03808695652174	0.9641304347826087	G
MTRNR1	651	93.0599	-40.6428	4.9669	U
MTRNR1	652	92.62109090909091	-39.536545454545454	9.4765	A
MTRNR1	653	94.2730909090909	-37.30140909090909	15.572318181818183	A
MTRNR1	654	91.8256956521739	-37.77473913043478	18.86286956521739	G
MTRNR1	655	88.31960000000001	-38.5418	21.951249999999998	C
MTRNR1	656	84.61591304347826	-41.816434782608695	22.38526086956522	G
MTRNR1	657	82.91585	-45.82305	23.02375	C
MTRNR1	658	84.82104545454546	-49.50672727272727	24.137954545454544	A
MTRNR1	659	87.34913636363636	-51.99304545454545	26.706045454545457	A
MTRNR1	660	88.17547826086957	-52.85434782608696	30.830130434782607	G
MTRNR1	661	87.8777	-53.5058	35.3115	U
MTRNR1	662	84.67818181818183	-54.50545454545454	39.32431818181818	A
MTRNR1	663	82.19405	-57.67925	41.67685	C
MTRNR1	664	80.1893	-62.22615	42.29205	C
MTRNR1	665	82.9418	-63.80415000000001	36.28615	C
MTRNR1	666	85.52863636363637	-64.19018181818181	30.626	A
MTRNR1	667	79.05109999999999	-62.21405	30.4668	C
MTRNR1	668	76.51826086956522	-59.16191304347826	32.430608695652175	G
MTRNR1	669	74.88445	-55.388999999999996	34.375	U
MTRNR1	670	76.57695454545454	-51.19695454545455	36.02572727272727	A
MTRNR1	671	78.38922727272728	-47.61268181818182	34.68386363636363	A
MTRNR1	672	79.19768181818182	-44.723363636363636	31.62277272727273	A
MTRNR1	673	77.57339130434784	-42.119565217391305	28.790217391304346	G
MTRNR1	674	79.85140909090909	-37.39009090909091	23.015454545454546	A
MTRNR1	675	79.5283	-33.1617	20.976300000000002	C
MTRNR1	676	75.56265217391305	-31.023521739130437	21.035434782608696	G
MTRNR1	677	70.6459	-29.314299999999996	21.212600000000002	U
MTRNR1	678	66.98315	-27.2121	23.3738	U
MTRNR1	679	67.77122727272727	-19.262863636363637	24.343999999999998	A
MTRNR1	680	67.23482608695653	-26.360304347826087	29.294173913043476	G
MTRNR1	681	67.2993043478261	-25.825782608695654	34.16160869565217	G
MTRNR1	682	68.26015	-23.29775	37.674099999999996	U
MTRNR1	683	69.8254	-16.9499	39.819	C
MTRNR1	684	66.39227272727273	-19.132227272727274	46.70872727272728	A
MTRNR1	685	73.80695454545454	-24.310227272727275	45.61245454545455	A
MTRNR1	686	76.26821739130435	-21.033826086956523	45.5225652173913	G
MTRNR1	687	78.475	-17.448304347826085	43.48208695652174	G
MTRNR1	688	78.77975	-13.71465	41.5358	U
MTRNR1	689	77.33382608695652	-9.813260869565218	36.7304347826087	G
MTRNR1	690	75.67654999999999	-6.01175	36.1399	U
MTRNR1	691	71.97022727272727	-3.312227272727273	38.02181818181818	A
MTRNR1	692	70.1304347826087	-1.7329565217391303	42.124826086956524	G
MTRNR1	693	68.75605	-0.2427	46.707	C
MTRNR1	694	70.6316	1.53005	50.3726	C
MTRNR1	695	67.333	4.63605	57.733050000000006	C
MTRNR1	696	65.931	-0.20431818181818182	54.526272727272726	A
MTRNR1	697	63.541399999999996	-3.7341	48.91125	U
MTRNR1	698	67.54730434782608	-5.472652173913043	55.65204347826087	G
MTRNR1	699	67.86831818181818	-7.702045454545455	59.60463636363636	A
MTRNR1	700	66.10726086956522	-9.473086956521739	63.995695652173914	G
MTRNR1	701	62.65569565217391	-11.200608695652173	67.07352173913044	G
MTRNR1	702	58.929700000000004	-13.5504	68.9077	U
MTRNR1	703	54.75217391304348	-15.728695652173913	67.1958695652174	G
MTRNR1	704	52.410000000000004	-18.32278260869565	63.92678260869565	G
MTRNR1	705	50.308499999999995	-20.92785	60.073699999999995	C
MTRNR1	706	51.077318181818185	-24.834	58.379363636363635	A
MTRNR1	707	45.13340909090909	-26.946954545454545	54.892590909090906	A
MTRNR1	708	41.77317391304348	-29.36791304347826	52.46078260869565	G
MTRNR1	709	35.77404545454545	-28.824227272727274	49.083954545454546	A
MTRNR1	710	37.81454545454545	-31.687136363636363	45.92663636363636	A
MTRNR1	711	40.27340909090909	-34.035681818181814	42.12340909090909	A
MTRNR1	712	43.2607	-36.9678	40.4899	U
MTRNR1	713	48.632739130434786	-39.581869565217396	40.84308695652174	G
MTRNR1	714	50.969434782608694	-42.98291304347826	42.70621739130434	G
MTRNR1	715	51.2398695652174	-46.360956521739126	45.938826086956524	G
MTRNR1	716	50.572649999999996	-49.6853	49.343	C
MTRNR1	717	47.62405	-52.88225	51.5245	U
MTRNR1	718	43.406636363636366	-55.47986363636364	50.19409090909091	A
MTRNR1	719	39.745850000000004	-58.28339999999999	48.46385	C
MTRNR1	720	38.67259090909091	-63.76022727272727	51.047000000000004	A
MTRNR1	721	39.60635	-68.98995	50.529399999999995	U
MTRNR1	722	46.1708	-70.93025	46.89605	U
MTRNR1	723	44.3238	-67.96335	53.1614	U
MTRNR1	724	44.1704	-65.60510000000001	57.68705	U
MTRNR1	725	45.3783	-65.83869999999999	62.6108	C
MTRNR1	726	48.072449999999996	-68.0197	66.12140000000001	U
MTRNR1	727	51.75263636363636	-71.35927272727272	66.9154090909091	A
MTRNR1	728	55.752750000000006	-72.56015	66.1002	C
MTRNR1	729	59.5982	-72.1115	63.48255	C
MTRNR1	730	58.095150000000004	-75.1902	57.7558	C
MTRNR1	731	54.2235	-82.9727	58.945550000000004	C
MTRNR1	732	48.47927272727273	-78.27568181818182	62.213136363636366	A
MTRNR1	733	44.165608695652175	-76.48878260869564	64.11386956521739	G
MTRNR1	734	40.37922727272727	-73.9369090909091	63.67481818181818	A
MTRNR1	735	37.50113636363636	-70.6945	61.29577272727273	A
MTRNR1	736	34.95218181818182	-70.10877272727272	58.06195454545455	A
MTRNR1	737	30.661727272727273	-64.718	53.95004545454546	A
MTRNR1	738	25.2563	-59.4097	57.229099999999995	C
MTRNR1	739	28.57345	-61.217349999999996	65.0496	U
MTRNR1	740	33.64368181818182	-61.874772727272735	58.28631818181818	A
MTRNR1	741	37.4996	-60.50005	56.9539	C
MTRNR1	742	38.713478260869564	-56.42173913043479	56.88413043478261	G
MTRNR1	743	40.95727272727273	-50.222	58.319	A
MTRNR1	744	47.7054	-49.0313	59.51765	U
MTRNR1	745	41.613409090909094	-44.68268181818182	60.68168181818182	A
MTRNR1	746	39.277521739130435	-42.29747826086957	63.86460869565217	G
MTRNR1	747	38.714749999999995	-40.5015	67.87715	C
MTRNR1	748	39.9724	-40.75665	72.7234	C
MTRNR1	749	43.35195	-41.60055	76.2828	C
MTRNR1	750	47.94985	-42.26855	77.9211	U
MTRNR1	751	52.85	-42.2539	77.5355	U
MTRNR1	752	57.30295454545455	-40.92477272727273	74.99281818181818	A
MTRNR1	753	60.5552	-37.86855	74.1037	U
MTRNR1	754	60.60760869565217	-33.40795652173913	74.80360869565217	G
MTRNR1	755	61.382363636363635	-26.995454545454546	75.25440909090909	A
MTRNR1	756	57.250181818181815	-28.107227272727275	73.89177272727274	A
MTRNR1	757	53.48690909090909	-32.550636363636364	71.46527272727273	A
MTRNR1	758	45.806400000000004	-31.101350000000004	69.8734	C
MTRNR1	759	48.8896	-32.1113	67.23105000000001	U
MTRNR1	760	52.89059999999999	-36.517250000000004	65.5723	U
MTRNR1	761	53.787000000000006	-41.23713636363636	66.59890909090909	A
MTRNR1	762	52.83390909090909	-45.539500000000004	68.557	A
MTRNR1	763	49.89517391304348	-48.519217391304345	71.0354347826087	G
MTRNR1	764	45.58230434782609	-49.943782608695656	72.58282608695652	G
MTRNR1	765	40.823565217391305	-49.990826086956524	72.44169565217392	G
MTRNR1	766	36.88605	-50.0872	70.58805	U
MTRNR1	767	34.5002	-49.98135	66.60499999999999	C
MTRNR1	768	33.46304347826087	-52.88673913043478	63.58882608695653	G
MTRNR1	769	33.29890909090909	-50.235181818181815	56.652136363636366	A
MTRNR1	770	33.33659090909091	-50.315045454545455	52.06100000000001	A
MTRNR1	771	33.87117391304348	-53.39213043478261	49.56665217391304	G
MTRNR1	772	32.92860869565217	-57.46260869565218	47.078043478260874	G
MTRNR1	773	38.195350000000005	-58.893899999999995	42.0901	U
MTRNR1	774	38.678	-54.47934782608696	39.19173913043478	G
MTRNR1	775	36.767782608695654	-48.736	32.850434782608694	G
MTRNR1	776	38.89331818181818	-47.1215	29.033045454545455	A
MTRNR1	777	42.79555	-47.680150000000005	27.780450000000002	U
MTRNR1	778	47.56655	-48.3132	28.97755	U
MTRNR1	779	52.69685	-49.49495	31.634000000000004	U
MTRNR1	780	56.597545454545454	-52.473	32.72581818181818	A
MTRNR1	781	59.273347826086955	-56.3384347826087	31.94669565217391	G
MTRNR1	782	63.51955	-60.7042	29.42275	C
MTRNR1	783	65.64	-65.03054545454546	34.26518181818182	A
MTRNR1	784	67.99578260869565	-66.42195652173913	39.87656521739131	G
MTRNR1	785	64.65475	-61.4418	38.0269	U
MTRNR1	786	59.772409090909086	-60.254999999999995	38.928000000000004	A
MTRNR1	787	57.559318181818185	-59.980045454545454	42.29186363636364	A
MTRNR1	788	56.770772727272735	-60.39336363636364	46.90581818181818	A
MTRNR1	789	57.83135	-59.8842	51.39145	C
MTRNR1	790	60.96995	-58.6955	55.32745	U
MTRNR1	791	64.81227272727273	-55.92618181818182	57.47986363636364	A
MTRNR1	792	67.77372727272727	-52.211909090909096	58.39331818181818	A
MTRNR1	793	69.64730434782608	-47.67104347826087	57.855695652173914	G
MTRNR1	794	70.28081818181818	-42.97563636363636	57.28977272727273	A
MTRNR1	795	69.06304347826087	-39.455304347826086	59.12117391304348	G
MTRNR1	796	67.39965	-36.7095	63.1309	U
MTRNR1	797	65.38272727272728	-34.20859090909091	68.48195454545454	A
MTRNR1	798	62.53373913043479	-36.843391304347826	66.54069565217391	G
MTRNR1	799	60.53218181818182	-38.33822727272727	62.82668181818181	A
MTRNR1	800	59.03686956521739	-41.31786956521739	56.920826086956524	G
MTRNR1	801	53.361850000000004	-46.00605	55.04785	U
MTRNR1	802	59.85734782608696	-43.868	51.899434782608694	G
MTRNR1	803	63.52184999999999	-44.43435	49.4491	C
MTRNR1	804	67.5937	-46.87505	48.75575	U
MTRNR1	805	70.296	-50.994150000000005	49.19045	U
MTRNR1	806	70.52586363636364	-56.030772727272726	50.353409090909096	A
MTRNR1	807	68.63360869565217	-60.53852173913043	50.478565217391306	G
MTRNR1	808	66.16130000000001	-64.85979999999999	50.173500000000004	U
MTRNR1	809	62.95055	-67.7778	47.87015	U
MTRNR1	810	62.46617391304348	-68.1378695652174	43.545826086956524	G
MTRNR1	811	58.76218181818182	-67.84345454545455	37.52972727272727	A
MTRNR1	812	57.25740909090909	-67.91431818181819	32.93359090909091	A
MTRNR1	813	57.347699999999996	-67.7313	28.324650000000002	C
MTRNR1	814	60.99036363636364	-67.38586363636364	25.395227272727276	A
MTRNR1	815	58.38504347826087	-66.81921739130435	19.20982608695652	G
MTRNR1	816	57.092	-64.91634782608696	14.941652173913043	G
MTRNR1	817	56.567956521739134	-61.247130434782605	11.87613043478261	G
MTRNR1	818	56.53765	-57.2189	8.9053	C
MTRNR1	819	50.538799999999995	-54.786500000000004	8.39915	C
MTRNR1	820	50.9112	-50.67525	11.7025	C
MTRNR1	821	53.924850000000006	-47.595600000000005	13.75455	U
MTRNR1	822	58.83613043478261	-46.91630434782609	13.615173913043478	G
MTRNR1	823	63.65081818181818	-46.97768181818182	12.124136363636364	A
MTRNR1	824	67.36395454545455	-47.328500000000005	9.11840909090909	A
MTRNR1	825	69.279	-47.641695652173915	4.583130434782609	G
MTRNR1	826	69.81565	-46.21945	0.29050000000000004	C
MTRNR1	827	66.28852173913043	-43.1755652173913	-2.619	G
MTRNR1	828	63.53189999999999	-39.671350000000004	-4.52395	C
MTRNR1	829	60.96673913043478	-35.309217391304344	-3.5671739130434785	G
MTRNR1	830	60.82809999999999	-30.95285	-2.7983000000000002	U
MTRNR1	831	56.791318181818184	-24.59809090909091	-3.2540454545454547	A
MTRNR1	832	60.54385	-24.99915	3.2764	C
MTRNR1	833	64.73454545454545	-23.59509090909091	5.455818181818182	A
MTRNR1	834	63.194	-19.94875	12.5108	C
MTRNR1	835	63.81345454545454	-26.771045454545455	10.830363636363636	A
MTRNR1	836	56.8267	-30.194349999999996	9.126000000000001	C
MTRNR1	837	54.88205000000001	-28.7249	16.2604	C
MTRNR1	838	55.142043478260874	-25.49704347826087	8.687173913043479	G
MTRNR1	839	54.157399999999996	-22.26235	6.3092500000000005	C
MTRNR1	840	51.0285	-19.913400000000003	3.9686999999999997	C
MTRNR1	841	45.935199999999995	-18.67445	1.15395	C
MTRNR1	842	41.26178260869565	-16.641695652173915	1.0689565217391304	G
MTRNR1	843	36.9979	-14.1247	2.0549500000000003	U
MTRNR1	844	34.87195	-11.39465	5.1299	C
MTRNR1	845	35.536227272727274	-7.834227272727273	8.816818181818181	A
MTRNR1	846	36.817899999999995	-3.4012000000000002	9.929300000000001	C
MTRNR1	847	39.21585	0.43899999999999995	8.3918	C
MTRNR1	848	42.4002	3.51605	5.20775	C
MTRNR1	849	43.95775	5.3696	0.7768499999999999	U
MTRNR1	850	43.45775	5.94095	-4.08435	C
MTRNR1	851	40.9127	5.43145	-8.31075	C
MTRNR1	852	36.931	4.351999999999999	-11.59065	U
MTRNR1	853	32.11805	4.4209499999999995	-13.2379	C
MTRNR1	854	28.479499999999998	7.181590909090909	-12.720590909090909	A
MTRNR1	855	22.485227272727272	10.133181818181818	-12.383772727272726	A
MTRNR1	856	22.77078260869565	13.960478260869566	-13.394652173913043	G
MTRNR1	857	23.55695	18.6607	-12.74625	U
MTRNR1	858	27.12181818181818	22.185181818181817	-12.472909090909091	A
MTRNR1	859	30.764100000000003	25.003149999999998	-13.772499999999999	U
MTRNR1	860	34.73581818181818	25.71736363636364	-16.965545454545456	A
MTRNR1	861	37.006099999999996	26.1623	-21.05415	C
MTRNR1	862	37.62905	25.5242	-26.3178	U
MTRNR1	863	36.1191	26.483600000000003	-30.704	U
MTRNR1	864	33.12005	28.9483	-34.025349999999996	C
MTRNR1	865	31.878227272727273	33.40540909090909	-39.415454545454544	A
MTRNR1	866	39.08663636363636	29.182909090909092	-42.090272727272726	A
MTRNR1	867	31.938954545454546	32.32545454545454	-44.86459090909091	A
MTRNR1	868	27.99778260869565	33.87391304347826	-47.448565217391305	G
MTRNR1	869	25.480999999999998	37.06408695652174	-50.062260869565215	G
MTRNR1	870	24.582636363636365	41.818363636363635	-52.405772727272726	A
MTRNR1	871	24.7712	45.882850000000005	-54.9224	C
MTRNR1	872	27.115045454545452	47.904636363636364	-58.18322727272727	A
MTRNR1	873	31.027749999999997	53.19865	-60.755399999999995	U
MTRNR1	874	31.2541	58.81815	-62.566100000000006	U
MTRNR1	875	32.52525	64.08135	-62.8953	U
MTRNR1	876	35.907545454545456	67.19836363636364	-63.960863636363634	A
MTRNR1	877	39.95763636363636	69.36604545454544	-65.45009090909092	A
MTRNR1	878	44.8152	76.20465	-66.67255	C
MTRNR1	879	48.027699999999996	74.19905	-60.7992	U
MTRNR1	880	45.07804545454545	69.11640909090909	-60.05718181818182	A
MTRNR1	881	41.87413636363636	66.48959090909091	-57.207772727272726	A
MTRNR1	882	37.42459090909091	64.51290909090909	-55.40195454545455	A
MTRNR1	883	35.16440909090909	61.11431818181818	-54.350590909090904	A
MTRNR1	884	34.52995	57.22865	-52.16414999999999	C
MTRNR1	885	30.78845	54.459199999999996	-47.650349999999996	C
MTRNR1	886	28.238049999999998	46.8916	-46.71445	C
MTRNR1	887	25.698950000000004	43.7975	-43.36295	C
MTRNR1	888	25.262800000000002	39.727	-40.457	U
MTRNR1	889	27.717954545454543	36.343363636363634	-35.346045454545454	A
MTRNR1	890	26.9226	33.1208	-30.9934	C
MTRNR1	891	24.801608695652174	30.79708695652174	-27.635608695652174	G
MTRNR1	892	22.927950000000003	27.259949999999996	-20.832749999999997	C
MTRNR1	893	25.349363636363638	25.49709090909091	-27.54909090909091	A
MTRNR1	894	28.561200000000003	22.0339	-27.656349999999996	U
MTRNR1	895	32.8814	19.205350000000003	-26.613400000000002	U
MTRNR1	896	35.66185	17.090600000000002	-23.40275	U
MTRNR1	897	36.637409090909095	16.76081818181818	-18.43163636363636	A
MTRNR1	898	36.6011	16.473300000000002	-13.535750000000002	U
MTRNR1	899	33.86390909090909	16.180227272727272	-9.28509090909091	A
MTRNR1	900	30.522199999999998	13.2013	-6.7176	U
MTRNR1	901	25.109590909090908	9.631	-4.717	A
MTRNR1	902	26.548217391304348	5.9129565217391304	-4.147260869565217	G
MTRNR1	903	28.558818181818182	1.6138636363636365	-4.988681818181818	A
MTRNR1	904	32.59369565217391	-1.2014347826086955	-5.704217391304348	G
MTRNR1	905	37.419826086956526	-2.9149565217391302	-6.023260869565218	G
MTRNR1	906	41.97918181818182	-3.776318181818182	-5.035136363636363	A
MTRNR1	907	45.77478260869565	-3.5776956521739134	-2.177652173913043	G
MTRNR1	908	48.01059090909091	-3.396409090909091	1.8478181818181818	A
MTRNR1	909	48.929500000000004	-4.3611	6.0775	C
MTRNR1	910	53.13077272727273	-5.935636363636363	14.063318181818182	A
MTRNR1	911	49.80622727272728	-8.92590909090909	16.351045454545456	A
MTRNR1	912	41.45278260869565	-11.578391304347827	13.210347826086958	G
MTRNR1	913	38.4693	-15.602350000000001	12.904300000000001	U
MTRNR1	914	37.046350000000004	-19.77205	10.635299999999999	C
MTRNR1	915	38.84404347826087	-23.317304347826088	8.062608695652173	G
MTRNR1	916	42.0584	-26.2502	6.42545	U
MTRNR1	917	43.470363636363636	-25.85140909090909	0.021863636363636366	A
MTRNR1	918	48.119499999999995	-26.625954545454544	-1.3339999999999999	A
MTRNR1	919	52.686350000000004	-28.31855	-1.35485	C
MTRNR1	920	55.007090909090905	-33.54509090909091	0.5919545454545454	A
MTRNR1	921	53.0056	-39.3724	-3.63595	U
MTRNR1	922	50.887130434782605	-32.56404347826087	0.5170869565217392	G
MTRNR1	923	46.859826086956524	-35.36382608695652	2.559608695652174	G
MTRNR1	924	40.50795	-36.30275	-2.7611	U
MTRNR1	925	47.193681818181815	-36.313818181818185	-8.635636363636364	A
MTRNR1	926	47.036227272727274	-31.39818181818182	-9.963000000000001	A
MTRNR1	927	45.76565217391304	-28.02578260869565	-13.17104347826087	G
MTRNR1	928	44.08075	-24.992600000000003	-16.9055	U
MTRNR1	929	39.967608695652174	-24.037086956521737	-19.77395652173913	G
MTRNR1	930	35.82115	-22.89775	-19.6393	U
MTRNR1	931	31.25531818181818	-24.044409090909088	-17.424181818181818	A
MTRNR1	932	27.980650000000004	-24.09785	-14.04355	C
MTRNR1	933	27.2435	-23.8508	-9.235	U
MTRNR1	934	28.965608695652172	-22.554521739130436	-4.2937391304347825	G
MTRNR1	935	30.36913043478261	-20.364043478260868	2.763913043478261	G
MTRNR1	936	34.38318181818182	-20.54231818181818	0.8429545454545455	A
MTRNR1	937	38.34377272727273	-22.106772727272727	-0.9000454545454546	A
MTRNR1	938	37.66054545454545	-24.010636363636365	-5.240454545454546	A
MTRNR1	939	35.06521739130435	-28.50978260869565	-7.140217391304348	G
MTRNR1	940	34.2258	-31.7605	-10.0514	U
MTRNR1	941	33.2904347826087	-32.565260869565215	-15.420565217391305	G
MTRNR1	942	34.93	-33.747949999999996	-19.589199999999998	C
MTRNR1	943	38.99663636363636	-33.23909090909091	-22.251409090909092	A
MTRNR1	944	43.603	-32.97985	-22.5717	C
MTRNR1	945	48.591	-32.28875	-20.836199999999998	U
MTRNR1	946	52.62985	-33.6104	-18.1398	U
MTRNR1	947	55.41839130434783	-28.338217391304347	-16.48282608695652	G
MTRNR1	948	53.45791304347826	-36.2424347826087	-11.782	G
MTRNR1	949	55.057909090909085	-40.68031818181818	-11.32990909090909	A
MTRNR1	950	55.87015	-45.25215	-11.5729	C
MTRNR1	951	58.983304347826085	-47.54939130434782	-7.739173913043478	G
MTRNR1	952	64.62018181818182	-48.929	-13.2505	A
MTRNR1	953	66.11127272727273	-57.998363636363635	-13.785363636363638	A
MTRNR1	954	62.215250000000005	-60.39149999999999	-13.43765	C
MTRNR2	1	-75.27791666666667	32.68666666666667	-22.158541666666665	G
MTRNR2	2	-72.46185	29.89105	-25.69825	C
MTRNR2	3	-70.55715000000001	25.4177	-26.008550000000003	U
MTRNR2	4	-72.64840909090908	21.60859090909091	-25.52659090909091	A
MTRNR2	5	-75.53240909090908	18.082818181818183	-23.939681818181818	A
MTRNR2	6	-78.4499090909091	14.822909090909091	-24.578181818181818	A
MTRNR2	7	-80.53490000000001	11.0748	-26.6392	C
MTRNR2	8	-82.49835	5.7696	-28.60985	C
MTRNR2	9	-81.9638	1.9831499999999997	-31.73055	U
MTRNR2	10	-77.91986363636364	-1.2681363636363636	-33.59040909090909	A
MTRNR2	11	-77.16926086956522	-5.200521739130434	-32.57382608695652	G
MTRNR2	12	-75.17105000000001	-8.80155	-30.0516	C
MTRNR2	13	-74.6489	-12.32545	-26.169349999999998	C
MTRNR2	14	-75.82055	-16.40685	-23.5406	C
MTRNR2	15	-78.56944999999999	-20.79905	-23.6965	C
MTRNR2	16	-81.17040909090909	-24.265681818181818	-26.41681818181818	A
MTRNR2	17	-81.67877272727273	-27.139045454545453	-29.677136363636365	A
MTRNR2	18	-79.78240909090908	-29.43081818181818	-32.72718181818182	A
MTRNR2	19	-75.6448	-31.92875	-36.5604	C
MTRNR2	20	-73.90145	-27.8909	-40.67635	C
MTRNR2	21	-71.80475	-25.58045	-45.0093	C
MTRNR2	22	-69.74822727272728	-25.320636363636364	-49.342772727272724	A
MTRNR2	23	-70.5548	-24.73295	-57.6337	C
MTRNR2	24	-69.6268	-17.0083	-60.282349999999994	U
MTRNR2	25	-65.64	-17.2423	-63.63099999999999	C
MTRNR2	26	-60.89020000000001	-17.193	-63.9461	C
MTRNR2	27	-56.93636363636363	-17.50918181818182	-61.118818181818185	A
MTRNR2	28	-54.0529	-19.282049999999998	-57.872550000000004	C
MTRNR2	29	-48.9319	-23.0057	-53.530550000000005	C
MTRNR2	30	-43.3428	-19.648500000000002	-56.9457	U
MTRNR2	31	-41.26045	-13.79965	-55.05499999999999	U
MTRNR2	32	-49.98563636363636	-15.685863636363637	-52.20495454545455	A
MTRNR2	33	-52.8231	-13.42065	-55.6274	C
MTRNR2	34	-48.785250000000005	-14.637450000000001	-60.47615	U
MTRNR2	35	-49.35940909090909	-18.39181818181818	-68.98986363636364	A
MTRNR2	36	-45.8542	-21.8978	-68.77655	C
MTRNR2	37	-42.0056	-27.3599	-67.7711	C
MTRNR2	38	-37.278727272727274	-33.912	-65.245	A
MTRNR2	39	-37.527956521739135	-33.76526086956522	-58.980347826086955	G
MTRNR2	40	-39.351681818181824	-37.269636363636366	-56.33145454545454	A
MTRNR2	41	-37.8694	-34.79515	-50.32685	C
MTRNR2	42	-41.442454545454545	-35.80195454545455	-47.48654545454545	A
MTRNR2	43	-45.266045454545456	-37.304272727272725	-40.566818181818185	A
MTRNR2	44	-45.4865	-39.30475	-36.58585	C
MTRNR2	45	-44.01395	-38.46565	-30.08435	C
MTRNR2	46	-44.77625	-38.046350000000004	-21.9013	U
MTRNR2	47	-48.01305	-31.8849	-20.605	U
MTRNR2	48	-45.55477272727273	-28.876590909090908	-17.22481818181818	A
MTRNR2	49	-45.354608695652175	-25.92595652173913	-13.887956521739131	G
MTRNR2	50	-46.376	-22.256149999999998	-10.801649999999999	C
MTRNR2	51	-47.8854	-22.1125	-6.9943	C
MTRNR2	52	-49.224409090909084	-24.41409090909091	-2.504318181818182	A
MTRNR2	53	-47.24827272727273	-25.796454545454548	1.0956818181818182	A
MTRNR2	54	-47.34118181818182	-20.73813636363636	6.336818181818182	A
MTRNR2	55	-41.2353	-23.25805	2.4677499999999997	C
MTRNR2	56	-40.8372	-25.738350000000004	-0.55565	C
MTRNR2	57	-37.14172727272727	-30.176181818181817	-1.9858636363636364	A
MTRNR2	58	-42.20225	-35.209199999999996	-3.16585	U
MTRNR2	59	-45.95575	-34.44895	-4.754	U
MTRNR2	60	-49.771750000000004	-31.74925	-6.4079	U
MTRNR2	61	-56.95863636363636	-30.90909090909091	-9.008954545454545	A
MTRNR2	62	-57.7395	-30.898500000000002	-13.383099999999999	C
MTRNR2	63	-62.67935	-34.7859	-17.36815	C
MTRNR2	64	-63.1977	-37.382600000000004	-20.829050000000002	C
MTRNR2	65	-68.30468181818182	-41.98972727272727	-22.66959090909091	A
MTRNR2	66	-76.17836363636364	-42.38140909090909	-16.182000000000002	A
MTRNR2	67	-78.16250000000001	-37.5075	-12.650636363636364	A
MTRNR2	68	-77.8844	-38.2434	-7.763249999999999	U
MTRNR2	69	-76.43913636363636	-40.736636363636364	-3.972	A
MTRNR2	70	-73.20313636363636	-43.093272727272726	-1.8215000000000001	A
MTRNR2	71	-69.67200000000001	-41.53468181818182	-0.667409090909091	A
MTRNR2	72	-66.67091304347827	-36.36260869565218	-0.010782608695652163	G
MTRNR2	73	-65.75585	-41.819	2.68045	U
MTRNR2	74	-62.40236363636364	-45.82222727272727	1.8777727272727274	A
MTRNR2	75	-58.5899	-45.874849999999995	1.99295	U
MTRNR2	76	-54.079181818181816	-43.268	0.7257727272727273	A
MTRNR2	77	-50.95095652173914	-40.487434782608695	2.404826086956522	G
MTRNR2	78	-44.073565217391305	-35.346739130434784	3.5221739130434786	G
MTRNR2	79	-49.1591	-40.76865	6.6352	C
MTRNR2	80	-48.99647826086957	-34.29086956521739	5.4918695652173914	G
MTRNR2	81	-51.87718181818182	-31.53245454545454	2.942590909090909	A
MTRNR2	82	-55.40805	-32.2562	1.1069	U
MTRNR2	83	-57.54654545454545	-36.04090909090909	-2.440909090909091	A
MTRNR2	84	-61.0684347826087	-38.36713043478261	-3.3612608695652173	G
MTRNR2	85	-64.39422727272728	-44.02345454545454	-5.371181818181818	A
MTRNR2	86	-67.57131818181819	-47.299181818181815	-6.341454545454545	A
MTRNR2	87	-70.88081818181819	-50.98727272727273	-6.204136363636363	A
MTRNR2	88	-74.70235	-50.808299999999996	-7.28445	U
MTRNR2	89	-78.86215	-48.2531	-7.89585	U
MTRNR2	90	-80.74295652173913	-45.54891304347826	-10.934260869565218	G
MTRNR2	91	-83.16027272727273	-40.04368181818182	-14.342136363636364	A
MTRNR2	92	-88.91663636363636	-38.450818181818185	-15.959181818181817	A
MTRNR2	93	-89.9759090909091	-34.31695454545454	-23.04509090909091	A
MTRNR2	94	-92.10625	-28.498	-27.19015	C
MTRNR2	95	-86.98615	-26.553649999999998	-29.4754	C
MTRNR2	96	-88.42125	-21.7847	-30.489749999999997	U
MTRNR2	97	-86.67334782608695	-17.419391304347826	-25.577608695652174	G
MTRNR2	98	-84.93386956521739	-13.575913043478261	-22.365173913043478	G
MTRNR2	99	-86.64855	-11.4178	-13.645500000000002	C
MTRNR2	100	-80.43104347826088	-9.86608695652174	-20.375739130434784	G
MTRNR2	101	-78.5802	-5.1208	-21.64025	C
MTRNR2	102	-79.39886363636364	-1.2423636363636363	-24.35363636363636	A
MTRNR2	103	-74.01613636363636	3.4355	-28.326454545454546	A
MTRNR2	104	-68.0316	5.3703	-22.030250000000002	U
MTRNR2	105	-71.39831818181818	-1.117590909090909	-22.86490909090909	A
MTRNR2	106	-71.58421739130435	-4.943434782608696	-24.702391304347824	G
MTRNR2	107	-69.09136363636364	-8.4825	-28.73172727272727	A
MTRNR2	108	-63.57039999999999	-7.15455	-29.16075	U
MTRNR2	109	-66.5480909090909	-5.827590909090909	-32.59290909090909	A
MTRNR2	110	-69.35475	0.22605	-36.842349999999996	U
MTRNR2	111	-64.09668181818182	-3.3685909090909094	-37.44113636363637	A
MTRNR2	112	-60.16239130434782	-8.10495652173913	-36.386391304347825	G
MTRNR2	113	-58.777499999999996	-3.4616	-39.7805	U
MTRNR2	114	-56.14454545454546	1.0167272727272727	-39.152	A
MTRNR2	115	-52.4242	1.78205	-38.40835	C
MTRNR2	116	-48.0082	0.41655	-36.1151	C
MTRNR2	117	-44.6148695652174	-3.2864347826086955	-36.48534782608696	G
MTRNR2	118	-39.2346	-5.95315	-38.2184	C
MTRNR2	119	-42.30590909090909	-9.1765	-36.99036363636364	A
MTRNR2	120	-45.33322727272727	-12.05890909090909	-34.56313636363637	A
MTRNR2	121	-49.265	-10.02804347826087	-33.80326086956522	G
MTRNR2	122	-51.91321739130434	-6.439260869565218	-31.47082608695652	G
MTRNR2	123	-55.596043478260874	-4.899826086956522	-31.72404347826087	G
MTRNR2	124	-59.62122727272727	0.6838636363636362	-32.07754545454546	A
MTRNR2	125	-63.01613636363636	3.945590909090909	-32.09377272727273	A
MTRNR2	126	-66.85222727272728	5.434545454545455	-32.95790909090909	A
MTRNR2	127	-73.41513043478261	8.047521739130435	-33.255478260869566	G
MTRNR2	128	-76.9860909090909	10.777363636363637	-32.79590909090909	A
MTRNR2	129	-82.52515	15.3139	-38.0567	U
MTRNR2	130	-86.55817391304348	14.388826086956522	-40.070086956521735	G
MTRNR2	131	-92.25577272727273	13.008818181818183	-42.330318181818186	A
MTRNR2	132	-89.41368181818183	14.788818181818181	-45.1615	A
MTRNR2	133	-84.25695454545455	18.09618181818182	-45.64231818181818	A
MTRNR2	134	-84.26018181818182	17.451136363636365	-55.06327272727273	A
MTRNR2	135	-87.97181818181818	20.056545454545457	-46.93922727272727	A
MTRNR2	136	-82.89175	23.823	-44.74615	U
MTRNR2	137	-87.3933	25.9258	-42.543150000000004	U
MTRNR2	138	-87.59945454545455	27.64340909090909	-38.784772727272724	A
MTRNR2	139	-88.60815	28.825799999999997	-32.121050000000004	U
MTRNR2	140	-87.50913636363636	25.219681818181815	-28.115181818181817	A
MTRNR2	141	-84.73127272727272	25.834	-24.024045454545455	A
MTRNR2	142	-82.4161	25.2625	-20.12115	C
MTRNR2	143	-78.20295	22.6857	-17.5963	C
MTRNR2	144	-70.93013636363636	20.738954545454547	-16.562227272727274	A
MTRNR2	145	-67.27268181818182	22.750363636363634	-16.068045454545455	A
MTRNR2	146	-65.42060869565218	26.500391304347826	-17.63804347826087	G
MTRNR2	147	-65.18679999999999	30.951	-18.438650000000003	C
MTRNR2	148	-68.24881818181818	35.213727272727276	-18.838727272727272	A
MTRNR2	149	-70.95565	38.701100000000004	-17.5812	U
MTRNR2	150	-70.36118181818182	40.45390909090909	-14.218227272727272	A
MTRNR2	151	-61.49031818181818	43.94531818181818	-12.99640909090909	A
MTRNR2	152	-60.650099999999995	44.58265	-8.219199999999999	U
MTRNR2	153	-60.08	47.124545454545455	-3.594363636363636	A
MTRNR2	154	-56.6863	46.82455	4.58805	U
MTRNR2	155	-55.49409090909091	41.44236363636364	7.298545454545455	A
MTRNR2	156	-55.32256521739131	37.00269565217391	6.857913043478261	G
MTRNR2	157	-57.4918	27.61325	5.8483	C
MTRNR2	158	-60.52463636363636	30.615681818181816	3.4558181818181812	A
MTRNR2	159	-65.96772727272727	31.360636363636363	6.4259545454545455	A
MTRNR2	160	-69.19673913043479	31.885521739130432	10.170913043478262	G
MTRNR2	161	-71.65065217391304	34.56291304347826	13.08617391304348	G
MTRNR2	162	-74.03622727272727	37.58027272727273	11.837	A
MTRNR2	163	-76.13645	41.60355	10.9255	C
MTRNR2	164	-78.26335	47.10555	9.5963	U
MTRNR2	165	-74.57372727272728	46.10731818181818	7.019954545454545	A
MTRNR2	166	-70.32090909090908	43.736999999999995	2.252818181818182	A
MTRNR2	167	-66.79585	43.20925	4.81235	C
MTRNR2	168	-64.5447	44.28845	8.7718	C
MTRNR2	169	-64.13419999999999	42.3101	13.162600000000001	C
MTRNR2	170	-63.66445	38.54600000000001	16.44955	C
MTRNR2	171	-62.597950000000004	33.70595	16.74475	U
MTRNR2	172	-60.42036363636364	30.241227272727272	14.371090909090908	A
MTRNR2	173	-54.2684	25.13205	13.95045	U
MTRNR2	174	-57.197272727272725	21.19890909090909	5.521681818181818	A
MTRNR2	175	-58.74204999999999	16.451900000000002	4.9439	C
MTRNR2	176	-58.1663	11.673449999999999	4.6607	C
MTRNR2	177	-55.564750000000004	7.774649999999999	5.5734	U
MTRNR2	178	-52.5347	5.5126	8.2659	U
MTRNR2	179	-50.55595	5.27365	12.5875	C
MTRNR2	180	-47.570499999999996	5.67535	18.2302	U
MTRNR2	181	-48.391304347826086	9.845347826086957	16.563913043478262	G
MTRNR2	182	-50.111599999999996	13.7945	11.9226	C
MTRNR2	183	-50.781045454545456	21.04113636363636	11.045409090909091	A
MTRNR2	184	-48.3646	18.5173	9.76315	U
MTRNR2	185	-43.01309090909091	21.4875	5.2568636363636365	A
MTRNR2	186	-46.191863636363635	13.266772727272725	5.696090909090909	A
MTRNR2	187	-48.4528	11.4072	1.10185	U
MTRNR2	188	-51.87839130434782	12.054304347826088	-2.204217391304348	G
MTRNR2	189	-54.07236363636364	14.719090909090909	-5.018727272727273	A
MTRNR2	190	-56.093954545454544	18.54190909090909	-12.149363636363637	A
MTRNR2	191	-60.395050000000005	18.50035	-11.313500000000001	U
MTRNR2	192	-65.13165000000001	17.097550000000002	-12.824549999999999	U
MTRNR2	193	-67.93786363636364	13.327727272727271	-14.812636363636363	A
MTRNR2	194	-68.8965	8.8005	-14.990636363636362	A
MTRNR2	195	-68.23530000000001	4.35515	-13.728200000000001	C
MTRNR2	196	-66.40005	1.6307500000000001	-10.359399999999999	U
MTRNR2	197	-64.83586363636364	-1.5983636363636364	-5.667363636363636	A
MTRNR2	198	-66.64821739130436	-6.642956521739131	-0.07356521739130435	G
MTRNR2	199	-68.35395454545454	-13.23940909090909	-3.4720454545454547	A
MTRNR2	200	-69.13377272727273	-18.633363636363637	0.7156818181818182	A
MTRNR2	201	-70.7765	-22.907863636363636	4.654954545454546	A
MTRNR2	202	-72.03540000000001	-25.9865	8.5307	U
MTRNR2	203	-73.83181818181818	-24.68340909090909	12.772363636363638	A
MTRNR2	204	-76.73663636363636	-22.2145	15.172863636363637	A
MTRNR2	205	-80.3981	-19.56115	16.15	C
MTRNR2	206	-84.92275	-17.6543	15.173150000000001	U
MTRNR2	207	-89.38755	-18.3705	13.4582	U
MTRNR2	208	-92.8784	-21.83315	11.6388	U
MTRNR2	209	-94.35443478260869	-26.882347826086956	11.326478260869566	G
MTRNR2	210	-95.86949999999999	-30.799650000000003	12.9445	C
MTRNR2	211	-94.72972727272727	-33.283454545454546	16.945318181818184	A
MTRNR2	212	-91.00209090909091	-38.61890909090909	19.774	A
MTRNR2	213	-90.48365217391306	-40.0445652173913	14.737608695652176	G
MTRNR2	214	-89.54217391304348	-37.164478260869565	10.390434782608695	G
MTRNR2	215	-89.39913636363636	-36.81545454545455	6.097772727272727	A
MTRNR2	216	-92.46252173913044	-35.493434782608695	-1.495304347826087	G
MTRNR2	217	-86.63881818181818	-42.862590909090905	-1.9763636363636363	A
MTRNR2	218	-81.95326086956521	-42.24360869565217	0.11504347826086952	G
MTRNR2	219	-80.1064	-40.590999999999994	6.19285	C
MTRNR2	220	-80.2729	-38.9116	11.01795	C
MTRNR2	221	-82.22418181818182	-39.62668181818182	15.7615	A
MTRNR2	222	-81.35277272727272	-40.117636363636365	23.85422727272727	A
MTRNR2	223	-87.80090909090909	-33.98795454545455	21.899545454545457	A
MTRNR2	224	-86.2005652173913	-32.127782608695654	17.465565217391305	G
MTRNR2	225	-85.2647	-32.27935	12.85925	C
MTRNR2	226	-86.13475	-30.32325	8.39465	U
MTRNR2	227	-86.63127272727273	-26.043499999999998	5.739136363636363	A
MTRNR2	228	-85.46854545454545	-21.497363636363637	4.714636363636363	A
MTRNR2	229	-82.90252173913044	-17.474304347826088	5.563130434782608	G
MTRNR2	230	-79.06681818181818	-15.523954545454545	5.878590909090909	A
MTRNR2	231	-73.209	-14.648349999999999	5.6609	C
MTRNR2	232	-67.95644999999999	-14.3684	3.4698	C
MTRNR2	233	-62.896100000000004	-8.4525	-0.9495000000000001	C
MTRNR2	234	-60.0277	-6.21995	-5.1659	C
MTRNR2	235	-55.979150000000004	-4.5968	-7.9768	C
MTRNR2	236	-50.85434782608696	-5.146565217391304	-8.034260869565218	G
MTRNR2	237	-45.2945	-8.01609090909091	-9.170136363636363	A
MTRNR2	238	-41.05986363636364	-9.523409090909091	-10.660409090909091	A
MTRNR2	239	-40.879909090909095	-13.701	-13.068181818181818	A
MTRNR2	240	-40.52635	-18.39285	-14.69075	C
MTRNR2	241	-41.44775	-21.889	-18.0196	C
MTRNR2	242	-43.16831818181818	-23.28572727272727	-22.736772727272726	A
MTRNR2	243	-43.64695652173913	-22.73165217391304	-27.44034782608696	G
MTRNR2	244	-42.78845454545455	-20.040727272727274	-31.36281818181818	A
MTRNR2	245	-40.9738	-16.62355	-34.368700000000004	C
MTRNR2	246	-36.57930434782609	-13.709000000000001	-34.952	G
MTRNR2	247	-30.012772727272726	-12.311272727272728	-36.82790909090909	A
MTRNR2	248	-33.723	-7.2998260869565215	-42.329521739130435	G
MTRNR2	249	-29.5781	-3.98255	-37.2491	C
MTRNR2	250	-25.87935	-5.096	-35.7906	U
MTRNR2	251	-22.331727272727274	-9.163636363636364	-34.57359090909091	A
MTRNR2	252	-19.33065	-11.6431	-36.792	C
MTRNR2	253	-18.55925	-14.2059	-41.0051	C
MTRNR2	254	-18.93285	-15.7394	-46.0546	U
MTRNR2	255	-19.686454545454545	-14.720181818181818	-51.033227272727274	A
MTRNR2	256	-18.414454545454547	-12.528681818181816	-54.57213636363636	A
MTRNR2	257	-17.493695652173916	-6.964521739130435	-55.37947826086957	G
MTRNR2	258	-15.6415	-2.4645454545454544	-54.91959090909091	A
MTRNR2	259	-13.122272727272728	1.4964545454545457	-53.442499999999995	A
MTRNR2	260	-9.4331	4.262	-52.45545	C
MTRNR2	261	-6.274818181818182	11.911454545454546	-53.038272727272734	A
MTRNR2	262	-2.2461304347826085	12.936304347826088	-53.19573913043478	G
MTRNR2	263	2.35125	13.707150000000002	-52.534749999999995	C
MTRNR2	264	6.6290000000000004	11.5193	-50.52995	U
MTRNR2	265	8.969045454545453	7.357045454545454	-50.071363636363635	A
MTRNR2	266	10.283227272727272	3.5419545454545456	-51.57795454545454	A
MTRNR2	267	9.05190909090909	-1.8879545454545452	-52.45736363636363	A
MTRNR2	268	5.564272727272727	-0.9206818181818182	-46.83568181818182	A
MTRNR2	269	1.0140434782608696	-4.446391304347826	-39.52630434782609	G
MTRNR2	270	3.5095	3.2744545454545455	-43.32095454545455	A
MTRNR2	271	2.971304347826087	8.428652173913044	-43.04273913043478	G
MTRNR2	272	0.6463	12.5298	-42.78145	C
MTRNR2	273	-3.4660454545454544	13.542227272727274	-43.96331818181818	A
MTRNR2	274	-8.9606	14.1256	-47.11865	C
MTRNR2	275	-12.937272727272727	11.230045454545454	-47.605045454545454	A
MTRNR2	276	-15.1744	9.3271	-45.23715	C
MTRNR2	277	-15.73775	6.547	-40.980399999999996	C
MTRNR2	278	-15.7489	6.70125	-36.167500000000004	C
MTRNR2	279	-16.51582608695652	9.303260869565218	-32.50569565217391	G
MTRNR2	280	-11.8656	11.63575	-27.758050000000004	U
MTRNR2	281	-12.40715	15.550650000000001	-25.07775	C
MTRNR2	282	-14.92285	19.70505	-23.8219	U
MTRNR2	283	-19.137454545454545	22.367590909090907	-24.343909090909094	A
MTRNR2	284	-23.69915	23.37175	-24.792250000000003	U
MTRNR2	285	-27.581652173913046	21.056	-24.526913043478263	G
MTRNR2	286	-30.7609	19.3622	-21.78475	U
MTRNR2	287	-39.590954545454544	17.202727272727273	-22.365727272727273	A
MTRNR2	288	-34.045826086956524	17.931043478260868	-27.296652173913042	G
MTRNR2	289	-32.82945	19.905549999999998	-32.8752	C
MTRNR2	290	-32.48836363636364	15.267181818181818	-31.034454545454548	A
MTRNR2	291	-36.111090909090905	8.273545454545454	-28.609363636363636	A
MTRNR2	292	-28.114727272727272	9.251954545454545	-27.564818181818183	A
MTRNR2	293	-25.876181818181816	14.774818181818182	-31.267272727272726	A
MTRNR2	294	-23.769	18.6077	-33.5826	U
MTRNR2	295	-19.637454545454545	21.572318181818183	-33.79718181818182	A
MTRNR2	296	-14.963478260869566	21.743347826086957	-33.53804347826087	G
MTRNR2	297	-10.9328	20.06855	-33.37885	U
MTRNR2	298	-9.077347826086957	15.10986956521739	-33.792434782608694	G
MTRNR2	299	-7.461956521739131	10.014826086956521	-35.16243478260869	G
MTRNR2	300	-6.703739130434783	7.345086956521739	-38.958608695652174	G
MTRNR2	301	-5.926909090909091	7.643772727272728	-43.16372727272727	A
MTRNR2	302	-3.918045454545455	1.3123181818181817	-49.523545454545456	A
MTRNR2	303	-4.943347826086956	-1.783695652173913	-45.88973913043478	G
MTRNR2	304	-5.520363636363636	-7.27	-38.46036363636364	A
MTRNR2	305	-10.041450000000001	-2.773	-43.8232	U
MTRNR2	306	-14.4829	-0.8199	-44.08845	U
MTRNR2	307	-18.808799999999998	-1.17805	-45.8566	U
MTRNR2	308	-23.31690909090909	-2.7124545454545452	-49.621590909090905	A
MTRNR2	309	-26.484499999999997	-5.917949999999999	-50.4947	U
MTRNR2	310	-27.93768181818182	-10.571454545454545	-49.649409090909096	A
MTRNR2	311	-27.84786956521739	-14.394260869565217	-46.50978260869565	G
MTRNR2	312	-27.07782608695652	-17.10817391304348	-42.193739130434786	G
MTRNR2	313	-27.4341	-18.6239	-37.6563	U
MTRNR2	314	-31.65231818181818	-17.692	-33.43990909090909	A
MTRNR2	315	-32.638304347826086	-17.288173913043476	-27.237347826086953	G
MTRNR2	316	-33.17368181818182	-24.215772727272725	-21.512863636363637	A
MTRNR2	317	-28.656782608695654	-19.667782608695653	-26.314521739130438	G
MTRNR2	318	-25.58760869565217	-17.60978260869565	-29.64495652173913	G
MTRNR2	319	-21.9088	-16.183500000000002	-31.193849999999998	C
MTRNR2	320	-18.110217391304346	-14.234826086956522	-28.804	G
MTRNR2	321	-10.894409090909091	-9.581090909090909	-31.694772727272724	A
MTRNR2	322	-14.47355	-11.57975	-24.069499999999998	C
MTRNR2	323	-16.194636363636363	-7.22409090909091	-22.18045454545455	A
MTRNR2	324	-20.254454545454546	-10.589863636363637	-17.206545454545452	A
MTRNR2	325	-21.77840909090909	-7.974818181818182	-24.31490909090909	A
MTRNR2	326	-25.00415	-7.30185	-27.30245	C
MTRNR2	327	-29.13465	-9.459050000000001	-29.4786	C
MTRNR2	328	-34.416399999999996	-5.8210999999999995	-33.990050000000004	U
MTRNR2	329	-35.30659090909091	2.027681818181818	-30.06836363636364	A
MTRNR2	330	-34.6144	-1.2193	-23.89195	C
MTRNR2	331	-30.58175	-7.41745	-23.247999999999998	C
MTRNR2	332	-26.354739130434783	-10.19395652173913	-15.491478260869565	G
MTRNR2	333	-29.464363636363636	-13.345090909090908	-18.913863636363637	A
MTRNR2	334	-35.59391304347826	-12.55395652173913	-25.827391304347824	G
MTRNR2	335	-39.5353	-10.822700000000001	-26.1822	C
MTRNR2	336	-44.4822	-11.825849999999999	-26.981650000000002	C
MTRNR2	337	-48.55675	-14.130350000000002	-25.77335	U
MTRNR2	338	-50.27004347826087	-17.679391304347824	-22.54391304347826	G
MTRNR2	339	-50.65626086956522	-19.769347826086957	-18.211260869565216	G
MTRNR2	340	-52.29375	-17.597450000000002	-15.535	U
MTRNR2	341	-58.5225652173913	-13.601739130434781	-13.013347826086957	G
MTRNR2	342	-49.38436363636363	-14.787954545454545	-11.101136363636364	A
MTRNR2	343	-49.69585	-14.59145	-6.79495	U
MTRNR2	344	-48.776409090909084	-10.932272727272727	-3.513818181818182	A
MTRNR2	345	-47.478565217391306	-12.959043478260869	5.09495652173913	G
MTRNR2	346	-47.6108	-6.22405	2.3828500000000004	C
MTRNR2	347	-49.0823	-1.4414500000000001	0.89495	U
MTRNR2	348	-53.2915652173913	0.8626956521739132	-0.6631304347826087	G
MTRNR2	349	-57.94539130434782	1.4853478260869566	-0.7798695652173914	G
MTRNR2	350	-62.15475	1.27645	0.46215	U
MTRNR2	351	-68.50065	3.1367000000000003	-1.66785	U
MTRNR2	352	-75.69921739130436	4.965565217391304	2.6321304347826087	G
MTRNR2	353	-76.8717	6.65025	6.936249999999999	U
MTRNR2	354	-77.71765	6.984700000000001	11.892100000000001	C
MTRNR2	355	-77.3116	5.49685	16.837600000000002	C
MTRNR2	356	-74.91827272727272	2.627818181818182	20.424045454545453	A
MTRNR2	357	-71.25072727272727	0.3045454545454545	22.814	A
MTRNR2	358	-66.98752173913043	0.6370434782608695	23.115434782608695	G
MTRNR2	359	-59.82018181818182	1.014	23.75909090909091	A
MTRNR2	360	-57.3966	-4.918	25.20995	U
MTRNR2	361	-52.44036363636364	-10.008909090909091	29.395727272727274	A
MTRNR2	362	-49.455260869565215	-12.680913043478261	26.908521739130432	G
MTRNR2	363	-47.22027272727273	-16.849863636363636	24.777136363636362	A
MTRNR2	364	-45.21472727272727	-19.24531818181818	21.294272727272727	A
MTRNR2	365	-42.98665	-19.571350000000002	17.41805	U
MTRNR2	366	-38.2256	-21.17635	10.9905	C
MTRNR2	367	-40.96155	-16.7107	13.612800000000002	U
MTRNR2	368	-41.282	-11.51055	15.351249999999999	U
MTRNR2	369	-43.282045454545454	-6.163818181818183	8.8125	A
MTRNR2	370	-47.88086956521739	-12.041086956521738	11.869304347826088	G
MTRNR2	371	-51.35895000000001	-14.782749999999998	13.052299999999999	U
MTRNR2	372	-53.9308	-18.0554	16.08845	U
MTRNR2	373	-55.722950000000004	-18.92275	20.58325	C
MTRNR2	374	-56.57172727272727	-16.569363636363637	24.859954545454546	A
MTRNR2	375	-58.3044090909091	-13.157227272727273	26.832500000000003	A
MTRNR2	376	-61.02665	-9.5399	27.1533	C
MTRNR2	377	-64.86395	-7.69165	25.21825	U
MTRNR2	378	-69.5736	-7.9106499999999995	22.9852	U
MTRNR2	379	-74.2372	-9.67985	22.33255	U
MTRNR2	380	-77.74545454545455	-13.052090909090909	23.787681818181817	A
MTRNR2	381	-79.80418181818182	-15.809318181818183	27.07963636363636	A
MTRNR2	382	-80.40522727272727	-18.016136363636363	31.39031818181818	A
MTRNR2	383	-80.28715	-18.40345	35.895050000000005	U
MTRNR2	384	-78.6439	-16.8527	40.49315	U
MTRNR2	385	-74.87870000000001	-14.76865	44.305099999999996	U
MTRNR2	386	-71.02626086956522	-10.209304347826087	43.237826086956524	G
MTRNR2	387	-67.8205	-7.24215	44.287850000000006	C
MTRNR2	388	-66.08935	-4.6652499999999995	47.928399999999996	C
MTRNR2	389	-64.08185	-5.896800000000001	51.2611	C
MTRNR2	390	-64.26013636363636	-7.756045454545455	58.51127272727273	A
MTRNR2	391	-61.16459999999999	-9.0164	61.92565	C
MTRNR2	392	-57.99627272727273	-12.648818181818182	61.722454545454546	A
MTRNR2	393	-54.59226086956522	-14.478652173913044	59.466565217391306	G
MTRNR2	394	-50.75031818181819	-14.880454545454546	56.41281818181819	A
MTRNR2	395	-42.502227272727275	-18.128136363636365	55.696681818181816	A
MTRNR2	396	-38.4842	-18.0513	58.0151	C
MTRNR2	397	-34.22975	-16.2883	56.903800000000004	C
MTRNR2	398	-29.48655	-13.903200000000002	56.119299999999996	C
MTRNR2	399	-31.465249999999997	-9.8253	60.37605	U
MTRNR2	400	-34.98485	-6.33145	60.620450000000005	C
MTRNR2	401	-38.298899999999996	-4.56635	58.155150000000006	U
MTRNR2	402	-42.675000000000004	-1.5288636363636363	53.14213636363636	A
MTRNR2	403	-46.695772727272725	0.09945454545454545	50.68081818181818	A
MTRNR2	404	-50.20640909090909	-2.5611818181818182	51.031681818181816	A
MTRNR2	405	-52.9293	-6.4301	49.3443	U
MTRNR2	406	-55.524950000000004	-10.86185	49.242000000000004	C
MTRNR2	407	-59.143299999999996	-13.101400000000002	50.7556	C
MTRNR2	408	-63.23895	-12.397549999999999	52.1645	C
MTRNR2	409	-68.57469999999999	-11.89255	55.51174999999999	C
MTRNR2	410	-71.62395000000001	-8.3113	55.9701	U
MTRNR2	411	-73.64055	-4.7196	54.61024999999999	U
MTRNR2	412	-74.36404347826087	-1.7517391304347825	50.64069565217392	G
MTRNR2	413	-76.14189999999999	-1.3815	46.60985	U
MTRNR2	414	-77.02027272727273	-4.016727272727272	41.98172727272727	A
MTRNR2	415	-74.9789090909091	-6.683318181818183	37.62386363636364	A
MTRNR2	416	-72.26118181818183	-10.81909090909091	36.36322727272727	A
MTRNR2	417	-70.49375	-15.1493	35.1437	U
MTRNR2	418	-70.8343	-19.0764	32.410199999999996	U
MTRNR2	419	-72.1055	-21.362299999999998	28.209600000000002	U
MTRNR2	420	-72.55704545454546	-20.66268181818182	23.23631818181818	A
MTRNR2	421	-70.72595454545454	-18.628681818181818	19.31831818181818	A
MTRNR2	422	-67.4473	-15.92105	16.752850000000002	C
MTRNR2	423	-64.22945	-12.0413	15.28715	U
MTRNR2	424	-60.75934782608695	-8.76104347826087	16.33508695652174	G
MTRNR2	425	-56.733799999999995	-6.8717	17.7405	U
MTRNR2	426	-52.2928	-8.16225	18.155099999999997	U
MTRNR2	427	-46.34809090909091	-3.5083181818181823	15.266363636363637	A
MTRNR2	428	-48.88982608695652	1.8568695652173912	22.631	G
MTRNR2	429	-46.5589	6.0926	24.2488	U
MTRNR2	430	-45.4601	9.40295	27.917	C
MTRNR2	431	-45.5467	11.1116	32.7862	C
MTRNR2	432	-45.35327272727273	9.828181818181818	37.77618181818182	A
MTRNR2	433	-43.41336363636364	6.860500000000001	40.716727272727276	A
MTRNR2	434	-40.57145454545454	2.792590909090909	42.04740909090909	A
MTRNR2	435	-36.70213043478261	0.804	39.687347826086956	G
MTRNR2	436	-32.93331818181818	-0.5596818181818182	36.382954545454545	A
MTRNR2	437	-29.65417391304348	0.4002173913043479	32.756521739130434	G
MTRNR2	438	-27.03613043478261	3.65	31.77813043478261	G
MTRNR2	439	-23.162454545454548	7.7017727272727265	30.492909090909095	A
MTRNR2	440	-26.021045454545455	9.282	39.04031818181818	A
MTRNR2	441	-27.6147	10.6533	30.48015	C
MTRNR2	442	-31.514045454545453	10.143954545454546	27.3715	A
MTRNR2	443	-38.45239130434783	14.472	24.088478260869564	G
MTRNR2	444	-34.822449999999996	7.238550000000001	26.19515	C
MTRNR2	445	-35.7757	2.5017	26.3813	U
MTRNR2	446	-37.89725	-1.40885	28.756400000000003	C
MTRNR2	447	-41.34975	-3.4198500000000003	32.507	U
MTRNR2	448	-45.13935	-2.85195	36.086149999999996	U
MTRNR2	449	-49.13705	-0.6235999999999999	38.3745	U
MTRNR2	450	-51.947130434782615	3.439217391304348	37.30478260869565	G
MTRNR2	451	-53.83539130434782	6.878521739130434	34.45313043478261	G
MTRNR2	452	-55.10245454545454	9.083318181818182	30.682590909090912	A
MTRNR2	453	-55.70285	9.918949999999999	26.16585	C
MTRNR2	454	-56.76245454545455	7.677772727272727	22.011045454545453	A
MTRNR2	455	-63.213249999999995	10.301449999999999	22.639400000000002	C
MTRNR2	456	-64.5543	16.26575	23.8589	U
MTRNR2	457	-63.900499999999994	20.652545454545454	26.08222727272727	A
MTRNR2	458	-61.58847826086957	24.47117391304348	28.85926086956522	G
MTRNR2	459	-57.28517391304348	26.15826086956522	30.05634782608696	G
MTRNR2	460	-52.33027272727273	26.557954545454546	29.984909090909092	A
MTRNR2	461	-48.13009090909091	31.19363636363636	25.96059090909091	A
MTRNR2	462	-49.401363636363634	28.239590909090907	22.26309090909091	A
MTRNR2	463	-50.74672727272727	23.576772727272726	23.594636363636365	A
MTRNR2	464	-50.448681818181825	14.509363636363638	21.988	A
MTRNR2	465	-49.88290909090909	13.915727272727274	26.581045454545457	A
MTRNR2	466	-51.69735000000001	17.26225	32.2337	C
MTRNR2	467	-55.1382	19.033099999999997	35.445	C
MTRNR2	468	-59.91855	19.383850000000002	36.131	U
MTRNR2	469	-63.923950000000005	17.4809	34.9189	U
MTRNR2	470	-67.39204347826087	12.769347826086957	31.88291304347826	G
MTRNR2	471	-73.0587	11.35265	29.446649999999998	U
MTRNR2	472	-74.67363636363636	13.297409090909092	25.210863636363637	A
MTRNR2	473	-79.63230434782609	19.50726086956522	22.899956521739128	G
MTRNR2	474	-80.98440909090908	24.06381818181818	22.148454545454545	A
MTRNR2	475	-80.57591304347827	28.256695652173914	24.444086956521737	G
MTRNR2	476	-79.04031818181818	36.17722727272727	21.375636363636364	A
MTRNR2	477	-79.73617391304347	32.04491304347826	30.357695652173913	G
MTRNR2	478	-76.79804545454546	31.860818181818182	34.57145454545454	A
MTRNR2	479	-73.54082608695653	30.278565217391307	38.17095652173913	G
MTRNR2	480	-69.26825	28.99925	39.39765	U
MTRNR2	481	-64.35377272727273	25.779272727272726	38.26745454545455	A
MTRNR2	482	-60.00086363636364	25.89781818181818	37.82931818181818	A
MTRNR2	483	-57.50009090909091	29.254363636363635	37.884772727272725	A
MTRNR2	484	-53.31740909090909	35.04118181818182	36.72504545454546	A
MTRNR2	485	-44.30822727272727	33.32336363636364	38.80404545454545	A
MTRNR2	486	-41.62704545454545	36.01831818181818	42.18354545454545	A
MTRNR2	487	-37.914249999999996	38.4388	44.0321	U
MTRNR2	488	-33.513099999999994	42.0188	44.456	U
MTRNR2	489	-28.33575	41.4641	47.6008	U
MTRNR2	490	-22.104318181818183	42.54440909090909	50.741772727272725	A
MTRNR2	491	-19.880136363636364	49.753	56.42968181818182	A
MTRNR2	492	-16.89285	48.89305	59.6145	C
MTRNR2	493	-12.980318181818182	50.19522727272727	66.0010909090909	A
MTRNR2	494	-9.567	53.555150000000005	67.26849999999999	C
MTRNR2	495	-5.7694	54.571000000000005	69.4436	C
MTRNR2	496	-1.4032499999999999	53.768299999999996	71.13965	C
MTRNR2	497	2.3935454545454546	50.5555	71.88918181818181	A
MTRNR2	498	8.22985	49.8738	76.6692	U
MTRNR2	499	11.674227272727274	46.38431818181818	78.79522727272727	A
MTRNR2	500	14.811043478260869	41.992652173913044	81.34947826086956	G
MTRNR2	501	17.1386	40.3172	78.80600000000001	U
MTRNR2	502	20.771772727272726	40.772772727272724	71.89513636363637	A
MTRNR2	503	16.05182608695652	33.715739130434784	75.94682608695652	G
MTRNR2	504	19.17482608695652	30.06121739130435	75.65752173913043	G
MTRNR2	505	21.8821	27.04255	73.56065	C
MTRNR2	506	23.65505	25.67675	69.48085	C
MTRNR2	507	25.71345	27.3697	65.9245	U
MTRNR2	508	28.272000000000002	30.77136363636364	60.99668181818181	A
MTRNR2	509	25.237136363636363	33.19854545454545	63.30777272727273	A
MTRNR2	510	20.62181818181818	32.598363636363636	64.76527272727273	A
MTRNR2	511	19.22909090909091	38.35045454545455	67.99686363636364	A
MTRNR2	512	10.808608695652174	38.735173913043475	69.03652173913044	G
MTRNR2	513	11.3545	36.173500000000004	65.29275	C
MTRNR2	514	15.982090909090909	29.398681818181817	62.72213636363636	A
MTRNR2	515	14.778	25.970391304347825	65.58869565217391	G
MTRNR2	516	13.532300000000001	23.5721	69.4995	C
MTRNR2	517	12.376900000000001	23.7421	74.4071	C
MTRNR2	518	10.338545454545455	26.65672727272727	77.58268181818181	A
MTRNR2	519	6.976850000000001	29.058299999999996	78.57225	C
MTRNR2	520	7.9411000000000005	33.30255	83.22825	C
MTRNR2	521	7.8095	37.82895454545454	84.93163636363637	A
MTRNR2	522	8.20581818181818	43.793	86.00572727272727	A
MTRNR2	523	5.299799999999999	46.910250000000005	86.85535	U
MTRNR2	524	0.3564	50.2902	87.6658	U
MTRNR2	525	0.21295454545454542	47.87436363636364	83.14586363636364	A
MTRNR2	526	2.765	45.18277272727273	79.1705909090909	A
MTRNR2	527	3.250782608695652	39.088913043478264	74.86695652173913	G
MTRNR2	528	10.1315	34.656409090909094	77.81163636363637	A
MTRNR2	529	7.263772727272727	37.23536363636364	71.31145454545455	A
MTRNR2	530	1.659318181818182	36.66059090909091	67.33513636363637	A
MTRNR2	531	2.6545652173913044	38.23108695652174	62.53813043478261	G
MTRNR2	532	5.3541	39.8507	58.785450000000004	C
MTRNR2	533	10.034739130434783	40.678739130434785	58.003956521739134	G
MTRNR2	534	15.06065	40.71545	57.5875	U
MTRNR2	535	21.0788	38.96635	56.16605	U
MTRNR2	536	20.27185	39.09275	60.5831	C
MTRNR2	537	18.812181818181816	43.20931818181818	62.84981818181818	A
MTRNR2	538	15.606045454545455	46.421136363636364	62.94286363636363	A
MTRNR2	539	11.533347826086956	47.82660869565217	62.89939130434782	G
MTRNR2	540	6.6995000000000005	48.58825	62.680150000000005	C
MTRNR2	541	1.9997	47.1092	64.4137	U
MTRNR2	542	-1.54915	44.646	67.4857	C
MTRNR2	543	-2.870590909090909	42.983681818181815	72.01272727272728	A
MTRNR2	544	-3.4437272727272727	45.91922727272727	76.57104545454546	A
MTRNR2	545	-4.75465	49.5849	79.5064	C
MTRNR2	546	-6.7255	54.02613636363637	79.4150909090909	A
MTRNR2	547	-9.9286	57.1814	78.35445	C
MTRNR2	548	-13.872649999999998	58.01525	76.1284	C
MTRNR2	549	-17.6473	57.27485	72.30935	C
MTRNR2	550	-20.591272727272727	54.01927272727273	70.05940909090909	A
MTRNR2	551	-23.3704	50.62785	69.86635	C
MTRNR2	552	-24.4593	48.62695	63.8538	U
MTRNR2	553	-23.945818181818183	42.60404545454546	60.85854545454545	A
MTRNR2	554	-24.29905	38.16575	60.93755	C
MTRNR2	555	-28.33915	32.98755	56.31805000000001	C
MTRNR2	556	-26.44155	33.1859	51.4139	U
MTRNR2	557	-23.87772727272727	34.691818181818185	47.670863636363634	A
MTRNR2	558	-21.959954545454544	34.26022727272727	38.66459090909091	A
MTRNR2	559	-23.124772727272727	34.60331818181818	33.967636363636366	A
MTRNR2	560	-22.711181818181817	33.99527272727273	28.709500000000002	A
MTRNR2	561	-23.264227272727272	32.71395454545455	21.87272727272727	A
MTRNR2	562	-25.2605	32.371545454545455	17.511954545454547	A
MTRNR2	563	-31.7481	35.2154	11.76235	U
MTRNR2	564	-33.9034	40.87845	14.452100000000002	C
MTRNR2	565	-35.68775	40.8874	21.393	C
MTRNR2	566	-39.4913	39.0027	22.40115	C
MTRNR2	567	-47.02977272727273	40.713727272727276	25.768181818181816	A
MTRNR2	568	-46.95490909090909	45.172636363636364	27.47936363636364	A
MTRNR2	569	-46.53059090909091	47.33059090909091	31.385272727272728	A
MTRNR2	570	-46.7013	49.0746	35.9169	C
MTRNR2	571	-46.29459090909091	51.56854545454546	43.70363636363636	A
MTRNR2	572	-51.678399999999996	53.538	44.80155	U
MTRNR2	573	-59.81818181818182	53.941818181818185	44.929500000000004	A
MTRNR2	574	-62.6287	48.58265	48.433949999999996	U
MTRNR2	575	-61.901636363636364	41.21536363636364	47.36213636363637	A
MTRNR2	576	-64.38877272727272	39.12568181818182	45.39563636363636	A
MTRNR2	577	-66.12445	38.271550000000005	40.8268	C
MTRNR2	578	-65.9915	36.329750000000004	36.3716	U
MTRNR2	579	-66.06243478260869	32.26260869565217	34.76004347826087	G
MTRNR2	580	-67.60240909090909	26.00190909090909	31.59759090909091	A
MTRNR2	581	-69.95831818181819	23.015409090909092	26.29536363636364	A
MTRNR2	582	-70.8951	21.070500000000003	33.6186	C
MTRNR2	583	-74.63705	21.239	36.101350000000004	U
MTRNR2	584	-79.1762	23.2115	36.741949999999996	C
MTRNR2	585	-83.2206	25.18	34.7676	C
MTRNR2	586	-87.0407	25.5109	31.176299999999998	U
MTRNR2	587	-88.61095	22.4965	27.8779	C
MTRNR2	588	-87.4869090909091	18.076818181818183	25.53590909090909	A
MTRNR2	589	-85.72805	13.4987	25.222450000000002	C
MTRNR2	590	-83.28318181818182	7.853090909090909	20.708954545454546	A
MTRNR2	591	-80.19235	11.390049999999999	19.8081	C
MTRNR2	592	-71.34675	13.504349999999999	20.42985	C
MTRNR2	593	-65.92715000000001	6.7884	20.8637	C
MTRNR2	594	-62.04113636363636	3.1846363636363635	16.91040909090909	A
MTRNR2	595	-62.413090909090904	-0.8676363636363637	15.133045454545455	A
MTRNR2	596	-65.3911	-3.54505	14.43725	U
MTRNR2	597	-69.79679999999999	-5.68495	15.44265	U
MTRNR2	598	-75.19673913043479	-5.135434782608695	16.21695652173913	G
MTRNR2	599	-79.40878260869566	-3.4345652173913046	14.804782608695652	G
MTRNR2	600	-82.90236363636365	-0.914590909090909	12.4105	A
MTRNR2	601	-84.67275	1.04135	8.42015	C
MTRNR2	602	-84.4744	2.38935	3.4844500000000003	C
MTRNR2	603	-82.84895454545455	4.631545454545455	-2.3374545454545452	A
MTRNR2	604	-83.50236363636363	3.652909090909091	-6.520545454545455	A
MTRNR2	605	-84.6777	0.6890000000000001	-10.126050000000001	U
MTRNR2	606	-86.87705	-3.3627499999999997	-12.382200000000001	C
MTRNR2	607	-90.55915	-6.611549999999999	-12.22915	U
MTRNR2	608	-95.19140909090908	-8.20059090909091	-10.059727272727272	A
MTRNR2	609	-99.33825	-6.7667	-9.4649	U
MTRNR2	610	-101.47805	-2.20075	-8.1354	C
MTRNR2	611	-101.42672727272726	2.3695	-9.165772727272726	A
MTRNR2	612	-102.07180000000001	5.94915	-11.48215	C
MTRNR2	613	-98.01075	13.788499999999999	-12.1864	C
MTRNR2	614	-94.8412	9.869	-8.7859	C
MTRNR2	615	-95.10535	5.924	-4.80585	U
MTRNR2	616	-96.12859090909092	0.8376363636363636	-2.088636363636364	A
MTRNR2	617	-95.4864	-3.4217500000000003	0.1506499999999999	U
MTRNR2	618	-92.49904545454545	-7.270772727272727	-1.1768181818181818	A
MTRNR2	619	-88.59495652173914	-9.736913043478262	-3.741608695652174	G
MTRNR2	620	-84.39263636363636	-9.591909090909091	-5.45609090909091	A
MTRNR2	621	-80.23022727272728	-8.001863636363636	-6.309590909090909	A
MTRNR2	622	-74.23286956521738	-6.2	-12.952347826086957	G
MTRNR2	623	-76.92618181818182	-3.114636363636363	-4.979318181818182	A
MTRNR2	624	-75.41718181818182	2.974227272727273	-3.1316363636363636	A
MTRNR2	625	-68.7195	6.322699999999999	-5.5283999999999995	C
MTRNR2	626	-65.83365	13.20205	-1.9399000000000002	U
MTRNR2	627	-61.05827272727272	10.399272727272727	-2.4751818181818184	A
MTRNR2	628	-57.38122727272727	4.1805	-6.650272727272728	A
MTRNR2	629	-49.7808	6.786700000000001	-9.2775	U
MTRNR2	630	-57.804478260869566	5.889695652173913	-11.518086956521739	G
MTRNR2	631	-58.6822	5.35	-16.0684	U
MTRNR2	632	-60.38440000000001	7.41645	-20.2098	U
MTRNR2	633	-62.01313636363636	11.755863636363637	-21.967136363636364	A
MTRNR2	634	-62.55647826086956	16.776999999999997	-21.829260869565218	G
MTRNR2	635	-61.2263	20.9371	-21.56805	U
MTRNR2	636	-57.794954545454544	24.275909090909092	-18.13818181818182	A
MTRNR2	637	-53.994150000000005	26.5	-16.350450000000002	U
MTRNR2	638	-49.87809090909091	27.48304545454545	-17.234045454545456	A
MTRNR2	639	-49.1985909090909	29.87036363636364	-20.430090909090907	A
MTRNR2	640	-52.071739130434786	33.45652173913044	-24.58608695652174	G
MTRNR2	641	-46.134550000000004	32.68575	-23.16365	U
MTRNR2	642	-42.14840909090909	29.88609090909091	-25.132090909090905	A
MTRNR2	643	-40.79159090909091	29.830136363636367	-28.84568181818182	A
MTRNR2	644	-40.3388	29.796499999999998	-33.685500000000005	C
MTRNR2	645	-40.82081818181818	32.16536363636364	-38.27731818181818	A
MTRNR2	646	-40.687799999999996	34.6605	-44.0714	U
MTRNR2	647	-33.81956521739131	37.71939130434783	-49.39078260869565	G
MTRNR2	648	-35.20427272727273	42.34409090909091	-50.879318181818185	A
MTRNR2	649	-37.51209090909091	45.36636363636364	-53.84022727272727	A
MTRNR2	650	-40.823454545454545	45.81572727272727	-56.79572727272728	A
MTRNR2	651	-42.57931818181818	47.45109090909091	-62.776227272727276	A
MTRNR2	652	-44.85525	42.18545	-59.611799999999995	C
MTRNR2	653	-41.4915	40.652181818181816	-64.43968181818182	A
MTRNR2	654	-37.3156	39.429050000000004	-63.05	U
MTRNR2	655	-32.705	41.24885	-61.4898	U
MTRNR2	656	-29.1518	41.93035	-58.048	C
MTRNR2	657	-26.44335	40.661500000000004	-53.8471	U
MTRNR2	658	-24.34635	37.20825	-51.3605	C
MTRNR2	659	-23.14235	32.194	-50.043099999999995	C
MTRNR2	660	-21.7203	27.63395	-50.9407	U
MTRNR2	661	-18.3639	20.597550000000002	-48.41515	C
MTRNR2	662	-23.21825	20.0165	-51.911	C
MTRNR2	663	-25.328521739130437	18.030782608695652	-56.48008695652174	G
MTRNR2	664	-27.681600000000003	15.892599999999998	-60.1909	C
MTRNR2	665	-28.450318181818183	11.175454545454546	-61.28368181818182	A
MTRNR2	666	-29.2825	6.336399999999999	-61.056	U
MTRNR2	667	-30.208454545454547	2.561681818181818	-57.791636363636364	A
MTRNR2	668	-32.97145454545455	1.326681818181818	-54.66386363636364	A
MTRNR2	669	-36.896130434782606	2.1295652173913044	-52.87347826086956	G
MTRNR2	670	-41.2807	3.3247500000000003	-52.273450000000004	C
MTRNR2	671	-45.27185	3.4588500000000004	-54.2182	C
MTRNR2	672	-48.581	8.1699	-57.879200000000004	U
MTRNR2	673	-47.19082608695652	11.768304347826087	-55.15386956521739	G
MTRNR2	674	-45.027100000000004	19.96185	-55.7993	C
MTRNR2	675	-48.945521739130434	18.414739130434782	-62.93626086956521	G
MTRNR2	676	-52.471199999999996	21.76425	-64.66375000000001	U
MTRNR2	677	-56.803250000000006	24.018700000000003	-64.02995	C
MTRNR2	678	-60.218545454545456	25.105772727272726	-60.5605	A
MTRNR2	679	-61.37882608695652	26.071478260869565	-55.964956521739126	G
MTRNR2	680	-67.44218181818182	27.66240909090909	-51.948	A
MTRNR2	681	-60.56685	28.886000000000003	-47.861650000000004	U
MTRNR2	682	-59.489250000000006	24.5437	-45.0007	U
MTRNR2	683	-53.96654545454545	22.770500000000002	-44.620045454545455	A
MTRNR2	684	-49.62136363636364	24.290954545454543	-43.93745454545455	A
MTRNR2	685	-46.39686363636363	23.055999999999997	-37.203	A
MTRNR2	686	-47.522636363636366	31.185727272727274	-40.46659090909091	A
MTRNR2	687	-50.0444	32.62905	-43.19845	C
MTRNR2	688	-51.09609090909091	36.04727272727273	-48.36304545454546	A
MTRNR2	689	-51.826049999999995	34.81225	-52.422000000000004	C
MTRNR2	690	-49.7967	33.67635	-57.978049999999996	U
MTRNR2	691	-51.58752173913043	29.626608695652177	-53.980130434782616	G
MTRNR2	692	-50.93736363636364	25.216681818181822	-53.45772727272727	A
MTRNR2	693	-46.70477272727273	20.524954545454545	-52.36659090909091	A
MTRNR2	694	-54.300599999999996	19.71235	-50.7273	C
MTRNR2	695	-58.63995	17.9461	-52.35385	U
MTRNR2	696	-60.842565217391304	16.82126086956522	-56.87708695652174	G
MTRNR2	697	-60.665136363636364	15.359181818181817	-61.29018181818182	A
MTRNR2	698	-58.7402	13.999100000000002	-65.25195	C
MTRNR2	699	-54.340545454545456	12.749136363636364	-67.20686363636364	A
MTRNR2	700	-50.54472727272727	10.32209090909091	-67.74554545454545	A
MTRNR2	701	-44.6396	8.1053	-68.16625	U
MTRNR2	702	-43.3077	6.04615	-74.74385	U
MTRNR2	703	-37.93727272727273	1.159909090909091	-75.00963636363636	A
MTRNR2	704	-34.03218181818182	0.4766363636363636	-79.37609090909092	A
MTRNR2	705	-31.46565	-0.12974999999999998	-72.82545	C
MTRNR2	706	-32.07872727272727	-3.1758636363636366	-69.26327272727272	A
MTRNR2	707	-33.92295652173913	-7.416260869565218	-67.65852173913044	G
MTRNR2	708	-35.0746	-11.69005	-67.60305	C
MTRNR2	709	-31.7466	-16.40115	-69.03285	C
MTRNR2	710	-29.2572	-20.555600000000002	-70.97625000000001	C
MTRNR2	711	-29.307999999999996	-27.914772727272727	-75.55127272727272	A
MTRNR2	712	-26.550045454545455	-31.91240909090909	-73.39977272727273	A
MTRNR2	713	-23.1623	-34.94135	-71.85940000000001	U
MTRNR2	714	-18.360318181818183	-35.28590909090909	-71.5624090909091	A
MTRNR2	715	-14.15955	-33.63465	-70.91499999999999	U
MTRNR2	716	-10.16765	-29.8919	-70.7921	C
MTRNR2	717	-7.89925	-26.47025	-68.41925	U
MTRNR2	718	0.4770909090909091	-24.51231818181818	-66.29163636363636	A
MTRNR2	719	0.9491999999999999	-19.95205	-66.68165	C
MTRNR2	720	-1.0763181818181817	-12.610363636363637	-61.20381818181818	A
MTRNR2	721	-1.8203181818181817	-8.051272727272728	-61.583272727272735	A
MTRNR2	722	-0.7251000000000001	-3.7976	-61.7201	U
MTRNR2	723	0.29965	2.6074	-65.6673	C
MTRNR2	724	1.9073636363636366	-3.2982272727272726	-66.24231818181818	A
MTRNR2	725	6.814136363636364	-3.611545454545454	-68.2505909090909	A
MTRNR2	726	10.744299999999999	-5.12185	-65.39189999999999	C
MTRNR2	727	11.97405	-6.5357	-61.46075	C
MTRNR2	728	10.451954545454546	-8.465772727272727	-57.45727272727272	A
MTRNR2	729	7.6215909090909095	-11.214363636363636	-54.41859090909091	A
MTRNR2	730	4.68085	-13.91265	-51.483349999999994	C
MTRNR2	731	-0.9114545454545454	-12.838772727272726	-47.75663636363636	A
MTRNR2	732	0.17331818181818182	-17.769818181818184	-53.54727272727273	A
MTRNR2	733	-3.489521739130435	-15.535826086956522	-56.81634782608696	G
MTRNR2	734	-10.748949999999999	-12.6558	-59.826049999999995	U
MTRNR2	735	-11.540899999999999	-13.7512	-65.5242	C
MTRNR2	736	-10.226590909090909	-19.008863636363635	-71.09509090909091	A
MTRNR2	737	-14.075149999999999	-23.61955	-74.4716	U
MTRNR2	738	-14.49495	-27.28725	-77.9897	U
MTRNR2	739	-16.597590909090908	-31.521409090909092	-80.17427272727274	A
MTRNR2	740	-20.07865	-33.9005	-82.24199999999999	U
MTRNR2	741	-24.80565	-34.36175	-82.8543	U
MTRNR2	742	-29.022227272727275	-31.62722727272727	-82.80513636363636	A
MTRNR2	743	-31.3949	-28.40945	-84.5851	C
MTRNR2	744	-38.06535	-25.59735	-86.22655	C
MTRNR2	745	-39.0261	-19.450200000000002	-85.93055	C
MTRNR2	746	-39.135000000000005	-14.54385	-85.67695	U
MTRNR2	747	-38.60485	-9.24695	-82.72115	C
MTRNR2	748	-42.03722727272727	-9.512636363636362	-76.69727272727272	A
MTRNR2	749	-43.590199999999996	-7.90555	-72.8817	C
MTRNR2	750	-42.93885	-5.2173	-68.7428	U
MTRNR2	751	-40.27782608695652	-0.9668695652173913	-66.51082608695653	G
MTRNR2	752	-40.626099999999994	3.31125	-66.91725	U
MTRNR2	753	-41.8776	9.21015	-62.58735	C
MTRNR2	754	-40.909181818181814	12.204318181818183	-59.01913636363636	A
MTRNR2	755	-39.70768181818182	18.76459090909091	-56.22563636363636	A
MTRNR2	756	-38.685050000000004	12.0517	-53.50599999999999	C
MTRNR2	757	-36.961349999999996	8.31345	-48.20385	C
MTRNR2	758	-36.36325	6.0504	-43.6134	C
MTRNR2	759	-36.72436363636364	8.604545454545455	-39.17972727272727	A
MTRNR2	760	-42.4805	10.255727272727272	-34.55440909090909	A
MTRNR2	761	-42.0817	14.4613	-38.22695	C
MTRNR2	762	-43.025409090909086	19.407954545454547	-44.69222727272727	A
MTRNR2	763	-37.2007	15.7784	-39.3596	C
MTRNR2	764	-30.44840909090909	20.974045454545454	-37.31104545454545	A
MTRNR2	765	-29.648608695652175	13.120826086956521	-39.59913043478261	G
MTRNR2	766	-28.266869565217394	9.56586956521739	-42.305608695652175	G
MTRNR2	767	-26.73675	8.097249999999999	-46.0723	C
MTRNR2	768	-24.21259090909091	4.40740909090909	-51.66359090909091	A
MTRNR2	769	-21.40305	5.0154000000000005	-55.368100000000005	U
MTRNR2	770	-20.15082608695652	8.039695652173913	-59.876260869565215	G
MTRNR2	771	-18.11835	11.6883	-61.561	C
MTRNR2	772	-17.03945	16.5115	-60.964800000000004	U
MTRNR2	773	-13.797550000000001	18.9159	-58.201699999999995	C
MTRNR2	774	-15.35609090909091	23.862363636363636	-57.1345	A
MTRNR2	775	-18.97005	26.426350000000003	-59.34165	U
MTRNR2	776	-21.879227272727274	26.384	-66.21154545454546	A
MTRNR2	777	-26.15927272727273	25.075636363636363	-60.94677272727272	A
MTRNR2	778	-28.765826086956523	25.702521739130436	-56.98582608695652	G
MTRNR2	779	-30.765391304347826	28.526739130434784	-53.534	G
MTRNR2	780	-32.23459090909091	32.16140909090909	-49.99	A
MTRNR2	781	-29.733363636363638	32.906454545454544	-43.92313636363636	A
MTRNR2	782	-32.46568181818182	37.03040909090909	-42.00881818181818	A
MTRNR2	783	-40.14486956521739	38.81382608695652	-38.17895652173913	G
MTRNR2	784	-39.349695652173914	43.52356521739131	-37.26047826086956	G
MTRNR2	785	-37.1676	46.7774	-35.1356	U
MTRNR2	786	-34.385	48.529399999999995	-31.377499999999998	U
MTRNR2	787	-30.25318181818182	47.78422727272727	-29.867727272727276	A
MTRNR2	788	-31.20554545454545	45.80468181818182	-21.560909090909092	A
MTRNR2	789	-29.380999999999997	41.68677272727273	-18.89709090909091	A
MTRNR2	790	-27.776272727272726	37.722818181818184	-18.89963636363636	A
MTRNR2	791	-26.07859090909091	34.388909090909095	-21.583909090909092	A
MTRNR2	792	-23.796818181818182	32.20940909090909	-25.43618181818182	A
MTRNR2	793	-20.590681818181817	32.106272727272724	-29.042727272727276	A
MTRNR2	794	-16.768217391304347	34.77978260869565	-30.739521739130435	G
MTRNR2	795	-12.9137	37.781850000000006	-31.444	U
MTRNR2	796	-9.791590909090909	41.12945454545454	-29.37590909090909	A
MTRNR2	797	-6.999681818181818	42.56909090909091	-25.708000000000002	A
MTRNR2	798	-2.7018181818181817	46.269954545454546	-21.16768181818182	A
MTRNR2	799	0.6647272727272727	44.835136363636366	-19.087818181818182	A
MTRNR2	800	1.9776521739130433	40.6475652173913	-17.524391304347827	G
MTRNR2	801	2.5492608695652175	36.96904347826087	-19.443173913043477	G
MTRNR2	802	-0.01095454545454546	30.203863636363636	-16.789363636363635	A
MTRNR2	803	0.02077272727272728	32.54059090909091	-11.747318181818184	A
MTRNR2	804	-4.7004	29.518849999999997	-11.72355	C
MTRNR2	805	-6.2108	26.24985	-10.25825	U
MTRNR2	806	-7.9666	20.262700000000002	-9.396550000000001	C
MTRNR2	807	-5.632173913043478	20.69739130434783	-13.430478260869565	G
MTRNR2	808	-1.166826086956522	25.389086956521737	-18.529260869565217	G
MTRNR2	809	-8.0593	23.105	-19.75225	C
MTRNR2	810	-8.962727272727273	25.59436363636364	-23.108045454545454	A
MTRNR2	811	-7.432909090909091	28.112045454545456	-26.236954545454545	A
MTRNR2	812	-3.8483636363636364	29.62590909090909	-28.62059090909091	A
MTRNR2	813	-0.2955	29.13895	-31.066399999999998	U
MTRNR2	814	2.8548999999999998	26.347	-33.5779	C
MTRNR2	815	6.550749999999999	22.975	-29.93515	U
MTRNR2	816	10.68075	19.4711	-26.08535	U
MTRNR2	817	12.285318181818182	15.887409090909092	-23.024181818181816	A
MTRNR2	818	12.061449999999999	11.75505	-20.10905	C
MTRNR2	819	9.72875	7.78575	-17.2907	C
MTRNR2	820	6.3317	3.98435	-16.06765	C
MTRNR2	821	3.83205	0.5431	-17.936500000000002	C
MTRNR2	822	2.842913043478261	-1.687	-22.237521739130433	G
MTRNR2	823	4.82685	-4.972849999999999	-27.416800000000002	C
MTRNR2	824	2.57635	-2.76795	-31.025650000000002	C
MTRNR2	825	-1.14435	-1.2558	-34.3581	U
MTRNR2	826	-5.48195652173913	-1.962608695652174	-32.82178260869565	G
MTRNR2	827	-9.992650000000001	-2.70945	-31.321350000000002	U
MTRNR2	828	-13.733250000000002	-2.129	-27.997500000000002	U
MTRNR2	829	-17.96785	-0.89545	-24.2777	U
MTRNR2	830	-24.499636363636363	0.4686818181818182	-29.307227272727275	A
MTRNR2	831	-25.99425	5.17615	-26.58515	C
MTRNR2	832	-21.77995	6.60475	-19.3865	C
MTRNR2	833	-16.643181818181816	3.6735454545454544	-19.871954545454546	A
MTRNR2	834	-12.622272727272728	3.696772727272727	-25.784000000000002	A
MTRNR2	835	-8.155772727272726	2.0631363636363638	-22.15927272727273	A
MTRNR2	836	-2.6081818181818184	1.043909090909091	-18.611454545454546	A
MTRNR2	837	-6.741590909090909	-3.885772727272727	-21.52209090909091	A
MTRNR2	838	-7.21705	-7.699949999999999	-24.1873	C
MTRNR2	839	-5.108227272727273	-9.509090909090908	-27.99809090909091	A
MTRNR2	840	-1.65415	-10.98225	-30.24675	U
MTRNR2	841	2.71945	-12.59825	-32.8849	C
MTRNR2	842	5.487090909090909	-15.925681818181818	-30.801181818181817	A
MTRNR2	843	6.95475	-19.5433	-28.28805	C
MTRNR2	844	5.6017	-23.50255	-25.78555	C
MTRNR2	845	2.53785	-27.49735	-23.8805	U
MTRNR2	846	-0.7546	-31.2057	-24.23685	C
MTRNR2	847	-3.6277500000000003	-34.4495	-26.81495	U
MTRNR2	848	-4.295909090909091	-36.814772727272725	-31.205818181818184	A
MTRNR2	849	-2.203304347826087	-41.02352173913044	-36.09791304347826	G
MTRNR2	850	-6.60745	-40.337650000000004	-38.84675	C
MTRNR2	851	-10.79409090909091	-40.625409090909095	-45.66045454545454	A
MTRNR2	852	-16.5078	-38.957350000000005	-48.2669	U
MTRNR2	853	-22.22965	-32.93155	-45.2197	C
MTRNR2	854	-16.89122727272727	-29.886363636363637	-40.5925	A
MTRNR2	855	-12.9386	-29.62865	-40.411	C
MTRNR2	856	-10.5487	-30.7344	-43.223	C
MTRNR2	857	-11.761136363636364	-31.114590909090907	-50.82677272727273	A
MTRNR2	858	-6.728173913043478	-32.593391304347826	-45.31926086956522	G
MTRNR2	859	-3.25885	-35.0918	-43.9777	U
MTRNR2	860	1.0294545454545454	-35.71004545454545	-37.02786363636364	A
MTRNR2	861	6.8648	-30.262150000000002	-39.02525	U
MTRNR2	862	-0.06425000000000002	-29.679899999999996	-38.51005	U
MTRNR2	863	-4.324181818181819	-28.834454545454545	-36.28777272727273	A
MTRNR2	864	-6.864869565217391	-27.61504347826087	-32.32778260869565	G
MTRNR2	865	-7.695227272727272	-25.900227272727275	-27.88518181818182	A
MTRNR2	866	-5.419869565217391	-22.765521739130435	-24.776347826086955	G
MTRNR2	867	-1.9931739130434785	-19.49873913043478	-22.32991304347826	G
MTRNR2	868	-0.006999999999999995	-15.76755	-21.64405	C
MTRNR2	869	1.3453181818181819	-12.07309090909091	-24.145318181818183	A
MTRNR2	870	7.797749999999999	-9.107	-28.4911	C
MTRNR2	871	11.8983	-10.1844	-28.45615	C
MTRNR2	872	15.69882608695652	-10.45604347826087	-25.215652173913046	G
MTRNR2	873	18.2437	-12.6468	-21.9713	C
MTRNR2	874	16.65595	-16.0567	-19.0757	C
MTRNR2	875	13.366900000000001	-19.35165	-17.076900000000002	U
MTRNR2	876	13.614304347826089	-21.81321739130435	-10.077434782608696	G
MTRNR2	877	12.9297	-25.65945	-7.3072	C
MTRNR2	878	9.378400000000001	-28.9644	-5.81755	C
MTRNR2	879	5.4069	-33.8133	-7.13505	C
MTRNR2	880	3.0342272727272728	-33.733681818181815	-1.0218181818181817	A
MTRNR2	881	-1.8329565217391306	-32.54821739130435	-2.0793478260869565	G
MTRNR2	882	-5.3627	-32.873599999999996	-4.7568	U
MTRNR2	883	-5.948304347826087	-33.741521739130434	-9.678521739130435	G
MTRNR2	884	-5.420681818181818	-36.26522727272727	-13.393318181818183	A
MTRNR2	885	-4.286	-39.981700000000004	-15.894649999999999	C
MTRNR2	886	-2.752090909090909	-44.47627272727272	-14.944227272727273	A
MTRNR2	887	-2.63105	-48.74975	-13.193299999999999	C
MTRNR2	888	3.781090909090909	-54.34631818181818	-10.029227272727272	A
MTRNR2	889	2.2633	-49.00775	-6.27795	U
MTRNR2	890	3.64304347826087	-43.45652173913044	-9.340782608695651	G
MTRNR2	891	4.97755	-39.381150000000005	-12.040049999999999	U
MTRNR2	892	4.3243	-34.80425	-13.11585	U
MTRNR2	893	5.1084499999999995	-28.76755	-11.8277	U
MTRNR2	894	6.020772727272727	-23.13268181818182	-18.795727272727273	A
MTRNR2	895	-0.631818181818182	-28.021409090909092	-13.693636363636363	A
MTRNR2	896	-3.0103	-25.37935	-9.87635	C
MTRNR2	897	-0.21891304347826088	-23.56495652173913	-6.893000000000001	G
MTRNR2	898	3.5042173913043477	-22.46391304347826	-3.3994782608695653	G
MTRNR2	899	7.510949999999999	-20.77575	-1.70365	C
MTRNR2	900	11.4411	-21.01245	6.34565	C
MTRNR2	901	13.281652173913043	-20.399173913043477	12.036347826086956	G
MTRNR2	902	15.2557	-19.17145	16.2916	C
MTRNR2	903	19.72404347826087	-18.522608695652174	18.784739130434783	G
MTRNR2	904	24.473478260869566	-17.03017391304348	19.19486956521739	G
MTRNR2	905	28.47325	-14.797749999999999	18.444499999999998	U
MTRNR2	906	33.32709090909091	-11.296181818181818	15.266636363636364	A
MTRNR2	907	34.96715	-4.9887999999999995	19.6042	C
MTRNR2	908	30.2295	-3.7060000000000004	19.0932	C
MTRNR2	909	26.843	-4.32325	16.138749999999998	C
MTRNR2	910	25.706	-7.473699999999999	13.532599999999999	U
MTRNR2	911	26.530090909090912	-11.979863636363637	12.681954545454545	A
MTRNR2	912	30.18918181818182	-15.693545454545454	8.36740909090909	A
MTRNR2	913	29.222050000000003	-19.46575	9.99775	C
MTRNR2	914	27.780700000000003	-23.148000000000003	13.295250000000001	C
MTRNR2	915	23.852565217391305	-25.672608695652176	15.943565217391305	G
MTRNR2	916	20.1863	-28.027499999999996	15.866999999999999	U
MTRNR2	917	14.68282608695652	-28.326260869565218	14.15717391304348	G
MTRNR2	918	11.35155	-29.643549999999998	11.456	C
MTRNR2	919	9.878636363636364	-30.18068181818182	6.6392727272727265	A
MTRNR2	920	6.503954545454545	-30.826636363636364	1.1464545454545456	A
MTRNR2	921	9.879	-27.836363636363636	0.6197727272727273	A
MTRNR2	922	12.483130434782609	-24.91904347826087	3.3453913043478263	G
MTRNR2	923	11.150521739130435	-18.029869565217393	-2.2689565217391303	G
MTRNR2	924	16.07425	-17.260749999999998	-5.3399	U
MTRNR2	925	17.419636363636364	-13.867681818181818	-8.949681818181817	A
MTRNR2	926	16.57504347826087	-9.864826086956521	-8.988173913043479	G
MTRNR2	927	15.3656	-5.6267000000000005	-8.53405	C
MTRNR2	928	13.672818181818183	-2.3580454545454543	-4.972863636363637	A
MTRNR2	929	10.069700000000001	2.4692	-0.86765	U
MTRNR2	930	6.781318181818182	0.0763636363636364	-5.412727272727273	A
MTRNR2	931	0.17440909090909099	0.9651363636363637	-10.932727272727274	A
MTRNR2	932	2.6889	-2.69325	-5.15515	U
MTRNR2	933	-0.22679999999999997	-3.3901000000000003	2.91145	C
MTRNR2	934	0.8061363636363637	-0.3772272727272727	5.971590909090909	A
MTRNR2	935	3.25845	2.82435	8.0822	C
MTRNR2	936	4.87355	6.0119	6.2295	U
MTRNR2	937	3.3206	12.6043	3.9409	U
MTRNR2	938	10.570391304347826	6.7363478260869565	3.1739130434782608	G
MTRNR2	939	14.401050000000001	9.34095	3.94405	U
MTRNR2	940	17.615850000000002	11.805200000000001	1.49035	U
MTRNR2	941	19.546	14.38015	-2.64645	C
MTRNR2	942	18.41695	17.29685	-6.5027	C
MTRNR2	943	15.48575	20.4937	-8.11685	U
MTRNR2	944	12.8569	24.6142	-6.9965	U
MTRNR2	945	11.040681818181817	30.546181818181818	-4.484136363636363	A
MTRNR2	946	9.1925	27.02227272727273	-2.434409090909091	A
MTRNR2	947	8.234454545454547	20.77827272727273	-3.9914090909090914	A
MTRNR2	948	2.5281	15.527949999999999	0.6954499999999999	U
MTRNR2	949	5.624045454545454	15.254272727272728	-6.091590909090908	A
MTRNR2	950	8.587260869565217	13.346565217391305	-8.922304347826087	G
MTRNR2	951	12.616478260869567	11.020478260869565	-10.044782608695652	G
MTRNR2	952	16.64373913043478	8.385043478260869	-8.72	G
MTRNR2	953	18.345772727272728	5.2770909090909095	-5.621045454545454	A
MTRNR2	954	18.9234	2.17285	-1.7064499999999998	C
MTRNR2	955	17.072300000000002	-1.29265	0.509	C
MTRNR2	956	15.7901	-7.24375	5.3416	U
MTRNR2	957	10.933565217391305	-5.94008695652174	0.9330869565217392	G
MTRNR2	958	8.655	-9.62395	7.442449999999999	U
MTRNR2	959	1.1298181818181818	-9.050590909090909	3.526409090909091	A
MTRNR2	960	7.682049999999999	-9.535	-2.9423500000000002	U
MTRNR2	961	8.729869565217392	-12.859391304347827	-5.895478260869566	G
MTRNR2	962	10.233818181818181	-16.10422727272727	-11.650636363636364	A
MTRNR2	963	5.877772727272728	-18.129727272727273	-18.89459090909091	A
MTRNR2	964	0.34535	-16.4607	-12.5549	U
MTRNR2	965	5.680913043478261	-13.962434782608696	-16.647521739130433	G
MTRNR2	966	9.940347826086956	-11.066217391304347	-15.009956521739129	G
MTRNR2	967	12.38295	-7.32615	-15.3203	C
MTRNR2	968	14.84845	-3.9044499999999998	-18.7702	U
MTRNR2	969	14.850100000000001	-1.2534	-22.9788	C
MTRNR2	970	13.69795	0.8999499999999999	-28.289049999999996	C
MTRNR2	971	10.037454545454546	2.889136363636364	-30.164954545454545	A
MTRNR2	972	5.92525	4.77485	-30.304700000000004	C
MTRNR2	973	1.5868260869565218	5.834478260869566	-27.370260869565215	G
MTRNR2	974	-6.40509090909091	9.369181818181818	-29.00868181818182	A
MTRNR2	975	-1.7844347826086957	6.972347826086957	-22.051130434782607	G
MTRNR2	976	-0.9157826086956521	9.083869565217391	-17.800869565217393	G
MTRNR2	977	2.0105652173913042	12.263782608695653	-15.563521739130435	G
MTRNR2	978	4.88475	15.991050000000001	-14.78025	U
MTRNR2	979	7.38035	19.78335	-16.55285	U
MTRNR2	980	10.5918	23.87155	-19.7046	C
MTRNR2	981	9.744045454545455	27.330454545454543	-22.73609090909091	A
MTRNR2	982	6.737652173913044	30.085304347826085	-24.66282608695652	G
MTRNR2	983	3.0850999999999997	32.433800000000005	-25.294	C
MTRNR2	984	-0.8431000000000001	34.5557	-24.39715	U
MTRNR2	985	-7.317826086956522	38.431695652173914	-20.998217391304348	G
MTRNR2	986	-6.96575	31.9872	-18.4566	U
MTRNR2	987	-6.9959999999999996	35.050200000000004	-14.9172	C
MTRNR2	988	-5.8652999999999995	39.3431	-11.98305	U
MTRNR2	989	-8.2878	42.27485	-12.2336	C
MTRNR2	990	-12.705200000000001	41.411500000000004	-16.0107	U
MTRNR2	991	-14.8096	44.554950000000005	-20.02885	U
MTRNR2	992	-16.497272727272726	45.78845454545455	-24.75677272727273	A
MTRNR2	993	-18.9663	45.4465	-28.76345	C
MTRNR2	994	-21.57495	42.673950000000005	-32.29975	U
MTRNR2	995	-24.93285	39.278	-33.5281	U
MTRNR2	996	-28.502249999999997	36.24325	-32.01105	U
MTRNR2	997	-31.6721	36.06415	-28.9406	U
MTRNR2	998	-34.347590909090904	38.83022727272727	-26.629136363636363	A
MTRNR2	999	-37.764227272727275	41.72686363636364	-25.55440909090909	A
MTRNR2	1000	-41.8246	44.0394	-26.82575	C
MTRNR2	1001	-45.4122	44.10555	-30.40365	C
MTRNR2	1002	-47.89722727272727	41.12404545454546	-33.81572727272727	A
MTRNR2	1003	-49.16769565217391	36.34021739130435	-34.865826086956524	G
MTRNR2	1004	-50.3786	32.085	-33.81395	U
MTRNR2	1005	-50.301086956521736	29.68773913043478	-30.00882608695652	G
MTRNR2	1006	-47.27918181818182	24.484045454545456	-25.438	A
MTRNR2	1007	-46.19286363636364	22.15231818181818	-21.329454545454546	A
MTRNR2	1008	-45.317	19.856454545454543	-17.063454545454547	A
MTRNR2	1009	-47.5848	19.8033	-13.194749999999999	U
MTRNR2	1010	-50.995050000000006	20.656299999999998	-10.1404	U
MTRNR2	1011	-54.62952173913044	20.833565217391307	-2.3133478260869564	G
MTRNR2	1012	-56.739909090909094	24.932045454545456	-2.487045454545455	A
MTRNR2	1013	-55.79615	29.191300000000002	-2.6974	C
MTRNR2	1014	-58.403099999999995	35.271249999999995	-0.74715	C
MTRNR2	1015	-51.26435	33.491699999999994	-1.36655	U
MTRNR2	1016	-46.82708695652173	38.30130434782608	5.754217391304349	G
MTRNR2	1017	-42.40375	37.8005	8.3924	C
MTRNR2	1018	-39.72805	36.974599999999995	12.6676	C
MTRNR2	1019	-38.964999999999996	34.435249999999996	16.74105	C
MTRNR2	1020	-41.03178260869565	30.494608695652172	18.926521739130436	G
MTRNR2	1021	-42.66715	26.415100000000002	19.6725	U
MTRNR2	1022	-43.69126086956522	22.376217391304348	17.735565217391304	G
MTRNR2	1023	-45.37809090909091	14.668545454545455	15.025136363636364	A
MTRNR2	1024	-39.33263636363636	17.221	17.06118181818182	A
MTRNR2	1025	-35.63760869565217	22.324608695652174	10.855956521739131	G
MTRNR2	1026	-44.14722727272727	26.770727272727274	11.172272727272727	A
MTRNR2	1027	-47.1244347826087	30.398260869565217	4.288695652173913	G
MTRNR2	1028	-50.871956521739136	29.043652173913046	7.11904347826087	G
MTRNR2	1029	-50.7983	29.53315	14.427699999999998	C
MTRNR2	1030	-49.45639130434783	32.52360869565217	18.55391304347826	G
MTRNR2	1031	-48.1275652173913	36.813782608695654	19.71813043478261	G
MTRNR2	1032	-46.85739130434783	40.959	17.779391304347826	G
MTRNR2	1033	-46.1906	44.3695	14.604949999999999	C
MTRNR2	1034	-47.24804545454545	45.735772727272725	10.03359090909091	A
MTRNR2	1035	-49.7641	47.46535	6.7843	U
MTRNR2	1036	-52.95481818181818	51.03545454545454	-0.9160454545454545	A
MTRNR2	1037	-53.34995454545455	47.82450000000001	-4.893363636363636	A
MTRNR2	1038	-52.4372	45.126	-8.54475	C
MTRNR2	1039	-48.58018181818181	44.357454545454544	-12.943545454545454	A
MTRNR2	1040	-44.73325	43.143	-15.3841	C
MTRNR2	1041	-39.67209090909091	42.23872727272727	-15.369545454545454	A
MTRNR2	1042	-35.990086956521736	39.88291304347826	-12.835173913043478	G
MTRNR2	1043	-33.371449999999996	36.8351	-10.16375	C
MTRNR2	1044	-32.98354545454546	32.843227272727276	-8.409363636363636	A
MTRNR2	1045	-33.20031818181818	31.910318181818184	-1.7359545454545455	A
MTRNR2	1046	-37.05608695652174	28.964565217391304	-0.6604347826086956	G
MTRNR2	1047	-40.960863636363634	26.233863636363637	-1.6752727272727272	A
MTRNR2	1048	-39.3217	19.91135	2.78495	C
MTRNR2	1049	-38.482130434782604	21.98095652173913	-5.363652173913043	G
MTRNR2	1050	-39.67272727272727	19.2175	-9.046136363636363	A
MTRNR2	1051	-38.96895652173913	15.281478260869564	-10.404	G
MTRNR2	1052	-38.99522727272727	10.497	-10.4015	A
MTRNR2	1053	-44.46072727272727	4.351500000000001	-6.149863636363636	A
MTRNR2	1054	-34.93460869565217	6.129652173913043	-2.490521739130435	G
MTRNR2	1055	-31.316454545454544	3.2545454545454544	-6.966318181818182	A
MTRNR2	1056	-28.924599999999998	2.2113	-0.76475	C
MTRNR2	1057	-29.51755	-0.09375	2.99845	C
MTRNR2	1058	-32.1899	-3.3820500000000004	5.3452	C
MTRNR2	1059	-35.892649999999996	-6.6995000000000005	5.427899999999999	U
MTRNR2	1060	-38.75877272727273	-9.888	2.6913636363636364	A
MTRNR2	1061	-41.3377	-17.363	4.9529	U
MTRNR2	1062	-39.08634782608696	-12.702521739130436	-2.487869565217391	G
MTRNR2	1063	-36.11152173913044	-13.479347826086956	-6.557086956521738	G
MTRNR2	1064	-32.75540909090909	-14.83859090909091	-9.443272727272728	A
MTRNR2	1065	-27.800478260869568	-15.373043478260868	-11.258608695652173	G
MTRNR2	1066	-24.02635	-17.6101	-11.3625	C
MTRNR2	1067	-20.76175	-20.708949999999998	-9.061150000000001	U
MTRNR2	1068	-19.252100000000002	-24.6412	-6.660850000000001	U
MTRNR2	1069	-15.733350000000002	-28.77235	-2.3398	U
MTRNR2	1070	-24.068181818181817	-26.89381818181818	-1.4859090909090908	A
MTRNR2	1071	-27.469318181818185	-30.59313636363636	-1.0743636363636364	A
MTRNR2	1072	-29.412349999999996	-34.2235	-3.05965	U
MTRNR2	1073	-29.6125	-37.0914	-7.06045	U
MTRNR2	1074	-27.8627	-39.425599999999996	-11.3331	U
MTRNR2	1075	-31.544136363636365	-39.024499999999996	-16.32677272727273	A
MTRNR2	1076	-29.148500000000002	-39.19075	-19.8715	U
MTRNR2	1077	-25.0063	-39.933499999999995	-22.38825	U
MTRNR2	1078	-20.577318181818182	-42.42586363636364	-22.20709090909091	A
MTRNR2	1079	-17.96	-46.18036363636364	-21.122954545454544	A
MTRNR2	1080	-17.09455	-50.464800000000004	-19.6089	U
MTRNR2	1081	-19.31117391304348	-54.68395652173913	-17.187956521739128	G
MTRNR2	1082	-21.8077	-58.524699999999996	-16.928050000000002	C
MTRNR2	1083	-26.033636363636365	-60.55031818181818	-18.77481818181818	A
MTRNR2	1084	-28.427545454545452	-62.030227272727274	-22.3255	A
MTRNR2	1085	-27.95927272727273	-63.87795454545455	-26.237227272727274	A
MTRNR2	1086	-26.0374	-66.505	-29.76645	C
MTRNR2	1087	-22.678954545454545	-71.51613636363636	-30.860681818181817	A
MTRNR2	1088	-19.760826086956524	-75.55217391304348	-31.22791304347826	G
MTRNR2	1089	-16.26455	-78.9362	-31.561500000000002	U
MTRNR2	1090	-13.878818181818183	-83.00254545454546	-28.901681818181817	A
MTRNR2	1091	-13.80725	-87.3503	-26.749599999999997	C
MTRNR2	1092	-15.758500000000002	-91.46005	-24.60915	C
MTRNR2	1093	-19.22585	-95.16029999999999	-23.822499999999998	U
MTRNR2	1094	-21.166454545454545	-103.212	-22.038181818181815	A
MTRNR2	1095	-26.10727272727273	-104.44395454545453	-21.919363636363638	A
MTRNR2	1096	-30.7361	-104.32825	-20.3798	C
MTRNR2	1097	-33.54018181818182	-101.30936363636364	-18.38272727272727	A
MTRNR2	1098	-41.56886363636364	-102.60631818181818	-19.677727272727275	A
MTRNR2	1099	-40.67909090909091	-106.36131818181819	-13.658090909090909	A
MTRNR2	1100	-45.59095	-105.03455	-13.725649999999998	C
MTRNR2	1101	-50.4285	-101.89345	-13.22235	C
MTRNR2	1102	-51.42045	-98.9123	-15.8209	C
MTRNR2	1103	-52.77377272727272	-93.56081818181819	-20.401454545454545	A
MTRNR2	1104	-49.2265	-91.50789999999999	-18.393	C
MTRNR2	1105	-48.33177272727273	-90.2009090909091	-14.298363636363637	A
MTRNR2	1106	-47.62347826086956	-91.94113043478262	-10.544869565217391	G
MTRNR2	1107	-46.496913043478266	-95.95299999999999	-7.6662173913043485	G
MTRNR2	1108	-44.8921	-100.34045	-5.5082	U
MTRNR2	1109	-41.3144	-102.60940000000001	-4.5674	C
MTRNR2	1110	-36.54925	-103.02159999999999	-4.5852	C
MTRNR2	1111	-32.1774	-101.19425	-4.14245	U
MTRNR2	1112	-25.586363636363636	-100.36868181818181	-9.199318181818182	A
MTRNR2	1113	-23.519818181818184	-96.40822727272729	-11.092818181818181	A
MTRNR2	1114	-23.274863636363637	-92.28522727272728	-13.124272727272727	A
MTRNR2	1115	-18.086949999999998	-87.67425	-15.90225	C
MTRNR2	1116	-14.341149999999999	-82.80945	-18.4162	U
MTRNR2	1117	-12.762045454545454	-78.60909090909091	-20.948863636363637	A
MTRNR2	1118	-12.2667	-74.3338	-23.4217	C
MTRNR2	1119	-14.081399999999999	-70.64645	-26.063	C
MTRNR2	1120	-18.08531818181818	-68.00318181818182	-26.88204545454545	A
MTRNR2	1121	-19.352454545454545	-61.31672727272728	-32.61054545454545	A
MTRNR2	1122	-20.999	-57.307500000000005	-32.000136363636365	A
MTRNR2	1123	-24.057949999999998	-54.0006	-30.931400000000004	C
MTRNR2	1124	-28.038999999999998	-52.589999999999996	-28.635399999999997	C
MTRNR2	1125	-30.81295	-52.56915	-24.67515	U
MTRNR2	1126	-30.922304347826085	-53.265478260869564	-19.451478260869568	G
MTRNR2	1127	-29.86085	-52.40575	-15.0277	C
MTRNR2	1128	-25.756500000000003	-50.54990909090909	-12.464045454545454	A
MTRNR2	1129	-21.76595	-47.85315	-10.8801	U
MTRNR2	1130	-18.555600000000002	-44.1203	-11.27795	U
MTRNR2	1131	-18.065454545454546	-39.585136363636366	-13.580545454545454	A
MTRNR2	1132	-19.345636363636363	-35.475727272727276	-16.029636363636364	A
MTRNR2	1133	-21.57490909090909	-32.032045454545454	-16.6355	A
MTRNR2	1134	-25.68309090909091	-30.05127272727273	-15.065545454545456	A
MTRNR2	1135	-30.206409090909087	-29.04909090909091	-12.670681818181817	A
MTRNR2	1136	-33.5163	-27.350749999999998	-9.61915	U
MTRNR2	1137	-34.06805	-24.81505	-5.68245	U
MTRNR2	1138	-32.8823	-22.1941	-1.3657499999999998	U
MTRNR2	1139	-30.373450000000002	-19.145	1.5016	C
MTRNR2	1140	-31.609695652173915	-18.644826086956524	10.764478260869565	G
MTRNR2	1141	-32.60508695652174	-15.445869565217391	13.940608695652175	G
MTRNR2	1142	-32.941250000000004	-11.8158	17.0142	U
MTRNR2	1143	-31.717899999999997	-7.90775	17.20485	U
MTRNR2	1144	-30.55878260869565	-1.3087826086956522	22.48795652173913	G
MTRNR2	1145	-28.758608695652175	-0.4527826086956522	12.635217391304348	G
MTRNR2	1146	-27.259043478260867	-4.409826086956522	11.349173913043478	G
MTRNR2	1147	-23.832086956521742	-7.407782608695652	11.547478260869564	G
MTRNR2	1148	-20.86365	-10.109649999999998	13.464850000000002	C
MTRNR2	1149	-20.900173913043478	-11.85321739130435	17.823869565217393	G
MTRNR2	1150	-22.80218181818182	-14.44968181818182	20.53872727272727	A
MTRNR2	1151	-26.095	-17.16335	22.226	C
MTRNR2	1152	-30.361400000000003	-20.0676	21.8179	C
MTRNR2	1153	-33.68205	-23.8441	26.451600000000003	U
MTRNR2	1154	-34.78985	-24.8859	31.176049999999996	C
MTRNR2	1155	-33.730347826086955	-23.74595652173913	36.54678260869565	G
MTRNR2	1156	-32.91873913043478	-20.83573913043478	40.57982608695652	G
MTRNR2	1157	-32.55118181818182	-16.451545454545453	42.85177272727273	A
MTRNR2	1158	-33.211173913043474	-11.582434782608697	42.494608695652175	G
MTRNR2	1159	-35.54415	-8.02025	41.449200000000005	C
MTRNR2	1160	-39.488499999999995	-8.200545454545455	41.22918181818182	A
MTRNR2	1161	-39.31373913043478	-5.693869565217391	50.01573913043479	G
MTRNR2	1162	-44.36809090909091	-8.183681818181817	52.49213636363636	A
MTRNR2	1163	-50.18154545454545	-13.185545454545455	47.57263636363636	A
MTRNR2	1164	-48.6315	-14.233099999999999	43.445049999999995	C
MTRNR2	1165	-46.586149999999996	-13.314699999999998	39.35795	C
MTRNR2	1166	-43.323750000000004	-10.9312	36.8624	C
MTRNR2	1167	-38.806681818181815	-8.497136363636365	32.503727272727275	A
MTRNR2	1168	-34.711000000000006	-8.217727272727272	30.329181818181816	A
MTRNR2	1169	-29.1135	-8.95745	24.29375	C
MTRNR2	1170	-30.04865	-7.710849999999999	32.459199999999996	C
MTRNR2	1171	-26.822699999999998	-9.59495	36.368900000000004	U
MTRNR2	1172	-24.715899999999998	-13.76955	38.2491	C
MTRNR2	1173	-24.09035	-19.059549999999998	38.82795	C
MTRNR2	1174	-25.455739130434782	-24.041565217391305	36.797826086956526	G
MTRNR2	1175	-26.78154545454545	-28.107181818181814	33.9125	A
MTRNR2	1176	-27.633739130434783	-31.155391304347823	29.738695652173913	G
MTRNR2	1177	-27.2711	-37.1863	34.82385	C
MTRNR2	1178	-26.83831818181818	-40.720454545454544	38.43063636363636	A
MTRNR2	1179	-27.52978260869565	-43.95591304347826	42.12952173913044	G
MTRNR2	1180	-29.042900000000003	-47.48605	44.79215	U
MTRNR2	1181	-32.27572727272727	-50.846818181818186	44.52186363636363	A
MTRNR2	1182	-35.1774	-54.33265	42.7819	C
MTRNR2	1183	-43.67786363636364	-56.003227272727266	45.418772727272724	A
MTRNR2	1184	-39.54325	-48.3827	43.3906	U
MTRNR2	1185	-46.759173913043476	-52.210565217391306	42.5745652173913	G
MTRNR2	1186	-51.11555	-51.2024	40.562	C
MTRNR2	1187	-55.199850000000005	-48.5914	40.4315	U
MTRNR2	1188	-57.819	-44.42454545454546	41.772772727272724	A
MTRNR2	1189	-60.73272727272728	-39.425090909090905	45.27636363636364	A
MTRNR2	1190	-59.743043478260866	-35.250913043478256	44.40095652173913	G
MTRNR2	1191	-57.265772727272726	-31.260863636363638	42.92554545454545	A
MTRNR2	1192	-53.7075	-27.7666	41.01535	C
MTRNR2	1193	-51.95309999999999	-25.59655	37.5144	U
MTRNR2	1194	-46.291000000000004	-22.635650000000002	35.36095	U
MTRNR2	1195	-49.474149999999995	-16.91165	32.315	C
MTRNR2	1196	-52.28304545454546	-21.554545454545455	26.919181818181816	A
MTRNR2	1197	-52.76095	-25.54625	26.23335	C
MTRNR2	1198	-50.53855	-29.4882	26.036700000000003	C
MTRNR2	1199	-48.354409090909094	-31.538954545454544	29.333454545454547	A
MTRNR2	1200	-47.00860869565218	-32.491217391304346	33.98913043478261	G
MTRNR2	1201	-47.274950000000004	-33.969	38.38325	U
MTRNR2	1202	-48.88865	-35.49235	43.36895	C
MTRNR2	1203	-51.46218181818181	-38.75363636363637	45.690045454545455	A
MTRNR2	1204	-55.87077272727272	-41.315954545454545	50.14131818181818	A
MTRNR2	1205	-57.23618181818181	-45.17881818181818	50.779636363636364	A
MTRNR2	1206	-57.109478260869565	-49.68608695652174	49.58278260869565	G
MTRNR2	1207	-55.838	-54.06420000000001	48.6588	C
MTRNR2	1208	-51.702565217391296	-56.21813043478261	48.84869565217391	G
MTRNR2	1209	-47.52618181818182	-56.57181818181818	51.29668181818182	A
MTRNR2	1210	-44.62509090909091	-55.83	55.000499999999995	A
MTRNR2	1211	-43.1551	-55.4183	59.2077	C
MTRNR2	1212	-43.63105	-55.785900000000005	63.944	U
MTRNR2	1213	-38.49163636363637	-51.43209090909091	67.54804545454546	A
MTRNR2	1214	-37.70055	-47.281549999999996	65.52565	C
MTRNR2	1215	-37.83365	-45.05735	61.589	U
MTRNR2	1216	-40.45681818181818	-44.922045454545454	57.91731818181818	A
MTRNR2	1217	-43.93005	-44.923649999999995	55.04285	U
MTRNR2	1218	-46.849636363636364	-43.19536363636364	47.125409090909095	A
MTRNR2	1219	-37.67555	-43.232600000000005	46.00715	C
MTRNR2	1220	-34.0931	-39.1502	46.90175	U
MTRNR2	1221	-33.26025	-35.25685	45.2344	C
MTRNR2	1222	-32.182863636363635	-28.435909090909092	42.86095454545455	A
MTRNR2	1223	-32.53577272727273	-29.504590909090908	38.00718181818182	A
MTRNR2	1224	-32.284949999999995	-33.552949999999996	35.828050000000005	U
MTRNR2	1225	-33.73505	-34.53935	29.51105	U
MTRNR2	1226	-36.674521739130434	-33.79413043478261	23.539304347826086	G
MTRNR2	1227	-42.88218181818182	-34.98927272727273	19.75009090909091	A
MTRNR2	1228	-45.45435	-37.4816	16.82515	U
MTRNR2	1229	-45.429	-40.2839	13.06135	C
MTRNR2	1230	-43.47035	-43.7832	11.4809	C
MTRNR2	1231	-40.24904545454546	-47.589045454545456	12.40690909090909	A
MTRNR2	1232	-38.600727272727276	-51.63768181818182	14.634545454545453	A
MTRNR2	1233	-39.616	-55.658449999999995	16.4417	U
MTRNR2	1234	-41.52431818181818	-61.24845454545454	19.335409090909092	A
MTRNR2	1235	-43.268136363636366	-58.13277272727273	22.026727272727275	A
MTRNR2	1236	-43.42785	-54.78535000000001	25.1438	C
MTRNR2	1237	-42.1546	-50.88695	24.853550000000002	U
MTRNR2	1238	-38.30025	-47.568349999999995	23.1971	U
MTRNR2	1239	-36.30808695652174	-43.924869565217385	19.593217391304346	G
MTRNR2	1240	-33.556045454545455	-37.88336363636363	18.170863636363638	A
MTRNR2	1241	-26.76665	-33.0572	21.56145	C
MTRNR2	1242	-33.9427	-32.6325	16.926499999999997	C
MTRNR2	1243	-29.722136363636363	-28.86640909090909	21.375454545454545	A
MTRNR2	1244	-31.527272727272727	-23.700863636363636	15.196681818181817	A
MTRNR2	1245	-33.97555	-26.162650000000003	22.165399999999998	C
MTRNR2	1246	-43.05795652173913	-25.85669565217391	21.66126086956522	G
MTRNR2	1247	-39.98108695652174	-29.030391304347823	17.550782608695652	G
MTRNR2	1248	-38.88190909090909	-26.93913636363636	8.677181818181818	A
MTRNR2	1249	-38.157636363636364	-34.946636363636365	6.170909090909091	A
MTRNR2	1250	-33.76035	-33.19995	4.64535	C
MTRNR2	1251	-31.458636363636366	-27.48118181818182	2.6001818181818184	A
MTRNR2	1252	-25.372454545454545	-23.0425	1.2141363636363638	A
MTRNR2	1253	-23.198565217391305	-18.376956521739128	-0.4964347826086956	G
MTRNR2	1254	-22.6442	-14.089699999999999	-2.04275	U
MTRNR2	1255	-24.09095	-10.0395	-4.7573	U
MTRNR2	1256	-21.216045454545455	-2.915636363636364	-5.8455	A
MTRNR2	1257	-23.92305	-7.203149999999999	-11.79715	C
MTRNR2	1258	-28.153550000000003	-5.869	-9.51125	C
MTRNR2	1259	-33.72405	-5.50815	-9.0	C
MTRNR2	1260	-38.3894	-4.81975	-7.190300000000001	U
MTRNR2	1261	-41.61131818181818	-3.9525	-3.3819999999999997	A
MTRNR2	1262	-41.761869565217395	-1.2665217391304346	0.32591304347826083	G
MTRNR2	1263	-40.093391304347826	1.6636086956521738	4.122739130434782	G
MTRNR2	1264	-38.332869565217386	6.865173913043479	7.248304347826086	G
MTRNR2	1265	-42.892227272727276	1.818090909090909	11.672727272727274	A
MTRNR2	1266	-36.1399	0.55245	11.17215	U
MTRNR2	1267	-30.413	4.105636363636363	8.945727272727273	A
MTRNR2	1268	-27.34527272727273	7.373954545454546	6.864318181818181	A
MTRNR2	1269	-26.59355	12.5075	6.6218	C
MTRNR2	1270	-28.537136363636364	15.869772727272727	8.814636363636364	A
MTRNR2	1271	-31.240391304347828	17.810130434782607	12.73521739130435	G
MTRNR2	1272	-32.36005	18.2563	16.924	C
MTRNR2	1273	-31.73078260869565	16.233478260869564	21.78813043478261	G
MTRNR2	1274	-29.06345	16.153399999999998	25.36105	C
MTRNR2	1275	-25.010454545454547	17.688772727272728	26.609727272727273	A
MTRNR2	1276	-20.429954545454546	13.009545454545453	28.09568181818182	A
MTRNR2	1277	-16.86575	14.69235	27.030649999999998	U
MTRNR2	1278	-14.814150000000001	18.65575	25.839550000000003	C
MTRNR2	1279	-14.023750000000001	23.46955	26.44565	C
MTRNR2	1280	-14.151750000000002	27.69165	29.181400000000004	U
MTRNR2	1281	-14.791045454545456	30.114045454545455	33.660636363636364	A
MTRNR2	1282	-14.5442	31.184500000000003	38.1629	U
MTRNR2	1283	-13.98355	29.9252	43.25575	U
MTRNR2	1284	-10.883849999999999	28.5148	46.540499999999994	C
MTRNR2	1285	-6.35475	28.99985	47.9225	U
MTRNR2	1286	-1.6951363636363637	24.171136363636364	47.680181818181815	A
MTRNR2	1287	2.0780434782608697	25.58717391304348	45.29234782608695	G
MTRNR2	1288	5.448454545454545	27.899363636363635	42.31859090909091	A
MTRNR2	1289	7.353565217391305	31.861391304347826	42.422000000000004	G
MTRNR2	1290	13.594800000000001	34.535700000000006	44.2148	U
MTRNR2	1291	10.9053	34.8805	48.220800000000004	C
MTRNR2	1292	6.9137	34.8117	48.340999999999994	C
MTRNR2	1293	-1.010318181818182	32.954772727272726	48.06763636363637	A
MTRNR2	1294	-2.4447	36.31155	45.174549999999996	U
MTRNR2	1295	2.0168181818181816	38.789818181818184	39.08236363636364	A
MTRNR2	1296	0.27775	35.8795	36.84685	U
MTRNR2	1297	-0.7039	30.924500000000002	36.2267	C
MTRNR2	1298	-3.156409090909091	27.43195454545455	38.29963636363636	A
MTRNR2	1299	-4.287727272727273	21.407818181818183	41.18663636363636	A
MTRNR2	1300	-7.1691	18.10325	42.52845	C
MTRNR2	1301	-11.623772727272726	18.960136363636362	42.63545454545454	A
MTRNR2	1302	-16.16590909090909	21.221681818181818	42.144681818181816	A
MTRNR2	1303	-20.2532	23.4192	40.8092	U
MTRNR2	1304	-22.359454545454547	25.415954545454543	36.55172727272728	A
MTRNR2	1305	-23.019260869565215	26.479565217391304	31.501652173913044	G
MTRNR2	1306	-22.93378260869565	25.934565217391306	26.71395652173913	G
MTRNR2	1307	-24.575652173913046	23.69969565217391	23.562173913043477	G
MTRNR2	1308	-19.43335	23.96895	18.40305	U
MTRNR2	1309	-17.6802	18.0945	18.2144	U
MTRNR2	1310	-17.57595	13.36745	17.8669	U
MTRNR2	1311	-21.09859090909091	10.165136363636362	19.42309090909091	A
MTRNR2	1312	-25.2227	7.800749999999999	20.5252	C
MTRNR2	1313	-30.21730434782609	7.956565217391304	19.781130434782607	G
MTRNR2	1314	-32.607136363636364	6.218681818181818	16.735818181818182	A
MTRNR2	1315	-37.89965	10.40185	16.36155	C
MTRNR2	1316	-39.22395	12.637	11.324	C
MTRNR2	1317	-38.74465	11.71845	6.842700000000001	U
MTRNR2	1318	-37.63525	6.5376	3.01205	C
MTRNR2	1319	-44.8365652173913	6.938695652173913	-2.5687826086956522	G
MTRNR2	1320	-37.43454545454545	10.341545454545455	-4.030954545454545	A
MTRNR2	1321	-35.00595	14.93245	1.9171	U
MTRNR2	1322	-28.86704347826087	16.635217391304348	-4.02	G
MTRNR2	1323	-23.176750000000002	16.02275	-0.5779000000000001	U
MTRNR2	1324	-17.697200000000002	17.872149999999998	0.6704000000000001	U
MTRNR2	1325	-14.904695652173913	21.379217391304348	-0.6238260869565218	G
MTRNR2	1326	-14.632173913043479	25.444652173913042	-2.7464347826086954	G
MTRNR2	1327	-16.119818181818182	29.62790909090909	-4.99	A
MTRNR2	1328	-18.2322	33.515499999999996	-4.8277	U
MTRNR2	1329	-20.6124	36.4439	-2.19515	C
MTRNR2	1330	-21.347545454545454	36.80227272727273	2.6633636363636364	A
MTRNR2	1331	-23.91095652173913	37.36417391304348	7.450782608695652	G
MTRNR2	1332	-23.41478260869565	37.424652173913046	11.996217391304349	G
MTRNR2	1333	-21.793000000000003	36.95222727272727	16.801181818181817	A
MTRNR2	1334	-19.06105	38.478449999999995	20.1256	C
MTRNR2	1335	-17.315227272727274	34.36518181818182	24.585	A
MTRNR2	1336	-12.29435	40.191449999999996	21.13205	U
MTRNR2	1337	-7.2963	38.6883	16.98475	C
MTRNR2	1338	-5.95355	43.55525	15.8018	C
MTRNR2	1339	-6.4831	48.16575	16.38535	C
MTRNR2	1340	-8.759695652173914	51.34326086956521	20.58495652173913	G
MTRNR2	1341	-8.814545454545454	52.84336363636364	25.013454545454547	A
MTRNR2	1342	-7.254250000000001	52.335699999999996	29.5314	U
MTRNR2	1343	-5.466347826086957	49.06847826086957	34.36530434782609	G
MTRNR2	1344	-1.9347391304347827	46.7765652173913	36.35517391304348	G
MTRNR2	1345	2.2518000000000002	45.8065	36.91485	U
MTRNR2	1346	7.022695652173913	41.05691304347826	39.595	G
MTRNR2	1347	5.57975	47.0457	34.5641	C
MTRNR2	1348	12.4885	50.55436363636363	32.67572727272727	A
MTRNR2	1349	11.408565217391304	51.239782608695656	28.367826086956523	G
MTRNR2	1350	9.7033	49.9694	24.552950000000003	C
MTRNR2	1351	7.536	46.2291	23.57725	C
MTRNR2	1352	4.264347826086956	42.94317391304348	26.319565217391304	G
MTRNR2	1353	1.11425	39.88055	28.579700000000003	C
MTRNR2	1354	-3.11165	39.3226	30.5032	U
MTRNR2	1355	-7.696045454545454	41.405136363636366	31.306863636363634	A
MTRNR2	1356	-12.05495	43.89235	30.718149999999998	U
MTRNR2	1357	-14.937850000000001	46.0216	27.605200000000004	U
MTRNR2	1358	-15.749545454545455	46.30918181818182	22.889045454545453	A
MTRNR2	1359	-17.834681818181817	43.276090909090904	17.8135	A
MTRNR2	1360	-18.045409090909093	48.81486363636363	13.4885	A
MTRNR2	1361	-14.892956521739132	46.959	10.445217391304348	G
MTRNR2	1362	-11.75308695652174	43.87604347826087	8.625217391304348	G
MTRNR2	1363	-9.80135	40.1411	7.522200000000001	U
MTRNR2	1364	-3.62615	37.3416	2.9837	U
MTRNR2	1365	-1.80045	35.2502	-1.32605	C
MTRNR2	1366	0.8666956521739131	30.69095652173913	-2.5965217391304347	G
MTRNR2	1367	2.7968	25.92545	-3.70345	U
MTRNR2	1368	1.8878	21.04115	-3.31835	U
MTRNR2	1369	-1.8335000000000001	18.370150000000002	-2.78985	U
MTRNR2	1370	-8.119391304347827	15.884956521739129	-2.6289565217391306	G
MTRNR2	1371	-7.0066999999999995	18.55145	0.52205	U
MTRNR2	1372	-9.0319	21.31275	4.9621	U
MTRNR2	1373	-5.79215	22.11625	7.4918000000000005	C
MTRNR2	1374	-1.0254545454545454	22.207363636363638	7.701136363636365	A
MTRNR2	1375	3.554409090909091	23.143363636363635	6.915318181818182	A
MTRNR2	1376	6.72645	25.970299999999998	5.4601	C
MTRNR2	1377	7.589695652173913	30.68617391304348	2.534521739130435	G
MTRNR2	1378	7.425818181818181	35.236090909090905	2.5646363636363634	A
MTRNR2	1379	5.5722000000000005	39.216449999999995	4.55805	U
MTRNR2	1380	2.57575	42.33935	7.2923	U
MTRNR2	1381	-1.6706363636363635	46.42540909090909	10.239954545454545	A
MTRNR2	1382	-2.840272727272727	42.023909090909086	10.60140909090909	A
MTRNR2	1383	-2.450727272727273	37.76	8.3865	A
MTRNR2	1384	-10.070695652173914	35.454	13.861782608695654	G
MTRNR2	1385	-12.3532	31.577999999999996	15.098250000000002	U
MTRNR2	1386	-16.437	29.3668	14.3921	C
MTRNR2	1387	-21.575200000000002	28.4997	12.913450000000001	C
MTRNR2	1388	-24.8131	28.3325	9.461	U
MTRNR2	1389	-29.867727272727276	22.68240909090909	5.9875	A
MTRNR2	1390	-21.222550000000002	20.091649999999998	7.2682	C
MTRNR2	1391	-22.856608695652174	28.166652173913043	4.178565217391304	G
MTRNR2	1392	-24.2585	27.15735	0.4694	U
MTRNR2	1393	-25.906782608695654	22.205782608695653	-4.51795652173913	G
MTRNR2	1394	-33.48686363636364	25.531409090909094	-7.762090909090909	A
MTRNR2	1395	-26.792	28.964850000000002	-8.517199999999999	U
MTRNR2	1396	-22.4202	26.0777	-10.0287	C
MTRNR2	1397	-18.6261	22.799100000000003	-10.6112	U
MTRNR2	1398	-18.161347826086956	18.618739130434783	-10.790217391304349	G
MTRNR2	1399	-12.207818181818181	16.44240909090909	-8.211590909090908	A
MTRNR2	1400	-13.200347826086956	13.016260869565219	-4.605130434782609	G
MTRNR2	1401	-14.72355	9.3963	-3.3485500000000004	U
MTRNR2	1402	-15.858600000000001	6.67965	-5.71535	U
MTRNR2	1403	-20.62525	2.73685	-9.6905	C
MTRNR2	1404	-19.643954545454548	0.3905454545454546	-13.944863636363635	A
MTRNR2	1405	-14.172	-1.5427391304347824	-15.32682608695652	G
MTRNR2	1406	-10.232000000000001	-3.226954545454545	-14.243409090909092	A
MTRNR2	1407	-5.5494	-4.5806	-12.34015	C
MTRNR2	1408	-2.35135	-5.8017	-8.507299999999999	C
MTRNR2	1409	-2.1828695652173913	-7.572217391304348	-3.841869565217391	G
MTRNR2	1410	-4.182217391304348	-10.427478260869565	-0.9624347826086956	G
MTRNR2	1411	-7.657318181818183	-13.577954545454547	0.598909090909091	A
MTRNR2	1412	-9.918391304347825	-17.102391304347826	-0.909304347826087	G
MTRNR2	1413	-12.0911	-22.87405	-2.4219	U
MTRNR2	1414	-14.056363636363637	-19.685318181818182	-5.075318181818182	A
MTRNR2	1415	-16.75222727272727	-16.135954545454545	-6.684954545454545	A
MTRNR2	1416	-15.79435	-12.04235	-6.5881	U
MTRNR2	1417	-14.619200000000001	-8.46075	-2.84495	C
MTRNR2	1418	-11.99915	-4.9737	0.03430000000000003	C
MTRNR2	1419	-13.676363636363636	2.3683636363636364	5.777863636363636	A
MTRNR2	1420	-6.796391304347827	-0.7466086956521739	0.35026086956521746	G
MTRNR2	1421	-5.205565217391304	1.7506521739130434	-3.7086956521739127	G
MTRNR2	1422	-5.1896	3.93715	-7.61565	U
MTRNR2	1423	-6.584650000000001	5.581650000000001	-12.7046	C
MTRNR2	1424	-11.111608695652174	6.650608695652174	-14.847391304347827	G
MTRNR2	1425	-15.338695652173914	8.238695652173913	-14.508565217391304	G
MTRNR2	1426	-22.70205	11.348749999999999	-17.9493	U
MTRNR2	1427	-23.1054	16.78145	-13.0304	U
MTRNR2	1428	-30.4216	19.204349999999998	-14.6548	U
MTRNR2	1429	-33.66475	22.91805	-14.658449999999998	C
MTRNR2	1430	-37.87795	26.920049999999996	-19.28215	U
MTRNR2	1431	-38.32718181818182	30.580045454545452	-12.189136363636363	A
MTRNR2	1432	-44.84445	30.6473	-10.790600000000001	U
MTRNR2	1433	-45.27425	32.82915	-6.242	C
MTRNR2	1434	-43.419200000000004	35.13985	-2.1724	U
MTRNR2	1435	-39.7915	37.92754545454545	-1.2016818181818183	A
MTRNR2	1436	-37.227050000000006	41.4591	-2.0331	C
MTRNR2	1437	-35.45275	44.9037	-5.45075	U
MTRNR2	1438	-31.224400000000003	51.65475	-5.5555	U
MTRNR2	1439	-31.6241	57.7749	-0.9582	C
MTRNR2	1440	-26.70190909090909	59.040818181818175	2.467590909090909	A
MTRNR2	1441	-22.243045454545452	59.60213636363637	7.682681818181819	A
MTRNR2	1442	-14.157681818181818	56.34259090909091	4.9439090909090915	A
MTRNR2	1443	-11.26755	53.85744999999999	8.18225	U
MTRNR2	1444	-6.16045	52.789049999999996	9.042100000000001	U
MTRNR2	1445	-0.8993499999999999	52.63055000000001	8.6797	C
MTRNR2	1446	3.6079999999999997	54.61015	8.02415	C
MTRNR2	1447	7.05495	58.31395	7.9689	U
MTRNR2	1448	8.8634	62.633500000000005	9.68075	C
MTRNR2	1449	9.2875	65.6337	13.3496	C
MTRNR2	1450	9.67795	65.8768	17.88745	C
MTRNR2	1451	12.4349	64.3244	20.0252	U
MTRNR2	1452	17.64608695652174	60.73526086956522	18.748782608695652	G
MTRNR2	1453	14.966399999999998	62.920100000000005	23.867150000000002	U
MTRNR2	1454	12.571409090909093	60.78159090909091	28.085818181818183	A
MTRNR2	1455	14.12445	58.258849999999995	30.75815	C
MTRNR2	1456	18.118695652173916	55.82078260869565	31.336347826086957	G
MTRNR2	1457	23.301545454545455	52.47309090909091	33.42604545454546	A
MTRNR2	1458	23.328181818181818	52.44990909090909	29.074863636363638	A
MTRNR2	1459	21.95	51.157954545454544	25.122454545454545	A
MTRNR2	1460	18.78804347826087	52.38165217391305	22.965521739130434	G
MTRNR2	1461	15.431999999999999	54.624913043478266	21.560608695652174	G
MTRNR2	1462	8.950272727272727	57.46990909090909	22.471636363636364	A
MTRNR2	1463	4.260199999999999	58.825750000000006	22.5596	C
MTRNR2	1464	1.0435909090909092	62.65668181818182	21.758363636363637	A
MTRNR2	1465	-0.22840909090909084	65.6059090909091	18.599454545454545	A
MTRNR2	1466	0.07208695652173913	67.16147826086956	14.039521739130434	G
MTRNR2	1467	0.5149090909090909	66.99927272727273	9.273090909090909	A
MTRNR2	1468	0.8953913043478261	64.69847826086956	4.951782608695653	G
MTRNR2	1469	0.17122727272727273	61.50290909090909	1.7344090909090908	A
MTRNR2	1470	-1.4443181818181818	57.121818181818185	-0.012590909090909047	A
MTRNR2	1471	-4.203454545454545	53.09890909090909	-0.6584545454545455	A
MTRNR2	1472	-7.941549999999999	50.3613	-1.07065	U
MTRNR2	1473	-12.806136363636364	50.76331818181818	-0.9498181818181819	A
MTRNR2	1474	-16.85309090909091	52.793727272727274	-2.291818181818182	A
MTRNR2	1475	-18.905826086956523	55.82717391304348	-5.314782608695652	G
MTRNR2	1476	-18.46813043478261	58.155565217391306	-9.65186956521739	G
MTRNR2	1477	-17.1779	59.7933	-14.12235	C
MTRNR2	1478	-14.62345	60.31255	-18.814500000000002	C
MTRNR2	1479	-10.083450000000001	65.0056	-19.85475	U
MTRNR2	1480	-6.167454545454546	62.161181818181824	-20.760227272727274	A
MTRNR2	1481	-3.9274999999999998	58.0972	-21.84395	C
MTRNR2	1482	-4.799300000000001	53.818650000000005	-23.19585	U
MTRNR2	1483	-8.05495	50.0553	-24.97015	U
MTRNR2	1484	-9.8363	51.97365	-28.1587	C
MTRNR2	1485	-11.91209090909091	55.71436363636363	-30.655181818181816	A
MTRNR2	1486	-19.35285	60.024800000000006	-32.12955	C
MTRNR2	1487	-18.48027272727273	57.366090909090914	-26.271818181818183	A
MTRNR2	1488	-18.051636363636362	53.98954545454546	-22.571272727272728	A
MTRNR2	1489	-14.891136363636365	52.34554545454546	-19.308136363636365	A
MTRNR2	1490	-10.519695652173914	51.61704347826087	-16.30386956521739	G
MTRNR2	1491	-6.03015	49.0013	-15.59385	C
MTRNR2	1492	-7.335217391304348	55.302565217391304	-13.876347826086956	G
MTRNR2	1493	-7.78895	59.249300000000005	-11.494150000000001	C
MTRNR2	1494	-10.33145	62.112750000000005	-7.976349999999999	C
MTRNR2	1495	-12.69585	62.95735	-3.5188499999999996	U
MTRNR2	1496	-13.602100000000002	61.561350000000004	1.0116999999999998	U
MTRNR2	1497	-17.0125	63.8566	6.434900000000001	C
MTRNR2	1498	-18.7666	61.39640000000001	13.2533	C
MTRNR2	1499	-18.2679	58.88225	17.85735	C
MTRNR2	1500	-17.9449	55.312400000000004	21.2483	C
MTRNR2	1501	-18.00645	54.9601	27.62195	C
MTRNR2	1502	-15.115608695652174	52.14626086956522	30.65791304347826	G
MTRNR2	1503	-13.361600000000001	53.8744	34.79235	U
MTRNR2	1504	-10.935590909090909	58.35277272727273	37.00563636363636	A
MTRNR2	1505	-11.68409090909091	62.39877272727272	40.03636363636363	A
MTRNR2	1506	-13.971909090909092	66.20795454545454	43.28481818181819	A
MTRNR2	1507	-15.95535	67.76304999999999	47.089299999999994	U
MTRNR2	1508	-18.157434782608696	65.54308695652173	50.483043478260875	G
MTRNR2	1509	-22.154636363636364	62.189499999999995	53.85686363636364	A
MTRNR2	1510	-23.7459	58.3803	56.58455	U
MTRNR2	1511	-21.283	56.060227272727275	58.6150909090909	A
MTRNR2	1512	-19.4086	64.53529999999999	62.89955	U
MTRNR2	1513	-13.729	62.09465	58.83075	C
MTRNR2	1514	-13.608863636363635	60.86745454545455	54.79509090909091	A
MTRNR2	1515	-14.505	60.1389	50.6659	U
MTRNR2	1516	-14.70335	59.230999999999995	43.269549999999995	C
MTRNR2	1517	-21.128700000000002	59.54105	44.90445	U
MTRNR2	1518	-25.38545	51.74125	42.1787	C
MTRNR2	1519	-25.7205	59.08181818181818	47.67968181818182	A
MTRNR2	1520	-27.329136363636362	63.56531818181818	45.67436363636364	A
MTRNR2	1521	-25.22035	65.68685	41.7259	C
MTRNR2	1522	-21.340899999999998	67.8985	38.4872	U
MTRNR2	1523	-17.66745	67.26745	34.66095	U
MTRNR2	1524	-14.780954545454545	64.25168181818182	31.05736363636364	A
MTRNR2	1525	-16.569956521739133	62.530739130434775	28.109130434782607	G
MTRNR2	1526	-21.28905	63.05825	24.9026	U
MTRNR2	1527	-26.078136363636364	63.51113636363636	19.40568181818182	A
MTRNR2	1528	-32.54735	68.2988	21.08515	U
MTRNR2	1529	-28.777300000000004	63.92495	15.005500000000001	U
MTRNR2	1530	-26.83686363636364	67.0690909090909	10.959000000000001	A
MTRNR2	1531	-26.626299999999997	68.6905	6.9458	U
MTRNR2	1532	-27.53459090909091	67.30763636363636	2.1417272727272727	A
MTRNR2	1533	-29.888799999999996	66.54285	-1.6327500000000001	C
MTRNR2	1534	-34.029700000000005	66.93375	-4.1362000000000005	C
MTRNR2	1535	-36.5369	70.20635	-5.65085	C
MTRNR2	1536	-41.263318181818185	72.69713636363636	-11.165227272727272	A
MTRNR2	1537	-45.3397	73.23150000000001	-13.417849999999998	C
MTRNR2	1538	-48.10609090909091	70.15481818181819	-16.453954545454547	A
MTRNR2	1539	-49.7905	70.3087	-23.24605	C
MTRNR2	1540	-49.04665	66.05575	-24.49925	C
MTRNR2	1541	-49.165800000000004	63.0669	-30.934649999999998	C
MTRNR2	1542	-44.962318181818176	61.842409090909086	-32.56195454545455	A
MTRNR2	1543	-40.25305	61.46815	-33.37425	C
MTRNR2	1544	-35.560050000000004	61.71395	-31.62745	C
MTRNR2	1545	-32.2969	60.9378	-27.90855	C
MTRNR2	1546	-27.330590909090912	62.7895	-24.072045454545457	A
MTRNR2	1547	-32.009136363636365	58.57718181818182	-21.62840909090909	A
MTRNR2	1548	-33.06086956521739	54.12008695652174	-21.84691304347826	G
MTRNR2	1549	-36.671727272727274	47.42781818181818	-20.170318181818182	A
MTRNR2	1550	-40.721681818181814	49.310227272727275	-21.38959090909091	A
MTRNR2	1551	-42.6652	52.76520000000001	-20.79855	C
MTRNR2	1552	-41.55940909090909	56.94136363636364	-19.382272727272724	A
MTRNR2	1553	-39.3365652173913	61.12160869565218	-19.70521739130435	G
MTRNR2	1554	-37.469869565217394	65.13465217391304	-21.72917391304348	G
MTRNR2	1555	-37.55769565217391	68.11652173913043	-25.399391304347827	G
MTRNR2	1556	-39.2659	70.39195	-28.928649999999998	U
MTRNR2	1557	-39.32165	77.76065	-31.1561	U
MTRNR2	1558	-31.769099999999998	74.6067	-33.02185	U
