nohup: ignoring input
/home/saldan/Desktop/projects/nAPOGEE/tAPOGEE/downstream_analysis/ablation_studies/drop_structure.py:33: FutureWarning: Downcasting behavior in `replace` is deprecated and will be removed in a future version. To retain the old behavior, explicitly call `result.infer_objects(copy=False)`. To opt-in to the future behavior, set `pd.set_option('future.no_silent_downcasting', True)`
  .replace(["benign", "pathogenic"], [0,1])
Fitting 10 folds for each of 192 candidates, totalling 1920 fits
[CV] END channels_correlation_filter__corr_threshold=0.2, channels_pca__n_components=1, input_selection__channel_selection__alpha=0.01, input_selection__feature_selection__threshold=0.01; total time=  59.1s
[CV] END channels_correlation_filter__corr_threshold=0.2, channels_pca__n_components=1, input_selection__channel_selection__alpha=0.01, input_selection__feature_selection__threshold=0.01; total time=  58.8s
[CV] END channels_correlation_filter__corr_threshold=0.2, channels_pca__n_components=1, input_selection__channel_selection__alpha=0.01, input_selection__feature_selection__threshold=0.01; total time=  58.5s
[CV] END channels_correlation_filter__corr_threshold=0.2, channels_pca__n_components=1, input_selection__channel_selection__alpha=0.01, input_selection__feature_selection__threshold=0.01; total time=  59.7s
[CV] END channels_correlation_filter__corr_threshold=0.2, channels_pca__n_components=1, input_selection__channel_selection__alpha=0.01, input_selection__feature_selection__threshold=0.01; total time=  59.5s
[CV] END channels_correlation_filter__corr_threshold=0.2, channels_pca__n_components=1, input_selection__channel_selection__alpha=0.01, input_selection__feature_selection__threshold=0.01; total time= 1.0min
[CV] END channels_correlation_filter__corr_threshold=0.2, channels_pca__n_components=1, input_selection__channel_selection__alpha=0.01, input_selection__feature_selection__threshold=0.01; total time=  60.0s
[CV] END channels_correlation_filter__corr_threshold=0.2, channels_pca__n_components=1, input_selection__channel_selection__alpha=0.01, input_selection__feature_selection__threshold=0.01; total time= 1.0min
[CV] END channels_correlation_filter__corr_threshold=0.2, channels_pca__n_components=1, input_selection__channel_selection__alpha=0.01, input_selection__feature_selection__threshold=0.01; total time= 1.0min
[CV] END channels_correlation_filter__corr_threshold=0.2, channels_pca__n_components=1, input_selection__channel_selection__alpha=0.01, input_selection__feature_selection__threshold=0.01; total time= 1.0min
[CV] END channels_correlation_filter__corr_threshold=0.2, channels_pca__n_components=1, input_selection__channel_selection__alpha=0.01, input_selection__feature_selection__threshold=0.02; total time=  58.9s
[CV] END channels_correlation_filter__corr_threshold=0.2, channels_pca__n_components=1, input_selection__channel_selection__alpha=0.01, input_selection__feature_selection__threshold=0.02; total time=  59.1s
[CV] END channels_correlation_filter__corr_threshold=0.2, channels_pca__n_components=1, input_selection__channel_selection__alpha=0.01, input_selection__feature_selection__threshold=0.02; total time= 1.0min
[CV] END channels_correlation_filter__corr_threshold=0.2, channels_pca__n_components=1, input_selection__channel_selection__alpha=0.01, input_selection__feature_selection__threshold=0.02; total time= 1.0min
[CV] END channels_correlation_filter__corr_threshold=0.2, channels_pca__n_components=1, input_selection__channel_selection__alpha=0.01, input_selection__feature_selection__threshold=0.02; total time= 1.0min
[CV] END channels_correlation_filter__corr_threshold=0.2, channels_pca__n_components=1, input_selection__channel_selection__alpha=0.01, input_selection__feature_selection__threshold=0.02; total time= 1.0min
[CV] END channels_correlation_filter__corr_threshold=0.2, channels_pca__n_components=1, input_selection__channel_selection__alpha=0.01, input_selection__feature_selection__threshold=0.02; total time= 1.0min
[CV] END channels_correlation_filter__corr_threshold=0.2, channels_pca__n_components=1, input_selection__channel_selection__alpha=0.01, input_selection__feature_selection__threshold=0.02; total time= 1.0min
[CV] END channels_correlation_filter__corr_threshold=0.2, channels_pca__n_components=1, input_selection__channel_selection__alpha=0.01, input_selection__feature_selection__threshold=0.02; total time= 1.0min
[CV] END channels_correlation_filter__corr_threshold=0.2, channels_pca__n_components=1, input_selection__channel_selection__alpha=0.01, input_selection__feature_selection__threshold=0.02; total time= 1.0min
[CV] END channels_correlation_filter__corr_threshold=0.2, channels_pca__n_components=1, input_selection__channel_selection__alpha=0.01, input_selection__feature_selection__threshold=0.03; total time=  59.1s
[CV] END channels_correlation_filter__corr_threshold=0.2, channels_pca__n_components=1, input_selection__channel_selection__alpha=0.01, input_selection__feature_selection__threshold=0.03; total time=  59.3s
[CV] END channels_correlation_filter__corr_threshold=0.2, channels_pca__n_components=1, input_selection__channel_selection__alpha=0.01, input_selection__feature_selection__threshold=0.03; total time=  59.2s
[CV] END channels_correlation_filter__corr_threshold=0.2, channels_pca__n_components=1, input_selection__channel_selection__alpha=0.01, input_selection__feature_selection__threshold=0.03; total time=  59.5s
[CV] END channels_correlation_filter__corr_threshold=0.2, channels_pca__n_components=1, input_selection__channel_selection__alpha=0.01, input_selection__feature_selection__threshold=0.03; total time=  59.3s
[CV] END channels_correlation_filter__corr_threshold=0.2, channels_pca__n_components=1, input_selection__channel_selection__alpha=0.01, input_selection__feature_selection__threshold=0.03; total time=  59.9s
[CV] END channels_correlation_filter__corr_threshold=0.2, channels_pca__n_components=1, input_selection__channel_selection__alpha=0.01, input_selection__feature_selection__threshold=0.03; total time=  59.6s
[CV] END channels_correlation_filter__corr_threshold=0.2, channels_pca__n_components=1, input_selection__channel_selection__alpha=0.01, input_selection__feature_selection__threshold=0.03; total time= 1.0min
[CV] END channels_correlation_filter__corr_threshold=0.2, channels_pca__n_components=1, input_selection__channel_selection__alpha=0.01, input_selection__feature_selection__threshold=0.03; total time=  59.8s
[CV] END channels_correlation_filter__corr_threshold=0.2, channels_pca__n_components=1, input_selection__channel_selection__alpha=0.01, input_selection__feature_selection__threshold=0.03; total time= 1.0min
[CV] END channels_correlation_filter__corr_threshold=0.2, channels_pca__n_components=1, input_selection__channel_selection__alpha=0.01, input_selection__feature_selection__threshold=0.05; total time=  58.0s
[CV] END channels_correlation_filter__corr_threshold=0.2, channels_pca__n_components=1, input_selection__channel_selection__alpha=0.01, input_selection__feature_selection__threshold=0.05; total time=  58.9s
[CV] END channels_correlation_filter__corr_threshold=0.2, channels_pca__n_components=1, input_selection__channel_selection__alpha=0.01, input_selection__feature_selection__threshold=0.05; total time=  58.3s
[CV] END channels_correlation_filter__corr_threshold=0.2, channels_pca__n_components=1, input_selection__channel_selection__alpha=0.01, input_selection__feature_selection__threshold=0.05; total time=  59.2s
[CV] END channels_correlation_filter__corr_threshold=0.2, channels_pca__n_components=1, input_selection__channel_selection__alpha=0.01, input_selection__feature_selection__threshold=0.05; total time=  59.5s
[CV] END channels_correlation_filter__corr_threshold=0.2, channels_pca__n_components=1, input_selection__channel_selection__alpha=0.01, input_selection__feature_selection__threshold=0.05; total time=  59.2s
[CV] END channels_correlation_filter__corr_threshold=0.2, channels_pca__n_components=1, input_selection__channel_selection__alpha=0.01, input_selection__feature_selection__threshold=0.05; total time=  58.6s
[CV] END channels_correlation_filter__corr_threshold=0.2, channels_pca__n_components=1, input_selection__channel_selection__alpha=0.01, input_selection__feature_selection__threshold=0.05; total time=  59.3s
[CV] END channels_correlation_filter__corr_threshold=0.2, channels_pca__n_components=1, input_selection__channel_selection__alpha=0.01, input_selection__feature_selection__threshold=0.05; total time=  59.0s
[CV] END channels_correlation_filter__corr_threshold=0.2, channels_pca__n_components=1, input_selection__channel_selection__alpha=0.01, input_selection__feature_selection__threshold=0.05; total time=  59.9s
[CV] END channels_correlation_filter__corr_threshold=0.2, channels_pca__n_components=1, input_selection__channel_selection__alpha=0.05, input_selection__feature_selection__threshold=0.01; total time= 1.0min
[CV] END channels_correlation_filter__corr_threshold=0.2, channels_pca__n_components=1, input_selection__channel_selection__alpha=0.05, input_selection__feature_selection__threshold=0.01; total time= 1.0min
[CV] END channels_correlation_filter__corr_threshold=0.2, channels_pca__n_components=1, input_selection__channel_selection__alpha=0.05, input_selection__feature_selection__threshold=0.01; total time= 1.0min
[CV] END channels_correlation_filter__corr_threshold=0.2, channels_pca__n_components=1, input_selection__channel_selection__alpha=0.05, input_selection__feature_selection__threshold=0.01; total time= 1.0min
[CV] END channels_correlation_filter__corr_threshold=0.2, channels_pca__n_components=1, input_selection__channel_selection__alpha=0.05, input_selection__feature_selection__threshold=0.01; total time= 1.0min
[CV] END channels_correlation_filter__corr_threshold=0.2, channels_pca__n_components=1, input_selection__channel_selection__alpha=0.05, input_selection__feature_selection__threshold=0.01; total time= 1.0min
[CV] END channels_correlation_filter__corr_threshold=0.2, channels_pca__n_components=1, input_selection__channel_selection__alpha=0.05, input_selection__feature_selection__threshold=0.01; total time= 1.0min
[CV] END channels_correlation_filter__corr_threshold=0.2, channels_pca__n_components=1, input_selection__channel_selection__alpha=0.05, input_selection__feature_selection__threshold=0.01; total time= 1.0min
[CV] END channels_correlation_filter__corr_threshold=0.2, channels_pca__n_components=1, input_selection__channel_selection__alpha=0.05, input_selection__feature_selection__threshold=0.01; total time= 1.0min
[CV] END channels_correlation_filter__corr_threshold=0.2, channels_pca__n_components=1, input_selection__channel_selection__alpha=0.05, input_selection__feature_selection__threshold=0.01; total time= 1.0min
[CV] END channels_correlation_filter__corr_threshold=0.2, channels_pca__n_components=1, input_selection__channel_selection__alpha=0.05, input_selection__feature_selection__threshold=0.02; total time= 1.0min
[CV] END channels_correlation_filter__corr_threshold=0.2, channels_pca__n_components=1, input_selection__channel_selection__alpha=0.05, input_selection__feature_selection__threshold=0.02; total time= 1.0min
[CV] END channels_correlation_filter__corr_threshold=0.2, channels_pca__n_components=1, input_selection__channel_selection__alpha=0.05, input_selection__feature_selection__threshold=0.02; total time= 1.0min
[CV] END channels_correlation_filter__corr_threshold=0.2, channels_pca__n_components=1, input_selection__channel_selection__alpha=0.05, input_selection__feature_selection__threshold=0.02; total time= 1.0min
[CV] END channels_correlation_filter__corr_threshold=0.2, channels_pca__n_components=1, input_selection__channel_selection__alpha=0.05, input_selection__feature_selection__threshold=0.02; total time= 1.0min
[CV] END channels_correlation_filter__corr_threshold=0.2, channels_pca__n_components=1, input_selection__channel_selection__alpha=0.05, input_selection__feature_selection__threshold=0.02; total time= 1.0min
[CV] END channels_correlation_filter__corr_threshold=0.2, channels_pca__n_components=1, input_selection__channel_selection__alpha=0.05, input_selection__feature_selection__threshold=0.02; total time= 1.0min
[CV] END channels_correlation_filter__corr_threshold=0.2, channels_pca__n_components=1, input_selection__channel_selection__alpha=0.05, input_selection__feature_selection__threshold=0.02; total time= 1.0min
[CV] END channels_correlation_filter__corr_threshold=0.2, channels_pca__n_components=1, input_selection__channel_selection__alpha=0.05, input_selection__feature_selection__threshold=0.02; total time= 1.0min
[CV] END channels_correlation_filter__corr_threshold=0.2, channels_pca__n_components=1, input_selection__channel_selection__alpha=0.05, input_selection__feature_selection__threshold=0.02; total time= 1.0min
[CV] END channels_correlation_filter__corr_threshold=0.2, channels_pca__n_components=1, input_selection__channel_selection__alpha=0.05, input_selection__feature_selection__threshold=0.03; total time= 1.0min
[CV] END channels_correlation_filter__corr_threshold=0.2, channels_pca__n_components=1, input_selection__channel_selection__alpha=0.05, input_selection__feature_selection__threshold=0.03; total time= 1.0min
[CV] END channels_correlation_filter__corr_threshold=0.2, channels_pca__n_components=1, input_selection__channel_selection__alpha=0.05, input_selection__feature_selection__threshold=0.03; total time= 1.0min
[CV] END channels_correlation_filter__corr_threshold=0.2, channels_pca__n_components=1, input_selection__channel_selection__alpha=0.05, input_selection__feature_selection__threshold=0.03; total time= 1.0min
[CV] END channels_correlation_filter__corr_threshold=0.2, channels_pca__n_components=1, input_selection__channel_selection__alpha=0.05, input_selection__feature_selection__threshold=0.03; total time= 1.0min
[CV] END channels_correlation_filter__corr_threshold=0.2, channels_pca__n_components=1, input_selection__channel_selection__alpha=0.05, input_selection__feature_selection__threshold=0.03; total time= 1.0min
[CV] END channels_correlation_filter__corr_threshold=0.2, channels_pca__n_components=1, input_selection__channel_selection__alpha=0.05, input_selection__feature_selection__threshold=0.03; total time= 1.0min
[CV] END channels_correlation_filter__corr_threshold=0.2, channels_pca__n_components=1, input_selection__channel_selection__alpha=0.05, input_selection__feature_selection__threshold=0.03; total time= 1.0min
[CV] END channels_correlation_filter__corr_threshold=0.2, channels_pca__n_components=1, input_selection__channel_selection__alpha=0.05, input_selection__feature_selection__threshold=0.03; total time= 1.0min
[CV] END channels_correlation_filter__corr_threshold=0.2, channels_pca__n_components=1, input_selection__channel_selection__alpha=0.05, input_selection__feature_selection__threshold=0.03; total time= 1.0min
[CV] END channels_correlation_filter__corr_threshold=0.2, channels_pca__n_components=1, input_selection__channel_selection__alpha=0.05, input_selection__feature_selection__threshold=0.05; total time=  58.7s
[CV] END channels_correlation_filter__corr_threshold=0.2, channels_pca__n_components=1, input_selection__channel_selection__alpha=0.05, input_selection__feature_selection__threshold=0.05; total time=  59.5s
[CV] END channels_correlation_filter__corr_threshold=0.2, channels_pca__n_components=1, input_selection__channel_selection__alpha=0.05, input_selection__feature_selection__threshold=0.05; total time=  59.0s
[CV] END channels_correlation_filter__corr_threshold=0.2, channels_pca__n_components=1, input_selection__channel_selection__alpha=0.05, input_selection__feature_selection__threshold=0.05; total time=  59.7s
[CV] END channels_correlation_filter__corr_threshold=0.2, channels_pca__n_components=1, input_selection__channel_selection__alpha=0.05, input_selection__feature_selection__threshold=0.05; total time= 1.0min
[CV] END channels_correlation_filter__corr_threshold=0.2, channels_pca__n_components=1, input_selection__channel_selection__alpha=0.05, input_selection__feature_selection__threshold=0.05; total time=  59.8s
[CV] END channels_correlation_filter__corr_threshold=0.2, channels_pca__n_components=1, input_selection__channel_selection__alpha=0.05, input_selection__feature_selection__threshold=0.05; total time=  59.4s
[CV] END channels_correlation_filter__corr_threshold=0.2, channels_pca__n_components=1, input_selection__channel_selection__alpha=0.05, input_selection__feature_selection__threshold=0.05; total time=  60.0s
[CV] END channels_correlation_filter__corr_threshold=0.2, channels_pca__n_components=1, input_selection__channel_selection__alpha=0.05, input_selection__feature_selection__threshold=0.05; total time=  59.8s
[CV] END channels_correlation_filter__corr_threshold=0.2, channels_pca__n_components=1, input_selection__channel_selection__alpha=0.05, input_selection__feature_selection__threshold=0.05; total time= 1.0min
[CV] END channels_correlation_filter__corr_threshold=0.2, channels_pca__n_components=1, input_selection__channel_selection__alpha=0.1, input_selection__feature_selection__threshold=0.01; total time= 1.0min
[CV] END channels_correlation_filter__corr_threshold=0.2, channels_pca__n_components=1, input_selection__channel_selection__alpha=0.1, input_selection__feature_selection__threshold=0.01; total time= 1.0min
[CV] END channels_correlation_filter__corr_threshold=0.2, channels_pca__n_components=1, input_selection__channel_selection__alpha=0.1, input_selection__feature_selection__threshold=0.01; total time= 1.0min
[CV] END channels_correlation_filter__corr_threshold=0.2, channels_pca__n_components=1, input_selection__channel_selection__alpha=0.1, input_selection__feature_selection__threshold=0.01; total time= 1.0min
[CV] END channels_correlation_filter__corr_threshold=0.2, channels_pca__n_components=1, input_selection__channel_selection__alpha=0.1, input_selection__feature_selection__threshold=0.01; total time= 1.0min
[CV] END channels_correlation_filter__corr_threshold=0.2, channels_pca__n_components=1, input_selection__channel_selection__alpha=0.1, input_selection__feature_selection__threshold=0.01; total time= 1.0min
[CV] END channels_correlation_filter__corr_threshold=0.2, channels_pca__n_components=1, input_selection__channel_selection__alpha=0.1, input_selection__feature_selection__threshold=0.01; total time= 1.0min
[CV] END channels_correlation_filter__corr_threshold=0.2, channels_pca__n_components=1, input_selection__channel_selection__alpha=0.1, input_selection__feature_selection__threshold=0.01; total time= 1.0min
[CV] END channels_correlation_filter__corr_threshold=0.2, channels_pca__n_components=1, input_selection__channel_selection__alpha=0.1, input_selection__feature_selection__threshold=0.01; total time= 1.0min
[CV] END channels_correlation_filter__corr_threshold=0.2, channels_pca__n_components=1, input_selection__channel_selection__alpha=0.1, input_selection__feature_selection__threshold=0.01; total time= 1.0min
[CV] END channels_correlation_filter__corr_threshold=0.2, channels_pca__n_components=1, input_selection__channel_selection__alpha=0.1, input_selection__feature_selection__threshold=0.02; total time= 1.0min
[CV] END channels_correlation_filter__corr_threshold=0.2, channels_pca__n_components=1, input_selection__channel_selection__alpha=0.1, input_selection__feature_selection__threshold=0.02; total time= 1.0min
[CV] END channels_correlation_filter__corr_threshold=0.2, channels_pca__n_components=1, input_selection__channel_selection__alpha=0.1, input_selection__feature_selection__threshold=0.02; total time= 1.0min
[CV] END channels_correlation_filter__corr_threshold=0.2, channels_pca__n_components=1, input_selection__channel_selection__alpha=0.1, input_selection__feature_selection__threshold=0.02; total time= 1.0min
[CV] END channels_correlation_filter__corr_threshold=0.2, channels_pca__n_components=1, input_selection__channel_selection__alpha=0.1, input_selection__feature_selection__threshold=0.02; total time= 1.0min
[CV] END channels_correlation_filter__corr_threshold=0.2, channels_pca__n_components=1, input_selection__channel_selection__alpha=0.1, input_selection__feature_selection__threshold=0.02; total time= 1.0min
[CV] END channels_correlation_filter__corr_threshold=0.2, channels_pca__n_components=1, input_selection__channel_selection__alpha=0.1, input_selection__feature_selection__threshold=0.02; total time= 1.0min
[CV] END channels_correlation_filter__corr_threshold=0.2, channels_pca__n_components=1, input_selection__channel_selection__alpha=0.1, input_selection__feature_selection__threshold=0.02; total time= 1.0min
[CV] END channels_correlation_filter__corr_threshold=0.2, channels_pca__n_components=1, input_selection__channel_selection__alpha=0.1, input_selection__feature_selection__threshold=0.02; total time= 1.0min
[CV] END channels_correlation_filter__corr_threshold=0.2, channels_pca__n_components=1, input_selection__channel_selection__alpha=0.1, input_selection__feature_selection__threshold=0.02; total time= 1.0min
[CV] END channels_correlation_filter__corr_threshold=0.2, channels_pca__n_components=1, input_selection__channel_selection__alpha=0.1, input_selection__feature_selection__threshold=0.03; total time= 1.0min
[CV] END channels_correlation_filter__corr_threshold=0.2, channels_pca__n_components=1, input_selection__channel_selection__alpha=0.1, input_selection__feature_selection__threshold=0.03; total time= 1.0min
[CV] END channels_correlation_filter__corr_threshold=0.2, channels_pca__n_components=1, input_selection__channel_selection__alpha=0.1, input_selection__feature_selection__threshold=0.03; total time= 1.0min
[CV] END channels_correlation_filter__corr_threshold=0.2, channels_pca__n_components=1, input_selection__channel_selection__alpha=0.1, input_selection__feature_selection__threshold=0.03; total time= 1.0min
[CV] END channels_correlation_filter__corr_threshold=0.2, channels_pca__n_components=1, input_selection__channel_selection__alpha=0.1, input_selection__feature_selection__threshold=0.03; total time= 1.0min
[CV] END channels_correlation_filter__corr_threshold=0.2, channels_pca__n_components=1, input_selection__channel_selection__alpha=0.1, input_selection__feature_selection__threshold=0.03; total time= 1.0min
[CV] END channels_correlation_filter__corr_threshold=0.2, channels_pca__n_components=1, input_selection__channel_selection__alpha=0.1, input_selection__feature_selection__threshold=0.03; total time= 1.0min
[CV] END channels_correlation_filter__corr_threshold=0.2, channels_pca__n_components=1, input_selection__channel_selection__alpha=0.1, input_selection__feature_selection__threshold=0.03; total time= 1.0min
[CV] END channels_correlation_filter__corr_threshold=0.2, channels_pca__n_components=1, input_selection__channel_selection__alpha=0.1, input_selection__feature_selection__threshold=0.03; total time= 1.0min
[CV] END channels_correlation_filter__corr_threshold=0.2, channels_pca__n_components=1, input_selection__channel_selection__alpha=0.1, input_selection__feature_selection__threshold=0.03; total time= 1.0min
[CV] END channels_correlation_filter__corr_threshold=0.2, channels_pca__n_components=1, input_selection__channel_selection__alpha=0.1, input_selection__feature_selection__threshold=0.05; total time=  59.1s
[CV] END channels_correlation_filter__corr_threshold=0.2, channels_pca__n_components=1, input_selection__channel_selection__alpha=0.1, input_selection__feature_selection__threshold=0.05; total time= 1.0min
[CV] END channels_correlation_filter__corr_threshold=0.2, channels_pca__n_components=1, input_selection__channel_selection__alpha=0.1, input_selection__feature_selection__threshold=0.05; total time=  59.6s
[CV] END channels_correlation_filter__corr_threshold=0.2, channels_pca__n_components=1, input_selection__channel_selection__alpha=0.1, input_selection__feature_selection__threshold=0.05; total time= 1.0min
[CV] END channels_correlation_filter__corr_threshold=0.2, channels_pca__n_components=1, input_selection__channel_selection__alpha=0.1, input_selection__feature_selection__threshold=0.05; total time= 1.0min
[CV] END channels_correlation_filter__corr_threshold=0.2, channels_pca__n_components=1, input_selection__channel_selection__alpha=0.1, input_selection__feature_selection__threshold=0.05; total time= 1.0min
[CV] END channels_correlation_filter__corr_threshold=0.2, channels_pca__n_components=1, input_selection__channel_selection__alpha=0.1, input_selection__feature_selection__threshold=0.05; total time= 1.0min
[CV] END channels_correlation_filter__corr_threshold=0.2, channels_pca__n_components=1, input_selection__channel_selection__alpha=0.1, input_selection__feature_selection__threshold=0.05; total time= 1.0min
[CV] END channels_correlation_filter__corr_threshold=0.2, channels_pca__n_components=1, input_selection__channel_selection__alpha=0.1, input_selection__feature_selection__threshold=0.05; total time= 1.0min
[CV] END channels_correlation_filter__corr_threshold=0.2, channels_pca__n_components=1, input_selection__channel_selection__alpha=0.1, input_selection__feature_selection__threshold=0.05; total time= 1.0min
[CV] END channels_correlation_filter__corr_threshold=0.2, channels_pca__n_components=2, input_selection__channel_selection__alpha=0.01, input_selection__feature_selection__threshold=0.01; total time= 1.0min
[CV] END channels_correlation_filter__corr_threshold=0.2, channels_pca__n_components=2, input_selection__channel_selection__alpha=0.01, input_selection__feature_selection__threshold=0.01; total time= 1.0min
[CV] END channels_correlation_filter__corr_threshold=0.2, channels_pca__n_components=2, input_selection__channel_selection__alpha=0.01, input_selection__feature_selection__threshold=0.01; total time= 1.0min
[CV] END channels_correlation_filter__corr_threshold=0.2, channels_pca__n_components=2, input_selection__channel_selection__alpha=0.01, input_selection__feature_selection__threshold=0.01; total time= 1.0min
[CV] END channels_correlation_filter__corr_threshold=0.2, channels_pca__n_components=2, input_selection__channel_selection__alpha=0.01, input_selection__feature_selection__threshold=0.01; total time=  59.5s
[CV] END channels_correlation_filter__corr_threshold=0.2, channels_pca__n_components=2, input_selection__channel_selection__alpha=0.01, input_selection__feature_selection__threshold=0.01; total time= 1.0min
[CV] END channels_correlation_filter__corr_threshold=0.2, channels_pca__n_components=2, input_selection__channel_selection__alpha=0.01, input_selection__feature_selection__threshold=0.01; total time= 1.0min
[CV] END channels_correlation_filter__corr_threshold=0.2, channels_pca__n_components=2, input_selection__channel_selection__alpha=0.01, input_selection__feature_selection__threshold=0.01; total time= 1.0min
[CV] END channels_correlation_filter__corr_threshold=0.2, channels_pca__n_components=2, input_selection__channel_selection__alpha=0.01, input_selection__feature_selection__threshold=0.01; total time= 1.0min
[CV] END channels_correlation_filter__corr_threshold=0.2, channels_pca__n_components=2, input_selection__channel_selection__alpha=0.01, input_selection__feature_selection__threshold=0.01; total time= 1.0min
[CV] END channels_correlation_filter__corr_threshold=0.2, channels_pca__n_components=2, input_selection__channel_selection__alpha=0.01, input_selection__feature_selection__threshold=0.02; total time=  59.8s
[CV] END channels_correlation_filter__corr_threshold=0.2, channels_pca__n_components=2, input_selection__channel_selection__alpha=0.01, input_selection__feature_selection__threshold=0.02; total time=  59.1s
[CV] END channels_correlation_filter__corr_threshold=0.2, channels_pca__n_components=2, input_selection__channel_selection__alpha=0.01, input_selection__feature_selection__threshold=0.02; total time=  59.8s
[CV] END channels_correlation_filter__corr_threshold=0.2, channels_pca__n_components=2, input_selection__channel_selection__alpha=0.01, input_selection__feature_selection__threshold=0.02; total time= 1.0min
[CV] END channels_correlation_filter__corr_threshold=0.2, channels_pca__n_components=2, input_selection__channel_selection__alpha=0.01, input_selection__feature_selection__threshold=0.02; total time= 1.0min
[CV] END channels_correlation_filter__corr_threshold=0.2, channels_pca__n_components=2, input_selection__channel_selection__alpha=0.01, input_selection__feature_selection__threshold=0.02; total time= 1.0min
[CV] END channels_correlation_filter__corr_threshold=0.2, channels_pca__n_components=2, input_selection__channel_selection__alpha=0.01, input_selection__feature_selection__threshold=0.02; total time= 1.0min
[CV] END channels_correlation_filter__corr_threshold=0.2, channels_pca__n_components=2, input_selection__channel_selection__alpha=0.01, input_selection__feature_selection__threshold=0.02; total time= 1.0min
[CV] END channels_correlation_filter__corr_threshold=0.2, channels_pca__n_components=2, input_selection__channel_selection__alpha=0.01, input_selection__feature_selection__threshold=0.02; total time= 1.0min
[CV] END channels_correlation_filter__corr_threshold=0.2, channels_pca__n_components=2, input_selection__channel_selection__alpha=0.01, input_selection__feature_selection__threshold=0.02; total time= 1.0min
[CV] END channels_correlation_filter__corr_threshold=0.2, channels_pca__n_components=2, input_selection__channel_selection__alpha=0.01, input_selection__feature_selection__threshold=0.03; total time=  59.9s
[CV] END channels_correlation_filter__corr_threshold=0.2, channels_pca__n_components=2, input_selection__channel_selection__alpha=0.01, input_selection__feature_selection__threshold=0.03; total time=  59.1s
[CV] END channels_correlation_filter__corr_threshold=0.2, channels_pca__n_components=2, input_selection__channel_selection__alpha=0.01, input_selection__feature_selection__threshold=0.03; total time= 1.0min
[CV] END channels_correlation_filter__corr_threshold=0.2, channels_pca__n_components=2, input_selection__channel_selection__alpha=0.01, input_selection__feature_selection__threshold=0.03; total time=  59.7s
[CV] END channels_correlation_filter__corr_threshold=0.2, channels_pca__n_components=2, input_selection__channel_selection__alpha=0.01, input_selection__feature_selection__threshold=0.03; total time=  59.4s
[CV] END channels_correlation_filter__corr_threshold=0.2, channels_pca__n_components=2, input_selection__channel_selection__alpha=0.01, input_selection__feature_selection__threshold=0.03; total time=  59.4s
[CV] END channels_correlation_filter__corr_threshold=0.2, channels_pca__n_components=2, input_selection__channel_selection__alpha=0.01, input_selection__feature_selection__threshold=0.03; total time=  59.4s
[CV] END channels_correlation_filter__corr_threshold=0.2, channels_pca__n_components=2, input_selection__channel_selection__alpha=0.01, input_selection__feature_selection__threshold=0.03; total time= 1.0min
[CV] END channels_correlation_filter__corr_threshold=0.2, channels_pca__n_components=2, input_selection__channel_selection__alpha=0.01, input_selection__feature_selection__threshold=0.03; total time=  59.8s
[CV] END channels_correlation_filter__corr_threshold=0.2, channels_pca__n_components=2, input_selection__channel_selection__alpha=0.01, input_selection__feature_selection__threshold=0.03; total time= 1.0min
[CV] END channels_correlation_filter__corr_threshold=0.2, channels_pca__n_components=2, input_selection__channel_selection__alpha=0.01, input_selection__feature_selection__threshold=0.05; total time=  58.4s
[CV] END channels_correlation_filter__corr_threshold=0.2, channels_pca__n_components=2, input_selection__channel_selection__alpha=0.01, input_selection__feature_selection__threshold=0.05; total time=  59.1s
[CV] END channels_correlation_filter__corr_threshold=0.2, channels_pca__n_components=2, input_selection__channel_selection__alpha=0.01, input_selection__feature_selection__threshold=0.05; total time=  58.8s
[CV] END channels_correlation_filter__corr_threshold=0.2, channels_pca__n_components=2, input_selection__channel_selection__alpha=0.01, input_selection__feature_selection__threshold=0.05; total time=  59.2s
[CV] END channels_correlation_filter__corr_threshold=0.2, channels_pca__n_components=2, input_selection__channel_selection__alpha=0.01, input_selection__feature_selection__threshold=0.05; total time=  59.6s
[CV] END channels_correlation_filter__corr_threshold=0.2, channels_pca__n_components=2, input_selection__channel_selection__alpha=0.01, input_selection__feature_selection__threshold=0.05; total time=  59.4s
[CV] END channels_correlation_filter__corr_threshold=0.2, channels_pca__n_components=2, input_selection__channel_selection__alpha=0.01, input_selection__feature_selection__threshold=0.05; total time=  59.2s
[CV] END channels_correlation_filter__corr_threshold=0.2, channels_pca__n_components=2, input_selection__channel_selection__alpha=0.01, input_selection__feature_selection__threshold=0.05; total time=  59.6s
[CV] END channels_correlation_filter__corr_threshold=0.2, channels_pca__n_components=2, input_selection__channel_selection__alpha=0.01, input_selection__feature_selection__threshold=0.05; total time=  59.4s
[CV] END channels_correlation_filter__corr_threshold=0.2, channels_pca__n_components=2, input_selection__channel_selection__alpha=0.01, input_selection__feature_selection__threshold=0.05; total time= 1.0min
[CV] END channels_correlation_filter__corr_threshold=0.2, channels_pca__n_components=2, input_selection__channel_selection__alpha=0.05, input_selection__feature_selection__threshold=0.01; total time= 1.0min
[CV] END channels_correlation_filter__corr_threshold=0.2, channels_pca__n_components=2, input_selection__channel_selection__alpha=0.05, input_selection__feature_selection__threshold=0.01; total time= 1.0min
[CV] END channels_correlation_filter__corr_threshold=0.2, channels_pca__n_components=2, input_selection__channel_selection__alpha=0.05, input_selection__feature_selection__threshold=0.01; total time= 1.0min
[CV] END channels_correlation_filter__corr_threshold=0.2, channels_pca__n_components=2, input_selection__channel_selection__alpha=0.05, input_selection__feature_selection__threshold=0.01; total time= 1.0min
[CV] END channels_correlation_filter__corr_threshold=0.2, channels_pca__n_components=2, input_selection__channel_selection__alpha=0.05, input_selection__feature_selection__threshold=0.01; total time= 1.0min
[CV] END channels_correlation_filter__corr_threshold=0.2, channels_pca__n_components=2, input_selection__channel_selection__alpha=0.05, input_selection__feature_selection__threshold=0.01; total time= 1.0min
[CV] END channels_correlation_filter__corr_threshold=0.2, channels_pca__n_components=2, input_selection__channel_selection__alpha=0.05, input_selection__feature_selection__threshold=0.01; total time= 1.0min
[CV] END channels_correlation_filter__corr_threshold=0.2, channels_pca__n_components=2, input_selection__channel_selection__alpha=0.05, input_selection__feature_selection__threshold=0.01; total time= 1.0min
[CV] END channels_correlation_filter__corr_threshold=0.2, channels_pca__n_components=2, input_selection__channel_selection__alpha=0.05, input_selection__feature_selection__threshold=0.01; total time= 1.0min
[CV] END channels_correlation_filter__corr_threshold=0.2, channels_pca__n_components=2, input_selection__channel_selection__alpha=0.05, input_selection__feature_selection__threshold=0.01; total time= 1.0min
[CV] END channels_correlation_filter__corr_threshold=0.2, channels_pca__n_components=2, input_selection__channel_selection__alpha=0.05, input_selection__feature_selection__threshold=0.02; total time= 1.0min
[CV] END channels_correlation_filter__corr_threshold=0.2, channels_pca__n_components=2, input_selection__channel_selection__alpha=0.05, input_selection__feature_selection__threshold=0.02; total time= 1.0min
[CV] END channels_correlation_filter__corr_threshold=0.2, channels_pca__n_components=2, input_selection__channel_selection__alpha=0.05, input_selection__feature_selection__threshold=0.02; total time= 1.0min
[CV] END channels_correlation_filter__corr_threshold=0.2, channels_pca__n_components=2, input_selection__channel_selection__alpha=0.05, input_selection__feature_selection__threshold=0.02; total time= 1.0min
[CV] END channels_correlation_filter__corr_threshold=0.2, channels_pca__n_components=2, input_selection__channel_selection__alpha=0.05, input_selection__feature_selection__threshold=0.02; total time= 1.0min
[CV] END channels_correlation_filter__corr_threshold=0.2, channels_pca__n_components=2, input_selection__channel_selection__alpha=0.05, input_selection__feature_selection__threshold=0.02; total time= 1.0min
[CV] END channels_correlation_filter__corr_threshold=0.2, channels_pca__n_components=2, input_selection__channel_selection__alpha=0.05, input_selection__feature_selection__threshold=0.02; total time= 1.0min
[CV] END channels_correlation_filter__corr_threshold=0.2, channels_pca__n_components=2, input_selection__channel_selection__alpha=0.05, input_selection__feature_selection__threshold=0.02; total time= 1.0min
[CV] END channels_correlation_filter__corr_threshold=0.2, channels_pca__n_components=2, input_selection__channel_selection__alpha=0.05, input_selection__feature_selection__threshold=0.02; total time= 1.0min
[CV] END channels_correlation_filter__corr_threshold=0.2, channels_pca__n_components=2, input_selection__channel_selection__alpha=0.05, input_selection__feature_selection__threshold=0.02; total time= 1.0min
[CV] END channels_correlation_filter__corr_threshold=0.2, channels_pca__n_components=2, input_selection__channel_selection__alpha=0.05, input_selection__feature_selection__threshold=0.03; total time= 1.0min
[CV] END channels_correlation_filter__corr_threshold=0.2, channels_pca__n_components=2, input_selection__channel_selection__alpha=0.05, input_selection__feature_selection__threshold=0.03; total time=  59.9s
[CV] END channels_correlation_filter__corr_threshold=0.2, channels_pca__n_components=2, input_selection__channel_selection__alpha=0.05, input_selection__feature_selection__threshold=0.03; total time= 1.0min
[CV] END channels_correlation_filter__corr_threshold=0.2, channels_pca__n_components=2, input_selection__channel_selection__alpha=0.05, input_selection__feature_selection__threshold=0.03; total time= 1.0min
[CV] END channels_correlation_filter__corr_threshold=0.2, channels_pca__n_components=2, input_selection__channel_selection__alpha=0.05, input_selection__feature_selection__threshold=0.03; total time= 1.0min
[CV] END channels_correlation_filter__corr_threshold=0.2, channels_pca__n_components=2, input_selection__channel_selection__alpha=0.05, input_selection__feature_selection__threshold=0.03; total time= 1.0min
[CV] END channels_correlation_filter__corr_threshold=0.2, channels_pca__n_components=2, input_selection__channel_selection__alpha=0.05, input_selection__feature_selection__threshold=0.03; total time= 1.0min
[CV] END channels_correlation_filter__corr_threshold=0.2, channels_pca__n_components=2, input_selection__channel_selection__alpha=0.05, input_selection__feature_selection__threshold=0.03; total time= 1.0min
[CV] END channels_correlation_filter__corr_threshold=0.2, channels_pca__n_components=2, input_selection__channel_selection__alpha=0.05, input_selection__feature_selection__threshold=0.03; total time= 1.0min
[CV] END channels_correlation_filter__corr_threshold=0.2, channels_pca__n_components=2, input_selection__channel_selection__alpha=0.05, input_selection__feature_selection__threshold=0.03; total time= 1.0min
[CV] END channels_correlation_filter__corr_threshold=0.2, channels_pca__n_components=2, input_selection__channel_selection__alpha=0.05, input_selection__feature_selection__threshold=0.05; total time=  59.3s
[CV] END channels_correlation_filter__corr_threshold=0.2, channels_pca__n_components=2, input_selection__channel_selection__alpha=0.05, input_selection__feature_selection__threshold=0.05; total time=  60.0s
[CV] END channels_correlation_filter__corr_threshold=0.2, channels_pca__n_components=2, input_selection__channel_selection__alpha=0.05, input_selection__feature_selection__threshold=0.05; total time=  59.3s
[CV] END channels_correlation_filter__corr_threshold=0.2, channels_pca__n_components=2, input_selection__channel_selection__alpha=0.05, input_selection__feature_selection__threshold=0.05; total time=  59.9s
[CV] END channels_correlation_filter__corr_threshold=0.2, channels_pca__n_components=2, input_selection__channel_selection__alpha=0.05, input_selection__feature_selection__threshold=0.05; total time= 1.0min
[CV] END channels_correlation_filter__corr_threshold=0.2, channels_pca__n_components=2, input_selection__channel_selection__alpha=0.05, input_selection__feature_selection__threshold=0.05; total time= 1.0min
[CV] END channels_correlation_filter__corr_threshold=0.2, channels_pca__n_components=2, input_selection__channel_selection__alpha=0.05, input_selection__feature_selection__threshold=0.05; total time=  59.6s
[CV] END channels_correlation_filter__corr_threshold=0.2, channels_pca__n_components=2, input_selection__channel_selection__alpha=0.05, input_selection__feature_selection__threshold=0.05; total time= 1.0min
[CV] END channels_correlation_filter__corr_threshold=0.2, channels_pca__n_components=2, input_selection__channel_selection__alpha=0.05, input_selection__feature_selection__threshold=0.05; total time= 1.0min
[CV] END channels_correlation_filter__corr_threshold=0.2, channels_pca__n_components=2, input_selection__channel_selection__alpha=0.05, input_selection__feature_selection__threshold=0.05; total time= 1.0min
[CV] END channels_correlation_filter__corr_threshold=0.2, channels_pca__n_components=2, input_selection__channel_selection__alpha=0.1, input_selection__feature_selection__threshold=0.01; total time= 1.0min
[CV] END channels_correlation_filter__corr_threshold=0.2, channels_pca__n_components=2, input_selection__channel_selection__alpha=0.1, input_selection__feature_selection__threshold=0.01; total time= 1.0min
[CV] END channels_correlation_filter__corr_threshold=0.2, channels_pca__n_components=2, input_selection__channel_selection__alpha=0.1, input_selection__feature_selection__threshold=0.01; total time= 1.0min
[CV] END channels_correlation_filter__corr_threshold=0.2, channels_pca__n_components=2, input_selection__channel_selection__alpha=0.1, input_selection__feature_selection__threshold=0.01; total time= 1.0min
[CV] END channels_correlation_filter__corr_threshold=0.2, channels_pca__n_components=2, input_selection__channel_selection__alpha=0.1, input_selection__feature_selection__threshold=0.01; total time= 1.0min
[CV] END channels_correlation_filter__corr_threshold=0.2, channels_pca__n_components=2, input_selection__channel_selection__alpha=0.1, input_selection__feature_selection__threshold=0.01; total time= 1.0min
[CV] END channels_correlation_filter__corr_threshold=0.2, channels_pca__n_components=2, input_selection__channel_selection__alpha=0.1, input_selection__feature_selection__threshold=0.01; total time= 1.0min
[CV] END channels_correlation_filter__corr_threshold=0.2, channels_pca__n_components=2, input_selection__channel_selection__alpha=0.1, input_selection__feature_selection__threshold=0.01; total time= 1.1min
[CV] END channels_correlation_filter__corr_threshold=0.2, channels_pca__n_components=2, input_selection__channel_selection__alpha=0.1, input_selection__feature_selection__threshold=0.01; total time= 1.0min
[CV] END channels_correlation_filter__corr_threshold=0.2, channels_pca__n_components=2, input_selection__channel_selection__alpha=0.1, input_selection__feature_selection__threshold=0.01; total time= 1.0min
[CV] END channels_correlation_filter__corr_threshold=0.2, channels_pca__n_components=2, input_selection__channel_selection__alpha=0.1, input_selection__feature_selection__threshold=0.02; total time= 1.0min
[CV] END channels_correlation_filter__corr_threshold=0.2, channels_pca__n_components=2, input_selection__channel_selection__alpha=0.1, input_selection__feature_selection__threshold=0.02; total time= 1.0min
[CV] END channels_correlation_filter__corr_threshold=0.2, channels_pca__n_components=2, input_selection__channel_selection__alpha=0.1, input_selection__feature_selection__threshold=0.02; total time= 1.0min
[CV] END channels_correlation_filter__corr_threshold=0.2, channels_pca__n_components=2, input_selection__channel_selection__alpha=0.1, input_selection__feature_selection__threshold=0.02; total time= 1.0min
[CV] END channels_correlation_filter__corr_threshold=0.2, channels_pca__n_components=2, input_selection__channel_selection__alpha=0.1, input_selection__feature_selection__threshold=0.02; total time= 1.0min
[CV] END channels_correlation_filter__corr_threshold=0.2, channels_pca__n_components=2, input_selection__channel_selection__alpha=0.1, input_selection__feature_selection__threshold=0.02; total time= 1.0min
[CV] END channels_correlation_filter__corr_threshold=0.2, channels_pca__n_components=2, input_selection__channel_selection__alpha=0.1, input_selection__feature_selection__threshold=0.02; total time= 1.0min
[CV] END channels_correlation_filter__corr_threshold=0.2, channels_pca__n_components=2, input_selection__channel_selection__alpha=0.1, input_selection__feature_selection__threshold=0.02; total time= 1.0min
[CV] END channels_correlation_filter__corr_threshold=0.2, channels_pca__n_components=2, input_selection__channel_selection__alpha=0.1, input_selection__feature_selection__threshold=0.02; total time= 1.0min
[CV] END channels_correlation_filter__corr_threshold=0.2, channels_pca__n_components=2, input_selection__channel_selection__alpha=0.1, input_selection__feature_selection__threshold=0.02; total time= 1.0min
[CV] END channels_correlation_filter__corr_threshold=0.2, channels_pca__n_components=2, input_selection__channel_selection__alpha=0.1, input_selection__feature_selection__threshold=0.03; total time= 1.0min
[CV] END channels_correlation_filter__corr_threshold=0.2, channels_pca__n_components=2, input_selection__channel_selection__alpha=0.1, input_selection__feature_selection__threshold=0.03; total time= 1.0min
[CV] END channels_correlation_filter__corr_threshold=0.2, channels_pca__n_components=2, input_selection__channel_selection__alpha=0.1, input_selection__feature_selection__threshold=0.03; total time= 1.0min
[CV] END channels_correlation_filter__corr_threshold=0.2, channels_pca__n_components=2, input_selection__channel_selection__alpha=0.1, input_selection__feature_selection__threshold=0.03; total time= 1.0min
[CV] END channels_correlation_filter__corr_threshold=0.2, channels_pca__n_components=2, input_selection__channel_selection__alpha=0.1, input_selection__feature_selection__threshold=0.03; total time= 1.0min
[CV] END channels_correlation_filter__corr_threshold=0.2, channels_pca__n_components=2, input_selection__channel_selection__alpha=0.1, input_selection__feature_selection__threshold=0.03; total time= 1.0min
[CV] END channels_correlation_filter__corr_threshold=0.2, channels_pca__n_components=2, input_selection__channel_selection__alpha=0.1, input_selection__feature_selection__threshold=0.03; total time= 1.0min
[CV] END channels_correlation_filter__corr_threshold=0.2, channels_pca__n_components=2, input_selection__channel_selection__alpha=0.1, input_selection__feature_selection__threshold=0.03; total time= 1.0min
[CV] END channels_correlation_filter__corr_threshold=0.2, channels_pca__n_components=2, input_selection__channel_selection__alpha=0.1, input_selection__feature_selection__threshold=0.03; total time= 1.0min
[CV] END channels_correlation_filter__corr_threshold=0.2, channels_pca__n_components=2, input_selection__channel_selection__alpha=0.1, input_selection__feature_selection__threshold=0.03; total time= 1.0min
[CV] END channels_correlation_filter__corr_threshold=0.2, channels_pca__n_components=2, input_selection__channel_selection__alpha=0.1, input_selection__feature_selection__threshold=0.05; total time=  59.4s
[CV] END channels_correlation_filter__corr_threshold=0.2, channels_pca__n_components=2, input_selection__channel_selection__alpha=0.1, input_selection__feature_selection__threshold=0.05; total time= 1.0min
[CV] END channels_correlation_filter__corr_threshold=0.2, channels_pca__n_components=2, input_selection__channel_selection__alpha=0.1, input_selection__feature_selection__threshold=0.05; total time=  59.8s
[CV] END channels_correlation_filter__corr_threshold=0.2, channels_pca__n_components=2, input_selection__channel_selection__alpha=0.1, input_selection__feature_selection__threshold=0.05; total time= 1.0min
[CV] END channels_correlation_filter__corr_threshold=0.2, channels_pca__n_components=2, input_selection__channel_selection__alpha=0.1, input_selection__feature_selection__threshold=0.05; total time= 1.0min
[CV] END channels_correlation_filter__corr_threshold=0.2, channels_pca__n_components=2, input_selection__channel_selection__alpha=0.1, input_selection__feature_selection__threshold=0.05; total time= 1.0min
[CV] END channels_correlation_filter__corr_threshold=0.2, channels_pca__n_components=2, input_selection__channel_selection__alpha=0.1, input_selection__feature_selection__threshold=0.05; total time= 1.0min
[CV] END channels_correlation_filter__corr_threshold=0.2, channels_pca__n_components=2, input_selection__channel_selection__alpha=0.1, input_selection__feature_selection__threshold=0.05; total time= 1.0min
[CV] END channels_correlation_filter__corr_threshold=0.2, channels_pca__n_components=2, input_selection__channel_selection__alpha=0.1, input_selection__feature_selection__threshold=0.05; total time= 1.0min
[CV] END channels_correlation_filter__corr_threshold=0.2, channels_pca__n_components=2, input_selection__channel_selection__alpha=0.1, input_selection__feature_selection__threshold=0.05; total time= 1.0min
[CV] END channels_correlation_filter__corr_threshold=0.2, channels_pca__n_components=3, input_selection__channel_selection__alpha=0.01, input_selection__feature_selection__threshold=0.01; total time= 1.0min
[CV] END channels_correlation_filter__corr_threshold=0.2, channels_pca__n_components=3, input_selection__channel_selection__alpha=0.01, input_selection__feature_selection__threshold=0.01; total time= 1.0min
[CV] END channels_correlation_filter__corr_threshold=0.2, channels_pca__n_components=3, input_selection__channel_selection__alpha=0.01, input_selection__feature_selection__threshold=0.01; total time=  60.0s
[CV] END channels_correlation_filter__corr_threshold=0.2, channels_pca__n_components=3, input_selection__channel_selection__alpha=0.01, input_selection__feature_selection__threshold=0.01; total time= 1.0min
[CV] END channels_correlation_filter__corr_threshold=0.2, channels_pca__n_components=3, input_selection__channel_selection__alpha=0.01, input_selection__feature_selection__threshold=0.01; total time= 1.0min
[CV] END channels_correlation_filter__corr_threshold=0.2, channels_pca__n_components=3, input_selection__channel_selection__alpha=0.01, input_selection__feature_selection__threshold=0.01; total time= 1.0min
[CV] END channels_correlation_filter__corr_threshold=0.2, channels_pca__n_components=3, input_selection__channel_selection__alpha=0.01, input_selection__feature_selection__threshold=0.01; total time= 1.0min
[CV] END channels_correlation_filter__corr_threshold=0.2, channels_pca__n_components=3, input_selection__channel_selection__alpha=0.01, input_selection__feature_selection__threshold=0.01; total time= 1.0min
[CV] END channels_correlation_filter__corr_threshold=0.2, channels_pca__n_components=3, input_selection__channel_selection__alpha=0.01, input_selection__feature_selection__threshold=0.01; total time= 1.0min
[CV] END channels_correlation_filter__corr_threshold=0.2, channels_pca__n_components=3, input_selection__channel_selection__alpha=0.01, input_selection__feature_selection__threshold=0.01; total time= 1.0min
[CV] END channels_correlation_filter__corr_threshold=0.2, channels_pca__n_components=3, input_selection__channel_selection__alpha=0.01, input_selection__feature_selection__threshold=0.02; total time= 1.0min
[CV] END channels_correlation_filter__corr_threshold=0.2, channels_pca__n_components=3, input_selection__channel_selection__alpha=0.01, input_selection__feature_selection__threshold=0.02; total time=  59.7s
[CV] END channels_correlation_filter__corr_threshold=0.2, channels_pca__n_components=3, input_selection__channel_selection__alpha=0.01, input_selection__feature_selection__threshold=0.02; total time= 1.0min
[CV] END channels_correlation_filter__corr_threshold=0.2, channels_pca__n_components=3, input_selection__channel_selection__alpha=0.01, input_selection__feature_selection__threshold=0.02; total time= 1.0min
[CV] END channels_correlation_filter__corr_threshold=0.2, channels_pca__n_components=3, input_selection__channel_selection__alpha=0.01, input_selection__feature_selection__threshold=0.02; total time= 1.0min
[CV] END channels_correlation_filter__corr_threshold=0.2, channels_pca__n_components=3, input_selection__channel_selection__alpha=0.01, input_selection__feature_selection__threshold=0.02; total time= 1.0min
[CV] END channels_correlation_filter__corr_threshold=0.2, channels_pca__n_components=3, input_selection__channel_selection__alpha=0.01, input_selection__feature_selection__threshold=0.02; total time= 1.0min
[CV] END channels_correlation_filter__corr_threshold=0.2, channels_pca__n_components=3, input_selection__channel_selection__alpha=0.01, input_selection__feature_selection__threshold=0.02; total time= 1.0min
[CV] END channels_correlation_filter__corr_threshold=0.2, channels_pca__n_components=3, input_selection__channel_selection__alpha=0.01, input_selection__feature_selection__threshold=0.02; total time= 1.0min
[CV] END channels_correlation_filter__corr_threshold=0.2, channels_pca__n_components=3, input_selection__channel_selection__alpha=0.01, input_selection__feature_selection__threshold=0.02; total time= 1.0min
[CV] END channels_correlation_filter__corr_threshold=0.2, channels_pca__n_components=3, input_selection__channel_selection__alpha=0.01, input_selection__feature_selection__threshold=0.03; total time= 1.0min
[CV] END channels_correlation_filter__corr_threshold=0.2, channels_pca__n_components=3, input_selection__channel_selection__alpha=0.01, input_selection__feature_selection__threshold=0.03; total time=  59.2s
[CV] END channels_correlation_filter__corr_threshold=0.2, channels_pca__n_components=3, input_selection__channel_selection__alpha=0.01, input_selection__feature_selection__threshold=0.03; total time= 1.0min
[CV] END channels_correlation_filter__corr_threshold=0.2, channels_pca__n_components=3, input_selection__channel_selection__alpha=0.01, input_selection__feature_selection__threshold=0.03; total time=  59.7s
[CV] END channels_correlation_filter__corr_threshold=0.2, channels_pca__n_components=3, input_selection__channel_selection__alpha=0.01, input_selection__feature_selection__threshold=0.03; total time=  59.6s
[CV] END channels_correlation_filter__corr_threshold=0.2, channels_pca__n_components=3, input_selection__channel_selection__alpha=0.01, input_selection__feature_selection__threshold=0.03; total time= 1.0min
[CV] END channels_correlation_filter__corr_threshold=0.2, channels_pca__n_components=3, input_selection__channel_selection__alpha=0.01, input_selection__feature_selection__threshold=0.03; total time=  60.0s
[CV] END channels_correlation_filter__corr_threshold=0.2, channels_pca__n_components=3, input_selection__channel_selection__alpha=0.01, input_selection__feature_selection__threshold=0.03; total time= 1.0min
[CV] END channels_correlation_filter__corr_threshold=0.2, channels_pca__n_components=3, input_selection__channel_selection__alpha=0.01, input_selection__feature_selection__threshold=0.03; total time= 1.0min
[CV] END channels_correlation_filter__corr_threshold=0.2, channels_pca__n_components=3, input_selection__channel_selection__alpha=0.01, input_selection__feature_selection__threshold=0.03; total time= 1.0min
[CV] END channels_correlation_filter__corr_threshold=0.2, channels_pca__n_components=3, input_selection__channel_selection__alpha=0.01, input_selection__feature_selection__threshold=0.05; total time=  58.6s
[CV] END channels_correlation_filter__corr_threshold=0.2, channels_pca__n_components=3, input_selection__channel_selection__alpha=0.01, input_selection__feature_selection__threshold=0.05; total time=  59.2s
[CV] END channels_correlation_filter__corr_threshold=0.2, channels_pca__n_components=3, input_selection__channel_selection__alpha=0.01, input_selection__feature_selection__threshold=0.05; total time=  59.3s
[CV] END channels_correlation_filter__corr_threshold=0.2, channels_pca__n_components=3, input_selection__channel_selection__alpha=0.01, input_selection__feature_selection__threshold=0.05; total time=  59.1s
[CV] END channels_correlation_filter__corr_threshold=0.2, channels_pca__n_components=3, input_selection__channel_selection__alpha=0.01, input_selection__feature_selection__threshold=0.05; total time=  59.3s
[CV] END channels_correlation_filter__corr_threshold=0.2, channels_pca__n_components=3, input_selection__channel_selection__alpha=0.01, input_selection__feature_selection__threshold=0.05; total time=  59.9s
[CV] END channels_correlation_filter__corr_threshold=0.2, channels_pca__n_components=3, input_selection__channel_selection__alpha=0.01, input_selection__feature_selection__threshold=0.05; total time=  58.9s
[CV] END channels_correlation_filter__corr_threshold=0.2, channels_pca__n_components=3, input_selection__channel_selection__alpha=0.01, input_selection__feature_selection__threshold=0.05; total time=  59.7s
[CV] END channels_correlation_filter__corr_threshold=0.2, channels_pca__n_components=3, input_selection__channel_selection__alpha=0.01, input_selection__feature_selection__threshold=0.05; total time=  59.7s
[CV] END channels_correlation_filter__corr_threshold=0.2, channels_pca__n_components=3, input_selection__channel_selection__alpha=0.01, input_selection__feature_selection__threshold=0.05; total time= 1.0min
[CV] END channels_correlation_filter__corr_threshold=0.2, channels_pca__n_components=3, input_selection__channel_selection__alpha=0.05, input_selection__feature_selection__threshold=0.01; total time= 1.0min
[CV] END channels_correlation_filter__corr_threshold=0.2, channels_pca__n_components=3, input_selection__channel_selection__alpha=0.05, input_selection__feature_selection__threshold=0.01; total time= 1.0min
[CV] END channels_correlation_filter__corr_threshold=0.2, channels_pca__n_components=3, input_selection__channel_selection__alpha=0.05, input_selection__feature_selection__threshold=0.01; total time= 1.0min
[CV] END channels_correlation_filter__corr_threshold=0.2, channels_pca__n_components=3, input_selection__channel_selection__alpha=0.05, input_selection__feature_selection__threshold=0.01; total time= 1.0min
[CV] END channels_correlation_filter__corr_threshold=0.2, channels_pca__n_components=3, input_selection__channel_selection__alpha=0.05, input_selection__feature_selection__threshold=0.01; total time= 1.0min
[CV] END channels_correlation_filter__corr_threshold=0.2, channels_pca__n_components=3, input_selection__channel_selection__alpha=0.05, input_selection__feature_selection__threshold=0.01; total time= 1.0min
[CV] END channels_correlation_filter__corr_threshold=0.2, channels_pca__n_components=3, input_selection__channel_selection__alpha=0.05, input_selection__feature_selection__threshold=0.01; total time= 1.0min
[CV] END channels_correlation_filter__corr_threshold=0.2, channels_pca__n_components=3, input_selection__channel_selection__alpha=0.05, input_selection__feature_selection__threshold=0.01; total time= 1.0min
[CV] END channels_correlation_filter__corr_threshold=0.2, channels_pca__n_components=3, input_selection__channel_selection__alpha=0.05, input_selection__feature_selection__threshold=0.01; total time= 1.0min
[CV] END channels_correlation_filter__corr_threshold=0.2, channels_pca__n_components=3, input_selection__channel_selection__alpha=0.05, input_selection__feature_selection__threshold=0.01; total time= 1.0min
[CV] END channels_correlation_filter__corr_threshold=0.2, channels_pca__n_components=3, input_selection__channel_selection__alpha=0.05, input_selection__feature_selection__threshold=0.02; total time= 1.0min
[CV] END channels_correlation_filter__corr_threshold=0.2, channels_pca__n_components=3, input_selection__channel_selection__alpha=0.05, input_selection__feature_selection__threshold=0.02; total time= 1.0min
[CV] END channels_correlation_filter__corr_threshold=0.2, channels_pca__n_components=3, input_selection__channel_selection__alpha=0.05, input_selection__feature_selection__threshold=0.02; total time= 1.0min
[CV] END channels_correlation_filter__corr_threshold=0.2, channels_pca__n_components=3, input_selection__channel_selection__alpha=0.05, input_selection__feature_selection__threshold=0.02; total time= 1.0min
[CV] END channels_correlation_filter__corr_threshold=0.2, channels_pca__n_components=3, input_selection__channel_selection__alpha=0.05, input_selection__feature_selection__threshold=0.02; total time= 1.0min
[CV] END channels_correlation_filter__corr_threshold=0.2, channels_pca__n_components=3, input_selection__channel_selection__alpha=0.05, input_selection__feature_selection__threshold=0.02; total time= 1.0min
[CV] END channels_correlation_filter__corr_threshold=0.2, channels_pca__n_components=3, input_selection__channel_selection__alpha=0.05, input_selection__feature_selection__threshold=0.02; total time= 1.0min
[CV] END channels_correlation_filter__corr_threshold=0.2, channels_pca__n_components=3, input_selection__channel_selection__alpha=0.05, input_selection__feature_selection__threshold=0.02; total time= 1.0min
[CV] END channels_correlation_filter__corr_threshold=0.2, channels_pca__n_components=3, input_selection__channel_selection__alpha=0.05, input_selection__feature_selection__threshold=0.02; total time= 1.0min
[CV] END channels_correlation_filter__corr_threshold=0.2, channels_pca__n_components=3, input_selection__channel_selection__alpha=0.05, input_selection__feature_selection__threshold=0.02; total time= 1.0min
[CV] END channels_correlation_filter__corr_threshold=0.2, channels_pca__n_components=3, input_selection__channel_selection__alpha=0.05, input_selection__feature_selection__threshold=0.03; total time= 1.0min
[CV] END channels_correlation_filter__corr_threshold=0.2, channels_pca__n_components=3, input_selection__channel_selection__alpha=0.05, input_selection__feature_selection__threshold=0.03; total time= 1.0min
[CV] END channels_correlation_filter__corr_threshold=0.2, channels_pca__n_components=3, input_selection__channel_selection__alpha=0.05, input_selection__feature_selection__threshold=0.03; total time= 1.0min
[CV] END channels_correlation_filter__corr_threshold=0.2, channels_pca__n_components=3, input_selection__channel_selection__alpha=0.05, input_selection__feature_selection__threshold=0.03; total time= 1.0min
[CV] END channels_correlation_filter__corr_threshold=0.2, channels_pca__n_components=3, input_selection__channel_selection__alpha=0.05, input_selection__feature_selection__threshold=0.03; total time= 1.0min
[CV] END channels_correlation_filter__corr_threshold=0.2, channels_pca__n_components=3, input_selection__channel_selection__alpha=0.05, input_selection__feature_selection__threshold=0.03; total time= 1.0min
[CV] END channels_correlation_filter__corr_threshold=0.2, channels_pca__n_components=3, input_selection__channel_selection__alpha=0.05, input_selection__feature_selection__threshold=0.03; total time= 1.0min
[CV] END channels_correlation_filter__corr_threshold=0.2, channels_pca__n_components=3, input_selection__channel_selection__alpha=0.05, input_selection__feature_selection__threshold=0.03; total time= 1.0min
[CV] END channels_correlation_filter__corr_threshold=0.2, channels_pca__n_components=3, input_selection__channel_selection__alpha=0.05, input_selection__feature_selection__threshold=0.03; total time= 1.0min
[CV] END channels_correlation_filter__corr_threshold=0.2, channels_pca__n_components=3, input_selection__channel_selection__alpha=0.05, input_selection__feature_selection__threshold=0.03; total time= 1.0min
[CV] END channels_correlation_filter__corr_threshold=0.2, channels_pca__n_components=3, input_selection__channel_selection__alpha=0.05, input_selection__feature_selection__threshold=0.05; total time=  59.4s
[CV] END channels_correlation_filter__corr_threshold=0.2, channels_pca__n_components=3, input_selection__channel_selection__alpha=0.05, input_selection__feature_selection__threshold=0.05; total time=  59.8s
[CV] END channels_correlation_filter__corr_threshold=0.2, channels_pca__n_components=3, input_selection__channel_selection__alpha=0.05, input_selection__feature_selection__threshold=0.05; total time=  59.8s
[CV] END channels_correlation_filter__corr_threshold=0.2, channels_pca__n_components=3, input_selection__channel_selection__alpha=0.05, input_selection__feature_selection__threshold=0.05; total time= 1.0min
[CV] END channels_correlation_filter__corr_threshold=0.2, channels_pca__n_components=3, input_selection__channel_selection__alpha=0.05, input_selection__feature_selection__threshold=0.05; total time= 1.0min
[CV] END channels_correlation_filter__corr_threshold=0.2, channels_pca__n_components=3, input_selection__channel_selection__alpha=0.05, input_selection__feature_selection__threshold=0.05; total time= 1.0min
[CV] END channels_correlation_filter__corr_threshold=0.2, channels_pca__n_components=3, input_selection__channel_selection__alpha=0.05, input_selection__feature_selection__threshold=0.05; total time=  59.9s
[CV] END channels_correlation_filter__corr_threshold=0.2, channels_pca__n_components=3, input_selection__channel_selection__alpha=0.05, input_selection__feature_selection__threshold=0.05; total time= 1.0min
[CV] END channels_correlation_filter__corr_threshold=0.2, channels_pca__n_components=3, input_selection__channel_selection__alpha=0.05, input_selection__feature_selection__threshold=0.05; total time= 1.0min
[CV] END channels_correlation_filter__corr_threshold=0.2, channels_pca__n_components=3, input_selection__channel_selection__alpha=0.05, input_selection__feature_selection__threshold=0.05; total time= 1.0min
[CV] END channels_correlation_filter__corr_threshold=0.2, channels_pca__n_components=3, input_selection__channel_selection__alpha=0.1, input_selection__feature_selection__threshold=0.01; total time= 1.0min
[CV] END channels_correlation_filter__corr_threshold=0.2, channels_pca__n_components=3, input_selection__channel_selection__alpha=0.1, input_selection__feature_selection__threshold=0.01; total time= 1.0min
[CV] END channels_correlation_filter__corr_threshold=0.2, channels_pca__n_components=3, input_selection__channel_selection__alpha=0.1, input_selection__feature_selection__threshold=0.01; total time= 1.0min
[CV] END channels_correlation_filter__corr_threshold=0.2, channels_pca__n_components=3, input_selection__channel_selection__alpha=0.1, input_selection__feature_selection__threshold=0.01; total time= 1.0min
[CV] END channels_correlation_filter__corr_threshold=0.2, channels_pca__n_components=3, input_selection__channel_selection__alpha=0.1, input_selection__feature_selection__threshold=0.01; total time= 1.0min
[CV] END channels_correlation_filter__corr_threshold=0.2, channels_pca__n_components=3, input_selection__channel_selection__alpha=0.1, input_selection__feature_selection__threshold=0.01; total time= 1.0min
[CV] END channels_correlation_filter__corr_threshold=0.2, channels_pca__n_components=3, input_selection__channel_selection__alpha=0.1, input_selection__feature_selection__threshold=0.01; total time= 1.0min
[CV] END channels_correlation_filter__corr_threshold=0.2, channels_pca__n_components=3, input_selection__channel_selection__alpha=0.1, input_selection__feature_selection__threshold=0.01; total time= 1.1min
[CV] END channels_correlation_filter__corr_threshold=0.2, channels_pca__n_components=3, input_selection__channel_selection__alpha=0.1, input_selection__feature_selection__threshold=0.01; total time= 1.0min
[CV] END channels_correlation_filter__corr_threshold=0.2, channels_pca__n_components=3, input_selection__channel_selection__alpha=0.1, input_selection__feature_selection__threshold=0.01; total time= 1.0min
[CV] END channels_correlation_filter__corr_threshold=0.2, channels_pca__n_components=3, input_selection__channel_selection__alpha=0.1, input_selection__feature_selection__threshold=0.02; total time= 1.0min
[CV] END channels_correlation_filter__corr_threshold=0.2, channels_pca__n_components=3, input_selection__channel_selection__alpha=0.1, input_selection__feature_selection__threshold=0.02; total time= 1.0min
[CV] END channels_correlation_filter__corr_threshold=0.2, channels_pca__n_components=3, input_selection__channel_selection__alpha=0.1, input_selection__feature_selection__threshold=0.02; total time= 1.0min
[CV] END channels_correlation_filter__corr_threshold=0.2, channels_pca__n_components=3, input_selection__channel_selection__alpha=0.1, input_selection__feature_selection__threshold=0.02; total time= 1.0min
[CV] END channels_correlation_filter__corr_threshold=0.2, channels_pca__n_components=3, input_selection__channel_selection__alpha=0.1, input_selection__feature_selection__threshold=0.02; total time= 1.0min
[CV] END channels_correlation_filter__corr_threshold=0.2, channels_pca__n_components=3, input_selection__channel_selection__alpha=0.1, input_selection__feature_selection__threshold=0.02; total time= 1.0min
[CV] END channels_correlation_filter__corr_threshold=0.2, channels_pca__n_components=3, input_selection__channel_selection__alpha=0.1, input_selection__feature_selection__threshold=0.02; total time= 1.0min
[CV] END channels_correlation_filter__corr_threshold=0.2, channels_pca__n_components=3, input_selection__channel_selection__alpha=0.1, input_selection__feature_selection__threshold=0.02; total time= 1.0min
[CV] END channels_correlation_filter__corr_threshold=0.2, channels_pca__n_components=3, input_selection__channel_selection__alpha=0.1, input_selection__feature_selection__threshold=0.02; total time= 1.0min
[CV] END channels_correlation_filter__corr_threshold=0.2, channels_pca__n_components=3, input_selection__channel_selection__alpha=0.1, input_selection__feature_selection__threshold=0.02; total time= 1.0min
[CV] END channels_correlation_filter__corr_threshold=0.2, channels_pca__n_components=3, input_selection__channel_selection__alpha=0.1, input_selection__feature_selection__threshold=0.03; total time= 1.0min
[CV] END channels_correlation_filter__corr_threshold=0.2, channels_pca__n_components=3, input_selection__channel_selection__alpha=0.1, input_selection__feature_selection__threshold=0.03; total time= 1.0min
[CV] END channels_correlation_filter__corr_threshold=0.2, channels_pca__n_components=3, input_selection__channel_selection__alpha=0.1, input_selection__feature_selection__threshold=0.03; total time= 1.0min
[CV] END channels_correlation_filter__corr_threshold=0.2, channels_pca__n_components=3, input_selection__channel_selection__alpha=0.1, input_selection__feature_selection__threshold=0.03; total time= 1.0min
[CV] END channels_correlation_filter__corr_threshold=0.2, channels_pca__n_components=3, input_selection__channel_selection__alpha=0.1, input_selection__feature_selection__threshold=0.03; total time= 1.0min
[CV] END channels_correlation_filter__corr_threshold=0.2, channels_pca__n_components=3, input_selection__channel_selection__alpha=0.1, input_selection__feature_selection__threshold=0.03; total time= 1.0min
[CV] END channels_correlation_filter__corr_threshold=0.2, channels_pca__n_components=3, input_selection__channel_selection__alpha=0.1, input_selection__feature_selection__threshold=0.03; total time= 1.0min
[CV] END channels_correlation_filter__corr_threshold=0.2, channels_pca__n_components=3, input_selection__channel_selection__alpha=0.1, input_selection__feature_selection__threshold=0.03; total time= 1.0min
[CV] END channels_correlation_filter__corr_threshold=0.2, channels_pca__n_components=3, input_selection__channel_selection__alpha=0.1, input_selection__feature_selection__threshold=0.03; total time= 1.0min
[CV] END channels_correlation_filter__corr_threshold=0.2, channels_pca__n_components=3, input_selection__channel_selection__alpha=0.1, input_selection__feature_selection__threshold=0.03; total time= 1.0min
[CV] END channels_correlation_filter__corr_threshold=0.2, channels_pca__n_components=3, input_selection__channel_selection__alpha=0.1, input_selection__feature_selection__threshold=0.05; total time=  60.0s
[CV] END channels_correlation_filter__corr_threshold=0.2, channels_pca__n_components=3, input_selection__channel_selection__alpha=0.1, input_selection__feature_selection__threshold=0.05; total time= 1.0min
[CV] END channels_correlation_filter__corr_threshold=0.2, channels_pca__n_components=3, input_selection__channel_selection__alpha=0.1, input_selection__feature_selection__threshold=0.05; total time= 1.0min
[CV] END channels_correlation_filter__corr_threshold=0.2, channels_pca__n_components=3, input_selection__channel_selection__alpha=0.1, input_selection__feature_selection__threshold=0.05; total time= 1.0min
[CV] END channels_correlation_filter__corr_threshold=0.2, channels_pca__n_components=3, input_selection__channel_selection__alpha=0.1, input_selection__feature_selection__threshold=0.05; total time= 1.0min
[CV] END channels_correlation_filter__corr_threshold=0.2, channels_pca__n_components=3, input_selection__channel_selection__alpha=0.1, input_selection__feature_selection__threshold=0.05; total time= 1.0min
[CV] END channels_correlation_filter__corr_threshold=0.2, channels_pca__n_components=3, input_selection__channel_selection__alpha=0.1, input_selection__feature_selection__threshold=0.05; total time= 1.0min
[CV] END channels_correlation_filter__corr_threshold=0.2, channels_pca__n_components=3, input_selection__channel_selection__alpha=0.1, input_selection__feature_selection__threshold=0.05; total time= 1.0min
[CV] END channels_correlation_filter__corr_threshold=0.2, channels_pca__n_components=3, input_selection__channel_selection__alpha=0.1, input_selection__feature_selection__threshold=0.05; total time= 1.0min
[CV] END channels_correlation_filter__corr_threshold=0.2, channels_pca__n_components=3, input_selection__channel_selection__alpha=0.1, input_selection__feature_selection__threshold=0.05; total time= 1.0min
[CV] END channels_correlation_filter__corr_threshold=0.2, channels_pca__n_components=5, input_selection__channel_selection__alpha=0.01, input_selection__feature_selection__threshold=0.01; total time= 1.0min
[CV] END channels_correlation_filter__corr_threshold=0.2, channels_pca__n_components=5, input_selection__channel_selection__alpha=0.01, input_selection__feature_selection__threshold=0.01; total time= 1.0min
[CV] END channels_correlation_filter__corr_threshold=0.2, channels_pca__n_components=5, input_selection__channel_selection__alpha=0.01, input_selection__feature_selection__threshold=0.01; total time= 1.0min
[CV] END channels_correlation_filter__corr_threshold=0.2, channels_pca__n_components=5, input_selection__channel_selection__alpha=0.01, input_selection__feature_selection__threshold=0.01; total time= 1.0min
[CV] END channels_correlation_filter__corr_threshold=0.2, channels_pca__n_components=5, input_selection__channel_selection__alpha=0.01, input_selection__feature_selection__threshold=0.01; total time= 1.0min
[CV] END channels_correlation_filter__corr_threshold=0.2, channels_pca__n_components=5, input_selection__channel_selection__alpha=0.01, input_selection__feature_selection__threshold=0.01; total time= 1.0min
[CV] END channels_correlation_filter__corr_threshold=0.2, channels_pca__n_components=5, input_selection__channel_selection__alpha=0.01, input_selection__feature_selection__threshold=0.01; total time= 1.0min
[CV] END channels_correlation_filter__corr_threshold=0.2, channels_pca__n_components=5, input_selection__channel_selection__alpha=0.01, input_selection__feature_selection__threshold=0.01; total time= 1.0min
[CV] END channels_correlation_filter__corr_threshold=0.2, channels_pca__n_components=5, input_selection__channel_selection__alpha=0.01, input_selection__feature_selection__threshold=0.01; total time= 1.0min
[CV] END channels_correlation_filter__corr_threshold=0.2, channels_pca__n_components=5, input_selection__channel_selection__alpha=0.01, input_selection__feature_selection__threshold=0.01; total time= 1.0min
[CV] END channels_correlation_filter__corr_threshold=0.2, channels_pca__n_components=5, input_selection__channel_selection__alpha=0.01, input_selection__feature_selection__threshold=0.02; total time= 1.0min
[CV] END channels_correlation_filter__corr_threshold=0.2, channels_pca__n_components=5, input_selection__channel_selection__alpha=0.01, input_selection__feature_selection__threshold=0.02; total time= 1.0min
[CV] END channels_correlation_filter__corr_threshold=0.2, channels_pca__n_components=5, input_selection__channel_selection__alpha=0.01, input_selection__feature_selection__threshold=0.02; total time= 1.0min
[CV] END channels_correlation_filter__corr_threshold=0.2, channels_pca__n_components=5, input_selection__channel_selection__alpha=0.01, input_selection__feature_selection__threshold=0.02; total time= 1.0min
[CV] END channels_correlation_filter__corr_threshold=0.2, channels_pca__n_components=5, input_selection__channel_selection__alpha=0.01, input_selection__feature_selection__threshold=0.02; total time= 1.0min
[CV] END channels_correlation_filter__corr_threshold=0.2, channels_pca__n_components=5, input_selection__channel_selection__alpha=0.01, input_selection__feature_selection__threshold=0.02; total time= 1.0min
[CV] END channels_correlation_filter__corr_threshold=0.2, channels_pca__n_components=5, input_selection__channel_selection__alpha=0.01, input_selection__feature_selection__threshold=0.02; total time= 1.0min
[CV] END channels_correlation_filter__corr_threshold=0.2, channels_pca__n_components=5, input_selection__channel_selection__alpha=0.01, input_selection__feature_selection__threshold=0.02; total time= 1.0min
[CV] END channels_correlation_filter__corr_threshold=0.2, channels_pca__n_components=5, input_selection__channel_selection__alpha=0.01, input_selection__feature_selection__threshold=0.02; total time= 1.0min
[CV] END channels_correlation_filter__corr_threshold=0.2, channels_pca__n_components=5, input_selection__channel_selection__alpha=0.01, input_selection__feature_selection__threshold=0.02; total time= 1.0min
[CV] END channels_correlation_filter__corr_threshold=0.2, channels_pca__n_components=5, input_selection__channel_selection__alpha=0.01, input_selection__feature_selection__threshold=0.03; total time= 1.0min
[CV] END channels_correlation_filter__corr_threshold=0.2, channels_pca__n_components=5, input_selection__channel_selection__alpha=0.01, input_selection__feature_selection__threshold=0.03; total time= 1.0min
[CV] END channels_correlation_filter__corr_threshold=0.2, channels_pca__n_components=5, input_selection__channel_selection__alpha=0.01, input_selection__feature_selection__threshold=0.03; total time= 1.0min
[CV] END channels_correlation_filter__corr_threshold=0.2, channels_pca__n_components=5, input_selection__channel_selection__alpha=0.01, input_selection__feature_selection__threshold=0.03; total time= 1.0min
[CV] END channels_correlation_filter__corr_threshold=0.2, channels_pca__n_components=5, input_selection__channel_selection__alpha=0.01, input_selection__feature_selection__threshold=0.03; total time= 1.0min
[CV] END channels_correlation_filter__corr_threshold=0.2, channels_pca__n_components=5, input_selection__channel_selection__alpha=0.01, input_selection__feature_selection__threshold=0.03; total time= 1.0min
[CV] END channels_correlation_filter__corr_threshold=0.2, channels_pca__n_components=5, input_selection__channel_selection__alpha=0.01, input_selection__feature_selection__threshold=0.03; total time= 1.0min
[CV] END channels_correlation_filter__corr_threshold=0.2, channels_pca__n_components=5, input_selection__channel_selection__alpha=0.01, input_selection__feature_selection__threshold=0.03; total time= 1.0min
[CV] END channels_correlation_filter__corr_threshold=0.2, channels_pca__n_components=5, input_selection__channel_selection__alpha=0.01, input_selection__feature_selection__threshold=0.03; total time= 1.0min
[CV] END channels_correlation_filter__corr_threshold=0.2, channels_pca__n_components=5, input_selection__channel_selection__alpha=0.01, input_selection__feature_selection__threshold=0.03; total time= 1.0min
[CV] END channels_correlation_filter__corr_threshold=0.2, channels_pca__n_components=5, input_selection__channel_selection__alpha=0.01, input_selection__feature_selection__threshold=0.05; total time=  59.1s
[CV] END channels_correlation_filter__corr_threshold=0.2, channels_pca__n_components=5, input_selection__channel_selection__alpha=0.01, input_selection__feature_selection__threshold=0.05; total time=  59.8s
[CV] END channels_correlation_filter__corr_threshold=0.2, channels_pca__n_components=5, input_selection__channel_selection__alpha=0.01, input_selection__feature_selection__threshold=0.05; total time=  59.2s
[CV] END channels_correlation_filter__corr_threshold=0.2, channels_pca__n_components=5, input_selection__channel_selection__alpha=0.01, input_selection__feature_selection__threshold=0.05; total time=  59.9s
[CV] END channels_correlation_filter__corr_threshold=0.2, channels_pca__n_components=5, input_selection__channel_selection__alpha=0.01, input_selection__feature_selection__threshold=0.05; total time= 1.0min
[CV] END channels_correlation_filter__corr_threshold=0.2, channels_pca__n_components=5, input_selection__channel_selection__alpha=0.01, input_selection__feature_selection__threshold=0.05; total time=  60.0s
[CV] END channels_correlation_filter__corr_threshold=0.2, channels_pca__n_components=5, input_selection__channel_selection__alpha=0.01, input_selection__feature_selection__threshold=0.05; total time=  59.7s
[CV] END channels_correlation_filter__corr_threshold=0.2, channels_pca__n_components=5, input_selection__channel_selection__alpha=0.01, input_selection__feature_selection__threshold=0.05; total time= 1.0min
[CV] END channels_correlation_filter__corr_threshold=0.2, channels_pca__n_components=5, input_selection__channel_selection__alpha=0.01, input_selection__feature_selection__threshold=0.05; total time=  59.9s
[CV] END channels_correlation_filter__corr_threshold=0.2, channels_pca__n_components=5, input_selection__channel_selection__alpha=0.01, input_selection__feature_selection__threshold=0.05; total time= 1.0min
[CV] END channels_correlation_filter__corr_threshold=0.2, channels_pca__n_components=5, input_selection__channel_selection__alpha=0.05, input_selection__feature_selection__threshold=0.01; total time= 1.0min
[CV] END channels_correlation_filter__corr_threshold=0.2, channels_pca__n_components=5, input_selection__channel_selection__alpha=0.05, input_selection__feature_selection__threshold=0.01; total time= 1.0min
[CV] END channels_correlation_filter__corr_threshold=0.2, channels_pca__n_components=5, input_selection__channel_selection__alpha=0.05, input_selection__feature_selection__threshold=0.01; total time= 1.0min
[CV] END channels_correlation_filter__corr_threshold=0.2, channels_pca__n_components=5, input_selection__channel_selection__alpha=0.05, input_selection__feature_selection__threshold=0.01; total time= 1.0min
[CV] END channels_correlation_filter__corr_threshold=0.2, channels_pca__n_components=5, input_selection__channel_selection__alpha=0.05, input_selection__feature_selection__threshold=0.01; total time= 1.0min
[CV] END channels_correlation_filter__corr_threshold=0.2, channels_pca__n_components=5, input_selection__channel_selection__alpha=0.05, input_selection__feature_selection__threshold=0.01; total time= 1.0min
[CV] END channels_correlation_filter__corr_threshold=0.2, channels_pca__n_components=5, input_selection__channel_selection__alpha=0.05, input_selection__feature_selection__threshold=0.01; total time= 1.0min
[CV] END channels_correlation_filter__corr_threshold=0.2, channels_pca__n_components=5, input_selection__channel_selection__alpha=0.05, input_selection__feature_selection__threshold=0.01; total time= 1.1min
[CV] END channels_correlation_filter__corr_threshold=0.2, channels_pca__n_components=5, input_selection__channel_selection__alpha=0.05, input_selection__feature_selection__threshold=0.01; total time= 1.0min
[CV] END channels_correlation_filter__corr_threshold=0.2, channels_pca__n_components=5, input_selection__channel_selection__alpha=0.05, input_selection__feature_selection__threshold=0.01; total time= 1.1min
[CV] END channels_correlation_filter__corr_threshold=0.2, channels_pca__n_components=5, input_selection__channel_selection__alpha=0.05, input_selection__feature_selection__threshold=0.02; total time= 1.0min
[CV] END channels_correlation_filter__corr_threshold=0.2, channels_pca__n_components=5, input_selection__channel_selection__alpha=0.05, input_selection__feature_selection__threshold=0.02; total time= 1.0min
[CV] END channels_correlation_filter__corr_threshold=0.2, channels_pca__n_components=5, input_selection__channel_selection__alpha=0.05, input_selection__feature_selection__threshold=0.02; total time= 1.0min
[CV] END channels_correlation_filter__corr_threshold=0.2, channels_pca__n_components=5, input_selection__channel_selection__alpha=0.05, input_selection__feature_selection__threshold=0.02; total time= 1.0min
[CV] END channels_correlation_filter__corr_threshold=0.2, channels_pca__n_components=5, input_selection__channel_selection__alpha=0.05, input_selection__feature_selection__threshold=0.02; total time= 1.0min
[CV] END channels_correlation_filter__corr_threshold=0.2, channels_pca__n_components=5, input_selection__channel_selection__alpha=0.05, input_selection__feature_selection__threshold=0.02; total time= 1.0min
[CV] END channels_correlation_filter__corr_threshold=0.2, channels_pca__n_components=5, input_selection__channel_selection__alpha=0.05, input_selection__feature_selection__threshold=0.02; total time= 1.0min
[CV] END channels_correlation_filter__corr_threshold=0.2, channels_pca__n_components=5, input_selection__channel_selection__alpha=0.05, input_selection__feature_selection__threshold=0.02; total time= 1.0min
[CV] END channels_correlation_filter__corr_threshold=0.2, channels_pca__n_components=5, input_selection__channel_selection__alpha=0.05, input_selection__feature_selection__threshold=0.02; total time= 1.0min
[CV] END channels_correlation_filter__corr_threshold=0.2, channels_pca__n_components=5, input_selection__channel_selection__alpha=0.05, input_selection__feature_selection__threshold=0.02; total time= 1.0min
[CV] END channels_correlation_filter__corr_threshold=0.2, channels_pca__n_components=5, input_selection__channel_selection__alpha=0.05, input_selection__feature_selection__threshold=0.03; total time= 1.0min
[CV] END channels_correlation_filter__corr_threshold=0.2, channels_pca__n_components=5, input_selection__channel_selection__alpha=0.05, input_selection__feature_selection__threshold=0.03; total time= 1.0min
[CV] END channels_correlation_filter__corr_threshold=0.2, channels_pca__n_components=5, input_selection__channel_selection__alpha=0.05, input_selection__feature_selection__threshold=0.03; total time= 1.0min
[CV] END channels_correlation_filter__corr_threshold=0.2, channels_pca__n_components=5, input_selection__channel_selection__alpha=0.05, input_selection__feature_selection__threshold=0.03; total time= 1.0min
[CV] END channels_correlation_filter__corr_threshold=0.2, channels_pca__n_components=5, input_selection__channel_selection__alpha=0.05, input_selection__feature_selection__threshold=0.03; total time= 1.0min
[CV] END channels_correlation_filter__corr_threshold=0.2, channels_pca__n_components=5, input_selection__channel_selection__alpha=0.05, input_selection__feature_selection__threshold=0.03; total time= 1.0min
[CV] END channels_correlation_filter__corr_threshold=0.2, channels_pca__n_components=5, input_selection__channel_selection__alpha=0.05, input_selection__feature_selection__threshold=0.03; total time= 1.0min
[CV] END channels_correlation_filter__corr_threshold=0.2, channels_pca__n_components=5, input_selection__channel_selection__alpha=0.05, input_selection__feature_selection__threshold=0.03; total time= 1.0min
[CV] END channels_correlation_filter__corr_threshold=0.2, channels_pca__n_components=5, input_selection__channel_selection__alpha=0.05, input_selection__feature_selection__threshold=0.03; total time= 1.0min
[CV] END channels_correlation_filter__corr_threshold=0.2, channels_pca__n_components=5, input_selection__channel_selection__alpha=0.05, input_selection__feature_selection__threshold=0.03; total time= 1.0min
[CV] END channels_correlation_filter__corr_threshold=0.2, channels_pca__n_components=5, input_selection__channel_selection__alpha=0.05, input_selection__feature_selection__threshold=0.05; total time=  59.6s
[CV] END channels_correlation_filter__corr_threshold=0.2, channels_pca__n_components=5, input_selection__channel_selection__alpha=0.05, input_selection__feature_selection__threshold=0.05; total time= 1.0min
[CV] END channels_correlation_filter__corr_threshold=0.2, channels_pca__n_components=5, input_selection__channel_selection__alpha=0.05, input_selection__feature_selection__threshold=0.05; total time=  59.9s
[CV] END channels_correlation_filter__corr_threshold=0.2, channels_pca__n_components=5, input_selection__channel_selection__alpha=0.05, input_selection__feature_selection__threshold=0.05; total time= 1.0min
[CV] END channels_correlation_filter__corr_threshold=0.2, channels_pca__n_components=5, input_selection__channel_selection__alpha=0.05, input_selection__feature_selection__threshold=0.05; total time= 1.0min
[CV] END channels_correlation_filter__corr_threshold=0.2, channels_pca__n_components=5, input_selection__channel_selection__alpha=0.05, input_selection__feature_selection__threshold=0.05; total time= 1.0min
[CV] END channels_correlation_filter__corr_threshold=0.2, channels_pca__n_components=5, input_selection__channel_selection__alpha=0.05, input_selection__feature_selection__threshold=0.05; total time= 1.0min
[CV] END channels_correlation_filter__corr_threshold=0.2, channels_pca__n_components=5, input_selection__channel_selection__alpha=0.05, input_selection__feature_selection__threshold=0.05; total time= 1.0min
[CV] END channels_correlation_filter__corr_threshold=0.2, channels_pca__n_components=5, input_selection__channel_selection__alpha=0.05, input_selection__feature_selection__threshold=0.05; total time= 1.0min
[CV] END channels_correlation_filter__corr_threshold=0.2, channels_pca__n_components=5, input_selection__channel_selection__alpha=0.05, input_selection__feature_selection__threshold=0.05; total time= 1.0min
[CV] END channels_correlation_filter__corr_threshold=0.2, channels_pca__n_components=5, input_selection__channel_selection__alpha=0.1, input_selection__feature_selection__threshold=0.01; total time= 1.0min
[CV] END channels_correlation_filter__corr_threshold=0.2, channels_pca__n_components=5, input_selection__channel_selection__alpha=0.1, input_selection__feature_selection__threshold=0.01; total time= 1.0min
[CV] END channels_correlation_filter__corr_threshold=0.2, channels_pca__n_components=5, input_selection__channel_selection__alpha=0.1, input_selection__feature_selection__threshold=0.01; total time= 1.0min
[CV] END channels_correlation_filter__corr_threshold=0.2, channels_pca__n_components=5, input_selection__channel_selection__alpha=0.1, input_selection__feature_selection__threshold=0.01; total time= 1.0min
[CV] END channels_correlation_filter__corr_threshold=0.2, channels_pca__n_components=5, input_selection__channel_selection__alpha=0.1, input_selection__feature_selection__threshold=0.01; total time= 1.0min
[CV] END channels_correlation_filter__corr_threshold=0.2, channels_pca__n_components=5, input_selection__channel_selection__alpha=0.1, input_selection__feature_selection__threshold=0.01; total time= 1.0min
[CV] END channels_correlation_filter__corr_threshold=0.2, channels_pca__n_components=5, input_selection__channel_selection__alpha=0.1, input_selection__feature_selection__threshold=0.01; total time= 1.0min
[CV] END channels_correlation_filter__corr_threshold=0.2, channels_pca__n_components=5, input_selection__channel_selection__alpha=0.1, input_selection__feature_selection__threshold=0.01; total time= 1.1min
[CV] END channels_correlation_filter__corr_threshold=0.2, channels_pca__n_components=5, input_selection__channel_selection__alpha=0.1, input_selection__feature_selection__threshold=0.01; total time= 1.1min
[CV] END channels_correlation_filter__corr_threshold=0.2, channels_pca__n_components=5, input_selection__channel_selection__alpha=0.1, input_selection__feature_selection__threshold=0.01; total time= 1.1min
[CV] END channels_correlation_filter__corr_threshold=0.2, channels_pca__n_components=5, input_selection__channel_selection__alpha=0.1, input_selection__feature_selection__threshold=0.02; total time= 1.0min
[CV] END channels_correlation_filter__corr_threshold=0.2, channels_pca__n_components=5, input_selection__channel_selection__alpha=0.1, input_selection__feature_selection__threshold=0.02; total time= 1.0min
[CV] END channels_correlation_filter__corr_threshold=0.2, channels_pca__n_components=5, input_selection__channel_selection__alpha=0.1, input_selection__feature_selection__threshold=0.02; total time= 1.0min
[CV] END channels_correlation_filter__corr_threshold=0.2, channels_pca__n_components=5, input_selection__channel_selection__alpha=0.1, input_selection__feature_selection__threshold=0.02; total time= 1.0min
[CV] END channels_correlation_filter__corr_threshold=0.2, channels_pca__n_components=5, input_selection__channel_selection__alpha=0.1, input_selection__feature_selection__threshold=0.02; total time= 1.0min
[CV] END channels_correlation_filter__corr_threshold=0.2, channels_pca__n_components=5, input_selection__channel_selection__alpha=0.1, input_selection__feature_selection__threshold=0.02; total time= 1.1min
[CV] END channels_correlation_filter__corr_threshold=0.2, channels_pca__n_components=5, input_selection__channel_selection__alpha=0.1, input_selection__feature_selection__threshold=0.02; total time= 1.1min
[CV] END channels_correlation_filter__corr_threshold=0.2, channels_pca__n_components=5, input_selection__channel_selection__alpha=0.1, input_selection__feature_selection__threshold=0.02; total time= 1.0min
[CV] END channels_correlation_filter__corr_threshold=0.2, channels_pca__n_components=5, input_selection__channel_selection__alpha=0.1, input_selection__feature_selection__threshold=0.02; total time= 1.0min
[CV] END channels_correlation_filter__corr_threshold=0.2, channels_pca__n_components=5, input_selection__channel_selection__alpha=0.1, input_selection__feature_selection__threshold=0.02; total time= 1.0min
[CV] END channels_correlation_filter__corr_threshold=0.2, channels_pca__n_components=5, input_selection__channel_selection__alpha=0.1, input_selection__feature_selection__threshold=0.03; total time= 1.0min
[CV] END channels_correlation_filter__corr_threshold=0.2, channels_pca__n_components=5, input_selection__channel_selection__alpha=0.1, input_selection__feature_selection__threshold=0.03; total time= 1.0min
[CV] END channels_correlation_filter__corr_threshold=0.2, channels_pca__n_components=5, input_selection__channel_selection__alpha=0.1, input_selection__feature_selection__threshold=0.03; total time= 1.0min
[CV] END channels_correlation_filter__corr_threshold=0.2, channels_pca__n_components=5, input_selection__channel_selection__alpha=0.1, input_selection__feature_selection__threshold=0.03; total time= 1.0min
[CV] END channels_correlation_filter__corr_threshold=0.2, channels_pca__n_components=5, input_selection__channel_selection__alpha=0.1, input_selection__feature_selection__threshold=0.03; total time= 1.0min
[CV] END channels_correlation_filter__corr_threshold=0.2, channels_pca__n_components=5, input_selection__channel_selection__alpha=0.1, input_selection__feature_selection__threshold=0.03; total time= 1.0min
[CV] END channels_correlation_filter__corr_threshold=0.2, channels_pca__n_components=5, input_selection__channel_selection__alpha=0.1, input_selection__feature_selection__threshold=0.03; total time= 1.0min
[CV] END channels_correlation_filter__corr_threshold=0.2, channels_pca__n_components=5, input_selection__channel_selection__alpha=0.1, input_selection__feature_selection__threshold=0.03; total time= 1.0min
[CV] END channels_correlation_filter__corr_threshold=0.2, channels_pca__n_components=5, input_selection__channel_selection__alpha=0.1, input_selection__feature_selection__threshold=0.03; total time= 1.0min
[CV] END channels_correlation_filter__corr_threshold=0.2, channels_pca__n_components=5, input_selection__channel_selection__alpha=0.1, input_selection__feature_selection__threshold=0.03; total time= 1.0min
[CV] END channels_correlation_filter__corr_threshold=0.2, channels_pca__n_components=5, input_selection__channel_selection__alpha=0.1, input_selection__feature_selection__threshold=0.05; total time=  59.9s
[CV] END channels_correlation_filter__corr_threshold=0.2, channels_pca__n_components=5, input_selection__channel_selection__alpha=0.1, input_selection__feature_selection__threshold=0.05; total time= 1.0min
[CV] END channels_correlation_filter__corr_threshold=0.2, channels_pca__n_components=5, input_selection__channel_selection__alpha=0.1, input_selection__feature_selection__threshold=0.05; total time= 1.0min
[CV] END channels_correlation_filter__corr_threshold=0.2, channels_pca__n_components=5, input_selection__channel_selection__alpha=0.1, input_selection__feature_selection__threshold=0.05; total time= 1.0min
[CV] END channels_correlation_filter__corr_threshold=0.2, channels_pca__n_components=5, input_selection__channel_selection__alpha=0.1, input_selection__feature_selection__threshold=0.05; total time= 1.0min
[CV] END channels_correlation_filter__corr_threshold=0.2, channels_pca__n_components=5, input_selection__channel_selection__alpha=0.1, input_selection__feature_selection__threshold=0.05; total time= 1.0min
[CV] END channels_correlation_filter__corr_threshold=0.2, channels_pca__n_components=5, input_selection__channel_selection__alpha=0.1, input_selection__feature_selection__threshold=0.05; total time= 1.0min
[CV] END channels_correlation_filter__corr_threshold=0.2, channels_pca__n_components=5, input_selection__channel_selection__alpha=0.1, input_selection__feature_selection__threshold=0.05; total time= 1.0min
[CV] END channels_correlation_filter__corr_threshold=0.2, channels_pca__n_components=5, input_selection__channel_selection__alpha=0.1, input_selection__feature_selection__threshold=0.05; total time= 1.0min
[CV] END channels_correlation_filter__corr_threshold=0.2, channels_pca__n_components=5, input_selection__channel_selection__alpha=0.1, input_selection__feature_selection__threshold=0.05; total time= 1.0min
[CV] END channels_correlation_filter__corr_threshold=0.25, channels_pca__n_components=1, input_selection__channel_selection__alpha=0.01, input_selection__feature_selection__threshold=0.01; total time=  59.2s
[CV] END channels_correlation_filter__corr_threshold=0.25, channels_pca__n_components=1, input_selection__channel_selection__alpha=0.01, input_selection__feature_selection__threshold=0.01; total time=  59.4s
[CV] END channels_correlation_filter__corr_threshold=0.25, channels_pca__n_components=1, input_selection__channel_selection__alpha=0.01, input_selection__feature_selection__threshold=0.01; total time=  59.5s
[CV] END channels_correlation_filter__corr_threshold=0.25, channels_pca__n_components=1, input_selection__channel_selection__alpha=0.01, input_selection__feature_selection__threshold=0.01; total time= 1.0min
[CV] END channels_correlation_filter__corr_threshold=0.25, channels_pca__n_components=1, input_selection__channel_selection__alpha=0.01, input_selection__feature_selection__threshold=0.01; total time=  59.9s
[CV] END channels_correlation_filter__corr_threshold=0.25, channels_pca__n_components=1, input_selection__channel_selection__alpha=0.01, input_selection__feature_selection__threshold=0.01; total time= 1.0min
[CV] END channels_correlation_filter__corr_threshold=0.25, channels_pca__n_components=1, input_selection__channel_selection__alpha=0.01, input_selection__feature_selection__threshold=0.01; total time= 1.0min
[CV] END channels_correlation_filter__corr_threshold=0.25, channels_pca__n_components=1, input_selection__channel_selection__alpha=0.01, input_selection__feature_selection__threshold=0.01; total time= 1.0min
[CV] END channels_correlation_filter__corr_threshold=0.25, channels_pca__n_components=1, input_selection__channel_selection__alpha=0.01, input_selection__feature_selection__threshold=0.01; total time= 1.0min
[CV] END channels_correlation_filter__corr_threshold=0.25, channels_pca__n_components=1, input_selection__channel_selection__alpha=0.01, input_selection__feature_selection__threshold=0.01; total time= 1.0min
[CV] END channels_correlation_filter__corr_threshold=0.25, channels_pca__n_components=1, input_selection__channel_selection__alpha=0.01, input_selection__feature_selection__threshold=0.02; total time=  58.9s
[CV] END channels_correlation_filter__corr_threshold=0.25, channels_pca__n_components=1, input_selection__channel_selection__alpha=0.01, input_selection__feature_selection__threshold=0.02; total time=  58.7s
[CV] END channels_correlation_filter__corr_threshold=0.25, channels_pca__n_components=1, input_selection__channel_selection__alpha=0.01, input_selection__feature_selection__threshold=0.02; total time=  59.4s
[CV] END channels_correlation_filter__corr_threshold=0.25, channels_pca__n_components=1, input_selection__channel_selection__alpha=0.01, input_selection__feature_selection__threshold=0.02; total time=  59.9s
[CV] END channels_correlation_filter__corr_threshold=0.25, channels_pca__n_components=1, input_selection__channel_selection__alpha=0.01, input_selection__feature_selection__threshold=0.02; total time=  59.8s
[CV] END channels_correlation_filter__corr_threshold=0.25, channels_pca__n_components=1, input_selection__channel_selection__alpha=0.01, input_selection__feature_selection__threshold=0.02; total time= 1.0min
[CV] END channels_correlation_filter__corr_threshold=0.25, channels_pca__n_components=1, input_selection__channel_selection__alpha=0.01, input_selection__feature_selection__threshold=0.02; total time= 1.0min
[CV] END channels_correlation_filter__corr_threshold=0.25, channels_pca__n_components=1, input_selection__channel_selection__alpha=0.01, input_selection__feature_selection__threshold=0.02; total time= 1.0min
[CV] END channels_correlation_filter__corr_threshold=0.25, channels_pca__n_components=1, input_selection__channel_selection__alpha=0.01, input_selection__feature_selection__threshold=0.02; total time=  59.9s
[CV] END channels_correlation_filter__corr_threshold=0.25, channels_pca__n_components=1, input_selection__channel_selection__alpha=0.01, input_selection__feature_selection__threshold=0.02; total time=  59.9s
[CV] END channels_correlation_filter__corr_threshold=0.25, channels_pca__n_components=1, input_selection__channel_selection__alpha=0.01, input_selection__feature_selection__threshold=0.03; total time=  59.1s
[CV] END channels_correlation_filter__corr_threshold=0.25, channels_pca__n_components=1, input_selection__channel_selection__alpha=0.01, input_selection__feature_selection__threshold=0.03; total time=  59.1s
[CV] END channels_correlation_filter__corr_threshold=0.25, channels_pca__n_components=1, input_selection__channel_selection__alpha=0.01, input_selection__feature_selection__threshold=0.03; total time=  59.8s
[CV] END channels_correlation_filter__corr_threshold=0.25, channels_pca__n_components=1, input_selection__channel_selection__alpha=0.01, input_selection__feature_selection__threshold=0.03; total time=  59.3s
[CV] END channels_correlation_filter__corr_threshold=0.25, channels_pca__n_components=1, input_selection__channel_selection__alpha=0.01, input_selection__feature_selection__threshold=0.03; total time=  59.0s
[CV] END channels_correlation_filter__corr_threshold=0.25, channels_pca__n_components=1, input_selection__channel_selection__alpha=0.01, input_selection__feature_selection__threshold=0.03; total time=  60.0s
[CV] END channels_correlation_filter__corr_threshold=0.25, channels_pca__n_components=1, input_selection__channel_selection__alpha=0.01, input_selection__feature_selection__threshold=0.03; total time=  59.6s
[CV] END channels_correlation_filter__corr_threshold=0.25, channels_pca__n_components=1, input_selection__channel_selection__alpha=0.01, input_selection__feature_selection__threshold=0.03; total time=  59.9s
[CV] END channels_correlation_filter__corr_threshold=0.25, channels_pca__n_components=1, input_selection__channel_selection__alpha=0.01, input_selection__feature_selection__threshold=0.03; total time=  59.3s
[CV] END channels_correlation_filter__corr_threshold=0.25, channels_pca__n_components=1, input_selection__channel_selection__alpha=0.01, input_selection__feature_selection__threshold=0.03; total time= 1.0min
[CV] END channels_correlation_filter__corr_threshold=0.25, channels_pca__n_components=1, input_selection__channel_selection__alpha=0.01, input_selection__feature_selection__threshold=0.05; total time=  57.6s
[CV] END channels_correlation_filter__corr_threshold=0.25, channels_pca__n_components=1, input_selection__channel_selection__alpha=0.01, input_selection__feature_selection__threshold=0.05; total time=  58.7s
[CV] END channels_correlation_filter__corr_threshold=0.25, channels_pca__n_components=1, input_selection__channel_selection__alpha=0.01, input_selection__feature_selection__threshold=0.05; total time=  58.3s
[CV] END channels_correlation_filter__corr_threshold=0.25, channels_pca__n_components=1, input_selection__channel_selection__alpha=0.01, input_selection__feature_selection__threshold=0.05; total time=  59.1s
[CV] END channels_correlation_filter__corr_threshold=0.25, channels_pca__n_components=1, input_selection__channel_selection__alpha=0.01, input_selection__feature_selection__threshold=0.05; total time=  59.1s
[CV] END channels_correlation_filter__corr_threshold=0.25, channels_pca__n_components=1, input_selection__channel_selection__alpha=0.01, input_selection__feature_selection__threshold=0.05; total time=  59.0s
[CV] END channels_correlation_filter__corr_threshold=0.25, channels_pca__n_components=1, input_selection__channel_selection__alpha=0.01, input_selection__feature_selection__threshold=0.05; total time=  58.6s
[CV] END channels_correlation_filter__corr_threshold=0.25, channels_pca__n_components=1, input_selection__channel_selection__alpha=0.01, input_selection__feature_selection__threshold=0.05; total time=  59.0s
[CV] END channels_correlation_filter__corr_threshold=0.25, channels_pca__n_components=1, input_selection__channel_selection__alpha=0.01, input_selection__feature_selection__threshold=0.05; total time=  58.8s
[CV] END channels_correlation_filter__corr_threshold=0.25, channels_pca__n_components=1, input_selection__channel_selection__alpha=0.01, input_selection__feature_selection__threshold=0.05; total time=  59.5s
[CV] END channels_correlation_filter__corr_threshold=0.25, channels_pca__n_components=1, input_selection__channel_selection__alpha=0.05, input_selection__feature_selection__threshold=0.01; total time= 1.0min
[CV] END channels_correlation_filter__corr_threshold=0.25, channels_pca__n_components=1, input_selection__channel_selection__alpha=0.05, input_selection__feature_selection__threshold=0.01; total time= 1.0min
[CV] END channels_correlation_filter__corr_threshold=0.25, channels_pca__n_components=1, input_selection__channel_selection__alpha=0.05, input_selection__feature_selection__threshold=0.01; total time= 1.0min
[CV] END channels_correlation_filter__corr_threshold=0.25, channels_pca__n_components=1, input_selection__channel_selection__alpha=0.05, input_selection__feature_selection__threshold=0.01; total time= 1.0min
[CV] END channels_correlation_filter__corr_threshold=0.25, channels_pca__n_components=1, input_selection__channel_selection__alpha=0.05, input_selection__feature_selection__threshold=0.01; total time= 1.0min
[CV] END channels_correlation_filter__corr_threshold=0.25, channels_pca__n_components=1, input_selection__channel_selection__alpha=0.05, input_selection__feature_selection__threshold=0.01; total time= 1.0min
[CV] END channels_correlation_filter__corr_threshold=0.25, channels_pca__n_components=1, input_selection__channel_selection__alpha=0.05, input_selection__feature_selection__threshold=0.01; total time= 1.0min
[CV] END channels_correlation_filter__corr_threshold=0.25, channels_pca__n_components=1, input_selection__channel_selection__alpha=0.05, input_selection__feature_selection__threshold=0.01; total time= 1.0min
[CV] END channels_correlation_filter__corr_threshold=0.25, channels_pca__n_components=1, input_selection__channel_selection__alpha=0.05, input_selection__feature_selection__threshold=0.01; total time= 1.0min
[CV] END channels_correlation_filter__corr_threshold=0.25, channels_pca__n_components=1, input_selection__channel_selection__alpha=0.05, input_selection__feature_selection__threshold=0.01; total time= 1.0min
[CV] END channels_correlation_filter__corr_threshold=0.25, channels_pca__n_components=1, input_selection__channel_selection__alpha=0.05, input_selection__feature_selection__threshold=0.02; total time= 1.0min
[CV] END channels_correlation_filter__corr_threshold=0.25, channels_pca__n_components=1, input_selection__channel_selection__alpha=0.05, input_selection__feature_selection__threshold=0.02; total time=  60.0s
[CV] END channels_correlation_filter__corr_threshold=0.25, channels_pca__n_components=1, input_selection__channel_selection__alpha=0.05, input_selection__feature_selection__threshold=0.02; total time= 1.0min
[CV] END channels_correlation_filter__corr_threshold=0.25, channels_pca__n_components=1, input_selection__channel_selection__alpha=0.05, input_selection__feature_selection__threshold=0.02; total time= 1.0min
[CV] END channels_correlation_filter__corr_threshold=0.25, channels_pca__n_components=1, input_selection__channel_selection__alpha=0.05, input_selection__feature_selection__threshold=0.02; total time= 1.0min
[CV] END channels_correlation_filter__corr_threshold=0.25, channels_pca__n_components=1, input_selection__channel_selection__alpha=0.05, input_selection__feature_selection__threshold=0.02; total time= 1.0min
[CV] END channels_correlation_filter__corr_threshold=0.25, channels_pca__n_components=1, input_selection__channel_selection__alpha=0.05, input_selection__feature_selection__threshold=0.02; total time= 1.0min
[CV] END channels_correlation_filter__corr_threshold=0.25, channels_pca__n_components=1, input_selection__channel_selection__alpha=0.05, input_selection__feature_selection__threshold=0.02; total time= 1.0min
[CV] END channels_correlation_filter__corr_threshold=0.25, channels_pca__n_components=1, input_selection__channel_selection__alpha=0.05, input_selection__feature_selection__threshold=0.02; total time= 1.0min
[CV] END channels_correlation_filter__corr_threshold=0.25, channels_pca__n_components=1, input_selection__channel_selection__alpha=0.05, input_selection__feature_selection__threshold=0.02; total time= 1.0min
[CV] END channels_correlation_filter__corr_threshold=0.25, channels_pca__n_components=1, input_selection__channel_selection__alpha=0.05, input_selection__feature_selection__threshold=0.03; total time= 1.0min
[CV] END channels_correlation_filter__corr_threshold=0.25, channels_pca__n_components=1, input_selection__channel_selection__alpha=0.05, input_selection__feature_selection__threshold=0.03; total time=  59.9s
[CV] END channels_correlation_filter__corr_threshold=0.25, channels_pca__n_components=1, input_selection__channel_selection__alpha=0.05, input_selection__feature_selection__threshold=0.03; total time= 1.0min
[CV] END channels_correlation_filter__corr_threshold=0.25, channels_pca__n_components=1, input_selection__channel_selection__alpha=0.05, input_selection__feature_selection__threshold=0.03; total time= 1.0min
[CV] END channels_correlation_filter__corr_threshold=0.25, channels_pca__n_components=1, input_selection__channel_selection__alpha=0.05, input_selection__feature_selection__threshold=0.03; total time=  59.9s
[CV] END channels_correlation_filter__corr_threshold=0.25, channels_pca__n_components=1, input_selection__channel_selection__alpha=0.05, input_selection__feature_selection__threshold=0.03; total time= 1.0min
[CV] END channels_correlation_filter__corr_threshold=0.25, channels_pca__n_components=1, input_selection__channel_selection__alpha=0.05, input_selection__feature_selection__threshold=0.03; total time= 1.0min
[CV] END channels_correlation_filter__corr_threshold=0.25, channels_pca__n_components=1, input_selection__channel_selection__alpha=0.05, input_selection__feature_selection__threshold=0.03; total time= 1.0min
[CV] END channels_correlation_filter__corr_threshold=0.25, channels_pca__n_components=1, input_selection__channel_selection__alpha=0.05, input_selection__feature_selection__threshold=0.03; total time= 1.0min
[CV] END channels_correlation_filter__corr_threshold=0.25, channels_pca__n_components=1, input_selection__channel_selection__alpha=0.05, input_selection__feature_selection__threshold=0.03; total time= 1.0min
[CV] END channels_correlation_filter__corr_threshold=0.25, channels_pca__n_components=1, input_selection__channel_selection__alpha=0.05, input_selection__feature_selection__threshold=0.05; total time=  58.5s
[CV] END channels_correlation_filter__corr_threshold=0.25, channels_pca__n_components=1, input_selection__channel_selection__alpha=0.05, input_selection__feature_selection__threshold=0.05; total time=  59.4s
[CV] END channels_correlation_filter__corr_threshold=0.25, channels_pca__n_components=1, input_selection__channel_selection__alpha=0.05, input_selection__feature_selection__threshold=0.05; total time=  58.9s
[CV] END channels_correlation_filter__corr_threshold=0.25, channels_pca__n_components=1, input_selection__channel_selection__alpha=0.05, input_selection__feature_selection__threshold=0.05; total time=  59.5s
[CV] END channels_correlation_filter__corr_threshold=0.25, channels_pca__n_components=1, input_selection__channel_selection__alpha=0.05, input_selection__feature_selection__threshold=0.05; total time= 1.0min
[CV] END channels_correlation_filter__corr_threshold=0.25, channels_pca__n_components=1, input_selection__channel_selection__alpha=0.05, input_selection__feature_selection__threshold=0.05; total time= 1.0min
[CV] END channels_correlation_filter__corr_threshold=0.25, channels_pca__n_components=1, input_selection__channel_selection__alpha=0.05, input_selection__feature_selection__threshold=0.05; total time=  59.5s
[CV] END channels_correlation_filter__corr_threshold=0.25, channels_pca__n_components=1, input_selection__channel_selection__alpha=0.05, input_selection__feature_selection__threshold=0.05; total time=  60.0s
[CV] END channels_correlation_filter__corr_threshold=0.25, channels_pca__n_components=1, input_selection__channel_selection__alpha=0.05, input_selection__feature_selection__threshold=0.05; total time= 1.0min
[CV] END channels_correlation_filter__corr_threshold=0.25, channels_pca__n_components=1, input_selection__channel_selection__alpha=0.05, input_selection__feature_selection__threshold=0.05; total time= 1.0min
[CV] END channels_correlation_filter__corr_threshold=0.25, channels_pca__n_components=1, input_selection__channel_selection__alpha=0.1, input_selection__feature_selection__threshold=0.01; total time= 1.0min
[CV] END channels_correlation_filter__corr_threshold=0.25, channels_pca__n_components=1, input_selection__channel_selection__alpha=0.1, input_selection__feature_selection__threshold=0.01; total time= 1.0min
[CV] END channels_correlation_filter__corr_threshold=0.25, channels_pca__n_components=1, input_selection__channel_selection__alpha=0.1, input_selection__feature_selection__threshold=0.01; total time= 1.0min
[CV] END channels_correlation_filter__corr_threshold=0.25, channels_pca__n_components=1, input_selection__channel_selection__alpha=0.1, input_selection__feature_selection__threshold=0.01; total time= 1.0min
[CV] END channels_correlation_filter__corr_threshold=0.25, channels_pca__n_components=1, input_selection__channel_selection__alpha=0.1, input_selection__feature_selection__threshold=0.01; total time= 1.0min
[CV] END channels_correlation_filter__corr_threshold=0.25, channels_pca__n_components=1, input_selection__channel_selection__alpha=0.1, input_selection__feature_selection__threshold=0.01; total time= 1.0min
[CV] END channels_correlation_filter__corr_threshold=0.25, channels_pca__n_components=1, input_selection__channel_selection__alpha=0.1, input_selection__feature_selection__threshold=0.01; total time= 1.0min
[CV] END channels_correlation_filter__corr_threshold=0.25, channels_pca__n_components=1, input_selection__channel_selection__alpha=0.1, input_selection__feature_selection__threshold=0.01; total time= 1.1min
[CV] END channels_correlation_filter__corr_threshold=0.25, channels_pca__n_components=1, input_selection__channel_selection__alpha=0.1, input_selection__feature_selection__threshold=0.01; total time= 1.0min
[CV] END channels_correlation_filter__corr_threshold=0.25, channels_pca__n_components=1, input_selection__channel_selection__alpha=0.1, input_selection__feature_selection__threshold=0.01; total time= 1.0min
[CV] END channels_correlation_filter__corr_threshold=0.25, channels_pca__n_components=1, input_selection__channel_selection__alpha=0.1, input_selection__feature_selection__threshold=0.02; total time= 1.0min
[CV] END channels_correlation_filter__corr_threshold=0.25, channels_pca__n_components=1, input_selection__channel_selection__alpha=0.1, input_selection__feature_selection__threshold=0.02; total time= 1.0min
[CV] END channels_correlation_filter__corr_threshold=0.25, channels_pca__n_components=1, input_selection__channel_selection__alpha=0.1, input_selection__feature_selection__threshold=0.02; total time= 1.0min
[CV] END channels_correlation_filter__corr_threshold=0.25, channels_pca__n_components=1, input_selection__channel_selection__alpha=0.1, input_selection__feature_selection__threshold=0.02; total time= 1.0min
[CV] END channels_correlation_filter__corr_threshold=0.25, channels_pca__n_components=1, input_selection__channel_selection__alpha=0.1, input_selection__feature_selection__threshold=0.02; total time= 1.0min
[CV] END channels_correlation_filter__corr_threshold=0.25, channels_pca__n_components=1, input_selection__channel_selection__alpha=0.1, input_selection__feature_selection__threshold=0.02; total time= 1.0min
[CV] END channels_correlation_filter__corr_threshold=0.25, channels_pca__n_components=1, input_selection__channel_selection__alpha=0.1, input_selection__feature_selection__threshold=0.02; total time= 1.0min
[CV] END channels_correlation_filter__corr_threshold=0.25, channels_pca__n_components=1, input_selection__channel_selection__alpha=0.1, input_selection__feature_selection__threshold=0.02; total time= 1.0min
[CV] END channels_correlation_filter__corr_threshold=0.25, channels_pca__n_components=1, input_selection__channel_selection__alpha=0.1, input_selection__feature_selection__threshold=0.02; total time= 1.0min
[CV] END channels_correlation_filter__corr_threshold=0.25, channels_pca__n_components=1, input_selection__channel_selection__alpha=0.1, input_selection__feature_selection__threshold=0.02; total time= 1.0min
[CV] END channels_correlation_filter__corr_threshold=0.25, channels_pca__n_components=1, input_selection__channel_selection__alpha=0.1, input_selection__feature_selection__threshold=0.03; total time= 1.0min
[CV] END channels_correlation_filter__corr_threshold=0.25, channels_pca__n_components=1, input_selection__channel_selection__alpha=0.1, input_selection__feature_selection__threshold=0.03; total time= 1.0min
[CV] END channels_correlation_filter__corr_threshold=0.25, channels_pca__n_components=1, input_selection__channel_selection__alpha=0.1, input_selection__feature_selection__threshold=0.03; total time= 1.0min
[CV] END channels_correlation_filter__corr_threshold=0.25, channels_pca__n_components=1, input_selection__channel_selection__alpha=0.1, input_selection__feature_selection__threshold=0.03; total time= 1.0min
[CV] END channels_correlation_filter__corr_threshold=0.25, channels_pca__n_components=1, input_selection__channel_selection__alpha=0.1, input_selection__feature_selection__threshold=0.03; total time= 1.0min
[CV] END channels_correlation_filter__corr_threshold=0.25, channels_pca__n_components=1, input_selection__channel_selection__alpha=0.1, input_selection__feature_selection__threshold=0.03; total time= 1.0min
[CV] END channels_correlation_filter__corr_threshold=0.25, channels_pca__n_components=1, input_selection__channel_selection__alpha=0.1, input_selection__feature_selection__threshold=0.03; total time= 1.0min
[CV] END channels_correlation_filter__corr_threshold=0.25, channels_pca__n_components=1, input_selection__channel_selection__alpha=0.1, input_selection__feature_selection__threshold=0.03; total time= 1.0min
[CV] END channels_correlation_filter__corr_threshold=0.25, channels_pca__n_components=1, input_selection__channel_selection__alpha=0.1, input_selection__feature_selection__threshold=0.03; total time= 1.0min
[CV] END channels_correlation_filter__corr_threshold=0.25, channels_pca__n_components=1, input_selection__channel_selection__alpha=0.1, input_selection__feature_selection__threshold=0.03; total time= 1.0min
[CV] END channels_correlation_filter__corr_threshold=0.25, channels_pca__n_components=1, input_selection__channel_selection__alpha=0.1, input_selection__feature_selection__threshold=0.05; total time=  58.9s
[CV] END channels_correlation_filter__corr_threshold=0.25, channels_pca__n_components=1, input_selection__channel_selection__alpha=0.1, input_selection__feature_selection__threshold=0.05; total time= 1.0min
[CV] END channels_correlation_filter__corr_threshold=0.25, channels_pca__n_components=1, input_selection__channel_selection__alpha=0.1, input_selection__feature_selection__threshold=0.05; total time=  59.5s
[CV] END channels_correlation_filter__corr_threshold=0.25, channels_pca__n_components=1, input_selection__channel_selection__alpha=0.1, input_selection__feature_selection__threshold=0.05; total time=  59.7s
[CV] END channels_correlation_filter__corr_threshold=0.25, channels_pca__n_components=1, input_selection__channel_selection__alpha=0.1, input_selection__feature_selection__threshold=0.05; total time= 1.0min
[CV] END channels_correlation_filter__corr_threshold=0.25, channels_pca__n_components=1, input_selection__channel_selection__alpha=0.1, input_selection__feature_selection__threshold=0.05; total time=  60.0s
[CV] END channels_correlation_filter__corr_threshold=0.25, channels_pca__n_components=1, input_selection__channel_selection__alpha=0.1, input_selection__feature_selection__threshold=0.05; total time=  60.0s
[CV] END channels_correlation_filter__corr_threshold=0.25, channels_pca__n_components=1, input_selection__channel_selection__alpha=0.1, input_selection__feature_selection__threshold=0.05; total time= 1.0min
[CV] END channels_correlation_filter__corr_threshold=0.25, channels_pca__n_components=1, input_selection__channel_selection__alpha=0.1, input_selection__feature_selection__threshold=0.05; total time= 1.0min
[CV] END channels_correlation_filter__corr_threshold=0.25, channels_pca__n_components=1, input_selection__channel_selection__alpha=0.1, input_selection__feature_selection__threshold=0.05; total time= 1.0min
[CV] END channels_correlation_filter__corr_threshold=0.25, channels_pca__n_components=2, input_selection__channel_selection__alpha=0.01, input_selection__feature_selection__threshold=0.01; total time=  59.7s
[CV] END channels_correlation_filter__corr_threshold=0.25, channels_pca__n_components=2, input_selection__channel_selection__alpha=0.01, input_selection__feature_selection__threshold=0.01; total time= 1.0min
[CV] END channels_correlation_filter__corr_threshold=0.25, channels_pca__n_components=2, input_selection__channel_selection__alpha=0.01, input_selection__feature_selection__threshold=0.01; total time=  59.7s
[CV] END channels_correlation_filter__corr_threshold=0.25, channels_pca__n_components=2, input_selection__channel_selection__alpha=0.01, input_selection__feature_selection__threshold=0.01; total time= 1.0min
[CV] END channels_correlation_filter__corr_threshold=0.25, channels_pca__n_components=2, input_selection__channel_selection__alpha=0.01, input_selection__feature_selection__threshold=0.01; total time= 1.0min
[CV] END channels_correlation_filter__corr_threshold=0.25, channels_pca__n_components=2, input_selection__channel_selection__alpha=0.01, input_selection__feature_selection__threshold=0.01; total time= 1.0min
[CV] END channels_correlation_filter__corr_threshold=0.25, channels_pca__n_components=2, input_selection__channel_selection__alpha=0.01, input_selection__feature_selection__threshold=0.01; total time= 1.0min
[CV] END channels_correlation_filter__corr_threshold=0.25, channels_pca__n_components=2, input_selection__channel_selection__alpha=0.01, input_selection__feature_selection__threshold=0.01; total time= 1.0min
[CV] END channels_correlation_filter__corr_threshold=0.25, channels_pca__n_components=2, input_selection__channel_selection__alpha=0.01, input_selection__feature_selection__threshold=0.01; total time= 1.0min
[CV] END channels_correlation_filter__corr_threshold=0.25, channels_pca__n_components=2, input_selection__channel_selection__alpha=0.01, input_selection__feature_selection__threshold=0.01; total time= 1.0min
[CV] END channels_correlation_filter__corr_threshold=0.25, channels_pca__n_components=2, input_selection__channel_selection__alpha=0.01, input_selection__feature_selection__threshold=0.02; total time=  59.6s
[CV] END channels_correlation_filter__corr_threshold=0.25, channels_pca__n_components=2, input_selection__channel_selection__alpha=0.01, input_selection__feature_selection__threshold=0.02; total time=  59.0s
[CV] END channels_correlation_filter__corr_threshold=0.25, channels_pca__n_components=2, input_selection__channel_selection__alpha=0.01, input_selection__feature_selection__threshold=0.02; total time=  59.9s
[CV] END channels_correlation_filter__corr_threshold=0.25, channels_pca__n_components=2, input_selection__channel_selection__alpha=0.01, input_selection__feature_selection__threshold=0.02; total time= 1.0min
[CV] END channels_correlation_filter__corr_threshold=0.25, channels_pca__n_components=2, input_selection__channel_selection__alpha=0.01, input_selection__feature_selection__threshold=0.02; total time= 1.0min
[CV] END channels_correlation_filter__corr_threshold=0.25, channels_pca__n_components=2, input_selection__channel_selection__alpha=0.01, input_selection__feature_selection__threshold=0.02; total time= 1.0min
[CV] END channels_correlation_filter__corr_threshold=0.25, channels_pca__n_components=2, input_selection__channel_selection__alpha=0.01, input_selection__feature_selection__threshold=0.02; total time= 1.0min
[CV] END channels_correlation_filter__corr_threshold=0.25, channels_pca__n_components=2, input_selection__channel_selection__alpha=0.01, input_selection__feature_selection__threshold=0.02; total time= 1.0min
[CV] END channels_correlation_filter__corr_threshold=0.25, channels_pca__n_components=2, input_selection__channel_selection__alpha=0.01, input_selection__feature_selection__threshold=0.02; total time= 1.0min
[CV] END channels_correlation_filter__corr_threshold=0.25, channels_pca__n_components=2, input_selection__channel_selection__alpha=0.01, input_selection__feature_selection__threshold=0.02; total time= 1.0min
[CV] END channels_correlation_filter__corr_threshold=0.25, channels_pca__n_components=2, input_selection__channel_selection__alpha=0.01, input_selection__feature_selection__threshold=0.03; total time=  59.5s
[CV] END channels_correlation_filter__corr_threshold=0.25, channels_pca__n_components=2, input_selection__channel_selection__alpha=0.01, input_selection__feature_selection__threshold=0.03; total time=  59.1s
[CV] END channels_correlation_filter__corr_threshold=0.25, channels_pca__n_components=2, input_selection__channel_selection__alpha=0.01, input_selection__feature_selection__threshold=0.03; total time=  60.0s
[CV] END channels_correlation_filter__corr_threshold=0.25, channels_pca__n_components=2, input_selection__channel_selection__alpha=0.01, input_selection__feature_selection__threshold=0.03; total time=  59.4s
[CV] END channels_correlation_filter__corr_threshold=0.25, channels_pca__n_components=2, input_selection__channel_selection__alpha=0.01, input_selection__feature_selection__threshold=0.03; total time=  59.3s
[CV] END channels_correlation_filter__corr_threshold=0.25, channels_pca__n_components=2, input_selection__channel_selection__alpha=0.01, input_selection__feature_selection__threshold=0.03; total time=  59.9s
[CV] END channels_correlation_filter__corr_threshold=0.25, channels_pca__n_components=2, input_selection__channel_selection__alpha=0.01, input_selection__feature_selection__threshold=0.03; total time=  59.4s
[CV] END channels_correlation_filter__corr_threshold=0.25, channels_pca__n_components=2, input_selection__channel_selection__alpha=0.01, input_selection__feature_selection__threshold=0.03; total time= 1.0min
[CV] END channels_correlation_filter__corr_threshold=0.25, channels_pca__n_components=2, input_selection__channel_selection__alpha=0.01, input_selection__feature_selection__threshold=0.03; total time=  59.8s
[CV] END channels_correlation_filter__corr_threshold=0.25, channels_pca__n_components=2, input_selection__channel_selection__alpha=0.01, input_selection__feature_selection__threshold=0.03; total time= 1.0min
[CV] END channels_correlation_filter__corr_threshold=0.25, channels_pca__n_components=2, input_selection__channel_selection__alpha=0.01, input_selection__feature_selection__threshold=0.05; total time=  58.2s
[CV] END channels_correlation_filter__corr_threshold=0.25, channels_pca__n_components=2, input_selection__channel_selection__alpha=0.01, input_selection__feature_selection__threshold=0.05; total time=  58.8s
[CV] END channels_correlation_filter__corr_threshold=0.25, channels_pca__n_components=2, input_selection__channel_selection__alpha=0.01, input_selection__feature_selection__threshold=0.05; total time=  58.7s
[CV] END channels_correlation_filter__corr_threshold=0.25, channels_pca__n_components=2, input_selection__channel_selection__alpha=0.01, input_selection__feature_selection__threshold=0.05; total time=  59.3s
[CV] END channels_correlation_filter__corr_threshold=0.25, channels_pca__n_components=2, input_selection__channel_selection__alpha=0.01, input_selection__feature_selection__threshold=0.05; total time=  59.4s
[CV] END channels_correlation_filter__corr_threshold=0.25, channels_pca__n_components=2, input_selection__channel_selection__alpha=0.01, input_selection__feature_selection__threshold=0.05; total time=  59.3s
[CV] END channels_correlation_filter__corr_threshold=0.25, channels_pca__n_components=2, input_selection__channel_selection__alpha=0.01, input_selection__feature_selection__threshold=0.05; total time=  59.0s
[CV] END channels_correlation_filter__corr_threshold=0.25, channels_pca__n_components=2, input_selection__channel_selection__alpha=0.01, input_selection__feature_selection__threshold=0.05; total time=  59.3s
[CV] END channels_correlation_filter__corr_threshold=0.25, channels_pca__n_components=2, input_selection__channel_selection__alpha=0.01, input_selection__feature_selection__threshold=0.05; total time=  59.3s
[CV] END channels_correlation_filter__corr_threshold=0.25, channels_pca__n_components=2, input_selection__channel_selection__alpha=0.01, input_selection__feature_selection__threshold=0.05; total time= 1.0min
[CV] END channels_correlation_filter__corr_threshold=0.25, channels_pca__n_components=2, input_selection__channel_selection__alpha=0.05, input_selection__feature_selection__threshold=0.01; total time= 1.0min
[CV] END channels_correlation_filter__corr_threshold=0.25, channels_pca__n_components=2, input_selection__channel_selection__alpha=0.05, input_selection__feature_selection__threshold=0.01; total time= 1.0min
[CV] END channels_correlation_filter__corr_threshold=0.25, channels_pca__n_components=2, input_selection__channel_selection__alpha=0.05, input_selection__feature_selection__threshold=0.01; total time= 1.0min
[CV] END channels_correlation_filter__corr_threshold=0.25, channels_pca__n_components=2, input_selection__channel_selection__alpha=0.05, input_selection__feature_selection__threshold=0.01; total time= 1.0min
[CV] END channels_correlation_filter__corr_threshold=0.25, channels_pca__n_components=2, input_selection__channel_selection__alpha=0.05, input_selection__feature_selection__threshold=0.01; total time= 1.0min
[CV] END channels_correlation_filter__corr_threshold=0.25, channels_pca__n_components=2, input_selection__channel_selection__alpha=0.05, input_selection__feature_selection__threshold=0.01; total time= 1.0min
[CV] END channels_correlation_filter__corr_threshold=0.25, channels_pca__n_components=2, input_selection__channel_selection__alpha=0.05, input_selection__feature_selection__threshold=0.01; total time= 1.0min
[CV] END channels_correlation_filter__corr_threshold=0.25, channels_pca__n_components=2, input_selection__channel_selection__alpha=0.05, input_selection__feature_selection__threshold=0.01; total time= 1.0min
[CV] END channels_correlation_filter__corr_threshold=0.25, channels_pca__n_components=2, input_selection__channel_selection__alpha=0.05, input_selection__feature_selection__threshold=0.01; total time= 1.0min
[CV] END channels_correlation_filter__corr_threshold=0.25, channels_pca__n_components=2, input_selection__channel_selection__alpha=0.05, input_selection__feature_selection__threshold=0.01; total time= 1.0min
[CV] END channels_correlation_filter__corr_threshold=0.25, channels_pca__n_components=2, input_selection__channel_selection__alpha=0.05, input_selection__feature_selection__threshold=0.02; total time= 1.0min
[CV] END channels_correlation_filter__corr_threshold=0.25, channels_pca__n_components=2, input_selection__channel_selection__alpha=0.05, input_selection__feature_selection__threshold=0.02; total time= 1.0min
[CV] END channels_correlation_filter__corr_threshold=0.25, channels_pca__n_components=2, input_selection__channel_selection__alpha=0.05, input_selection__feature_selection__threshold=0.02; total time= 1.0min
[CV] END channels_correlation_filter__corr_threshold=0.25, channels_pca__n_components=2, input_selection__channel_selection__alpha=0.05, input_selection__feature_selection__threshold=0.02; total time= 1.0min
[CV] END channels_correlation_filter__corr_threshold=0.25, channels_pca__n_components=2, input_selection__channel_selection__alpha=0.05, input_selection__feature_selection__threshold=0.02; total time= 1.0min
[CV] END channels_correlation_filter__corr_threshold=0.25, channels_pca__n_components=2, input_selection__channel_selection__alpha=0.05, input_selection__feature_selection__threshold=0.02; total time= 1.0min
[CV] END channels_correlation_filter__corr_threshold=0.25, channels_pca__n_components=2, input_selection__channel_selection__alpha=0.05, input_selection__feature_selection__threshold=0.02; total time= 1.0min
[CV] END channels_correlation_filter__corr_threshold=0.25, channels_pca__n_components=2, input_selection__channel_selection__alpha=0.05, input_selection__feature_selection__threshold=0.02; total time= 1.0min
[CV] END channels_correlation_filter__corr_threshold=0.25, channels_pca__n_components=2, input_selection__channel_selection__alpha=0.05, input_selection__feature_selection__threshold=0.02; total time= 1.0min
[CV] END channels_correlation_filter__corr_threshold=0.25, channels_pca__n_components=2, input_selection__channel_selection__alpha=0.05, input_selection__feature_selection__threshold=0.02; total time= 1.0min
[CV] END channels_correlation_filter__corr_threshold=0.25, channels_pca__n_components=2, input_selection__channel_selection__alpha=0.05, input_selection__feature_selection__threshold=0.03; total time= 1.0min
[CV] END channels_correlation_filter__corr_threshold=0.25, channels_pca__n_components=2, input_selection__channel_selection__alpha=0.05, input_selection__feature_selection__threshold=0.03; total time= 1.0min
[CV] END channels_correlation_filter__corr_threshold=0.25, channels_pca__n_components=2, input_selection__channel_selection__alpha=0.05, input_selection__feature_selection__threshold=0.03; total time= 1.0min
[CV] END channels_correlation_filter__corr_threshold=0.25, channels_pca__n_components=2, input_selection__channel_selection__alpha=0.05, input_selection__feature_selection__threshold=0.03; total time= 1.0min
[CV] END channels_correlation_filter__corr_threshold=0.25, channels_pca__n_components=2, input_selection__channel_selection__alpha=0.05, input_selection__feature_selection__threshold=0.03; total time= 1.0min
[CV] END channels_correlation_filter__corr_threshold=0.25, channels_pca__n_components=2, input_selection__channel_selection__alpha=0.05, input_selection__feature_selection__threshold=0.03; total time= 1.0min
[CV] END channels_correlation_filter__corr_threshold=0.25, channels_pca__n_components=2, input_selection__channel_selection__alpha=0.05, input_selection__feature_selection__threshold=0.03; total time= 1.0min
[CV] END channels_correlation_filter__corr_threshold=0.25, channels_pca__n_components=2, input_selection__channel_selection__alpha=0.05, input_selection__feature_selection__threshold=0.03; total time= 1.0min
[CV] END channels_correlation_filter__corr_threshold=0.25, channels_pca__n_components=2, input_selection__channel_selection__alpha=0.05, input_selection__feature_selection__threshold=0.03; total time= 1.0min
[CV] END channels_correlation_filter__corr_threshold=0.25, channels_pca__n_components=2, input_selection__channel_selection__alpha=0.05, input_selection__feature_selection__threshold=0.03; total time= 1.0min
[CV] END channels_correlation_filter__corr_threshold=0.25, channels_pca__n_components=2, input_selection__channel_selection__alpha=0.05, input_selection__feature_selection__threshold=0.05; total time=  59.2s
[CV] END channels_correlation_filter__corr_threshold=0.25, channels_pca__n_components=2, input_selection__channel_selection__alpha=0.05, input_selection__feature_selection__threshold=0.05; total time=  60.0s
[CV] END channels_correlation_filter__corr_threshold=0.25, channels_pca__n_components=2, input_selection__channel_selection__alpha=0.05, input_selection__feature_selection__threshold=0.05; total time=  59.6s
[CV] END channels_correlation_filter__corr_threshold=0.25, channels_pca__n_components=2, input_selection__channel_selection__alpha=0.05, input_selection__feature_selection__threshold=0.05; total time=  59.9s
[CV] END channels_correlation_filter__corr_threshold=0.25, channels_pca__n_components=2, input_selection__channel_selection__alpha=0.05, input_selection__feature_selection__threshold=0.05; total time= 1.0min
[CV] END channels_correlation_filter__corr_threshold=0.25, channels_pca__n_components=2, input_selection__channel_selection__alpha=0.05, input_selection__feature_selection__threshold=0.05; total time= 1.0min
[CV] END channels_correlation_filter__corr_threshold=0.25, channels_pca__n_components=2, input_selection__channel_selection__alpha=0.05, input_selection__feature_selection__threshold=0.05; total time=  59.8s
[CV] END channels_correlation_filter__corr_threshold=0.25, channels_pca__n_components=2, input_selection__channel_selection__alpha=0.05, input_selection__feature_selection__threshold=0.05; total time= 1.0min
[CV] END channels_correlation_filter__corr_threshold=0.25, channels_pca__n_components=2, input_selection__channel_selection__alpha=0.05, input_selection__feature_selection__threshold=0.05; total time=  59.6s
[CV] END channels_correlation_filter__corr_threshold=0.25, channels_pca__n_components=2, input_selection__channel_selection__alpha=0.05, input_selection__feature_selection__threshold=0.05; total time= 1.0min
[CV] END channels_correlation_filter__corr_threshold=0.25, channels_pca__n_components=2, input_selection__channel_selection__alpha=0.1, input_selection__feature_selection__threshold=0.01; total time= 1.0min
[CV] END channels_correlation_filter__corr_threshold=0.25, channels_pca__n_components=2, input_selection__channel_selection__alpha=0.1, input_selection__feature_selection__threshold=0.01; total time= 1.0min
[CV] END channels_correlation_filter__corr_threshold=0.25, channels_pca__n_components=2, input_selection__channel_selection__alpha=0.1, input_selection__feature_selection__threshold=0.01; total time= 1.0min
[CV] END channels_correlation_filter__corr_threshold=0.25, channels_pca__n_components=2, input_selection__channel_selection__alpha=0.1, input_selection__feature_selection__threshold=0.01; total time= 1.0min
[CV] END channels_correlation_filter__corr_threshold=0.25, channels_pca__n_components=2, input_selection__channel_selection__alpha=0.1, input_selection__feature_selection__threshold=0.01; total time= 1.0min
[CV] END channels_correlation_filter__corr_threshold=0.25, channels_pca__n_components=2, input_selection__channel_selection__alpha=0.1, input_selection__feature_selection__threshold=0.01; total time= 1.0min
[CV] END channels_correlation_filter__corr_threshold=0.25, channels_pca__n_components=2, input_selection__channel_selection__alpha=0.1, input_selection__feature_selection__threshold=0.01; total time= 1.0min
[CV] END channels_correlation_filter__corr_threshold=0.25, channels_pca__n_components=2, input_selection__channel_selection__alpha=0.1, input_selection__feature_selection__threshold=0.01; total time= 1.1min
[CV] END channels_correlation_filter__corr_threshold=0.25, channels_pca__n_components=2, input_selection__channel_selection__alpha=0.1, input_selection__feature_selection__threshold=0.01; total time= 1.0min
[CV] END channels_correlation_filter__corr_threshold=0.25, channels_pca__n_components=2, input_selection__channel_selection__alpha=0.1, input_selection__feature_selection__threshold=0.01; total time= 1.0min
[CV] END channels_correlation_filter__corr_threshold=0.25, channels_pca__n_components=2, input_selection__channel_selection__alpha=0.1, input_selection__feature_selection__threshold=0.02; total time= 1.0min
[CV] END channels_correlation_filter__corr_threshold=0.25, channels_pca__n_components=2, input_selection__channel_selection__alpha=0.1, input_selection__feature_selection__threshold=0.02; total time= 1.0min
[CV] END channels_correlation_filter__corr_threshold=0.25, channels_pca__n_components=2, input_selection__channel_selection__alpha=0.1, input_selection__feature_selection__threshold=0.02; total time= 1.0min
[CV] END channels_correlation_filter__corr_threshold=0.25, channels_pca__n_components=2, input_selection__channel_selection__alpha=0.1, input_selection__feature_selection__threshold=0.02; total time= 1.0min
[CV] END channels_correlation_filter__corr_threshold=0.25, channels_pca__n_components=2, input_selection__channel_selection__alpha=0.1, input_selection__feature_selection__threshold=0.02; total time= 1.0min
[CV] END channels_correlation_filter__corr_threshold=0.25, channels_pca__n_components=2, input_selection__channel_selection__alpha=0.1, input_selection__feature_selection__threshold=0.02; total time= 1.0min
[CV] END channels_correlation_filter__corr_threshold=0.25, channels_pca__n_components=2, input_selection__channel_selection__alpha=0.1, input_selection__feature_selection__threshold=0.02; total time= 1.0min
[CV] END channels_correlation_filter__corr_threshold=0.25, channels_pca__n_components=2, input_selection__channel_selection__alpha=0.1, input_selection__feature_selection__threshold=0.02; total time= 1.0min
[CV] END channels_correlation_filter__corr_threshold=0.25, channels_pca__n_components=2, input_selection__channel_selection__alpha=0.1, input_selection__feature_selection__threshold=0.02; total time= 1.0min
[CV] END channels_correlation_filter__corr_threshold=0.25, channels_pca__n_components=2, input_selection__channel_selection__alpha=0.1, input_selection__feature_selection__threshold=0.02; total time= 1.0min
[CV] END channels_correlation_filter__corr_threshold=0.25, channels_pca__n_components=2, input_selection__channel_selection__alpha=0.1, input_selection__feature_selection__threshold=0.03; total time= 1.0min
[CV] END channels_correlation_filter__corr_threshold=0.25, channels_pca__n_components=2, input_selection__channel_selection__alpha=0.1, input_selection__feature_selection__threshold=0.03; total time= 1.0min
[CV] END channels_correlation_filter__corr_threshold=0.25, channels_pca__n_components=2, input_selection__channel_selection__alpha=0.1, input_selection__feature_selection__threshold=0.03; total time= 1.0min
[CV] END channels_correlation_filter__corr_threshold=0.25, channels_pca__n_components=2, input_selection__channel_selection__alpha=0.1, input_selection__feature_selection__threshold=0.03; total time= 1.0min
[CV] END channels_correlation_filter__corr_threshold=0.25, channels_pca__n_components=2, input_selection__channel_selection__alpha=0.1, input_selection__feature_selection__threshold=0.03; total time= 1.0min
[CV] END channels_correlation_filter__corr_threshold=0.25, channels_pca__n_components=2, input_selection__channel_selection__alpha=0.1, input_selection__feature_selection__threshold=0.03; total time= 1.0min
[CV] END channels_correlation_filter__corr_threshold=0.25, channels_pca__n_components=2, input_selection__channel_selection__alpha=0.1, input_selection__feature_selection__threshold=0.03; total time= 1.0min
[CV] END channels_correlation_filter__corr_threshold=0.25, channels_pca__n_components=2, input_selection__channel_selection__alpha=0.1, input_selection__feature_selection__threshold=0.03; total time= 1.0min
[CV] END channels_correlation_filter__corr_threshold=0.25, channels_pca__n_components=2, input_selection__channel_selection__alpha=0.1, input_selection__feature_selection__threshold=0.03; total time= 1.0min
[CV] END channels_correlation_filter__corr_threshold=0.25, channels_pca__n_components=2, input_selection__channel_selection__alpha=0.1, input_selection__feature_selection__threshold=0.03; total time= 1.0min
[CV] END channels_correlation_filter__corr_threshold=0.25, channels_pca__n_components=2, input_selection__channel_selection__alpha=0.1, input_selection__feature_selection__threshold=0.05; total time=  59.4s
[CV] END channels_correlation_filter__corr_threshold=0.25, channels_pca__n_components=2, input_selection__channel_selection__alpha=0.1, input_selection__feature_selection__threshold=0.05; total time= 1.0min
[CV] END channels_correlation_filter__corr_threshold=0.25, channels_pca__n_components=2, input_selection__channel_selection__alpha=0.1, input_selection__feature_selection__threshold=0.05; total time=  59.7s
[CV] END channels_correlation_filter__corr_threshold=0.25, channels_pca__n_components=2, input_selection__channel_selection__alpha=0.1, input_selection__feature_selection__threshold=0.05; total time= 1.0min
[CV] END channels_correlation_filter__corr_threshold=0.25, channels_pca__n_components=2, input_selection__channel_selection__alpha=0.1, input_selection__feature_selection__threshold=0.05; total time= 1.0min
[CV] END channels_correlation_filter__corr_threshold=0.25, channels_pca__n_components=2, input_selection__channel_selection__alpha=0.1, input_selection__feature_selection__threshold=0.05; total time= 1.0min
[CV] END channels_correlation_filter__corr_threshold=0.25, channels_pca__n_components=2, input_selection__channel_selection__alpha=0.1, input_selection__feature_selection__threshold=0.05; total time= 1.0min
[CV] END channels_correlation_filter__corr_threshold=0.25, channels_pca__n_components=2, input_selection__channel_selection__alpha=0.1, input_selection__feature_selection__threshold=0.05; total time= 1.0min
[CV] END channels_correlation_filter__corr_threshold=0.25, channels_pca__n_components=2, input_selection__channel_selection__alpha=0.1, input_selection__feature_selection__threshold=0.05; total time= 1.0min
[CV] END channels_correlation_filter__corr_threshold=0.25, channels_pca__n_components=2, input_selection__channel_selection__alpha=0.1, input_selection__feature_selection__threshold=0.05; total time= 1.0min
[CV] END channels_correlation_filter__corr_threshold=0.25, channels_pca__n_components=3, input_selection__channel_selection__alpha=0.01, input_selection__feature_selection__threshold=0.01; total time= 1.0min
[CV] END channels_correlation_filter__corr_threshold=0.25, channels_pca__n_components=3, input_selection__channel_selection__alpha=0.01, input_selection__feature_selection__threshold=0.01; total time= 1.0min
[CV] END channels_correlation_filter__corr_threshold=0.25, channels_pca__n_components=3, input_selection__channel_selection__alpha=0.01, input_selection__feature_selection__threshold=0.01; total time=  60.0s
[CV] END channels_correlation_filter__corr_threshold=0.25, channels_pca__n_components=3, input_selection__channel_selection__alpha=0.01, input_selection__feature_selection__threshold=0.01; total time= 1.0min
[CV] END channels_correlation_filter__corr_threshold=0.25, channels_pca__n_components=3, input_selection__channel_selection__alpha=0.01, input_selection__feature_selection__threshold=0.01; total time=  60.0s
[CV] END channels_correlation_filter__corr_threshold=0.25, channels_pca__n_components=3, input_selection__channel_selection__alpha=0.01, input_selection__feature_selection__threshold=0.01; total time= 1.0min
[CV] END channels_correlation_filter__corr_threshold=0.25, channels_pca__n_components=3, input_selection__channel_selection__alpha=0.01, input_selection__feature_selection__threshold=0.01; total time= 1.0min
[CV] END channels_correlation_filter__corr_threshold=0.25, channels_pca__n_components=3, input_selection__channel_selection__alpha=0.01, input_selection__feature_selection__threshold=0.01; total time= 1.0min
[CV] END channels_correlation_filter__corr_threshold=0.25, channels_pca__n_components=3, input_selection__channel_selection__alpha=0.01, input_selection__feature_selection__threshold=0.01; total time= 1.0min
[CV] END channels_correlation_filter__corr_threshold=0.25, channels_pca__n_components=3, input_selection__channel_selection__alpha=0.01, input_selection__feature_selection__threshold=0.01; total time= 1.0min
[CV] END channels_correlation_filter__corr_threshold=0.25, channels_pca__n_components=3, input_selection__channel_selection__alpha=0.01, input_selection__feature_selection__threshold=0.02; total time= 1.0min
[CV] END channels_correlation_filter__corr_threshold=0.25, channels_pca__n_components=3, input_selection__channel_selection__alpha=0.01, input_selection__feature_selection__threshold=0.02; total time=  59.4s
[CV] END channels_correlation_filter__corr_threshold=0.25, channels_pca__n_components=3, input_selection__channel_selection__alpha=0.01, input_selection__feature_selection__threshold=0.02; total time= 1.0min
[CV] END channels_correlation_filter__corr_threshold=0.25, channels_pca__n_components=3, input_selection__channel_selection__alpha=0.01, input_selection__feature_selection__threshold=0.02; total time= 1.0min
[CV] END channels_correlation_filter__corr_threshold=0.25, channels_pca__n_components=3, input_selection__channel_selection__alpha=0.01, input_selection__feature_selection__threshold=0.02; total time= 1.0min
[CV] END channels_correlation_filter__corr_threshold=0.25, channels_pca__n_components=3, input_selection__channel_selection__alpha=0.01, input_selection__feature_selection__threshold=0.02; total time= 1.0min
[CV] END channels_correlation_filter__corr_threshold=0.25, channels_pca__n_components=3, input_selection__channel_selection__alpha=0.01, input_selection__feature_selection__threshold=0.02; total time= 1.0min
[CV] END channels_correlation_filter__corr_threshold=0.25, channels_pca__n_components=3, input_selection__channel_selection__alpha=0.01, input_selection__feature_selection__threshold=0.02; total time= 1.0min
[CV] END channels_correlation_filter__corr_threshold=0.25, channels_pca__n_components=3, input_selection__channel_selection__alpha=0.01, input_selection__feature_selection__threshold=0.02; total time= 1.0min
[CV] END channels_correlation_filter__corr_threshold=0.25, channels_pca__n_components=3, input_selection__channel_selection__alpha=0.01, input_selection__feature_selection__threshold=0.02; total time= 1.0min
[CV] END channels_correlation_filter__corr_threshold=0.25, channels_pca__n_components=3, input_selection__channel_selection__alpha=0.01, input_selection__feature_selection__threshold=0.03; total time= 1.0min
[CV] END channels_correlation_filter__corr_threshold=0.25, channels_pca__n_components=3, input_selection__channel_selection__alpha=0.01, input_selection__feature_selection__threshold=0.03; total time=  59.1s
[CV] END channels_correlation_filter__corr_threshold=0.25, channels_pca__n_components=3, input_selection__channel_selection__alpha=0.01, input_selection__feature_selection__threshold=0.03; total time= 1.0min
[CV] END channels_correlation_filter__corr_threshold=0.25, channels_pca__n_components=3, input_selection__channel_selection__alpha=0.01, input_selection__feature_selection__threshold=0.03; total time=  59.8s
[CV] END channels_correlation_filter__corr_threshold=0.25, channels_pca__n_components=3, input_selection__channel_selection__alpha=0.01, input_selection__feature_selection__threshold=0.03; total time=  59.4s
[CV] END channels_correlation_filter__corr_threshold=0.25, channels_pca__n_components=3, input_selection__channel_selection__alpha=0.01, input_selection__feature_selection__threshold=0.03; total time=  59.9s
[CV] END channels_correlation_filter__corr_threshold=0.25, channels_pca__n_components=3, input_selection__channel_selection__alpha=0.01, input_selection__feature_selection__threshold=0.03; total time=  59.8s
[CV] END channels_correlation_filter__corr_threshold=0.25, channels_pca__n_components=3, input_selection__channel_selection__alpha=0.01, input_selection__feature_selection__threshold=0.03; total time= 1.0min
[CV] END channels_correlation_filter__corr_threshold=0.25, channels_pca__n_components=3, input_selection__channel_selection__alpha=0.01, input_selection__feature_selection__threshold=0.03; total time= 1.0min
[CV] END channels_correlation_filter__corr_threshold=0.25, channels_pca__n_components=3, input_selection__channel_selection__alpha=0.01, input_selection__feature_selection__threshold=0.03; total time= 1.0min
[CV] END channels_correlation_filter__corr_threshold=0.25, channels_pca__n_components=3, input_selection__channel_selection__alpha=0.01, input_selection__feature_selection__threshold=0.05; total time=  58.6s
[CV] END channels_correlation_filter__corr_threshold=0.25, channels_pca__n_components=3, input_selection__channel_selection__alpha=0.01, input_selection__feature_selection__threshold=0.05; total time=  58.5s
[CV] END channels_correlation_filter__corr_threshold=0.25, channels_pca__n_components=3, input_selection__channel_selection__alpha=0.01, input_selection__feature_selection__threshold=0.05; total time=  58.6s
[CV] END channels_correlation_filter__corr_threshold=0.25, channels_pca__n_components=3, input_selection__channel_selection__alpha=0.01, input_selection__feature_selection__threshold=0.05; total time=  59.6s
[CV] END channels_correlation_filter__corr_threshold=0.25, channels_pca__n_components=3, input_selection__channel_selection__alpha=0.01, input_selection__feature_selection__threshold=0.05; total time=  59.1s
[CV] END channels_correlation_filter__corr_threshold=0.25, channels_pca__n_components=3, input_selection__channel_selection__alpha=0.01, input_selection__feature_selection__threshold=0.05; total time=  59.8s
[CV] END channels_correlation_filter__corr_threshold=0.25, channels_pca__n_components=3, input_selection__channel_selection__alpha=0.01, input_selection__feature_selection__threshold=0.05; total time=  59.3s
[CV] END channels_correlation_filter__corr_threshold=0.25, channels_pca__n_components=3, input_selection__channel_selection__alpha=0.01, input_selection__feature_selection__threshold=0.05; total time=  59.6s
[CV] END channels_correlation_filter__corr_threshold=0.25, channels_pca__n_components=3, input_selection__channel_selection__alpha=0.01, input_selection__feature_selection__threshold=0.05; total time=  59.5s
[CV] END channels_correlation_filter__corr_threshold=0.25, channels_pca__n_components=3, input_selection__channel_selection__alpha=0.01, input_selection__feature_selection__threshold=0.05; total time= 1.0min
[CV] END channels_correlation_filter__corr_threshold=0.25, channels_pca__n_components=3, input_selection__channel_selection__alpha=0.05, input_selection__feature_selection__threshold=0.01; total time= 1.0min
[CV] END channels_correlation_filter__corr_threshold=0.25, channels_pca__n_components=3, input_selection__channel_selection__alpha=0.05, input_selection__feature_selection__threshold=0.01; total time= 1.0min
[CV] END channels_correlation_filter__corr_threshold=0.25, channels_pca__n_components=3, input_selection__channel_selection__alpha=0.05, input_selection__feature_selection__threshold=0.01; total time= 1.0min
[CV] END channels_correlation_filter__corr_threshold=0.25, channels_pca__n_components=3, input_selection__channel_selection__alpha=0.05, input_selection__feature_selection__threshold=0.01; total time= 1.0min
[CV] END channels_correlation_filter__corr_threshold=0.25, channels_pca__n_components=3, input_selection__channel_selection__alpha=0.05, input_selection__feature_selection__threshold=0.01; total time= 1.0min
[CV] END channels_correlation_filter__corr_threshold=0.25, channels_pca__n_components=3, input_selection__channel_selection__alpha=0.05, input_selection__feature_selection__threshold=0.01; total time= 1.0min
[CV] END channels_correlation_filter__corr_threshold=0.25, channels_pca__n_components=3, input_selection__channel_selection__alpha=0.05, input_selection__feature_selection__threshold=0.01; total time= 1.0min
[CV] END channels_correlation_filter__corr_threshold=0.25, channels_pca__n_components=3, input_selection__channel_selection__alpha=0.05, input_selection__feature_selection__threshold=0.01; total time= 1.0min
[CV] END channels_correlation_filter__corr_threshold=0.25, channels_pca__n_components=3, input_selection__channel_selection__alpha=0.05, input_selection__feature_selection__threshold=0.01; total time= 1.0min
[CV] END channels_correlation_filter__corr_threshold=0.25, channels_pca__n_components=3, input_selection__channel_selection__alpha=0.05, input_selection__feature_selection__threshold=0.01; total time= 1.0min
[CV] END channels_correlation_filter__corr_threshold=0.25, channels_pca__n_components=3, input_selection__channel_selection__alpha=0.05, input_selection__feature_selection__threshold=0.02; total time= 1.0min
[CV] END channels_correlation_filter__corr_threshold=0.25, channels_pca__n_components=3, input_selection__channel_selection__alpha=0.05, input_selection__feature_selection__threshold=0.02; total time= 1.0min
[CV] END channels_correlation_filter__corr_threshold=0.25, channels_pca__n_components=3, input_selection__channel_selection__alpha=0.05, input_selection__feature_selection__threshold=0.02; total time= 1.0min
[CV] END channels_correlation_filter__corr_threshold=0.25, channels_pca__n_components=3, input_selection__channel_selection__alpha=0.05, input_selection__feature_selection__threshold=0.02; total time= 1.0min
[CV] END channels_correlation_filter__corr_threshold=0.25, channels_pca__n_components=3, input_selection__channel_selection__alpha=0.05, input_selection__feature_selection__threshold=0.02; total time= 1.0min
[CV] END channels_correlation_filter__corr_threshold=0.25, channels_pca__n_components=3, input_selection__channel_selection__alpha=0.05, input_selection__feature_selection__threshold=0.02; total time= 1.0min
[CV] END channels_correlation_filter__corr_threshold=0.25, channels_pca__n_components=3, input_selection__channel_selection__alpha=0.05, input_selection__feature_selection__threshold=0.02; total time= 1.0min
[CV] END channels_correlation_filter__corr_threshold=0.25, channels_pca__n_components=3, input_selection__channel_selection__alpha=0.05, input_selection__feature_selection__threshold=0.02; total time= 1.0min
[CV] END channels_correlation_filter__corr_threshold=0.25, channels_pca__n_components=3, input_selection__channel_selection__alpha=0.05, input_selection__feature_selection__threshold=0.02; total time= 1.0min
[CV] END channels_correlation_filter__corr_threshold=0.25, channels_pca__n_components=3, input_selection__channel_selection__alpha=0.05, input_selection__feature_selection__threshold=0.02; total time= 1.0min
[CV] END channels_correlation_filter__corr_threshold=0.25, channels_pca__n_components=3, input_selection__channel_selection__alpha=0.05, input_selection__feature_selection__threshold=0.03; total time= 1.0min
[CV] END channels_correlation_filter__corr_threshold=0.25, channels_pca__n_components=3, input_selection__channel_selection__alpha=0.05, input_selection__feature_selection__threshold=0.03; total time= 1.0min
[CV] END channels_correlation_filter__corr_threshold=0.25, channels_pca__n_components=3, input_selection__channel_selection__alpha=0.05, input_selection__feature_selection__threshold=0.03; total time= 1.0min
[CV] END channels_correlation_filter__corr_threshold=0.25, channels_pca__n_components=3, input_selection__channel_selection__alpha=0.05, input_selection__feature_selection__threshold=0.03; total time= 1.0min
[CV] END channels_correlation_filter__corr_threshold=0.25, channels_pca__n_components=3, input_selection__channel_selection__alpha=0.05, input_selection__feature_selection__threshold=0.03; total time=  59.5s
[CV] END channels_correlation_filter__corr_threshold=0.25, channels_pca__n_components=3, input_selection__channel_selection__alpha=0.05, input_selection__feature_selection__threshold=0.03; total time= 1.0min
[CV] END channels_correlation_filter__corr_threshold=0.25, channels_pca__n_components=3, input_selection__channel_selection__alpha=0.05, input_selection__feature_selection__threshold=0.03; total time= 1.0min
[CV] END channels_correlation_filter__corr_threshold=0.25, channels_pca__n_components=3, input_selection__channel_selection__alpha=0.05, input_selection__feature_selection__threshold=0.03; total time= 1.0min
[CV] END channels_correlation_filter__corr_threshold=0.25, channels_pca__n_components=3, input_selection__channel_selection__alpha=0.05, input_selection__feature_selection__threshold=0.03; total time= 1.0min
[CV] END channels_correlation_filter__corr_threshold=0.25, channels_pca__n_components=3, input_selection__channel_selection__alpha=0.05, input_selection__feature_selection__threshold=0.03; total time= 1.0min
[CV] END channels_correlation_filter__corr_threshold=0.25, channels_pca__n_components=3, input_selection__channel_selection__alpha=0.05, input_selection__feature_selection__threshold=0.05; total time=  59.0s
[CV] END channels_correlation_filter__corr_threshold=0.25, channels_pca__n_components=3, input_selection__channel_selection__alpha=0.05, input_selection__feature_selection__threshold=0.05; total time=  59.8s
[CV] END channels_correlation_filter__corr_threshold=0.25, channels_pca__n_components=3, input_selection__channel_selection__alpha=0.05, input_selection__feature_selection__threshold=0.05; total time=  59.5s
[CV] END channels_correlation_filter__corr_threshold=0.25, channels_pca__n_components=3, input_selection__channel_selection__alpha=0.05, input_selection__feature_selection__threshold=0.05; total time= 1.0min
[CV] END channels_correlation_filter__corr_threshold=0.25, channels_pca__n_components=3, input_selection__channel_selection__alpha=0.05, input_selection__feature_selection__threshold=0.05; total time= 1.0min
[CV] END channels_correlation_filter__corr_threshold=0.25, channels_pca__n_components=3, input_selection__channel_selection__alpha=0.05, input_selection__feature_selection__threshold=0.05; total time= 1.0min
[CV] END channels_correlation_filter__corr_threshold=0.25, channels_pca__n_components=3, input_selection__channel_selection__alpha=0.05, input_selection__feature_selection__threshold=0.05; total time=  59.9s
[CV] END channels_correlation_filter__corr_threshold=0.25, channels_pca__n_components=3, input_selection__channel_selection__alpha=0.05, input_selection__feature_selection__threshold=0.05; total time= 1.0min
[CV] END channels_correlation_filter__corr_threshold=0.25, channels_pca__n_components=3, input_selection__channel_selection__alpha=0.05, input_selection__feature_selection__threshold=0.05; total time= 1.0min
[CV] END channels_correlation_filter__corr_threshold=0.25, channels_pca__n_components=3, input_selection__channel_selection__alpha=0.05, input_selection__feature_selection__threshold=0.05; total time= 1.0min
[CV] END channels_correlation_filter__corr_threshold=0.25, channels_pca__n_components=3, input_selection__channel_selection__alpha=0.1, input_selection__feature_selection__threshold=0.01; total time= 1.0min
[CV] END channels_correlation_filter__corr_threshold=0.25, channels_pca__n_components=3, input_selection__channel_selection__alpha=0.1, input_selection__feature_selection__threshold=0.01; total time= 1.0min
[CV] END channels_correlation_filter__corr_threshold=0.25, channels_pca__n_components=3, input_selection__channel_selection__alpha=0.1, input_selection__feature_selection__threshold=0.01; total time= 1.0min
[CV] END channels_correlation_filter__corr_threshold=0.25, channels_pca__n_components=3, input_selection__channel_selection__alpha=0.1, input_selection__feature_selection__threshold=0.01; total time= 1.0min
[CV] END channels_correlation_filter__corr_threshold=0.25, channels_pca__n_components=3, input_selection__channel_selection__alpha=0.1, input_selection__feature_selection__threshold=0.01; total time= 1.0min
[CV] END channels_correlation_filter__corr_threshold=0.25, channels_pca__n_components=3, input_selection__channel_selection__alpha=0.1, input_selection__feature_selection__threshold=0.01; total time= 1.0min
[CV] END channels_correlation_filter__corr_threshold=0.25, channels_pca__n_components=3, input_selection__channel_selection__alpha=0.1, input_selection__feature_selection__threshold=0.01; total time= 1.0min
[CV] END channels_correlation_filter__corr_threshold=0.25, channels_pca__n_components=3, input_selection__channel_selection__alpha=0.1, input_selection__feature_selection__threshold=0.01; total time= 1.1min
[CV] END channels_correlation_filter__corr_threshold=0.25, channels_pca__n_components=3, input_selection__channel_selection__alpha=0.1, input_selection__feature_selection__threshold=0.01; total time= 1.0min
[CV] END channels_correlation_filter__corr_threshold=0.25, channels_pca__n_components=3, input_selection__channel_selection__alpha=0.1, input_selection__feature_selection__threshold=0.01; total time= 1.0min
[CV] END channels_correlation_filter__corr_threshold=0.25, channels_pca__n_components=3, input_selection__channel_selection__alpha=0.1, input_selection__feature_selection__threshold=0.02; total time= 1.0min
[CV] END channels_correlation_filter__corr_threshold=0.25, channels_pca__n_components=3, input_selection__channel_selection__alpha=0.1, input_selection__feature_selection__threshold=0.02; total time= 1.0min
[CV] END channels_correlation_filter__corr_threshold=0.25, channels_pca__n_components=3, input_selection__channel_selection__alpha=0.1, input_selection__feature_selection__threshold=0.02; total time= 1.0min
[CV] END channels_correlation_filter__corr_threshold=0.25, channels_pca__n_components=3, input_selection__channel_selection__alpha=0.1, input_selection__feature_selection__threshold=0.02; total time= 1.0min
[CV] END channels_correlation_filter__corr_threshold=0.25, channels_pca__n_components=3, input_selection__channel_selection__alpha=0.1, input_selection__feature_selection__threshold=0.02; total time= 1.0min
[CV] END channels_correlation_filter__corr_threshold=0.25, channels_pca__n_components=3, input_selection__channel_selection__alpha=0.1, input_selection__feature_selection__threshold=0.02; total time= 1.0min
[CV] END channels_correlation_filter__corr_threshold=0.25, channels_pca__n_components=3, input_selection__channel_selection__alpha=0.1, input_selection__feature_selection__threshold=0.02; total time= 1.0min
[CV] END channels_correlation_filter__corr_threshold=0.25, channels_pca__n_components=3, input_selection__channel_selection__alpha=0.1, input_selection__feature_selection__threshold=0.02; total time= 1.0min
[CV] END channels_correlation_filter__corr_threshold=0.25, channels_pca__n_components=3, input_selection__channel_selection__alpha=0.1, input_selection__feature_selection__threshold=0.02; total time= 1.0min
[CV] END channels_correlation_filter__corr_threshold=0.25, channels_pca__n_components=3, input_selection__channel_selection__alpha=0.1, input_selection__feature_selection__threshold=0.02; total time= 1.0min
[CV] END channels_correlation_filter__corr_threshold=0.25, channels_pca__n_components=3, input_selection__channel_selection__alpha=0.1, input_selection__feature_selection__threshold=0.03; total time= 1.0min
[CV] END channels_correlation_filter__corr_threshold=0.25, channels_pca__n_components=3, input_selection__channel_selection__alpha=0.1, input_selection__feature_selection__threshold=0.03; total time= 1.0min
[CV] END channels_correlation_filter__corr_threshold=0.25, channels_pca__n_components=3, input_selection__channel_selection__alpha=0.1, input_selection__feature_selection__threshold=0.03; total time= 1.0min
[CV] END channels_correlation_filter__corr_threshold=0.25, channels_pca__n_components=3, input_selection__channel_selection__alpha=0.1, input_selection__feature_selection__threshold=0.03; total time= 1.0min
[CV] END channels_correlation_filter__corr_threshold=0.25, channels_pca__n_components=3, input_selection__channel_selection__alpha=0.1, input_selection__feature_selection__threshold=0.03; total time= 1.0min
[CV] END channels_correlation_filter__corr_threshold=0.25, channels_pca__n_components=3, input_selection__channel_selection__alpha=0.1, input_selection__feature_selection__threshold=0.03; total time= 1.0min
[CV] END channels_correlation_filter__corr_threshold=0.25, channels_pca__n_components=3, input_selection__channel_selection__alpha=0.1, input_selection__feature_selection__threshold=0.03; total time= 1.0min
[CV] END channels_correlation_filter__corr_threshold=0.25, channels_pca__n_components=3, input_selection__channel_selection__alpha=0.1, input_selection__feature_selection__threshold=0.03; total time= 1.0min
[CV] END channels_correlation_filter__corr_threshold=0.25, channels_pca__n_components=3, input_selection__channel_selection__alpha=0.1, input_selection__feature_selection__threshold=0.03; total time= 1.0min
[CV] END channels_correlation_filter__corr_threshold=0.25, channels_pca__n_components=3, input_selection__channel_selection__alpha=0.1, input_selection__feature_selection__threshold=0.03; total time= 1.0min
[CV] END channels_correlation_filter__corr_threshold=0.25, channels_pca__n_components=3, input_selection__channel_selection__alpha=0.1, input_selection__feature_selection__threshold=0.05; total time=  59.4s
[CV] END channels_correlation_filter__corr_threshold=0.25, channels_pca__n_components=3, input_selection__channel_selection__alpha=0.1, input_selection__feature_selection__threshold=0.05; total time= 1.0min
[CV] END channels_correlation_filter__corr_threshold=0.25, channels_pca__n_components=3, input_selection__channel_selection__alpha=0.1, input_selection__feature_selection__threshold=0.05; total time= 1.0min
[CV] END channels_correlation_filter__corr_threshold=0.25, channels_pca__n_components=3, input_selection__channel_selection__alpha=0.1, input_selection__feature_selection__threshold=0.05; total time= 1.0min
[CV] END channels_correlation_filter__corr_threshold=0.25, channels_pca__n_components=3, input_selection__channel_selection__alpha=0.1, input_selection__feature_selection__threshold=0.05; total time= 1.0min
[CV] END channels_correlation_filter__corr_threshold=0.25, channels_pca__n_components=3, input_selection__channel_selection__alpha=0.1, input_selection__feature_selection__threshold=0.05; total time= 1.0min
[CV] END channels_correlation_filter__corr_threshold=0.25, channels_pca__n_components=3, input_selection__channel_selection__alpha=0.1, input_selection__feature_selection__threshold=0.05; total time= 1.0min
[CV] END channels_correlation_filter__corr_threshold=0.25, channels_pca__n_components=3, input_selection__channel_selection__alpha=0.1, input_selection__feature_selection__threshold=0.05; total time= 1.0min
[CV] END channels_correlation_filter__corr_threshold=0.25, channels_pca__n_components=3, input_selection__channel_selection__alpha=0.1, input_selection__feature_selection__threshold=0.05; total time= 1.0min
[CV] END channels_correlation_filter__corr_threshold=0.25, channels_pca__n_components=3, input_selection__channel_selection__alpha=0.1, input_selection__feature_selection__threshold=0.05; total time= 1.0min
[CV] END channels_correlation_filter__corr_threshold=0.25, channels_pca__n_components=5, input_selection__channel_selection__alpha=0.01, input_selection__feature_selection__threshold=0.01; total time= 1.0min
[CV] END channels_correlation_filter__corr_threshold=0.25, channels_pca__n_components=5, input_selection__channel_selection__alpha=0.01, input_selection__feature_selection__threshold=0.01; total time= 1.0min
[CV] END channels_correlation_filter__corr_threshold=0.25, channels_pca__n_components=5, input_selection__channel_selection__alpha=0.01, input_selection__feature_selection__threshold=0.01; total time= 1.0min
[CV] END channels_correlation_filter__corr_threshold=0.25, channels_pca__n_components=5, input_selection__channel_selection__alpha=0.01, input_selection__feature_selection__threshold=0.01; total time= 1.0min
[CV] END channels_correlation_filter__corr_threshold=0.25, channels_pca__n_components=5, input_selection__channel_selection__alpha=0.01, input_selection__feature_selection__threshold=0.01; total time= 1.0min
[CV] END channels_correlation_filter__corr_threshold=0.25, channels_pca__n_components=5, input_selection__channel_selection__alpha=0.01, input_selection__feature_selection__threshold=0.01; total time= 1.0min
[CV] END channels_correlation_filter__corr_threshold=0.25, channels_pca__n_components=5, input_selection__channel_selection__alpha=0.01, input_selection__feature_selection__threshold=0.01; total time= 1.0min
[CV] END channels_correlation_filter__corr_threshold=0.25, channels_pca__n_components=5, input_selection__channel_selection__alpha=0.01, input_selection__feature_selection__threshold=0.01; total time= 1.0min
[CV] END channels_correlation_filter__corr_threshold=0.25, channels_pca__n_components=5, input_selection__channel_selection__alpha=0.01, input_selection__feature_selection__threshold=0.01; total time= 1.0min
[CV] END channels_correlation_filter__corr_threshold=0.25, channels_pca__n_components=5, input_selection__channel_selection__alpha=0.01, input_selection__feature_selection__threshold=0.01; total time= 1.0min
[CV] END channels_correlation_filter__corr_threshold=0.25, channels_pca__n_components=5, input_selection__channel_selection__alpha=0.01, input_selection__feature_selection__threshold=0.02; total time= 1.0min
[CV] END channels_correlation_filter__corr_threshold=0.25, channels_pca__n_components=5, input_selection__channel_selection__alpha=0.01, input_selection__feature_selection__threshold=0.02; total time=  59.5s
[CV] END channels_correlation_filter__corr_threshold=0.25, channels_pca__n_components=5, input_selection__channel_selection__alpha=0.01, input_selection__feature_selection__threshold=0.02; total time= 1.0min
[CV] END channels_correlation_filter__corr_threshold=0.25, channels_pca__n_components=5, input_selection__channel_selection__alpha=0.01, input_selection__feature_selection__threshold=0.02; total time= 1.0min
[CV] END channels_correlation_filter__corr_threshold=0.25, channels_pca__n_components=5, input_selection__channel_selection__alpha=0.01, input_selection__feature_selection__threshold=0.02; total time= 1.0min
[CV] END channels_correlation_filter__corr_threshold=0.25, channels_pca__n_components=5, input_selection__channel_selection__alpha=0.01, input_selection__feature_selection__threshold=0.02; total time= 1.0min
[CV] END channels_correlation_filter__corr_threshold=0.25, channels_pca__n_components=5, input_selection__channel_selection__alpha=0.01, input_selection__feature_selection__threshold=0.02; total time= 1.0min
[CV] END channels_correlation_filter__corr_threshold=0.25, channels_pca__n_components=5, input_selection__channel_selection__alpha=0.01, input_selection__feature_selection__threshold=0.02; total time= 1.0min
[CV] END channels_correlation_filter__corr_threshold=0.25, channels_pca__n_components=5, input_selection__channel_selection__alpha=0.01, input_selection__feature_selection__threshold=0.02; total time= 1.0min
[CV] END channels_correlation_filter__corr_threshold=0.25, channels_pca__n_components=5, input_selection__channel_selection__alpha=0.01, input_selection__feature_selection__threshold=0.02; total time= 1.0min
[CV] END channels_correlation_filter__corr_threshold=0.25, channels_pca__n_components=5, input_selection__channel_selection__alpha=0.01, input_selection__feature_selection__threshold=0.03; total time= 1.0min
[CV] END channels_correlation_filter__corr_threshold=0.25, channels_pca__n_components=5, input_selection__channel_selection__alpha=0.01, input_selection__feature_selection__threshold=0.03; total time=  59.8s
[CV] END channels_correlation_filter__corr_threshold=0.25, channels_pca__n_components=5, input_selection__channel_selection__alpha=0.01, input_selection__feature_selection__threshold=0.03; total time= 1.0min
[CV] END channels_correlation_filter__corr_threshold=0.25, channels_pca__n_components=5, input_selection__channel_selection__alpha=0.01, input_selection__feature_selection__threshold=0.03; total time= 1.0min
[CV] END channels_correlation_filter__corr_threshold=0.25, channels_pca__n_components=5, input_selection__channel_selection__alpha=0.01, input_selection__feature_selection__threshold=0.03; total time= 1.0min
[CV] END channels_correlation_filter__corr_threshold=0.25, channels_pca__n_components=5, input_selection__channel_selection__alpha=0.01, input_selection__feature_selection__threshold=0.03; total time= 1.0min
[CV] END channels_correlation_filter__corr_threshold=0.25, channels_pca__n_components=5, input_selection__channel_selection__alpha=0.01, input_selection__feature_selection__threshold=0.03; total time= 1.0min
[CV] END channels_correlation_filter__corr_threshold=0.25, channels_pca__n_components=5, input_selection__channel_selection__alpha=0.01, input_selection__feature_selection__threshold=0.03; total time= 1.0min
[CV] END channels_correlation_filter__corr_threshold=0.25, channels_pca__n_components=5, input_selection__channel_selection__alpha=0.01, input_selection__feature_selection__threshold=0.03; total time= 1.0min
[CV] END channels_correlation_filter__corr_threshold=0.25, channels_pca__n_components=5, input_selection__channel_selection__alpha=0.01, input_selection__feature_selection__threshold=0.03; total time= 1.0min
[CV] END channels_correlation_filter__corr_threshold=0.25, channels_pca__n_components=5, input_selection__channel_selection__alpha=0.01, input_selection__feature_selection__threshold=0.05; total time=  58.9s
[CV] END channels_correlation_filter__corr_threshold=0.25, channels_pca__n_components=5, input_selection__channel_selection__alpha=0.01, input_selection__feature_selection__threshold=0.05; total time=  59.3s
[CV] END channels_correlation_filter__corr_threshold=0.25, channels_pca__n_components=5, input_selection__channel_selection__alpha=0.01, input_selection__feature_selection__threshold=0.05; total time=  58.9s
[CV] END channels_correlation_filter__corr_threshold=0.25, channels_pca__n_components=5, input_selection__channel_selection__alpha=0.01, input_selection__feature_selection__threshold=0.05; total time=  59.5s
[CV] END channels_correlation_filter__corr_threshold=0.25, channels_pca__n_components=5, input_selection__channel_selection__alpha=0.01, input_selection__feature_selection__threshold=0.05; total time=  59.8s
[CV] END channels_correlation_filter__corr_threshold=0.25, channels_pca__n_components=5, input_selection__channel_selection__alpha=0.01, input_selection__feature_selection__threshold=0.05; total time= 1.0min
[CV] END channels_correlation_filter__corr_threshold=0.25, channels_pca__n_components=5, input_selection__channel_selection__alpha=0.01, input_selection__feature_selection__threshold=0.05; total time=  59.6s
[CV] END channels_correlation_filter__corr_threshold=0.25, channels_pca__n_components=5, input_selection__channel_selection__alpha=0.01, input_selection__feature_selection__threshold=0.05; total time=  59.8s
[CV] END channels_correlation_filter__corr_threshold=0.25, channels_pca__n_components=5, input_selection__channel_selection__alpha=0.01, input_selection__feature_selection__threshold=0.05; total time=  59.7s
[CV] END channels_correlation_filter__corr_threshold=0.25, channels_pca__n_components=5, input_selection__channel_selection__alpha=0.01, input_selection__feature_selection__threshold=0.05; total time= 1.0min
[CV] END channels_correlation_filter__corr_threshold=0.25, channels_pca__n_components=5, input_selection__channel_selection__alpha=0.05, input_selection__feature_selection__threshold=0.01; total time= 1.0min
[CV] END channels_correlation_filter__corr_threshold=0.25, channels_pca__n_components=5, input_selection__channel_selection__alpha=0.05, input_selection__feature_selection__threshold=0.01; total time= 1.0min
[CV] END channels_correlation_filter__corr_threshold=0.25, channels_pca__n_components=5, input_selection__channel_selection__alpha=0.05, input_selection__feature_selection__threshold=0.01; total time= 1.0min
[CV] END channels_correlation_filter__corr_threshold=0.25, channels_pca__n_components=5, input_selection__channel_selection__alpha=0.05, input_selection__feature_selection__threshold=0.01; total time= 1.0min
[CV] END channels_correlation_filter__corr_threshold=0.25, channels_pca__n_components=5, input_selection__channel_selection__alpha=0.05, input_selection__feature_selection__threshold=0.01; total time= 1.0min
[CV] END channels_correlation_filter__corr_threshold=0.25, channels_pca__n_components=5, input_selection__channel_selection__alpha=0.05, input_selection__feature_selection__threshold=0.01; total time= 1.0min
[CV] END channels_correlation_filter__corr_threshold=0.25, channels_pca__n_components=5, input_selection__channel_selection__alpha=0.05, input_selection__feature_selection__threshold=0.01; total time= 1.0min
[CV] END channels_correlation_filter__corr_threshold=0.25, channels_pca__n_components=5, input_selection__channel_selection__alpha=0.05, input_selection__feature_selection__threshold=0.01; total time= 1.0min
[CV] END channels_correlation_filter__corr_threshold=0.25, channels_pca__n_components=5, input_selection__channel_selection__alpha=0.05, input_selection__feature_selection__threshold=0.01; total time= 1.0min
[CV] END channels_correlation_filter__corr_threshold=0.25, channels_pca__n_components=5, input_selection__channel_selection__alpha=0.05, input_selection__feature_selection__threshold=0.01; total time= 1.0min
[CV] END channels_correlation_filter__corr_threshold=0.25, channels_pca__n_components=5, input_selection__channel_selection__alpha=0.05, input_selection__feature_selection__threshold=0.02; total time= 1.0min
[CV] END channels_correlation_filter__corr_threshold=0.25, channels_pca__n_components=5, input_selection__channel_selection__alpha=0.05, input_selection__feature_selection__threshold=0.02; total time= 1.0min
[CV] END channels_correlation_filter__corr_threshold=0.25, channels_pca__n_components=5, input_selection__channel_selection__alpha=0.05, input_selection__feature_selection__threshold=0.02; total time= 1.0min
[CV] END channels_correlation_filter__corr_threshold=0.25, channels_pca__n_components=5, input_selection__channel_selection__alpha=0.05, input_selection__feature_selection__threshold=0.02; total time= 1.0min
[CV] END channels_correlation_filter__corr_threshold=0.25, channels_pca__n_components=5, input_selection__channel_selection__alpha=0.05, input_selection__feature_selection__threshold=0.02; total time= 1.0min
[CV] END channels_correlation_filter__corr_threshold=0.25, channels_pca__n_components=5, input_selection__channel_selection__alpha=0.05, input_selection__feature_selection__threshold=0.02; total time= 1.0min
[CV] END channels_correlation_filter__corr_threshold=0.25, channels_pca__n_components=5, input_selection__channel_selection__alpha=0.05, input_selection__feature_selection__threshold=0.02; total time= 1.0min
[CV] END channels_correlation_filter__corr_threshold=0.25, channels_pca__n_components=5, input_selection__channel_selection__alpha=0.05, input_selection__feature_selection__threshold=0.02; total time= 1.0min
[CV] END channels_correlation_filter__corr_threshold=0.25, channels_pca__n_components=5, input_selection__channel_selection__alpha=0.05, input_selection__feature_selection__threshold=0.02; total time= 1.0min
[CV] END channels_correlation_filter__corr_threshold=0.25, channels_pca__n_components=5, input_selection__channel_selection__alpha=0.05, input_selection__feature_selection__threshold=0.02; total time= 1.0min
[CV] END channels_correlation_filter__corr_threshold=0.25, channels_pca__n_components=5, input_selection__channel_selection__alpha=0.05, input_selection__feature_selection__threshold=0.03; total time= 1.0min
[CV] END channels_correlation_filter__corr_threshold=0.25, channels_pca__n_components=5, input_selection__channel_selection__alpha=0.05, input_selection__feature_selection__threshold=0.03; total time= 1.0min
[CV] END channels_correlation_filter__corr_threshold=0.25, channels_pca__n_components=5, input_selection__channel_selection__alpha=0.05, input_selection__feature_selection__threshold=0.03; total time= 1.0min
[CV] END channels_correlation_filter__corr_threshold=0.25, channels_pca__n_components=5, input_selection__channel_selection__alpha=0.05, input_selection__feature_selection__threshold=0.03; total time= 1.0min
[CV] END channels_correlation_filter__corr_threshold=0.25, channels_pca__n_components=5, input_selection__channel_selection__alpha=0.05, input_selection__feature_selection__threshold=0.03; total time= 1.0min
[CV] END channels_correlation_filter__corr_threshold=0.25, channels_pca__n_components=5, input_selection__channel_selection__alpha=0.05, input_selection__feature_selection__threshold=0.03; total time= 1.0min
[CV] END channels_correlation_filter__corr_threshold=0.25, channels_pca__n_components=5, input_selection__channel_selection__alpha=0.05, input_selection__feature_selection__threshold=0.03; total time= 1.0min
[CV] END channels_correlation_filter__corr_threshold=0.25, channels_pca__n_components=5, input_selection__channel_selection__alpha=0.05, input_selection__feature_selection__threshold=0.03; total time= 1.0min
[CV] END channels_correlation_filter__corr_threshold=0.25, channels_pca__n_components=5, input_selection__channel_selection__alpha=0.05, input_selection__feature_selection__threshold=0.03; total time= 1.0min
[CV] END channels_correlation_filter__corr_threshold=0.25, channels_pca__n_components=5, input_selection__channel_selection__alpha=0.05, input_selection__feature_selection__threshold=0.03; total time= 1.0min
[CV] END channels_correlation_filter__corr_threshold=0.25, channels_pca__n_components=5, input_selection__channel_selection__alpha=0.05, input_selection__feature_selection__threshold=0.05; total time=  59.5s
[CV] END channels_correlation_filter__corr_threshold=0.25, channels_pca__n_components=5, input_selection__channel_selection__alpha=0.05, input_selection__feature_selection__threshold=0.05; total time= 1.0min
[CV] END channels_correlation_filter__corr_threshold=0.25, channels_pca__n_components=5, input_selection__channel_selection__alpha=0.05, input_selection__feature_selection__threshold=0.05; total time=  59.7s
[CV] END channels_correlation_filter__corr_threshold=0.25, channels_pca__n_components=5, input_selection__channel_selection__alpha=0.05, input_selection__feature_selection__threshold=0.05; total time= 1.0min
[CV] END channels_correlation_filter__corr_threshold=0.25, channels_pca__n_components=5, input_selection__channel_selection__alpha=0.05, input_selection__feature_selection__threshold=0.05; total time= 1.0min
[CV] END channels_correlation_filter__corr_threshold=0.25, channels_pca__n_components=5, input_selection__channel_selection__alpha=0.05, input_selection__feature_selection__threshold=0.05; total time= 1.0min
[CV] END channels_correlation_filter__corr_threshold=0.25, channels_pca__n_components=5, input_selection__channel_selection__alpha=0.05, input_selection__feature_selection__threshold=0.05; total time= 1.0min
[CV] END channels_correlation_filter__corr_threshold=0.25, channels_pca__n_components=5, input_selection__channel_selection__alpha=0.05, input_selection__feature_selection__threshold=0.05; total time= 1.0min
[CV] END channels_correlation_filter__corr_threshold=0.25, channels_pca__n_components=5, input_selection__channel_selection__alpha=0.05, input_selection__feature_selection__threshold=0.05; total time= 1.0min
[CV] END channels_correlation_filter__corr_threshold=0.25, channels_pca__n_components=5, input_selection__channel_selection__alpha=0.05, input_selection__feature_selection__threshold=0.05; total time= 1.0min
[CV] END channels_correlation_filter__corr_threshold=0.25, channels_pca__n_components=5, input_selection__channel_selection__alpha=0.1, input_selection__feature_selection__threshold=0.01; total time= 1.0min
[CV] END channels_correlation_filter__corr_threshold=0.25, channels_pca__n_components=5, input_selection__channel_selection__alpha=0.1, input_selection__feature_selection__threshold=0.01; total time= 1.0min
[CV] END channels_correlation_filter__corr_threshold=0.25, channels_pca__n_components=5, input_selection__channel_selection__alpha=0.1, input_selection__feature_selection__threshold=0.01; total time= 1.0min
[CV] END channels_correlation_filter__corr_threshold=0.25, channels_pca__n_components=5, input_selection__channel_selection__alpha=0.1, input_selection__feature_selection__threshold=0.01; total time= 1.0min
[CV] END channels_correlation_filter__corr_threshold=0.25, channels_pca__n_components=5, input_selection__channel_selection__alpha=0.1, input_selection__feature_selection__threshold=0.01; total time= 1.0min
[CV] END channels_correlation_filter__corr_threshold=0.25, channels_pca__n_components=5, input_selection__channel_selection__alpha=0.1, input_selection__feature_selection__threshold=0.01; total time= 1.1min
[CV] END channels_correlation_filter__corr_threshold=0.25, channels_pca__n_components=5, input_selection__channel_selection__alpha=0.1, input_selection__feature_selection__threshold=0.01; total time= 1.1min
[CV] END channels_correlation_filter__corr_threshold=0.25, channels_pca__n_components=5, input_selection__channel_selection__alpha=0.1, input_selection__feature_selection__threshold=0.01; total time= 1.1min
[CV] END channels_correlation_filter__corr_threshold=0.25, channels_pca__n_components=5, input_selection__channel_selection__alpha=0.1, input_selection__feature_selection__threshold=0.01; total time= 1.1min
[CV] END channels_correlation_filter__corr_threshold=0.25, channels_pca__n_components=5, input_selection__channel_selection__alpha=0.1, input_selection__feature_selection__threshold=0.01; total time= 1.0min
[CV] END channels_correlation_filter__corr_threshold=0.25, channels_pca__n_components=5, input_selection__channel_selection__alpha=0.1, input_selection__feature_selection__threshold=0.02; total time= 1.0min
[CV] END channels_correlation_filter__corr_threshold=0.25, channels_pca__n_components=5, input_selection__channel_selection__alpha=0.1, input_selection__feature_selection__threshold=0.02; total time= 1.0min
[CV] END channels_correlation_filter__corr_threshold=0.25, channels_pca__n_components=5, input_selection__channel_selection__alpha=0.1, input_selection__feature_selection__threshold=0.02; total time= 1.0min
[CV] END channels_correlation_filter__corr_threshold=0.25, channels_pca__n_components=5, input_selection__channel_selection__alpha=0.1, input_selection__feature_selection__threshold=0.02; total time= 1.0min
[CV] END channels_correlation_filter__corr_threshold=0.25, channels_pca__n_components=5, input_selection__channel_selection__alpha=0.1, input_selection__feature_selection__threshold=0.02; total time= 1.0min
[CV] END channels_correlation_filter__corr_threshold=0.25, channels_pca__n_components=5, input_selection__channel_selection__alpha=0.1, input_selection__feature_selection__threshold=0.02; total time= 1.0min
[CV] END channels_correlation_filter__corr_threshold=0.25, channels_pca__n_components=5, input_selection__channel_selection__alpha=0.1, input_selection__feature_selection__threshold=0.02; total time= 1.1min
[CV] END channels_correlation_filter__corr_threshold=0.25, channels_pca__n_components=5, input_selection__channel_selection__alpha=0.1, input_selection__feature_selection__threshold=0.02; total time= 1.0min
[CV] END channels_correlation_filter__corr_threshold=0.25, channels_pca__n_components=5, input_selection__channel_selection__alpha=0.1, input_selection__feature_selection__threshold=0.02; total time= 1.0min
[CV] END channels_correlation_filter__corr_threshold=0.25, channels_pca__n_components=5, input_selection__channel_selection__alpha=0.1, input_selection__feature_selection__threshold=0.02; total time= 1.0min
[CV] END channels_correlation_filter__corr_threshold=0.25, channels_pca__n_components=5, input_selection__channel_selection__alpha=0.1, input_selection__feature_selection__threshold=0.03; total time= 1.0min
[CV] END channels_correlation_filter__corr_threshold=0.25, channels_pca__n_components=5, input_selection__channel_selection__alpha=0.1, input_selection__feature_selection__threshold=0.03; total time= 1.0min
[CV] END channels_correlation_filter__corr_threshold=0.25, channels_pca__n_components=5, input_selection__channel_selection__alpha=0.1, input_selection__feature_selection__threshold=0.03; total time= 1.0min
[CV] END channels_correlation_filter__corr_threshold=0.25, channels_pca__n_components=5, input_selection__channel_selection__alpha=0.1, input_selection__feature_selection__threshold=0.03; total time= 1.0min
[CV] END channels_correlation_filter__corr_threshold=0.25, channels_pca__n_components=5, input_selection__channel_selection__alpha=0.1, input_selection__feature_selection__threshold=0.03; total time= 1.0min
[CV] END channels_correlation_filter__corr_threshold=0.25, channels_pca__n_components=5, input_selection__channel_selection__alpha=0.1, input_selection__feature_selection__threshold=0.03; total time= 1.0min
[CV] END channels_correlation_filter__corr_threshold=0.25, channels_pca__n_components=5, input_selection__channel_selection__alpha=0.1, input_selection__feature_selection__threshold=0.03; total time= 1.0min
[CV] END channels_correlation_filter__corr_threshold=0.25, channels_pca__n_components=5, input_selection__channel_selection__alpha=0.1, input_selection__feature_selection__threshold=0.03; total time= 1.0min
[CV] END channels_correlation_filter__corr_threshold=0.25, channels_pca__n_components=5, input_selection__channel_selection__alpha=0.1, input_selection__feature_selection__threshold=0.03; total time= 1.0min
[CV] END channels_correlation_filter__corr_threshold=0.25, channels_pca__n_components=5, input_selection__channel_selection__alpha=0.1, input_selection__feature_selection__threshold=0.03; total time= 1.0min
[CV] END channels_correlation_filter__corr_threshold=0.25, channels_pca__n_components=5, input_selection__channel_selection__alpha=0.1, input_selection__feature_selection__threshold=0.05; total time=  59.8s
[CV] END channels_correlation_filter__corr_threshold=0.25, channels_pca__n_components=5, input_selection__channel_selection__alpha=0.1, input_selection__feature_selection__threshold=0.05; total time= 1.0min
[CV] END channels_correlation_filter__corr_threshold=0.25, channels_pca__n_components=5, input_selection__channel_selection__alpha=0.1, input_selection__feature_selection__threshold=0.05; total time= 1.0min
[CV] END channels_correlation_filter__corr_threshold=0.25, channels_pca__n_components=5, input_selection__channel_selection__alpha=0.1, input_selection__feature_selection__threshold=0.05; total time= 1.0min
[CV] END channels_correlation_filter__corr_threshold=0.25, channels_pca__n_components=5, input_selection__channel_selection__alpha=0.1, input_selection__feature_selection__threshold=0.05; total time= 1.0min
[CV] END channels_correlation_filter__corr_threshold=0.25, channels_pca__n_components=5, input_selection__channel_selection__alpha=0.1, input_selection__feature_selection__threshold=0.05; total time= 1.0min
[CV] END channels_correlation_filter__corr_threshold=0.25, channels_pca__n_components=5, input_selection__channel_selection__alpha=0.1, input_selection__feature_selection__threshold=0.05; total time=  60.0s
[CV] END channels_correlation_filter__corr_threshold=0.25, channels_pca__n_components=5, input_selection__channel_selection__alpha=0.1, input_selection__feature_selection__threshold=0.05; total time= 1.0min
[CV] END channels_correlation_filter__corr_threshold=0.25, channels_pca__n_components=5, input_selection__channel_selection__alpha=0.1, input_selection__feature_selection__threshold=0.05; total time= 1.0min
[CV] END channels_correlation_filter__corr_threshold=0.25, channels_pca__n_components=5, input_selection__channel_selection__alpha=0.1, input_selection__feature_selection__threshold=0.05; total time= 1.0min
[CV] END channels_correlation_filter__corr_threshold=0.3, channels_pca__n_components=1, input_selection__channel_selection__alpha=0.01, input_selection__feature_selection__threshold=0.01; total time=  59.7s
[CV] END channels_correlation_filter__corr_threshold=0.3, channels_pca__n_components=1, input_selection__channel_selection__alpha=0.01, input_selection__feature_selection__threshold=0.01; total time= 1.0min
[CV] END channels_correlation_filter__corr_threshold=0.3, channels_pca__n_components=1, input_selection__channel_selection__alpha=0.01, input_selection__feature_selection__threshold=0.01; total time=  59.6s
[CV] END channels_correlation_filter__corr_threshold=0.3, channels_pca__n_components=1, input_selection__channel_selection__alpha=0.01, input_selection__feature_selection__threshold=0.01; total time= 1.0min
[CV] END channels_correlation_filter__corr_threshold=0.3, channels_pca__n_components=1, input_selection__channel_selection__alpha=0.01, input_selection__feature_selection__threshold=0.01; total time=  59.9s
[CV] END channels_correlation_filter__corr_threshold=0.3, channels_pca__n_components=1, input_selection__channel_selection__alpha=0.01, input_selection__feature_selection__threshold=0.01; total time= 1.0min
[CV] END channels_correlation_filter__corr_threshold=0.3, channels_pca__n_components=1, input_selection__channel_selection__alpha=0.01, input_selection__feature_selection__threshold=0.01; total time= 1.0min
[CV] END channels_correlation_filter__corr_threshold=0.3, channels_pca__n_components=1, input_selection__channel_selection__alpha=0.01, input_selection__feature_selection__threshold=0.01; total time= 1.0min
[CV] END channels_correlation_filter__corr_threshold=0.3, channels_pca__n_components=1, input_selection__channel_selection__alpha=0.01, input_selection__feature_selection__threshold=0.01; total time= 1.0min
[CV] END channels_correlation_filter__corr_threshold=0.3, channels_pca__n_components=1, input_selection__channel_selection__alpha=0.01, input_selection__feature_selection__threshold=0.01; total time= 1.0min
[CV] END channels_correlation_filter__corr_threshold=0.3, channels_pca__n_components=1, input_selection__channel_selection__alpha=0.01, input_selection__feature_selection__threshold=0.02; total time=  59.3s
[CV] END channels_correlation_filter__corr_threshold=0.3, channels_pca__n_components=1, input_selection__channel_selection__alpha=0.01, input_selection__feature_selection__threshold=0.02; total time=  59.4s
[CV] END channels_correlation_filter__corr_threshold=0.3, channels_pca__n_components=1, input_selection__channel_selection__alpha=0.01, input_selection__feature_selection__threshold=0.02; total time=  59.8s
[CV] END channels_correlation_filter__corr_threshold=0.3, channels_pca__n_components=1, input_selection__channel_selection__alpha=0.01, input_selection__feature_selection__threshold=0.02; total time= 1.0min
[CV] END channels_correlation_filter__corr_threshold=0.3, channels_pca__n_components=1, input_selection__channel_selection__alpha=0.01, input_selection__feature_selection__threshold=0.02; total time= 1.0min
[CV] END channels_correlation_filter__corr_threshold=0.3, channels_pca__n_components=1, input_selection__channel_selection__alpha=0.01, input_selection__feature_selection__threshold=0.02; total time= 1.0min
[CV] END channels_correlation_filter__corr_threshold=0.3, channels_pca__n_components=1, input_selection__channel_selection__alpha=0.01, input_selection__feature_selection__threshold=0.02; total time=  60.0s
[CV] END channels_correlation_filter__corr_threshold=0.3, channels_pca__n_components=1, input_selection__channel_selection__alpha=0.01, input_selection__feature_selection__threshold=0.02; total time= 1.0min
[CV] END channels_correlation_filter__corr_threshold=0.3, channels_pca__n_components=1, input_selection__channel_selection__alpha=0.01, input_selection__feature_selection__threshold=0.02; total time= 1.0min
[CV] END channels_correlation_filter__corr_threshold=0.3, channels_pca__n_components=1, input_selection__channel_selection__alpha=0.01, input_selection__feature_selection__threshold=0.02; total time= 1.0min
[CV] END channels_correlation_filter__corr_threshold=0.3, channels_pca__n_components=1, input_selection__channel_selection__alpha=0.01, input_selection__feature_selection__threshold=0.03; total time=  59.1s
[CV] END channels_correlation_filter__corr_threshold=0.3, channels_pca__n_components=1, input_selection__channel_selection__alpha=0.01, input_selection__feature_selection__threshold=0.03; total time=  59.5s
[CV] END channels_correlation_filter__corr_threshold=0.3, channels_pca__n_components=1, input_selection__channel_selection__alpha=0.01, input_selection__feature_selection__threshold=0.03; total time=  59.7s
[CV] END channels_correlation_filter__corr_threshold=0.3, channels_pca__n_components=1, input_selection__channel_selection__alpha=0.01, input_selection__feature_selection__threshold=0.03; total time=  59.5s
[CV] END channels_correlation_filter__corr_threshold=0.3, channels_pca__n_components=1, input_selection__channel_selection__alpha=0.01, input_selection__feature_selection__threshold=0.03; total time=  59.1s
[CV] END channels_correlation_filter__corr_threshold=0.3, channels_pca__n_components=1, input_selection__channel_selection__alpha=0.01, input_selection__feature_selection__threshold=0.03; total time= 1.0min
[CV] END channels_correlation_filter__corr_threshold=0.3, channels_pca__n_components=1, input_selection__channel_selection__alpha=0.01, input_selection__feature_selection__threshold=0.03; total time=  59.9s
[CV] END channels_correlation_filter__corr_threshold=0.3, channels_pca__n_components=1, input_selection__channel_selection__alpha=0.01, input_selection__feature_selection__threshold=0.03; total time= 1.0min
[CV] END channels_correlation_filter__corr_threshold=0.3, channels_pca__n_components=1, input_selection__channel_selection__alpha=0.01, input_selection__feature_selection__threshold=0.03; total time= 1.0min
[CV] END channels_correlation_filter__corr_threshold=0.3, channels_pca__n_components=1, input_selection__channel_selection__alpha=0.01, input_selection__feature_selection__threshold=0.03; total time= 1.0min
[CV] END channels_correlation_filter__corr_threshold=0.3, channels_pca__n_components=1, input_selection__channel_selection__alpha=0.01, input_selection__feature_selection__threshold=0.05; total time=  57.9s
[CV] END channels_correlation_filter__corr_threshold=0.3, channels_pca__n_components=1, input_selection__channel_selection__alpha=0.01, input_selection__feature_selection__threshold=0.05; total time=  59.0s
[CV] END channels_correlation_filter__corr_threshold=0.3, channels_pca__n_components=1, input_selection__channel_selection__alpha=0.01, input_selection__feature_selection__threshold=0.05; total time=  58.5s
[CV] END channels_correlation_filter__corr_threshold=0.3, channels_pca__n_components=1, input_selection__channel_selection__alpha=0.01, input_selection__feature_selection__threshold=0.05; total time=  59.3s
[CV] END channels_correlation_filter__corr_threshold=0.3, channels_pca__n_components=1, input_selection__channel_selection__alpha=0.01, input_selection__feature_selection__threshold=0.05; total time=  59.2s
[CV] END channels_correlation_filter__corr_threshold=0.3, channels_pca__n_components=1, input_selection__channel_selection__alpha=0.01, input_selection__feature_selection__threshold=0.05; total time=  59.2s
[CV] END channels_correlation_filter__corr_threshold=0.3, channels_pca__n_components=1, input_selection__channel_selection__alpha=0.01, input_selection__feature_selection__threshold=0.05; total time=  59.1s
[CV] END channels_correlation_filter__corr_threshold=0.3, channels_pca__n_components=1, input_selection__channel_selection__alpha=0.01, input_selection__feature_selection__threshold=0.05; total time=  59.4s
[CV] END channels_correlation_filter__corr_threshold=0.3, channels_pca__n_components=1, input_selection__channel_selection__alpha=0.01, input_selection__feature_selection__threshold=0.05; total time=  59.3s
[CV] END channels_correlation_filter__corr_threshold=0.3, channels_pca__n_components=1, input_selection__channel_selection__alpha=0.01, input_selection__feature_selection__threshold=0.05; total time=  59.5s
[CV] END channels_correlation_filter__corr_threshold=0.3, channels_pca__n_components=1, input_selection__channel_selection__alpha=0.05, input_selection__feature_selection__threshold=0.01; total time= 1.0min
[CV] END channels_correlation_filter__corr_threshold=0.3, channels_pca__n_components=1, input_selection__channel_selection__alpha=0.05, input_selection__feature_selection__threshold=0.01; total time= 1.0min
[CV] END channels_correlation_filter__corr_threshold=0.3, channels_pca__n_components=1, input_selection__channel_selection__alpha=0.05, input_selection__feature_selection__threshold=0.01; total time= 1.0min
[CV] END channels_correlation_filter__corr_threshold=0.3, channels_pca__n_components=1, input_selection__channel_selection__alpha=0.05, input_selection__feature_selection__threshold=0.01; total time= 1.0min
[CV] END channels_correlation_filter__corr_threshold=0.3, channels_pca__n_components=1, input_selection__channel_selection__alpha=0.05, input_selection__feature_selection__threshold=0.01; total time= 1.0min
[CV] END channels_correlation_filter__corr_threshold=0.3, channels_pca__n_components=1, input_selection__channel_selection__alpha=0.05, input_selection__feature_selection__threshold=0.01; total time= 1.0min
[CV] END channels_correlation_filter__corr_threshold=0.3, channels_pca__n_components=1, input_selection__channel_selection__alpha=0.05, input_selection__feature_selection__threshold=0.01; total time= 1.0min
[CV] END channels_correlation_filter__corr_threshold=0.3, channels_pca__n_components=1, input_selection__channel_selection__alpha=0.05, input_selection__feature_selection__threshold=0.01; total time= 1.0min
[CV] END channels_correlation_filter__corr_threshold=0.3, channels_pca__n_components=1, input_selection__channel_selection__alpha=0.05, input_selection__feature_selection__threshold=0.01; total time= 1.0min
[CV] END channels_correlation_filter__corr_threshold=0.3, channels_pca__n_components=1, input_selection__channel_selection__alpha=0.05, input_selection__feature_selection__threshold=0.01; total time= 1.0min
[CV] END channels_correlation_filter__corr_threshold=0.3, channels_pca__n_components=1, input_selection__channel_selection__alpha=0.05, input_selection__feature_selection__threshold=0.02; total time= 1.0min
[CV] END channels_correlation_filter__corr_threshold=0.3, channels_pca__n_components=1, input_selection__channel_selection__alpha=0.05, input_selection__feature_selection__threshold=0.02; total time=  59.8s
[CV] END channels_correlation_filter__corr_threshold=0.3, channels_pca__n_components=1, input_selection__channel_selection__alpha=0.05, input_selection__feature_selection__threshold=0.02; total time= 1.0min
[CV] END channels_correlation_filter__corr_threshold=0.3, channels_pca__n_components=1, input_selection__channel_selection__alpha=0.05, input_selection__feature_selection__threshold=0.02; total time= 1.0min
[CV] END channels_correlation_filter__corr_threshold=0.3, channels_pca__n_components=1, input_selection__channel_selection__alpha=0.05, input_selection__feature_selection__threshold=0.02; total time= 1.0min
[CV] END channels_correlation_filter__corr_threshold=0.3, channels_pca__n_components=1, input_selection__channel_selection__alpha=0.05, input_selection__feature_selection__threshold=0.02; total time= 1.0min
[CV] END channels_correlation_filter__corr_threshold=0.3, channels_pca__n_components=1, input_selection__channel_selection__alpha=0.05, input_selection__feature_selection__threshold=0.02; total time= 1.0min
[CV] END channels_correlation_filter__corr_threshold=0.3, channels_pca__n_components=1, input_selection__channel_selection__alpha=0.05, input_selection__feature_selection__threshold=0.02; total time= 1.0min
[CV] END channels_correlation_filter__corr_threshold=0.3, channels_pca__n_components=1, input_selection__channel_selection__alpha=0.05, input_selection__feature_selection__threshold=0.02; total time= 1.0min
[CV] END channels_correlation_filter__corr_threshold=0.3, channels_pca__n_components=1, input_selection__channel_selection__alpha=0.05, input_selection__feature_selection__threshold=0.02; total time= 1.0min
[CV] END channels_correlation_filter__corr_threshold=0.3, channels_pca__n_components=1, input_selection__channel_selection__alpha=0.05, input_selection__feature_selection__threshold=0.03; total time= 1.0min
[CV] END channels_correlation_filter__corr_threshold=0.3, channels_pca__n_components=1, input_selection__channel_selection__alpha=0.05, input_selection__feature_selection__threshold=0.03; total time=  59.9s
[CV] END channels_correlation_filter__corr_threshold=0.3, channels_pca__n_components=1, input_selection__channel_selection__alpha=0.05, input_selection__feature_selection__threshold=0.03; total time= 1.0min
[CV] END channels_correlation_filter__corr_threshold=0.3, channels_pca__n_components=1, input_selection__channel_selection__alpha=0.05, input_selection__feature_selection__threshold=0.03; total time= 1.0min
[CV] END channels_correlation_filter__corr_threshold=0.3, channels_pca__n_components=1, input_selection__channel_selection__alpha=0.05, input_selection__feature_selection__threshold=0.03; total time=  59.9s
[CV] END channels_correlation_filter__corr_threshold=0.3, channels_pca__n_components=1, input_selection__channel_selection__alpha=0.05, input_selection__feature_selection__threshold=0.03; total time= 1.0min
[CV] END channels_correlation_filter__corr_threshold=0.3, channels_pca__n_components=1, input_selection__channel_selection__alpha=0.05, input_selection__feature_selection__threshold=0.03; total time= 1.0min
[CV] END channels_correlation_filter__corr_threshold=0.3, channels_pca__n_components=1, input_selection__channel_selection__alpha=0.05, input_selection__feature_selection__threshold=0.03; total time= 1.0min
[CV] END channels_correlation_filter__corr_threshold=0.3, channels_pca__n_components=1, input_selection__channel_selection__alpha=0.05, input_selection__feature_selection__threshold=0.03; total time= 1.0min
[CV] END channels_correlation_filter__corr_threshold=0.3, channels_pca__n_components=1, input_selection__channel_selection__alpha=0.05, input_selection__feature_selection__threshold=0.03; total time= 1.0min
[CV] END channels_correlation_filter__corr_threshold=0.3, channels_pca__n_components=1, input_selection__channel_selection__alpha=0.05, input_selection__feature_selection__threshold=0.05; total time=  58.9s
[CV] END channels_correlation_filter__corr_threshold=0.3, channels_pca__n_components=1, input_selection__channel_selection__alpha=0.05, input_selection__feature_selection__threshold=0.05; total time=  59.5s
[CV] END channels_correlation_filter__corr_threshold=0.3, channels_pca__n_components=1, input_selection__channel_selection__alpha=0.05, input_selection__feature_selection__threshold=0.05; total time=  59.1s
[CV] END channels_correlation_filter__corr_threshold=0.3, channels_pca__n_components=1, input_selection__channel_selection__alpha=0.05, input_selection__feature_selection__threshold=0.05; total time=  59.8s
[CV] END channels_correlation_filter__corr_threshold=0.3, channels_pca__n_components=1, input_selection__channel_selection__alpha=0.05, input_selection__feature_selection__threshold=0.05; total time=  60.0s
[CV] END channels_correlation_filter__corr_threshold=0.3, channels_pca__n_components=1, input_selection__channel_selection__alpha=0.05, input_selection__feature_selection__threshold=0.05; total time=  59.9s
[CV] END channels_correlation_filter__corr_threshold=0.3, channels_pca__n_components=1, input_selection__channel_selection__alpha=0.05, input_selection__feature_selection__threshold=0.05; total time=  59.5s
[CV] END channels_correlation_filter__corr_threshold=0.3, channels_pca__n_components=1, input_selection__channel_selection__alpha=0.05, input_selection__feature_selection__threshold=0.05; total time=  59.9s
[CV] END channels_correlation_filter__corr_threshold=0.3, channels_pca__n_components=1, input_selection__channel_selection__alpha=0.05, input_selection__feature_selection__threshold=0.05; total time= 1.0min
[CV] END channels_correlation_filter__corr_threshold=0.3, channels_pca__n_components=1, input_selection__channel_selection__alpha=0.05, input_selection__feature_selection__threshold=0.05; total time= 1.0min
[CV] END channels_correlation_filter__corr_threshold=0.3, channels_pca__n_components=1, input_selection__channel_selection__alpha=0.1, input_selection__feature_selection__threshold=0.01; total time= 1.0min
[CV] END channels_correlation_filter__corr_threshold=0.3, channels_pca__n_components=1, input_selection__channel_selection__alpha=0.1, input_selection__feature_selection__threshold=0.01; total time= 1.0min
[CV] END channels_correlation_filter__corr_threshold=0.3, channels_pca__n_components=1, input_selection__channel_selection__alpha=0.1, input_selection__feature_selection__threshold=0.01; total time= 1.0min
[CV] END channels_correlation_filter__corr_threshold=0.3, channels_pca__n_components=1, input_selection__channel_selection__alpha=0.1, input_selection__feature_selection__threshold=0.01; total time= 1.0min
[CV] END channels_correlation_filter__corr_threshold=0.3, channels_pca__n_components=1, input_selection__channel_selection__alpha=0.1, input_selection__feature_selection__threshold=0.01; total time= 1.0min
[CV] END channels_correlation_filter__corr_threshold=0.3, channels_pca__n_components=1, input_selection__channel_selection__alpha=0.1, input_selection__feature_selection__threshold=0.01; total time= 1.0min
[CV] END channels_correlation_filter__corr_threshold=0.3, channels_pca__n_components=1, input_selection__channel_selection__alpha=0.1, input_selection__feature_selection__threshold=0.01; total time= 1.0min
[CV] END channels_correlation_filter__corr_threshold=0.3, channels_pca__n_components=1, input_selection__channel_selection__alpha=0.1, input_selection__feature_selection__threshold=0.01; total time= 1.0min
[CV] END channels_correlation_filter__corr_threshold=0.3, channels_pca__n_components=1, input_selection__channel_selection__alpha=0.1, input_selection__feature_selection__threshold=0.01; total time= 1.0min
[CV] END channels_correlation_filter__corr_threshold=0.3, channels_pca__n_components=1, input_selection__channel_selection__alpha=0.1, input_selection__feature_selection__threshold=0.01; total time= 1.0min
[CV] END channels_correlation_filter__corr_threshold=0.3, channels_pca__n_components=1, input_selection__channel_selection__alpha=0.1, input_selection__feature_selection__threshold=0.02; total time= 1.0min
[CV] END channels_correlation_filter__corr_threshold=0.3, channels_pca__n_components=1, input_selection__channel_selection__alpha=0.1, input_selection__feature_selection__threshold=0.02; total time= 1.0min
[CV] END channels_correlation_filter__corr_threshold=0.3, channels_pca__n_components=1, input_selection__channel_selection__alpha=0.1, input_selection__feature_selection__threshold=0.02; total time= 1.0min
[CV] END channels_correlation_filter__corr_threshold=0.3, channels_pca__n_components=1, input_selection__channel_selection__alpha=0.1, input_selection__feature_selection__threshold=0.02; total time= 1.0min
[CV] END channels_correlation_filter__corr_threshold=0.3, channels_pca__n_components=1, input_selection__channel_selection__alpha=0.1, input_selection__feature_selection__threshold=0.02; total time= 1.0min
[CV] END channels_correlation_filter__corr_threshold=0.3, channels_pca__n_components=1, input_selection__channel_selection__alpha=0.1, input_selection__feature_selection__threshold=0.02; total time= 1.0min
[CV] END channels_correlation_filter__corr_threshold=0.3, channels_pca__n_components=1, input_selection__channel_selection__alpha=0.1, input_selection__feature_selection__threshold=0.02; total time= 1.0min
[CV] END channels_correlation_filter__corr_threshold=0.3, channels_pca__n_components=1, input_selection__channel_selection__alpha=0.1, input_selection__feature_selection__threshold=0.02; total time= 1.0min
[CV] END channels_correlation_filter__corr_threshold=0.3, channels_pca__n_components=1, input_selection__channel_selection__alpha=0.1, input_selection__feature_selection__threshold=0.02; total time= 1.0min
[CV] END channels_correlation_filter__corr_threshold=0.3, channels_pca__n_components=1, input_selection__channel_selection__alpha=0.1, input_selection__feature_selection__threshold=0.02; total time= 1.0min
[CV] END channels_correlation_filter__corr_threshold=0.3, channels_pca__n_components=1, input_selection__channel_selection__alpha=0.1, input_selection__feature_selection__threshold=0.03; total time= 1.0min
[CV] END channels_correlation_filter__corr_threshold=0.3, channels_pca__n_components=1, input_selection__channel_selection__alpha=0.1, input_selection__feature_selection__threshold=0.03; total time= 1.0min
[CV] END channels_correlation_filter__corr_threshold=0.3, channels_pca__n_components=1, input_selection__channel_selection__alpha=0.1, input_selection__feature_selection__threshold=0.03; total time= 1.0min
[CV] END channels_correlation_filter__corr_threshold=0.3, channels_pca__n_components=1, input_selection__channel_selection__alpha=0.1, input_selection__feature_selection__threshold=0.03; total time= 1.0min
[CV] END channels_correlation_filter__corr_threshold=0.3, channels_pca__n_components=1, input_selection__channel_selection__alpha=0.1, input_selection__feature_selection__threshold=0.03; total time= 1.0min
[CV] END channels_correlation_filter__corr_threshold=0.3, channels_pca__n_components=1, input_selection__channel_selection__alpha=0.1, input_selection__feature_selection__threshold=0.03; total time= 1.0min
[CV] END channels_correlation_filter__corr_threshold=0.3, channels_pca__n_components=1, input_selection__channel_selection__alpha=0.1, input_selection__feature_selection__threshold=0.03; total time= 1.0min
[CV] END channels_correlation_filter__corr_threshold=0.3, channels_pca__n_components=1, input_selection__channel_selection__alpha=0.1, input_selection__feature_selection__threshold=0.03; total time= 1.0min
[CV] END channels_correlation_filter__corr_threshold=0.3, channels_pca__n_components=1, input_selection__channel_selection__alpha=0.1, input_selection__feature_selection__threshold=0.03; total time= 1.0min
[CV] END channels_correlation_filter__corr_threshold=0.3, channels_pca__n_components=1, input_selection__channel_selection__alpha=0.1, input_selection__feature_selection__threshold=0.03; total time= 1.0min
[CV] END channels_correlation_filter__corr_threshold=0.3, channels_pca__n_components=1, input_selection__channel_selection__alpha=0.1, input_selection__feature_selection__threshold=0.05; total time=  59.4s
[CV] END channels_correlation_filter__corr_threshold=0.3, channels_pca__n_components=1, input_selection__channel_selection__alpha=0.1, input_selection__feature_selection__threshold=0.05; total time= 1.0min
[CV] END channels_correlation_filter__corr_threshold=0.3, channels_pca__n_components=1, input_selection__channel_selection__alpha=0.1, input_selection__feature_selection__threshold=0.05; total time=  59.8s
[CV] END channels_correlation_filter__corr_threshold=0.3, channels_pca__n_components=1, input_selection__channel_selection__alpha=0.1, input_selection__feature_selection__threshold=0.05; total time=  60.0s
[CV] END channels_correlation_filter__corr_threshold=0.3, channels_pca__n_components=1, input_selection__channel_selection__alpha=0.1, input_selection__feature_selection__threshold=0.05; total time= 1.0min
[CV] END channels_correlation_filter__corr_threshold=0.3, channels_pca__n_components=1, input_selection__channel_selection__alpha=0.1, input_selection__feature_selection__threshold=0.05; total time= 1.0min
[CV] END channels_correlation_filter__corr_threshold=0.3, channels_pca__n_components=1, input_selection__channel_selection__alpha=0.1, input_selection__feature_selection__threshold=0.05; total time=  59.7s
[CV] END channels_correlation_filter__corr_threshold=0.3, channels_pca__n_components=1, input_selection__channel_selection__alpha=0.1, input_selection__feature_selection__threshold=0.05; total time= 1.0min
[CV] END channels_correlation_filter__corr_threshold=0.3, channels_pca__n_components=1, input_selection__channel_selection__alpha=0.1, input_selection__feature_selection__threshold=0.05; total time= 1.0min
[CV] END channels_correlation_filter__corr_threshold=0.3, channels_pca__n_components=1, input_selection__channel_selection__alpha=0.1, input_selection__feature_selection__threshold=0.05; total time= 1.0min
[CV] END channels_correlation_filter__corr_threshold=0.3, channels_pca__n_components=2, input_selection__channel_selection__alpha=0.01, input_selection__feature_selection__threshold=0.01; total time= 1.0min
[CV] END channels_correlation_filter__corr_threshold=0.3, channels_pca__n_components=2, input_selection__channel_selection__alpha=0.01, input_selection__feature_selection__threshold=0.01; total time= 1.0min
[CV] END channels_correlation_filter__corr_threshold=0.3, channels_pca__n_components=2, input_selection__channel_selection__alpha=0.01, input_selection__feature_selection__threshold=0.01; total time= 1.0min
[CV] END channels_correlation_filter__corr_threshold=0.3, channels_pca__n_components=2, input_selection__channel_selection__alpha=0.01, input_selection__feature_selection__threshold=0.01; total time= 1.0min
[CV] END channels_correlation_filter__corr_threshold=0.3, channels_pca__n_components=2, input_selection__channel_selection__alpha=0.01, input_selection__feature_selection__threshold=0.01; total time= 1.0min
[CV] END channels_correlation_filter__corr_threshold=0.3, channels_pca__n_components=2, input_selection__channel_selection__alpha=0.01, input_selection__feature_selection__threshold=0.01; total time= 1.0min
[CV] END channels_correlation_filter__corr_threshold=0.3, channels_pca__n_components=2, input_selection__channel_selection__alpha=0.01, input_selection__feature_selection__threshold=0.01; total time= 1.0min
[CV] END channels_correlation_filter__corr_threshold=0.3, channels_pca__n_components=2, input_selection__channel_selection__alpha=0.01, input_selection__feature_selection__threshold=0.01; total time= 1.0min
[CV] END channels_correlation_filter__corr_threshold=0.3, channels_pca__n_components=2, input_selection__channel_selection__alpha=0.01, input_selection__feature_selection__threshold=0.01; total time= 1.0min
[CV] END channels_correlation_filter__corr_threshold=0.3, channels_pca__n_components=2, input_selection__channel_selection__alpha=0.01, input_selection__feature_selection__threshold=0.01; total time= 1.0min
[CV] END channels_correlation_filter__corr_threshold=0.3, channels_pca__n_components=2, input_selection__channel_selection__alpha=0.01, input_selection__feature_selection__threshold=0.02; total time=  59.7s
[CV] END channels_correlation_filter__corr_threshold=0.3, channels_pca__n_components=2, input_selection__channel_selection__alpha=0.01, input_selection__feature_selection__threshold=0.02; total time=  59.8s
[CV] END channels_correlation_filter__corr_threshold=0.3, channels_pca__n_components=2, input_selection__channel_selection__alpha=0.01, input_selection__feature_selection__threshold=0.02; total time= 1.0min
[CV] END channels_correlation_filter__corr_threshold=0.3, channels_pca__n_components=2, input_selection__channel_selection__alpha=0.01, input_selection__feature_selection__threshold=0.02; total time= 1.0min
[CV] END channels_correlation_filter__corr_threshold=0.3, channels_pca__n_components=2, input_selection__channel_selection__alpha=0.01, input_selection__feature_selection__threshold=0.02; total time= 1.0min
[CV] END channels_correlation_filter__corr_threshold=0.3, channels_pca__n_components=2, input_selection__channel_selection__alpha=0.01, input_selection__feature_selection__threshold=0.02; total time= 1.0min
[CV] END channels_correlation_filter__corr_threshold=0.3, channels_pca__n_components=2, input_selection__channel_selection__alpha=0.01, input_selection__feature_selection__threshold=0.02; total time= 1.0min
[CV] END channels_correlation_filter__corr_threshold=0.3, channels_pca__n_components=2, input_selection__channel_selection__alpha=0.01, input_selection__feature_selection__threshold=0.02; total time= 1.0min
[CV] END channels_correlation_filter__corr_threshold=0.3, channels_pca__n_components=2, input_selection__channel_selection__alpha=0.01, input_selection__feature_selection__threshold=0.02; total time= 1.0min
[CV] END channels_correlation_filter__corr_threshold=0.3, channels_pca__n_components=2, input_selection__channel_selection__alpha=0.01, input_selection__feature_selection__threshold=0.02; total time= 1.0min
[CV] END channels_correlation_filter__corr_threshold=0.3, channels_pca__n_components=2, input_selection__channel_selection__alpha=0.01, input_selection__feature_selection__threshold=0.03; total time=  59.8s
[CV] END channels_correlation_filter__corr_threshold=0.3, channels_pca__n_components=2, input_selection__channel_selection__alpha=0.01, input_selection__feature_selection__threshold=0.03; total time=  59.5s
[CV] END channels_correlation_filter__corr_threshold=0.3, channels_pca__n_components=2, input_selection__channel_selection__alpha=0.01, input_selection__feature_selection__threshold=0.03; total time= 1.0min
[CV] END channels_correlation_filter__corr_threshold=0.3, channels_pca__n_components=2, input_selection__channel_selection__alpha=0.01, input_selection__feature_selection__threshold=0.03; total time=  59.8s
[CV] END channels_correlation_filter__corr_threshold=0.3, channels_pca__n_components=2, input_selection__channel_selection__alpha=0.01, input_selection__feature_selection__threshold=0.03; total time=  59.7s
[CV] END channels_correlation_filter__corr_threshold=0.3, channels_pca__n_components=2, input_selection__channel_selection__alpha=0.01, input_selection__feature_selection__threshold=0.03; total time=  59.9s
[CV] END channels_correlation_filter__corr_threshold=0.3, channels_pca__n_components=2, input_selection__channel_selection__alpha=0.01, input_selection__feature_selection__threshold=0.03; total time=  60.0s
[CV] END channels_correlation_filter__corr_threshold=0.3, channels_pca__n_components=2, input_selection__channel_selection__alpha=0.01, input_selection__feature_selection__threshold=0.03; total time= 1.0min
[CV] END channels_correlation_filter__corr_threshold=0.3, channels_pca__n_components=2, input_selection__channel_selection__alpha=0.01, input_selection__feature_selection__threshold=0.03; total time= 1.0min
[CV] END channels_correlation_filter__corr_threshold=0.3, channels_pca__n_components=2, input_selection__channel_selection__alpha=0.01, input_selection__feature_selection__threshold=0.03; total time= 1.0min
[CV] END channels_correlation_filter__corr_threshold=0.3, channels_pca__n_components=2, input_selection__channel_selection__alpha=0.01, input_selection__feature_selection__threshold=0.05; total time=  58.6s
[CV] END channels_correlation_filter__corr_threshold=0.3, channels_pca__n_components=2, input_selection__channel_selection__alpha=0.01, input_selection__feature_selection__threshold=0.05; total time=  59.5s
[CV] END channels_correlation_filter__corr_threshold=0.3, channels_pca__n_components=2, input_selection__channel_selection__alpha=0.01, input_selection__feature_selection__threshold=0.05; total time=  58.8s
[CV] END channels_correlation_filter__corr_threshold=0.3, channels_pca__n_components=2, input_selection__channel_selection__alpha=0.01, input_selection__feature_selection__threshold=0.05; total time=  59.5s
[CV] END channels_correlation_filter__corr_threshold=0.3, channels_pca__n_components=2, input_selection__channel_selection__alpha=0.01, input_selection__feature_selection__threshold=0.05; total time=  59.6s
[CV] END channels_correlation_filter__corr_threshold=0.3, channels_pca__n_components=2, input_selection__channel_selection__alpha=0.01, input_selection__feature_selection__threshold=0.05; total time=  59.7s
[CV] END channels_correlation_filter__corr_threshold=0.3, channels_pca__n_components=2, input_selection__channel_selection__alpha=0.01, input_selection__feature_selection__threshold=0.05; total time=  59.3s
[CV] END channels_correlation_filter__corr_threshold=0.3, channels_pca__n_components=2, input_selection__channel_selection__alpha=0.01, input_selection__feature_selection__threshold=0.05; total time=  59.8s
[CV] END channels_correlation_filter__corr_threshold=0.3, channels_pca__n_components=2, input_selection__channel_selection__alpha=0.01, input_selection__feature_selection__threshold=0.05; total time=  59.7s
[CV] END channels_correlation_filter__corr_threshold=0.3, channels_pca__n_components=2, input_selection__channel_selection__alpha=0.01, input_selection__feature_selection__threshold=0.05; total time= 1.0min
[CV] END channels_correlation_filter__corr_threshold=0.3, channels_pca__n_components=2, input_selection__channel_selection__alpha=0.05, input_selection__feature_selection__threshold=0.01; total time= 1.0min
[CV] END channels_correlation_filter__corr_threshold=0.3, channels_pca__n_components=2, input_selection__channel_selection__alpha=0.05, input_selection__feature_selection__threshold=0.01; total time= 1.0min
[CV] END channels_correlation_filter__corr_threshold=0.3, channels_pca__n_components=2, input_selection__channel_selection__alpha=0.05, input_selection__feature_selection__threshold=0.01; total time= 1.0min
[CV] END channels_correlation_filter__corr_threshold=0.3, channels_pca__n_components=2, input_selection__channel_selection__alpha=0.05, input_selection__feature_selection__threshold=0.01; total time= 1.0min
[CV] END channels_correlation_filter__corr_threshold=0.3, channels_pca__n_components=2, input_selection__channel_selection__alpha=0.05, input_selection__feature_selection__threshold=0.01; total time= 1.0min
[CV] END channels_correlation_filter__corr_threshold=0.3, channels_pca__n_components=2, input_selection__channel_selection__alpha=0.05, input_selection__feature_selection__threshold=0.01; total time= 1.0min
[CV] END channels_correlation_filter__corr_threshold=0.3, channels_pca__n_components=2, input_selection__channel_selection__alpha=0.05, input_selection__feature_selection__threshold=0.01; total time= 1.0min
[CV] END channels_correlation_filter__corr_threshold=0.3, channels_pca__n_components=2, input_selection__channel_selection__alpha=0.05, input_selection__feature_selection__threshold=0.01; total time= 1.0min
[CV] END channels_correlation_filter__corr_threshold=0.3, channels_pca__n_components=2, input_selection__channel_selection__alpha=0.05, input_selection__feature_selection__threshold=0.01; total time= 1.0min
[CV] END channels_correlation_filter__corr_threshold=0.3, channels_pca__n_components=2, input_selection__channel_selection__alpha=0.05, input_selection__feature_selection__threshold=0.01; total time= 1.0min
[CV] END channels_correlation_filter__corr_threshold=0.3, channels_pca__n_components=2, input_selection__channel_selection__alpha=0.05, input_selection__feature_selection__threshold=0.02; total time= 1.0min
[CV] END channels_correlation_filter__corr_threshold=0.3, channels_pca__n_components=2, input_selection__channel_selection__alpha=0.05, input_selection__feature_selection__threshold=0.02; total time= 1.0min
[CV] END channels_correlation_filter__corr_threshold=0.3, channels_pca__n_components=2, input_selection__channel_selection__alpha=0.05, input_selection__feature_selection__threshold=0.02; total time= 1.0min
[CV] END channels_correlation_filter__corr_threshold=0.3, channels_pca__n_components=2, input_selection__channel_selection__alpha=0.05, input_selection__feature_selection__threshold=0.02; total time= 1.0min
[CV] END channels_correlation_filter__corr_threshold=0.3, channels_pca__n_components=2, input_selection__channel_selection__alpha=0.05, input_selection__feature_selection__threshold=0.02; total time= 1.0min
[CV] END channels_correlation_filter__corr_threshold=0.3, channels_pca__n_components=2, input_selection__channel_selection__alpha=0.05, input_selection__feature_selection__threshold=0.02; total time= 1.0min
[CV] END channels_correlation_filter__corr_threshold=0.3, channels_pca__n_components=2, input_selection__channel_selection__alpha=0.05, input_selection__feature_selection__threshold=0.02; total time= 1.0min
[CV] END channels_correlation_filter__corr_threshold=0.3, channels_pca__n_components=2, input_selection__channel_selection__alpha=0.05, input_selection__feature_selection__threshold=0.02; total time= 1.0min
[CV] END channels_correlation_filter__corr_threshold=0.3, channels_pca__n_components=2, input_selection__channel_selection__alpha=0.05, input_selection__feature_selection__threshold=0.02; total time= 1.0min
[CV] END channels_correlation_filter__corr_threshold=0.3, channels_pca__n_components=2, input_selection__channel_selection__alpha=0.05, input_selection__feature_selection__threshold=0.02; total time= 1.0min
[CV] END channels_correlation_filter__corr_threshold=0.3, channels_pca__n_components=2, input_selection__channel_selection__alpha=0.05, input_selection__feature_selection__threshold=0.03; total time= 1.0min
[CV] END channels_correlation_filter__corr_threshold=0.3, channels_pca__n_components=2, input_selection__channel_selection__alpha=0.05, input_selection__feature_selection__threshold=0.03; total time= 1.0min
[CV] END channels_correlation_filter__corr_threshold=0.3, channels_pca__n_components=2, input_selection__channel_selection__alpha=0.05, input_selection__feature_selection__threshold=0.03; total time= 1.0min
[CV] END channels_correlation_filter__corr_threshold=0.3, channels_pca__n_components=2, input_selection__channel_selection__alpha=0.05, input_selection__feature_selection__threshold=0.03; total time= 1.0min
[CV] END channels_correlation_filter__corr_threshold=0.3, channels_pca__n_components=2, input_selection__channel_selection__alpha=0.05, input_selection__feature_selection__threshold=0.03; total time= 1.0min
[CV] END channels_correlation_filter__corr_threshold=0.3, channels_pca__n_components=2, input_selection__channel_selection__alpha=0.05, input_selection__feature_selection__threshold=0.03; total time= 1.0min
[CV] END channels_correlation_filter__corr_threshold=0.3, channels_pca__n_components=2, input_selection__channel_selection__alpha=0.05, input_selection__feature_selection__threshold=0.03; total time= 1.0min
[CV] END channels_correlation_filter__corr_threshold=0.3, channels_pca__n_components=2, input_selection__channel_selection__alpha=0.05, input_selection__feature_selection__threshold=0.03; total time= 1.0min
[CV] END channels_correlation_filter__corr_threshold=0.3, channels_pca__n_components=2, input_selection__channel_selection__alpha=0.05, input_selection__feature_selection__threshold=0.03; total time= 1.0min
[CV] END channels_correlation_filter__corr_threshold=0.3, channels_pca__n_components=2, input_selection__channel_selection__alpha=0.05, input_selection__feature_selection__threshold=0.03; total time= 1.0min
[CV] END channels_correlation_filter__corr_threshold=0.3, channels_pca__n_components=2, input_selection__channel_selection__alpha=0.05, input_selection__feature_selection__threshold=0.05; total time=  59.2s
[CV] END channels_correlation_filter__corr_threshold=0.3, channels_pca__n_components=2, input_selection__channel_selection__alpha=0.05, input_selection__feature_selection__threshold=0.05; total time=  60.0s
[CV] END channels_correlation_filter__corr_threshold=0.3, channels_pca__n_components=2, input_selection__channel_selection__alpha=0.05, input_selection__feature_selection__threshold=0.05; total time=  59.6s
[CV] END channels_correlation_filter__corr_threshold=0.3, channels_pca__n_components=2, input_selection__channel_selection__alpha=0.05, input_selection__feature_selection__threshold=0.05; total time=  59.8s
[CV] END channels_correlation_filter__corr_threshold=0.3, channels_pca__n_components=2, input_selection__channel_selection__alpha=0.05, input_selection__feature_selection__threshold=0.05; total time= 1.0min
[CV] END channels_correlation_filter__corr_threshold=0.3, channels_pca__n_components=2, input_selection__channel_selection__alpha=0.05, input_selection__feature_selection__threshold=0.05; total time= 1.0min
[CV] END channels_correlation_filter__corr_threshold=0.3, channels_pca__n_components=2, input_selection__channel_selection__alpha=0.05, input_selection__feature_selection__threshold=0.05; total time=  60.0s
[CV] END channels_correlation_filter__corr_threshold=0.3, channels_pca__n_components=2, input_selection__channel_selection__alpha=0.05, input_selection__feature_selection__threshold=0.05; total time= 1.0min
[CV] END channels_correlation_filter__corr_threshold=0.3, channels_pca__n_components=2, input_selection__channel_selection__alpha=0.05, input_selection__feature_selection__threshold=0.05; total time= 1.0min
[CV] END channels_correlation_filter__corr_threshold=0.3, channels_pca__n_components=2, input_selection__channel_selection__alpha=0.05, input_selection__feature_selection__threshold=0.05; total time= 1.0min
[CV] END channels_correlation_filter__corr_threshold=0.3, channels_pca__n_components=2, input_selection__channel_selection__alpha=0.1, input_selection__feature_selection__threshold=0.01; total time= 1.0min
[CV] END channels_correlation_filter__corr_threshold=0.3, channels_pca__n_components=2, input_selection__channel_selection__alpha=0.1, input_selection__feature_selection__threshold=0.01; total time= 1.0min
[CV] END channels_correlation_filter__corr_threshold=0.3, channels_pca__n_components=2, input_selection__channel_selection__alpha=0.1, input_selection__feature_selection__threshold=0.01; total time= 1.0min
[CV] END channels_correlation_filter__corr_threshold=0.3, channels_pca__n_components=2, input_selection__channel_selection__alpha=0.1, input_selection__feature_selection__threshold=0.01; total time= 1.0min
[CV] END channels_correlation_filter__corr_threshold=0.3, channels_pca__n_components=2, input_selection__channel_selection__alpha=0.1, input_selection__feature_selection__threshold=0.01; total time= 1.0min
[CV] END channels_correlation_filter__corr_threshold=0.3, channels_pca__n_components=2, input_selection__channel_selection__alpha=0.1, input_selection__feature_selection__threshold=0.01; total time= 1.0min
[CV] END channels_correlation_filter__corr_threshold=0.3, channels_pca__n_components=2, input_selection__channel_selection__alpha=0.1, input_selection__feature_selection__threshold=0.01; total time= 1.0min
[CV] END channels_correlation_filter__corr_threshold=0.3, channels_pca__n_components=2, input_selection__channel_selection__alpha=0.1, input_selection__feature_selection__threshold=0.01; total time= 1.1min
[CV] END channels_correlation_filter__corr_threshold=0.3, channels_pca__n_components=2, input_selection__channel_selection__alpha=0.1, input_selection__feature_selection__threshold=0.01; total time= 1.0min
[CV] END channels_correlation_filter__corr_threshold=0.3, channels_pca__n_components=2, input_selection__channel_selection__alpha=0.1, input_selection__feature_selection__threshold=0.01; total time= 1.1min
[CV] END channels_correlation_filter__corr_threshold=0.3, channels_pca__n_components=2, input_selection__channel_selection__alpha=0.1, input_selection__feature_selection__threshold=0.02; total time= 1.0min
[CV] END channels_correlation_filter__corr_threshold=0.3, channels_pca__n_components=2, input_selection__channel_selection__alpha=0.1, input_selection__feature_selection__threshold=0.02; total time= 1.0min
[CV] END channels_correlation_filter__corr_threshold=0.3, channels_pca__n_components=2, input_selection__channel_selection__alpha=0.1, input_selection__feature_selection__threshold=0.02; total time= 1.0min
[CV] END channels_correlation_filter__corr_threshold=0.3, channels_pca__n_components=2, input_selection__channel_selection__alpha=0.1, input_selection__feature_selection__threshold=0.02; total time= 1.0min
[CV] END channels_correlation_filter__corr_threshold=0.3, channels_pca__n_components=2, input_selection__channel_selection__alpha=0.1, input_selection__feature_selection__threshold=0.02; total time= 1.0min
[CV] END channels_correlation_filter__corr_threshold=0.3, channels_pca__n_components=2, input_selection__channel_selection__alpha=0.1, input_selection__feature_selection__threshold=0.02; total time= 1.0min
[CV] END channels_correlation_filter__corr_threshold=0.3, channels_pca__n_components=2, input_selection__channel_selection__alpha=0.1, input_selection__feature_selection__threshold=0.02; total time= 1.0min
[CV] END channels_correlation_filter__corr_threshold=0.3, channels_pca__n_components=2, input_selection__channel_selection__alpha=0.1, input_selection__feature_selection__threshold=0.02; total time= 1.0min
[CV] END channels_correlation_filter__corr_threshold=0.3, channels_pca__n_components=2, input_selection__channel_selection__alpha=0.1, input_selection__feature_selection__threshold=0.02; total time= 1.0min
[CV] END channels_correlation_filter__corr_threshold=0.3, channels_pca__n_components=2, input_selection__channel_selection__alpha=0.1, input_selection__feature_selection__threshold=0.02; total time= 1.0min
[CV] END channels_correlation_filter__corr_threshold=0.3, channels_pca__n_components=2, input_selection__channel_selection__alpha=0.1, input_selection__feature_selection__threshold=0.03; total time= 1.0min
[CV] END channels_correlation_filter__corr_threshold=0.3, channels_pca__n_components=2, input_selection__channel_selection__alpha=0.1, input_selection__feature_selection__threshold=0.03; total time= 1.0min
[CV] END channels_correlation_filter__corr_threshold=0.3, channels_pca__n_components=2, input_selection__channel_selection__alpha=0.1, input_selection__feature_selection__threshold=0.03; total time= 1.0min
[CV] END channels_correlation_filter__corr_threshold=0.3, channels_pca__n_components=2, input_selection__channel_selection__alpha=0.1, input_selection__feature_selection__threshold=0.03; total time= 1.0min
[CV] END channels_correlation_filter__corr_threshold=0.3, channels_pca__n_components=2, input_selection__channel_selection__alpha=0.1, input_selection__feature_selection__threshold=0.03; total time= 1.0min
[CV] END channels_correlation_filter__corr_threshold=0.3, channels_pca__n_components=2, input_selection__channel_selection__alpha=0.1, input_selection__feature_selection__threshold=0.03; total time= 1.0min
[CV] END channels_correlation_filter__corr_threshold=0.3, channels_pca__n_components=2, input_selection__channel_selection__alpha=0.1, input_selection__feature_selection__threshold=0.03; total time= 1.0min
[CV] END channels_correlation_filter__corr_threshold=0.3, channels_pca__n_components=2, input_selection__channel_selection__alpha=0.1, input_selection__feature_selection__threshold=0.03; total time= 1.0min
[CV] END channels_correlation_filter__corr_threshold=0.3, channels_pca__n_components=2, input_selection__channel_selection__alpha=0.1, input_selection__feature_selection__threshold=0.03; total time= 1.0min
[CV] END channels_correlation_filter__corr_threshold=0.3, channels_pca__n_components=2, input_selection__channel_selection__alpha=0.1, input_selection__feature_selection__threshold=0.03; total time= 1.0min
[CV] END channels_correlation_filter__corr_threshold=0.3, channels_pca__n_components=2, input_selection__channel_selection__alpha=0.1, input_selection__feature_selection__threshold=0.05; total time=  59.4s
[CV] END channels_correlation_filter__corr_threshold=0.3, channels_pca__n_components=2, input_selection__channel_selection__alpha=0.1, input_selection__feature_selection__threshold=0.05; total time= 1.0min
[CV] END channels_correlation_filter__corr_threshold=0.3, channels_pca__n_components=2, input_selection__channel_selection__alpha=0.1, input_selection__feature_selection__threshold=0.05; total time= 1.0min
[CV] END channels_correlation_filter__corr_threshold=0.3, channels_pca__n_components=2, input_selection__channel_selection__alpha=0.1, input_selection__feature_selection__threshold=0.05; total time= 1.0min
[CV] END channels_correlation_filter__corr_threshold=0.3, channels_pca__n_components=2, input_selection__channel_selection__alpha=0.1, input_selection__feature_selection__threshold=0.05; total time= 1.0min
[CV] END channels_correlation_filter__corr_threshold=0.3, channels_pca__n_components=2, input_selection__channel_selection__alpha=0.1, input_selection__feature_selection__threshold=0.05; total time= 1.0min
[CV] END channels_correlation_filter__corr_threshold=0.3, channels_pca__n_components=2, input_selection__channel_selection__alpha=0.1, input_selection__feature_selection__threshold=0.05; total time= 1.0min
[CV] END channels_correlation_filter__corr_threshold=0.3, channels_pca__n_components=2, input_selection__channel_selection__alpha=0.1, input_selection__feature_selection__threshold=0.05; total time= 1.0min
[CV] END channels_correlation_filter__corr_threshold=0.3, channels_pca__n_components=2, input_selection__channel_selection__alpha=0.1, input_selection__feature_selection__threshold=0.05; total time= 1.0min
[CV] END channels_correlation_filter__corr_threshold=0.3, channels_pca__n_components=2, input_selection__channel_selection__alpha=0.1, input_selection__feature_selection__threshold=0.05; total time= 1.0min
[CV] END channels_correlation_filter__corr_threshold=0.3, channels_pca__n_components=3, input_selection__channel_selection__alpha=0.01, input_selection__feature_selection__threshold=0.01; total time= 1.0min
[CV] END channels_correlation_filter__corr_threshold=0.3, channels_pca__n_components=3, input_selection__channel_selection__alpha=0.01, input_selection__feature_selection__threshold=0.01; total time= 1.0min
[CV] END channels_correlation_filter__corr_threshold=0.3, channels_pca__n_components=3, input_selection__channel_selection__alpha=0.01, input_selection__feature_selection__threshold=0.01; total time= 1.0min
[CV] END channels_correlation_filter__corr_threshold=0.3, channels_pca__n_components=3, input_selection__channel_selection__alpha=0.01, input_selection__feature_selection__threshold=0.01; total time= 1.0min
[CV] END channels_correlation_filter__corr_threshold=0.3, channels_pca__n_components=3, input_selection__channel_selection__alpha=0.01, input_selection__feature_selection__threshold=0.01; total time= 1.0min
[CV] END channels_correlation_filter__corr_threshold=0.3, channels_pca__n_components=3, input_selection__channel_selection__alpha=0.01, input_selection__feature_selection__threshold=0.01; total time= 1.0min
[CV] END channels_correlation_filter__corr_threshold=0.3, channels_pca__n_components=3, input_selection__channel_selection__alpha=0.01, input_selection__feature_selection__threshold=0.01; total time= 1.0min
[CV] END channels_correlation_filter__corr_threshold=0.3, channels_pca__n_components=3, input_selection__channel_selection__alpha=0.01, input_selection__feature_selection__threshold=0.01; total time= 1.0min
[CV] END channels_correlation_filter__corr_threshold=0.3, channels_pca__n_components=3, input_selection__channel_selection__alpha=0.01, input_selection__feature_selection__threshold=0.01; total time= 1.0min
[CV] END channels_correlation_filter__corr_threshold=0.3, channels_pca__n_components=3, input_selection__channel_selection__alpha=0.01, input_selection__feature_selection__threshold=0.01; total time= 1.0min
[CV] END channels_correlation_filter__corr_threshold=0.3, channels_pca__n_components=3, input_selection__channel_selection__alpha=0.01, input_selection__feature_selection__threshold=0.02; total time= 1.0min
[CV] END channels_correlation_filter__corr_threshold=0.3, channels_pca__n_components=3, input_selection__channel_selection__alpha=0.01, input_selection__feature_selection__threshold=0.02; total time= 1.0min
[CV] END channels_correlation_filter__corr_threshold=0.3, channels_pca__n_components=3, input_selection__channel_selection__alpha=0.01, input_selection__feature_selection__threshold=0.02; total time= 1.0min
[CV] END channels_correlation_filter__corr_threshold=0.3, channels_pca__n_components=3, input_selection__channel_selection__alpha=0.01, input_selection__feature_selection__threshold=0.02; total time= 1.0min
[CV] END channels_correlation_filter__corr_threshold=0.3, channels_pca__n_components=3, input_selection__channel_selection__alpha=0.01, input_selection__feature_selection__threshold=0.02; total time= 1.0min
[CV] END channels_correlation_filter__corr_threshold=0.3, channels_pca__n_components=3, input_selection__channel_selection__alpha=0.01, input_selection__feature_selection__threshold=0.02; total time= 1.0min
[CV] END channels_correlation_filter__corr_threshold=0.3, channels_pca__n_components=3, input_selection__channel_selection__alpha=0.01, input_selection__feature_selection__threshold=0.02; total time= 1.0min
[CV] END channels_correlation_filter__corr_threshold=0.3, channels_pca__n_components=3, input_selection__channel_selection__alpha=0.01, input_selection__feature_selection__threshold=0.02; total time= 1.0min
[CV] END channels_correlation_filter__corr_threshold=0.3, channels_pca__n_components=3, input_selection__channel_selection__alpha=0.01, input_selection__feature_selection__threshold=0.02; total time= 1.0min
[CV] END channels_correlation_filter__corr_threshold=0.3, channels_pca__n_components=3, input_selection__channel_selection__alpha=0.01, input_selection__feature_selection__threshold=0.02; total time= 1.0min
[CV] END channels_correlation_filter__corr_threshold=0.3, channels_pca__n_components=3, input_selection__channel_selection__alpha=0.01, input_selection__feature_selection__threshold=0.03; total time=  60.0s
[CV] END channels_correlation_filter__corr_threshold=0.3, channels_pca__n_components=3, input_selection__channel_selection__alpha=0.01, input_selection__feature_selection__threshold=0.03; total time=  59.6s
[CV] END channels_correlation_filter__corr_threshold=0.3, channels_pca__n_components=3, input_selection__channel_selection__alpha=0.01, input_selection__feature_selection__threshold=0.03; total time= 1.0min
[CV] END channels_correlation_filter__corr_threshold=0.3, channels_pca__n_components=3, input_selection__channel_selection__alpha=0.01, input_selection__feature_selection__threshold=0.03; total time= 1.0min
[CV] END channels_correlation_filter__corr_threshold=0.3, channels_pca__n_components=3, input_selection__channel_selection__alpha=0.01, input_selection__feature_selection__threshold=0.03; total time=  59.7s
[CV] END channels_correlation_filter__corr_threshold=0.3, channels_pca__n_components=3, input_selection__channel_selection__alpha=0.01, input_selection__feature_selection__threshold=0.03; total time= 1.0min
[CV] END channels_correlation_filter__corr_threshold=0.3, channels_pca__n_components=3, input_selection__channel_selection__alpha=0.01, input_selection__feature_selection__threshold=0.03; total time= 1.0min
[CV] END channels_correlation_filter__corr_threshold=0.3, channels_pca__n_components=3, input_selection__channel_selection__alpha=0.01, input_selection__feature_selection__threshold=0.03; total time= 1.0min
[CV] END channels_correlation_filter__corr_threshold=0.3, channels_pca__n_components=3, input_selection__channel_selection__alpha=0.01, input_selection__feature_selection__threshold=0.03; total time= 1.0min
[CV] END channels_correlation_filter__corr_threshold=0.3, channels_pca__n_components=3, input_selection__channel_selection__alpha=0.01, input_selection__feature_selection__threshold=0.03; total time= 1.0min
[CV] END channels_correlation_filter__corr_threshold=0.3, channels_pca__n_components=3, input_selection__channel_selection__alpha=0.01, input_selection__feature_selection__threshold=0.05; total time=  58.7s
[CV] END channels_correlation_filter__corr_threshold=0.3, channels_pca__n_components=3, input_selection__channel_selection__alpha=0.01, input_selection__feature_selection__threshold=0.05; total time=  59.4s
[CV] END channels_correlation_filter__corr_threshold=0.3, channels_pca__n_components=3, input_selection__channel_selection__alpha=0.01, input_selection__feature_selection__threshold=0.05; total time=  59.0s
[CV] END channels_correlation_filter__corr_threshold=0.3, channels_pca__n_components=3, input_selection__channel_selection__alpha=0.01, input_selection__feature_selection__threshold=0.05; total time=  59.9s
[CV] END channels_correlation_filter__corr_threshold=0.3, channels_pca__n_components=3, input_selection__channel_selection__alpha=0.01, input_selection__feature_selection__threshold=0.05; total time=  59.7s
[CV] END channels_correlation_filter__corr_threshold=0.3, channels_pca__n_components=3, input_selection__channel_selection__alpha=0.01, input_selection__feature_selection__threshold=0.05; total time=  59.9s
[CV] END channels_correlation_filter__corr_threshold=0.3, channels_pca__n_components=3, input_selection__channel_selection__alpha=0.01, input_selection__feature_selection__threshold=0.05; total time=  59.9s
[CV] END channels_correlation_filter__corr_threshold=0.3, channels_pca__n_components=3, input_selection__channel_selection__alpha=0.01, input_selection__feature_selection__threshold=0.05; total time=  59.7s
[CV] END channels_correlation_filter__corr_threshold=0.3, channels_pca__n_components=3, input_selection__channel_selection__alpha=0.01, input_selection__feature_selection__threshold=0.05; total time=  59.9s
[CV] END channels_correlation_filter__corr_threshold=0.3, channels_pca__n_components=3, input_selection__channel_selection__alpha=0.01, input_selection__feature_selection__threshold=0.05; total time= 1.0min
[CV] END channels_correlation_filter__corr_threshold=0.3, channels_pca__n_components=3, input_selection__channel_selection__alpha=0.05, input_selection__feature_selection__threshold=0.01; total time= 1.0min
[CV] END channels_correlation_filter__corr_threshold=0.3, channels_pca__n_components=3, input_selection__channel_selection__alpha=0.05, input_selection__feature_selection__threshold=0.01; total time= 1.0min
[CV] END channels_correlation_filter__corr_threshold=0.3, channels_pca__n_components=3, input_selection__channel_selection__alpha=0.05, input_selection__feature_selection__threshold=0.01; total time= 1.0min
[CV] END channels_correlation_filter__corr_threshold=0.3, channels_pca__n_components=3, input_selection__channel_selection__alpha=0.05, input_selection__feature_selection__threshold=0.01; total time= 1.0min
[CV] END channels_correlation_filter__corr_threshold=0.3, channels_pca__n_components=3, input_selection__channel_selection__alpha=0.05, input_selection__feature_selection__threshold=0.01; total time= 1.0min
[CV] END channels_correlation_filter__corr_threshold=0.3, channels_pca__n_components=3, input_selection__channel_selection__alpha=0.05, input_selection__feature_selection__threshold=0.01; total time= 1.0min
[CV] END channels_correlation_filter__corr_threshold=0.3, channels_pca__n_components=3, input_selection__channel_selection__alpha=0.05, input_selection__feature_selection__threshold=0.01; total time= 1.0min
[CV] END channels_correlation_filter__corr_threshold=0.3, channels_pca__n_components=3, input_selection__channel_selection__alpha=0.05, input_selection__feature_selection__threshold=0.01; total time= 1.0min
[CV] END channels_correlation_filter__corr_threshold=0.3, channels_pca__n_components=3, input_selection__channel_selection__alpha=0.05, input_selection__feature_selection__threshold=0.01; total time= 1.0min
[CV] END channels_correlation_filter__corr_threshold=0.3, channels_pca__n_components=3, input_selection__channel_selection__alpha=0.05, input_selection__feature_selection__threshold=0.01; total time= 1.0min
[CV] END channels_correlation_filter__corr_threshold=0.3, channels_pca__n_components=3, input_selection__channel_selection__alpha=0.05, input_selection__feature_selection__threshold=0.02; total time= 1.0min
[CV] END channels_correlation_filter__corr_threshold=0.3, channels_pca__n_components=3, input_selection__channel_selection__alpha=0.05, input_selection__feature_selection__threshold=0.02; total time= 1.0min
[CV] END channels_correlation_filter__corr_threshold=0.3, channels_pca__n_components=3, input_selection__channel_selection__alpha=0.05, input_selection__feature_selection__threshold=0.02; total time= 1.0min
[CV] END channels_correlation_filter__corr_threshold=0.3, channels_pca__n_components=3, input_selection__channel_selection__alpha=0.05, input_selection__feature_selection__threshold=0.02; total time= 1.0min
[CV] END channels_correlation_filter__corr_threshold=0.3, channels_pca__n_components=3, input_selection__channel_selection__alpha=0.05, input_selection__feature_selection__threshold=0.02; total time= 1.0min
[CV] END channels_correlation_filter__corr_threshold=0.3, channels_pca__n_components=3, input_selection__channel_selection__alpha=0.05, input_selection__feature_selection__threshold=0.02; total time= 1.0min
[CV] END channels_correlation_filter__corr_threshold=0.3, channels_pca__n_components=3, input_selection__channel_selection__alpha=0.05, input_selection__feature_selection__threshold=0.02; total time= 1.0min
[CV] END channels_correlation_filter__corr_threshold=0.3, channels_pca__n_components=3, input_selection__channel_selection__alpha=0.05, input_selection__feature_selection__threshold=0.02; total time= 1.0min
[CV] END channels_correlation_filter__corr_threshold=0.3, channels_pca__n_components=3, input_selection__channel_selection__alpha=0.05, input_selection__feature_selection__threshold=0.02; total time= 1.0min
[CV] END channels_correlation_filter__corr_threshold=0.3, channels_pca__n_components=3, input_selection__channel_selection__alpha=0.05, input_selection__feature_selection__threshold=0.02; total time= 1.0min
[CV] END channels_correlation_filter__corr_threshold=0.3, channels_pca__n_components=3, input_selection__channel_selection__alpha=0.05, input_selection__feature_selection__threshold=0.03; total time= 1.0min
[CV] END channels_correlation_filter__corr_threshold=0.3, channels_pca__n_components=3, input_selection__channel_selection__alpha=0.05, input_selection__feature_selection__threshold=0.03; total time= 1.0min
[CV] END channels_correlation_filter__corr_threshold=0.3, channels_pca__n_components=3, input_selection__channel_selection__alpha=0.05, input_selection__feature_selection__threshold=0.03; total time= 1.0min
[CV] END channels_correlation_filter__corr_threshold=0.3, channels_pca__n_components=3, input_selection__channel_selection__alpha=0.05, input_selection__feature_selection__threshold=0.03; total time= 1.0min
[CV] END channels_correlation_filter__corr_threshold=0.3, channels_pca__n_components=3, input_selection__channel_selection__alpha=0.05, input_selection__feature_selection__threshold=0.03; total time= 1.0min
[CV] END channels_correlation_filter__corr_threshold=0.3, channels_pca__n_components=3, input_selection__channel_selection__alpha=0.05, input_selection__feature_selection__threshold=0.03; total time= 1.0min
[CV] END channels_correlation_filter__corr_threshold=0.3, channels_pca__n_components=3, input_selection__channel_selection__alpha=0.05, input_selection__feature_selection__threshold=0.03; total time= 1.0min
[CV] END channels_correlation_filter__corr_threshold=0.3, channels_pca__n_components=3, input_selection__channel_selection__alpha=0.05, input_selection__feature_selection__threshold=0.03; total time= 1.0min
[CV] END channels_correlation_filter__corr_threshold=0.3, channels_pca__n_components=3, input_selection__channel_selection__alpha=0.05, input_selection__feature_selection__threshold=0.03; total time= 1.0min
[CV] END channels_correlation_filter__corr_threshold=0.3, channels_pca__n_components=3, input_selection__channel_selection__alpha=0.05, input_selection__feature_selection__threshold=0.03; total time= 1.0min
[CV] END channels_correlation_filter__corr_threshold=0.3, channels_pca__n_components=3, input_selection__channel_selection__alpha=0.05, input_selection__feature_selection__threshold=0.05; total time=  59.3s
[CV] END channels_correlation_filter__corr_threshold=0.3, channels_pca__n_components=3, input_selection__channel_selection__alpha=0.05, input_selection__feature_selection__threshold=0.05; total time=  59.9s
[CV] END channels_correlation_filter__corr_threshold=0.3, channels_pca__n_components=3, input_selection__channel_selection__alpha=0.05, input_selection__feature_selection__threshold=0.05; total time=  60.0s
[CV] END channels_correlation_filter__corr_threshold=0.3, channels_pca__n_components=3, input_selection__channel_selection__alpha=0.05, input_selection__feature_selection__threshold=0.05; total time= 1.0min
[CV] END channels_correlation_filter__corr_threshold=0.3, channels_pca__n_components=3, input_selection__channel_selection__alpha=0.05, input_selection__feature_selection__threshold=0.05; total time= 1.0min
[CV] END channels_correlation_filter__corr_threshold=0.3, channels_pca__n_components=3, input_selection__channel_selection__alpha=0.05, input_selection__feature_selection__threshold=0.05; total time= 1.0min
[CV] END channels_correlation_filter__corr_threshold=0.3, channels_pca__n_components=3, input_selection__channel_selection__alpha=0.05, input_selection__feature_selection__threshold=0.05; total time=  59.7s
[CV] END channels_correlation_filter__corr_threshold=0.3, channels_pca__n_components=3, input_selection__channel_selection__alpha=0.05, input_selection__feature_selection__threshold=0.05; total time= 1.0min
[CV] END channels_correlation_filter__corr_threshold=0.3, channels_pca__n_components=3, input_selection__channel_selection__alpha=0.05, input_selection__feature_selection__threshold=0.05; total time= 1.0min
[CV] END channels_correlation_filter__corr_threshold=0.3, channels_pca__n_components=3, input_selection__channel_selection__alpha=0.05, input_selection__feature_selection__threshold=0.05; total time= 1.0min
[CV] END channels_correlation_filter__corr_threshold=0.3, channels_pca__n_components=3, input_selection__channel_selection__alpha=0.1, input_selection__feature_selection__threshold=0.01; total time= 1.0min
[CV] END channels_correlation_filter__corr_threshold=0.3, channels_pca__n_components=3, input_selection__channel_selection__alpha=0.1, input_selection__feature_selection__threshold=0.01; total time= 1.0min
[CV] END channels_correlation_filter__corr_threshold=0.3, channels_pca__n_components=3, input_selection__channel_selection__alpha=0.1, input_selection__feature_selection__threshold=0.01; total time= 1.0min
[CV] END channels_correlation_filter__corr_threshold=0.3, channels_pca__n_components=3, input_selection__channel_selection__alpha=0.1, input_selection__feature_selection__threshold=0.01; total time= 1.0min
[CV] END channels_correlation_filter__corr_threshold=0.3, channels_pca__n_components=3, input_selection__channel_selection__alpha=0.1, input_selection__feature_selection__threshold=0.01; total time= 1.0min
[CV] END channels_correlation_filter__corr_threshold=0.3, channels_pca__n_components=3, input_selection__channel_selection__alpha=0.1, input_selection__feature_selection__threshold=0.01; total time= 1.0min
[CV] END channels_correlation_filter__corr_threshold=0.3, channels_pca__n_components=3, input_selection__channel_selection__alpha=0.1, input_selection__feature_selection__threshold=0.01; total time= 1.0min
[CV] END channels_correlation_filter__corr_threshold=0.3, channels_pca__n_components=3, input_selection__channel_selection__alpha=0.1, input_selection__feature_selection__threshold=0.01; total time= 1.1min
[CV] END channels_correlation_filter__corr_threshold=0.3, channels_pca__n_components=3, input_selection__channel_selection__alpha=0.1, input_selection__feature_selection__threshold=0.01; total time= 1.0min
[CV] END channels_correlation_filter__corr_threshold=0.3, channels_pca__n_components=3, input_selection__channel_selection__alpha=0.1, input_selection__feature_selection__threshold=0.01; total time= 1.1min
[CV] END channels_correlation_filter__corr_threshold=0.3, channels_pca__n_components=3, input_selection__channel_selection__alpha=0.1, input_selection__feature_selection__threshold=0.02; total time= 1.0min
[CV] END channels_correlation_filter__corr_threshold=0.3, channels_pca__n_components=3, input_selection__channel_selection__alpha=0.1, input_selection__feature_selection__threshold=0.02; total time= 1.0min
[CV] END channels_correlation_filter__corr_threshold=0.3, channels_pca__n_components=3, input_selection__channel_selection__alpha=0.1, input_selection__feature_selection__threshold=0.02; total time= 1.0min
[CV] END channels_correlation_filter__corr_threshold=0.3, channels_pca__n_components=3, input_selection__channel_selection__alpha=0.1, input_selection__feature_selection__threshold=0.02; total time= 1.0min
[CV] END channels_correlation_filter__corr_threshold=0.3, channels_pca__n_components=3, input_selection__channel_selection__alpha=0.1, input_selection__feature_selection__threshold=0.02; total time= 1.0min
[CV] END channels_correlation_filter__corr_threshold=0.3, channels_pca__n_components=3, input_selection__channel_selection__alpha=0.1, input_selection__feature_selection__threshold=0.02; total time= 1.0min
[CV] END channels_correlation_filter__corr_threshold=0.3, channels_pca__n_components=3, input_selection__channel_selection__alpha=0.1, input_selection__feature_selection__threshold=0.02; total time= 1.0min
[CV] END channels_correlation_filter__corr_threshold=0.3, channels_pca__n_components=3, input_selection__channel_selection__alpha=0.1, input_selection__feature_selection__threshold=0.02; total time= 1.0min
[CV] END channels_correlation_filter__corr_threshold=0.3, channels_pca__n_components=3, input_selection__channel_selection__alpha=0.1, input_selection__feature_selection__threshold=0.02; total time= 1.0min
[CV] END channels_correlation_filter__corr_threshold=0.3, channels_pca__n_components=3, input_selection__channel_selection__alpha=0.1, input_selection__feature_selection__threshold=0.02; total time= 1.0min
[CV] END channels_correlation_filter__corr_threshold=0.3, channels_pca__n_components=3, input_selection__channel_selection__alpha=0.1, input_selection__feature_selection__threshold=0.03; total time= 1.0min
[CV] END channels_correlation_filter__corr_threshold=0.3, channels_pca__n_components=3, input_selection__channel_selection__alpha=0.1, input_selection__feature_selection__threshold=0.03; total time= 1.0min
[CV] END channels_correlation_filter__corr_threshold=0.3, channels_pca__n_components=3, input_selection__channel_selection__alpha=0.1, input_selection__feature_selection__threshold=0.03; total time= 1.0min
[CV] END channels_correlation_filter__corr_threshold=0.3, channels_pca__n_components=3, input_selection__channel_selection__alpha=0.1, input_selection__feature_selection__threshold=0.03; total time= 1.0min
[CV] END channels_correlation_filter__corr_threshold=0.3, channels_pca__n_components=3, input_selection__channel_selection__alpha=0.1, input_selection__feature_selection__threshold=0.03; total time= 1.0min
[CV] END channels_correlation_filter__corr_threshold=0.3, channels_pca__n_components=3, input_selection__channel_selection__alpha=0.1, input_selection__feature_selection__threshold=0.03; total time= 1.0min
[CV] END channels_correlation_filter__corr_threshold=0.3, channels_pca__n_components=3, input_selection__channel_selection__alpha=0.1, input_selection__feature_selection__threshold=0.03; total time= 1.0min
[CV] END channels_correlation_filter__corr_threshold=0.3, channels_pca__n_components=3, input_selection__channel_selection__alpha=0.1, input_selection__feature_selection__threshold=0.03; total time= 1.0min
[CV] END channels_correlation_filter__corr_threshold=0.3, channels_pca__n_components=3, input_selection__channel_selection__alpha=0.1, input_selection__feature_selection__threshold=0.03; total time= 1.0min
[CV] END channels_correlation_filter__corr_threshold=0.3, channels_pca__n_components=3, input_selection__channel_selection__alpha=0.1, input_selection__feature_selection__threshold=0.03; total time= 1.0min
[CV] END channels_correlation_filter__corr_threshold=0.3, channels_pca__n_components=3, input_selection__channel_selection__alpha=0.1, input_selection__feature_selection__threshold=0.05; total time=  59.7s
[CV] END channels_correlation_filter__corr_threshold=0.3, channels_pca__n_components=3, input_selection__channel_selection__alpha=0.1, input_selection__feature_selection__threshold=0.05; total time= 1.0min
[CV] END channels_correlation_filter__corr_threshold=0.3, channels_pca__n_components=3, input_selection__channel_selection__alpha=0.1, input_selection__feature_selection__threshold=0.05; total time= 1.0min
[CV] END channels_correlation_filter__corr_threshold=0.3, channels_pca__n_components=3, input_selection__channel_selection__alpha=0.1, input_selection__feature_selection__threshold=0.05; total time= 1.0min
[CV] END channels_correlation_filter__corr_threshold=0.3, channels_pca__n_components=3, input_selection__channel_selection__alpha=0.1, input_selection__feature_selection__threshold=0.05; total time= 1.0min
[CV] END channels_correlation_filter__corr_threshold=0.3, channels_pca__n_components=3, input_selection__channel_selection__alpha=0.1, input_selection__feature_selection__threshold=0.05; total time= 1.0min
[CV] END channels_correlation_filter__corr_threshold=0.3, channels_pca__n_components=3, input_selection__channel_selection__alpha=0.1, input_selection__feature_selection__threshold=0.05; total time= 1.0min
[CV] END channels_correlation_filter__corr_threshold=0.3, channels_pca__n_components=3, input_selection__channel_selection__alpha=0.1, input_selection__feature_selection__threshold=0.05; total time= 1.0min
[CV] END channels_correlation_filter__corr_threshold=0.3, channels_pca__n_components=3, input_selection__channel_selection__alpha=0.1, input_selection__feature_selection__threshold=0.05; total time= 1.0min
[CV] END channels_correlation_filter__corr_threshold=0.3, channels_pca__n_components=3, input_selection__channel_selection__alpha=0.1, input_selection__feature_selection__threshold=0.05; total time= 1.0min
[CV] END channels_correlation_filter__corr_threshold=0.3, channels_pca__n_components=5, input_selection__channel_selection__alpha=0.01, input_selection__feature_selection__threshold=0.01; total time= 1.0min
[CV] END channels_correlation_filter__corr_threshold=0.3, channels_pca__n_components=5, input_selection__channel_selection__alpha=0.01, input_selection__feature_selection__threshold=0.01; total time= 1.0min
[CV] END channels_correlation_filter__corr_threshold=0.3, channels_pca__n_components=5, input_selection__channel_selection__alpha=0.01, input_selection__feature_selection__threshold=0.01; total time= 1.0min
[CV] END channels_correlation_filter__corr_threshold=0.3, channels_pca__n_components=5, input_selection__channel_selection__alpha=0.01, input_selection__feature_selection__threshold=0.01; total time= 1.0min
[CV] END channels_correlation_filter__corr_threshold=0.3, channels_pca__n_components=5, input_selection__channel_selection__alpha=0.01, input_selection__feature_selection__threshold=0.01; total time= 1.0min
[CV] END channels_correlation_filter__corr_threshold=0.3, channels_pca__n_components=5, input_selection__channel_selection__alpha=0.01, input_selection__feature_selection__threshold=0.01; total time= 1.0min
[CV] END channels_correlation_filter__corr_threshold=0.3, channels_pca__n_components=5, input_selection__channel_selection__alpha=0.01, input_selection__feature_selection__threshold=0.01; total time= 1.0min
[CV] END channels_correlation_filter__corr_threshold=0.3, channels_pca__n_components=5, input_selection__channel_selection__alpha=0.01, input_selection__feature_selection__threshold=0.01; total time= 1.0min
[CV] END channels_correlation_filter__corr_threshold=0.3, channels_pca__n_components=5, input_selection__channel_selection__alpha=0.01, input_selection__feature_selection__threshold=0.01; total time= 1.0min
[CV] END channels_correlation_filter__corr_threshold=0.3, channels_pca__n_components=5, input_selection__channel_selection__alpha=0.01, input_selection__feature_selection__threshold=0.01; total time= 1.0min
[CV] END channels_correlation_filter__corr_threshold=0.3, channels_pca__n_components=5, input_selection__channel_selection__alpha=0.01, input_selection__feature_selection__threshold=0.02; total time= 1.0min
[CV] END channels_correlation_filter__corr_threshold=0.3, channels_pca__n_components=5, input_selection__channel_selection__alpha=0.01, input_selection__feature_selection__threshold=0.02; total time= 1.0min
[CV] END channels_correlation_filter__corr_threshold=0.3, channels_pca__n_components=5, input_selection__channel_selection__alpha=0.01, input_selection__feature_selection__threshold=0.02; total time= 1.0min
[CV] END channels_correlation_filter__corr_threshold=0.3, channels_pca__n_components=5, input_selection__channel_selection__alpha=0.01, input_selection__feature_selection__threshold=0.02; total time= 1.0min
[CV] END channels_correlation_filter__corr_threshold=0.3, channels_pca__n_components=5, input_selection__channel_selection__alpha=0.01, input_selection__feature_selection__threshold=0.02; total time= 1.0min
[CV] END channels_correlation_filter__corr_threshold=0.3, channels_pca__n_components=5, input_selection__channel_selection__alpha=0.01, input_selection__feature_selection__threshold=0.02; total time= 1.0min
[CV] END channels_correlation_filter__corr_threshold=0.3, channels_pca__n_components=5, input_selection__channel_selection__alpha=0.01, input_selection__feature_selection__threshold=0.02; total time= 1.0min
[CV] END channels_correlation_filter__corr_threshold=0.3, channels_pca__n_components=5, input_selection__channel_selection__alpha=0.01, input_selection__feature_selection__threshold=0.02; total time= 1.0min
[CV] END channels_correlation_filter__corr_threshold=0.3, channels_pca__n_components=5, input_selection__channel_selection__alpha=0.01, input_selection__feature_selection__threshold=0.02; total time= 1.0min
[CV] END channels_correlation_filter__corr_threshold=0.3, channels_pca__n_components=5, input_selection__channel_selection__alpha=0.01, input_selection__feature_selection__threshold=0.02; total time= 1.0min
[CV] END channels_correlation_filter__corr_threshold=0.3, channels_pca__n_components=5, input_selection__channel_selection__alpha=0.01, input_selection__feature_selection__threshold=0.03; total time= 1.0min
[CV] END channels_correlation_filter__corr_threshold=0.3, channels_pca__n_components=5, input_selection__channel_selection__alpha=0.01, input_selection__feature_selection__threshold=0.03; total time= 1.0min
[CV] END channels_correlation_filter__corr_threshold=0.3, channels_pca__n_components=5, input_selection__channel_selection__alpha=0.01, input_selection__feature_selection__threshold=0.03; total time= 1.0min
[CV] END channels_correlation_filter__corr_threshold=0.3, channels_pca__n_components=5, input_selection__channel_selection__alpha=0.01, input_selection__feature_selection__threshold=0.03; total time= 1.0min
[CV] END channels_correlation_filter__corr_threshold=0.3, channels_pca__n_components=5, input_selection__channel_selection__alpha=0.01, input_selection__feature_selection__threshold=0.03; total time= 1.0min
[CV] END channels_correlation_filter__corr_threshold=0.3, channels_pca__n_components=5, input_selection__channel_selection__alpha=0.01, input_selection__feature_selection__threshold=0.03; total time= 1.0min
[CV] END channels_correlation_filter__corr_threshold=0.3, channels_pca__n_components=5, input_selection__channel_selection__alpha=0.01, input_selection__feature_selection__threshold=0.03; total time= 1.0min
[CV] END channels_correlation_filter__corr_threshold=0.3, channels_pca__n_components=5, input_selection__channel_selection__alpha=0.01, input_selection__feature_selection__threshold=0.03; total time= 1.0min
[CV] END channels_correlation_filter__corr_threshold=0.3, channels_pca__n_components=5, input_selection__channel_selection__alpha=0.01, input_selection__feature_selection__threshold=0.03; total time= 1.0min
[CV] END channels_correlation_filter__corr_threshold=0.3, channels_pca__n_components=5, input_selection__channel_selection__alpha=0.01, input_selection__feature_selection__threshold=0.03; total time= 1.0min
[CV] END channels_correlation_filter__corr_threshold=0.3, channels_pca__n_components=5, input_selection__channel_selection__alpha=0.01, input_selection__feature_selection__threshold=0.05; total time=  58.9s
[CV] END channels_correlation_filter__corr_threshold=0.3, channels_pca__n_components=5, input_selection__channel_selection__alpha=0.01, input_selection__feature_selection__threshold=0.05; total time=  59.8s
[CV] END channels_correlation_filter__corr_threshold=0.3, channels_pca__n_components=5, input_selection__channel_selection__alpha=0.01, input_selection__feature_selection__threshold=0.05; total time=  59.1s
[CV] END channels_correlation_filter__corr_threshold=0.3, channels_pca__n_components=5, input_selection__channel_selection__alpha=0.01, input_selection__feature_selection__threshold=0.05; total time= 1.0min
[CV] END channels_correlation_filter__corr_threshold=0.3, channels_pca__n_components=5, input_selection__channel_selection__alpha=0.01, input_selection__feature_selection__threshold=0.05; total time=  59.8s
[CV] END channels_correlation_filter__corr_threshold=0.3, channels_pca__n_components=5, input_selection__channel_selection__alpha=0.01, input_selection__feature_selection__threshold=0.05; total time= 1.0min
[CV] END channels_correlation_filter__corr_threshold=0.3, channels_pca__n_components=5, input_selection__channel_selection__alpha=0.01, input_selection__feature_selection__threshold=0.05; total time=  59.5s
[CV] END channels_correlation_filter__corr_threshold=0.3, channels_pca__n_components=5, input_selection__channel_selection__alpha=0.01, input_selection__feature_selection__threshold=0.05; total time=  59.9s
[CV] END channels_correlation_filter__corr_threshold=0.3, channels_pca__n_components=5, input_selection__channel_selection__alpha=0.01, input_selection__feature_selection__threshold=0.05; total time= 1.0min
[CV] END channels_correlation_filter__corr_threshold=0.3, channels_pca__n_components=5, input_selection__channel_selection__alpha=0.01, input_selection__feature_selection__threshold=0.05; total time= 1.0min
[CV] END channels_correlation_filter__corr_threshold=0.3, channels_pca__n_components=5, input_selection__channel_selection__alpha=0.05, input_selection__feature_selection__threshold=0.01; total time= 1.0min
[CV] END channels_correlation_filter__corr_threshold=0.3, channels_pca__n_components=5, input_selection__channel_selection__alpha=0.05, input_selection__feature_selection__threshold=0.01; total time= 1.0min
[CV] END channels_correlation_filter__corr_threshold=0.3, channels_pca__n_components=5, input_selection__channel_selection__alpha=0.05, input_selection__feature_selection__threshold=0.01; total time= 1.0min
[CV] END channels_correlation_filter__corr_threshold=0.3, channels_pca__n_components=5, input_selection__channel_selection__alpha=0.05, input_selection__feature_selection__threshold=0.01; total time= 1.0min
[CV] END channels_correlation_filter__corr_threshold=0.3, channels_pca__n_components=5, input_selection__channel_selection__alpha=0.05, input_selection__feature_selection__threshold=0.01; total time= 1.0min
[CV] END channels_correlation_filter__corr_threshold=0.3, channels_pca__n_components=5, input_selection__channel_selection__alpha=0.05, input_selection__feature_selection__threshold=0.01; total time= 1.0min
[CV] END channels_correlation_filter__corr_threshold=0.3, channels_pca__n_components=5, input_selection__channel_selection__alpha=0.05, input_selection__feature_selection__threshold=0.01; total time= 1.0min
[CV] END channels_correlation_filter__corr_threshold=0.3, channels_pca__n_components=5, input_selection__channel_selection__alpha=0.05, input_selection__feature_selection__threshold=0.01; total time= 1.0min
[CV] END channels_correlation_filter__corr_threshold=0.3, channels_pca__n_components=5, input_selection__channel_selection__alpha=0.05, input_selection__feature_selection__threshold=0.01; total time= 1.0min
[CV] END channels_correlation_filter__corr_threshold=0.3, channels_pca__n_components=5, input_selection__channel_selection__alpha=0.05, input_selection__feature_selection__threshold=0.01; total time= 1.1min
[CV] END channels_correlation_filter__corr_threshold=0.3, channels_pca__n_components=5, input_selection__channel_selection__alpha=0.05, input_selection__feature_selection__threshold=0.02; total time= 1.0min
[CV] END channels_correlation_filter__corr_threshold=0.3, channels_pca__n_components=5, input_selection__channel_selection__alpha=0.05, input_selection__feature_selection__threshold=0.02; total time= 1.0min
[CV] END channels_correlation_filter__corr_threshold=0.3, channels_pca__n_components=5, input_selection__channel_selection__alpha=0.05, input_selection__feature_selection__threshold=0.02; total time= 1.0min
[CV] END channels_correlation_filter__corr_threshold=0.3, channels_pca__n_components=5, input_selection__channel_selection__alpha=0.05, input_selection__feature_selection__threshold=0.02; total time= 1.0min
[CV] END channels_correlation_filter__corr_threshold=0.3, channels_pca__n_components=5, input_selection__channel_selection__alpha=0.05, input_selection__feature_selection__threshold=0.02; total time= 1.0min
[CV] END channels_correlation_filter__corr_threshold=0.3, channels_pca__n_components=5, input_selection__channel_selection__alpha=0.05, input_selection__feature_selection__threshold=0.02; total time= 1.0min
[CV] END channels_correlation_filter__corr_threshold=0.3, channels_pca__n_components=5, input_selection__channel_selection__alpha=0.05, input_selection__feature_selection__threshold=0.02; total time= 1.0min
[CV] END channels_correlation_filter__corr_threshold=0.3, channels_pca__n_components=5, input_selection__channel_selection__alpha=0.05, input_selection__feature_selection__threshold=0.02; total time= 1.0min
[CV] END channels_correlation_filter__corr_threshold=0.3, channels_pca__n_components=5, input_selection__channel_selection__alpha=0.05, input_selection__feature_selection__threshold=0.02; total time= 1.0min
[CV] END channels_correlation_filter__corr_threshold=0.3, channels_pca__n_components=5, input_selection__channel_selection__alpha=0.05, input_selection__feature_selection__threshold=0.02; total time= 1.0min
[CV] END channels_correlation_filter__corr_threshold=0.3, channels_pca__n_components=5, input_selection__channel_selection__alpha=0.05, input_selection__feature_selection__threshold=0.03; total time= 1.0min
[CV] END channels_correlation_filter__corr_threshold=0.3, channels_pca__n_components=5, input_selection__channel_selection__alpha=0.05, input_selection__feature_selection__threshold=0.03; total time= 1.0min
[CV] END channels_correlation_filter__corr_threshold=0.3, channels_pca__n_components=5, input_selection__channel_selection__alpha=0.05, input_selection__feature_selection__threshold=0.03; total time= 1.0min
[CV] END channels_correlation_filter__corr_threshold=0.3, channels_pca__n_components=5, input_selection__channel_selection__alpha=0.05, input_selection__feature_selection__threshold=0.03; total time= 1.0min
[CV] END channels_correlation_filter__corr_threshold=0.3, channels_pca__n_components=5, input_selection__channel_selection__alpha=0.05, input_selection__feature_selection__threshold=0.03; total time= 1.0min
[CV] END channels_correlation_filter__corr_threshold=0.3, channels_pca__n_components=5, input_selection__channel_selection__alpha=0.05, input_selection__feature_selection__threshold=0.03; total time= 1.0min
[CV] END channels_correlation_filter__corr_threshold=0.3, channels_pca__n_components=5, input_selection__channel_selection__alpha=0.05, input_selection__feature_selection__threshold=0.03; total time= 1.0min
[CV] END channels_correlation_filter__corr_threshold=0.3, channels_pca__n_components=5, input_selection__channel_selection__alpha=0.05, input_selection__feature_selection__threshold=0.03; total time= 1.0min
[CV] END channels_correlation_filter__corr_threshold=0.3, channels_pca__n_components=5, input_selection__channel_selection__alpha=0.05, input_selection__feature_selection__threshold=0.03; total time= 1.0min
[CV] END channels_correlation_filter__corr_threshold=0.3, channels_pca__n_components=5, input_selection__channel_selection__alpha=0.05, input_selection__feature_selection__threshold=0.03; total time= 1.0min
[CV] END channels_correlation_filter__corr_threshold=0.3, channels_pca__n_components=5, input_selection__channel_selection__alpha=0.05, input_selection__feature_selection__threshold=0.05; total time=  59.3s
[CV] END channels_correlation_filter__corr_threshold=0.3, channels_pca__n_components=5, input_selection__channel_selection__alpha=0.05, input_selection__feature_selection__threshold=0.05; total time=  60.0s
[CV] END channels_correlation_filter__corr_threshold=0.3, channels_pca__n_components=5, input_selection__channel_selection__alpha=0.05, input_selection__feature_selection__threshold=0.05; total time=  59.7s
[CV] END channels_correlation_filter__corr_threshold=0.3, channels_pca__n_components=5, input_selection__channel_selection__alpha=0.05, input_selection__feature_selection__threshold=0.05; total time= 1.0min
[CV] END channels_correlation_filter__corr_threshold=0.3, channels_pca__n_components=5, input_selection__channel_selection__alpha=0.05, input_selection__feature_selection__threshold=0.05; total time= 1.0min
[CV] END channels_correlation_filter__corr_threshold=0.3, channels_pca__n_components=5, input_selection__channel_selection__alpha=0.05, input_selection__feature_selection__threshold=0.05; total time= 1.0min
[CV] END channels_correlation_filter__corr_threshold=0.3, channels_pca__n_components=5, input_selection__channel_selection__alpha=0.05, input_selection__feature_selection__threshold=0.05; total time= 1.0min
[CV] END channels_correlation_filter__corr_threshold=0.3, channels_pca__n_components=5, input_selection__channel_selection__alpha=0.05, input_selection__feature_selection__threshold=0.05; total time= 1.0min
[CV] END channels_correlation_filter__corr_threshold=0.3, channels_pca__n_components=5, input_selection__channel_selection__alpha=0.05, input_selection__feature_selection__threshold=0.05; total time= 1.0min
[CV] END channels_correlation_filter__corr_threshold=0.3, channels_pca__n_components=5, input_selection__channel_selection__alpha=0.05, input_selection__feature_selection__threshold=0.05; total time= 1.0min
[CV] END channels_correlation_filter__corr_threshold=0.3, channels_pca__n_components=5, input_selection__channel_selection__alpha=0.1, input_selection__feature_selection__threshold=0.01; total time= 1.0min
[CV] END channels_correlation_filter__corr_threshold=0.3, channels_pca__n_components=5, input_selection__channel_selection__alpha=0.1, input_selection__feature_selection__threshold=0.01; total time= 1.0min
[CV] END channels_correlation_filter__corr_threshold=0.3, channels_pca__n_components=5, input_selection__channel_selection__alpha=0.1, input_selection__feature_selection__threshold=0.01; total time= 1.0min
[CV] END channels_correlation_filter__corr_threshold=0.3, channels_pca__n_components=5, input_selection__channel_selection__alpha=0.1, input_selection__feature_selection__threshold=0.01; total time= 1.1min
[CV] END channels_correlation_filter__corr_threshold=0.3, channels_pca__n_components=5, input_selection__channel_selection__alpha=0.1, input_selection__feature_selection__threshold=0.01; total time= 1.0min
[CV] END channels_correlation_filter__corr_threshold=0.3, channels_pca__n_components=5, input_selection__channel_selection__alpha=0.1, input_selection__feature_selection__threshold=0.01; total time= 1.1min
[CV] END channels_correlation_filter__corr_threshold=0.3, channels_pca__n_components=5, input_selection__channel_selection__alpha=0.1, input_selection__feature_selection__threshold=0.01; total time= 1.1min
[CV] END channels_correlation_filter__corr_threshold=0.3, channels_pca__n_components=5, input_selection__channel_selection__alpha=0.1, input_selection__feature_selection__threshold=0.01; total time= 1.1min
[CV] END channels_correlation_filter__corr_threshold=0.3, channels_pca__n_components=5, input_selection__channel_selection__alpha=0.1, input_selection__feature_selection__threshold=0.01; total time= 1.1min
[CV] END channels_correlation_filter__corr_threshold=0.3, channels_pca__n_components=5, input_selection__channel_selection__alpha=0.1, input_selection__feature_selection__threshold=0.01; total time= 1.1min
[CV] END channels_correlation_filter__corr_threshold=0.3, channels_pca__n_components=5, input_selection__channel_selection__alpha=0.1, input_selection__feature_selection__threshold=0.02; total time= 1.0min
[CV] END channels_correlation_filter__corr_threshold=0.3, channels_pca__n_components=5, input_selection__channel_selection__alpha=0.1, input_selection__feature_selection__threshold=0.02; total time= 1.0min
[CV] END channels_correlation_filter__corr_threshold=0.3, channels_pca__n_components=5, input_selection__channel_selection__alpha=0.1, input_selection__feature_selection__threshold=0.02; total time= 1.0min
[CV] END channels_correlation_filter__corr_threshold=0.3, channels_pca__n_components=5, input_selection__channel_selection__alpha=0.1, input_selection__feature_selection__threshold=0.02; total time= 1.0min
[CV] END channels_correlation_filter__corr_threshold=0.3, channels_pca__n_components=5, input_selection__channel_selection__alpha=0.1, input_selection__feature_selection__threshold=0.02; total time= 1.0min
[CV] END channels_correlation_filter__corr_threshold=0.3, channels_pca__n_components=5, input_selection__channel_selection__alpha=0.1, input_selection__feature_selection__threshold=0.02; total time= 1.1min
[CV] END channels_correlation_filter__corr_threshold=0.3, channels_pca__n_components=5, input_selection__channel_selection__alpha=0.1, input_selection__feature_selection__threshold=0.02; total time= 1.0min
[CV] END channels_correlation_filter__corr_threshold=0.3, channels_pca__n_components=5, input_selection__channel_selection__alpha=0.1, input_selection__feature_selection__threshold=0.02; total time= 1.0min
[CV] END channels_correlation_filter__corr_threshold=0.3, channels_pca__n_components=5, input_selection__channel_selection__alpha=0.1, input_selection__feature_selection__threshold=0.02; total time= 1.1min
[CV] END channels_correlation_filter__corr_threshold=0.3, channels_pca__n_components=5, input_selection__channel_selection__alpha=0.1, input_selection__feature_selection__threshold=0.02; total time= 1.0min
[CV] END channels_correlation_filter__corr_threshold=0.3, channels_pca__n_components=5, input_selection__channel_selection__alpha=0.1, input_selection__feature_selection__threshold=0.03; total time= 1.0min
[CV] END channels_correlation_filter__corr_threshold=0.3, channels_pca__n_components=5, input_selection__channel_selection__alpha=0.1, input_selection__feature_selection__threshold=0.03; total time= 1.0min
[CV] END channels_correlation_filter__corr_threshold=0.3, channels_pca__n_components=5, input_selection__channel_selection__alpha=0.1, input_selection__feature_selection__threshold=0.03; total time= 1.0min
[CV] END channels_correlation_filter__corr_threshold=0.3, channels_pca__n_components=5, input_selection__channel_selection__alpha=0.1, input_selection__feature_selection__threshold=0.03; total time= 1.0min
[CV] END channels_correlation_filter__corr_threshold=0.3, channels_pca__n_components=5, input_selection__channel_selection__alpha=0.1, input_selection__feature_selection__threshold=0.03; total time= 1.0min
[CV] END channels_correlation_filter__corr_threshold=0.3, channels_pca__n_components=5, input_selection__channel_selection__alpha=0.1, input_selection__feature_selection__threshold=0.03; total time= 1.0min
[CV] END channels_correlation_filter__corr_threshold=0.3, channels_pca__n_components=5, input_selection__channel_selection__alpha=0.1, input_selection__feature_selection__threshold=0.03; total time= 1.0min
[CV] END channels_correlation_filter__corr_threshold=0.3, channels_pca__n_components=5, input_selection__channel_selection__alpha=0.1, input_selection__feature_selection__threshold=0.03; total time= 1.0min
[CV] END channels_correlation_filter__corr_threshold=0.3, channels_pca__n_components=5, input_selection__channel_selection__alpha=0.1, input_selection__feature_selection__threshold=0.03; total time= 1.0min
[CV] END channels_correlation_filter__corr_threshold=0.3, channels_pca__n_components=5, input_selection__channel_selection__alpha=0.1, input_selection__feature_selection__threshold=0.03; total time= 1.0min
[CV] END channels_correlation_filter__corr_threshold=0.3, channels_pca__n_components=5, input_selection__channel_selection__alpha=0.1, input_selection__feature_selection__threshold=0.05; total time=  59.9s
[CV] END channels_correlation_filter__corr_threshold=0.3, channels_pca__n_components=5, input_selection__channel_selection__alpha=0.1, input_selection__feature_selection__threshold=0.05; total time= 1.0min
[CV] END channels_correlation_filter__corr_threshold=0.3, channels_pca__n_components=5, input_selection__channel_selection__alpha=0.1, input_selection__feature_selection__threshold=0.05; total time= 1.0min
[CV] END channels_correlation_filter__corr_threshold=0.3, channels_pca__n_components=5, input_selection__channel_selection__alpha=0.1, input_selection__feature_selection__threshold=0.05; total time= 1.0min
[CV] END channels_correlation_filter__corr_threshold=0.3, channels_pca__n_components=5, input_selection__channel_selection__alpha=0.1, input_selection__feature_selection__threshold=0.05; total time= 1.0min
[CV] END channels_correlation_filter__corr_threshold=0.3, channels_pca__n_components=5, input_selection__channel_selection__alpha=0.1, input_selection__feature_selection__threshold=0.05; total time= 1.0min
[CV] END channels_correlation_filter__corr_threshold=0.3, channels_pca__n_components=5, input_selection__channel_selection__alpha=0.1, input_selection__feature_selection__threshold=0.05; total time= 1.0min
[CV] END channels_correlation_filter__corr_threshold=0.3, channels_pca__n_components=5, input_selection__channel_selection__alpha=0.1, input_selection__feature_selection__threshold=0.05; total time= 1.0min
[CV] END channels_correlation_filter__corr_threshold=0.3, channels_pca__n_components=5, input_selection__channel_selection__alpha=0.1, input_selection__feature_selection__threshold=0.05; total time= 1.0min
[CV] END channels_correlation_filter__corr_threshold=0.3, channels_pca__n_components=5, input_selection__channel_selection__alpha=0.1, input_selection__feature_selection__threshold=0.05; total time= 1.0min
[CV] END channels_correlation_filter__corr_threshold=0.4, channels_pca__n_components=1, input_selection__channel_selection__alpha=0.01, input_selection__feature_selection__threshold=0.01; total time=  59.8s
[CV] END channels_correlation_filter__corr_threshold=0.4, channels_pca__n_components=1, input_selection__channel_selection__alpha=0.01, input_selection__feature_selection__threshold=0.01; total time= 1.0min
[CV] END channels_correlation_filter__corr_threshold=0.4, channels_pca__n_components=1, input_selection__channel_selection__alpha=0.01, input_selection__feature_selection__threshold=0.01; total time=  59.5s
[CV] END channels_correlation_filter__corr_threshold=0.4, channels_pca__n_components=1, input_selection__channel_selection__alpha=0.01, input_selection__feature_selection__threshold=0.01; total time= 1.0min
[CV] END channels_correlation_filter__corr_threshold=0.4, channels_pca__n_components=1, input_selection__channel_selection__alpha=0.01, input_selection__feature_selection__threshold=0.01; total time=  60.0s
[CV] END channels_correlation_filter__corr_threshold=0.4, channels_pca__n_components=1, input_selection__channel_selection__alpha=0.01, input_selection__feature_selection__threshold=0.01; total time= 1.0min
[CV] END channels_correlation_filter__corr_threshold=0.4, channels_pca__n_components=1, input_selection__channel_selection__alpha=0.01, input_selection__feature_selection__threshold=0.01; total time= 1.0min
[CV] END channels_correlation_filter__corr_threshold=0.4, channels_pca__n_components=1, input_selection__channel_selection__alpha=0.01, input_selection__feature_selection__threshold=0.01; total time= 1.0min
[CV] END channels_correlation_filter__corr_threshold=0.4, channels_pca__n_components=1, input_selection__channel_selection__alpha=0.01, input_selection__feature_selection__threshold=0.01; total time= 1.0min
[CV] END channels_correlation_filter__corr_threshold=0.4, channels_pca__n_components=1, input_selection__channel_selection__alpha=0.01, input_selection__feature_selection__threshold=0.01; total time= 1.0min
[CV] END channels_correlation_filter__corr_threshold=0.4, channels_pca__n_components=1, input_selection__channel_selection__alpha=0.01, input_selection__feature_selection__threshold=0.02; total time=  59.3s
[CV] END channels_correlation_filter__corr_threshold=0.4, channels_pca__n_components=1, input_selection__channel_selection__alpha=0.01, input_selection__feature_selection__threshold=0.02; total time=  59.4s
[CV] END channels_correlation_filter__corr_threshold=0.4, channels_pca__n_components=1, input_selection__channel_selection__alpha=0.01, input_selection__feature_selection__threshold=0.02; total time=  59.8s
[CV] END channels_correlation_filter__corr_threshold=0.4, channels_pca__n_components=1, input_selection__channel_selection__alpha=0.01, input_selection__feature_selection__threshold=0.02; total time= 1.0min
[CV] END channels_correlation_filter__corr_threshold=0.4, channels_pca__n_components=1, input_selection__channel_selection__alpha=0.01, input_selection__feature_selection__threshold=0.02; total time= 1.0min
[CV] END channels_correlation_filter__corr_threshold=0.4, channels_pca__n_components=1, input_selection__channel_selection__alpha=0.01, input_selection__feature_selection__threshold=0.02; total time= 1.0min
[CV] END channels_correlation_filter__corr_threshold=0.4, channels_pca__n_components=1, input_selection__channel_selection__alpha=0.01, input_selection__feature_selection__threshold=0.02; total time= 1.0min
[CV] END channels_correlation_filter__corr_threshold=0.4, channels_pca__n_components=1, input_selection__channel_selection__alpha=0.01, input_selection__feature_selection__threshold=0.02; total time= 1.0min
[CV] END channels_correlation_filter__corr_threshold=0.4, channels_pca__n_components=1, input_selection__channel_selection__alpha=0.01, input_selection__feature_selection__threshold=0.02; total time= 1.0min
[CV] END channels_correlation_filter__corr_threshold=0.4, channels_pca__n_components=1, input_selection__channel_selection__alpha=0.01, input_selection__feature_selection__threshold=0.02; total time= 1.0min
[CV] END channels_correlation_filter__corr_threshold=0.4, channels_pca__n_components=1, input_selection__channel_selection__alpha=0.01, input_selection__feature_selection__threshold=0.03; total time=  59.5s
[CV] END channels_correlation_filter__corr_threshold=0.4, channels_pca__n_components=1, input_selection__channel_selection__alpha=0.01, input_selection__feature_selection__threshold=0.03; total time=  59.4s
[CV] END channels_correlation_filter__corr_threshold=0.4, channels_pca__n_components=1, input_selection__channel_selection__alpha=0.01, input_selection__feature_selection__threshold=0.03; total time=  59.6s
[CV] END channels_correlation_filter__corr_threshold=0.4, channels_pca__n_components=1, input_selection__channel_selection__alpha=0.01, input_selection__feature_selection__threshold=0.03; total time=  59.7s
[CV] END channels_correlation_filter__corr_threshold=0.4, channels_pca__n_components=1, input_selection__channel_selection__alpha=0.01, input_selection__feature_selection__threshold=0.03; total time=  59.0s
[CV] END channels_correlation_filter__corr_threshold=0.4, channels_pca__n_components=1, input_selection__channel_selection__alpha=0.01, input_selection__feature_selection__threshold=0.03; total time= 1.0min
[CV] END channels_correlation_filter__corr_threshold=0.4, channels_pca__n_components=1, input_selection__channel_selection__alpha=0.01, input_selection__feature_selection__threshold=0.03; total time=  59.7s
[CV] END channels_correlation_filter__corr_threshold=0.4, channels_pca__n_components=1, input_selection__channel_selection__alpha=0.01, input_selection__feature_selection__threshold=0.03; total time= 1.0min
[CV] END channels_correlation_filter__corr_threshold=0.4, channels_pca__n_components=1, input_selection__channel_selection__alpha=0.01, input_selection__feature_selection__threshold=0.03; total time=  59.9s
[CV] END channels_correlation_filter__corr_threshold=0.4, channels_pca__n_components=1, input_selection__channel_selection__alpha=0.01, input_selection__feature_selection__threshold=0.03; total time= 1.0min
[CV] END channels_correlation_filter__corr_threshold=0.4, channels_pca__n_components=1, input_selection__channel_selection__alpha=0.01, input_selection__feature_selection__threshold=0.05; total time=  58.1s
[CV] END channels_correlation_filter__corr_threshold=0.4, channels_pca__n_components=1, input_selection__channel_selection__alpha=0.01, input_selection__feature_selection__threshold=0.05; total time=  59.1s
[CV] END channels_correlation_filter__corr_threshold=0.4, channels_pca__n_components=1, input_selection__channel_selection__alpha=0.01, input_selection__feature_selection__threshold=0.05; total time=  58.6s
[CV] END channels_correlation_filter__corr_threshold=0.4, channels_pca__n_components=1, input_selection__channel_selection__alpha=0.01, input_selection__feature_selection__threshold=0.05; total time=  59.2s
[CV] END channels_correlation_filter__corr_threshold=0.4, channels_pca__n_components=1, input_selection__channel_selection__alpha=0.01, input_selection__feature_selection__threshold=0.05; total time=  59.1s
[CV] END channels_correlation_filter__corr_threshold=0.4, channels_pca__n_components=1, input_selection__channel_selection__alpha=0.01, input_selection__feature_selection__threshold=0.05; total time=  59.6s
[CV] END channels_correlation_filter__corr_threshold=0.4, channels_pca__n_components=1, input_selection__channel_selection__alpha=0.01, input_selection__feature_selection__threshold=0.05; total time=  58.9s
[CV] END channels_correlation_filter__corr_threshold=0.4, channels_pca__n_components=1, input_selection__channel_selection__alpha=0.01, input_selection__feature_selection__threshold=0.05; total time=  59.2s
[CV] END channels_correlation_filter__corr_threshold=0.4, channels_pca__n_components=1, input_selection__channel_selection__alpha=0.01, input_selection__feature_selection__threshold=0.05; total time=  59.0s
[CV] END channels_correlation_filter__corr_threshold=0.4, channels_pca__n_components=1, input_selection__channel_selection__alpha=0.01, input_selection__feature_selection__threshold=0.05; total time=  59.5s
[CV] END channels_correlation_filter__corr_threshold=0.4, channels_pca__n_components=1, input_selection__channel_selection__alpha=0.05, input_selection__feature_selection__threshold=0.01; total time= 1.0min
[CV] END channels_correlation_filter__corr_threshold=0.4, channels_pca__n_components=1, input_selection__channel_selection__alpha=0.05, input_selection__feature_selection__threshold=0.01; total time= 1.0min
[CV] END channels_correlation_filter__corr_threshold=0.4, channels_pca__n_components=1, input_selection__channel_selection__alpha=0.05, input_selection__feature_selection__threshold=0.01; total time= 1.0min
[CV] END channels_correlation_filter__corr_threshold=0.4, channels_pca__n_components=1, input_selection__channel_selection__alpha=0.05, input_selection__feature_selection__threshold=0.01; total time= 1.0min
[CV] END channels_correlation_filter__corr_threshold=0.4, channels_pca__n_components=1, input_selection__channel_selection__alpha=0.05, input_selection__feature_selection__threshold=0.01; total time= 1.0min
[CV] END channels_correlation_filter__corr_threshold=0.4, channels_pca__n_components=1, input_selection__channel_selection__alpha=0.05, input_selection__feature_selection__threshold=0.01; total time= 1.0min
[CV] END channels_correlation_filter__corr_threshold=0.4, channels_pca__n_components=1, input_selection__channel_selection__alpha=0.05, input_selection__feature_selection__threshold=0.01; total time= 1.0min
[CV] END channels_correlation_filter__corr_threshold=0.4, channels_pca__n_components=1, input_selection__channel_selection__alpha=0.05, input_selection__feature_selection__threshold=0.01; total time= 1.0min
[CV] END channels_correlation_filter__corr_threshold=0.4, channels_pca__n_components=1, input_selection__channel_selection__alpha=0.05, input_selection__feature_selection__threshold=0.01; total time= 1.0min
[CV] END channels_correlation_filter__corr_threshold=0.4, channels_pca__n_components=1, input_selection__channel_selection__alpha=0.05, input_selection__feature_selection__threshold=0.01; total time= 1.0min
[CV] END channels_correlation_filter__corr_threshold=0.4, channels_pca__n_components=1, input_selection__channel_selection__alpha=0.05, input_selection__feature_selection__threshold=0.02; total time= 1.0min
[CV] END channels_correlation_filter__corr_threshold=0.4, channels_pca__n_components=1, input_selection__channel_selection__alpha=0.05, input_selection__feature_selection__threshold=0.02; total time=  59.9s
[CV] END channels_correlation_filter__corr_threshold=0.4, channels_pca__n_components=1, input_selection__channel_selection__alpha=0.05, input_selection__feature_selection__threshold=0.02; total time= 1.0min
[CV] END channels_correlation_filter__corr_threshold=0.4, channels_pca__n_components=1, input_selection__channel_selection__alpha=0.05, input_selection__feature_selection__threshold=0.02; total time= 1.0min
[CV] END channels_correlation_filter__corr_threshold=0.4, channels_pca__n_components=1, input_selection__channel_selection__alpha=0.05, input_selection__feature_selection__threshold=0.02; total time= 1.0min
[CV] END channels_correlation_filter__corr_threshold=0.4, channels_pca__n_components=1, input_selection__channel_selection__alpha=0.05, input_selection__feature_selection__threshold=0.02; total time= 1.0min
[CV] END channels_correlation_filter__corr_threshold=0.4, channels_pca__n_components=1, input_selection__channel_selection__alpha=0.05, input_selection__feature_selection__threshold=0.02; total time= 1.0min
[CV] END channels_correlation_filter__corr_threshold=0.4, channels_pca__n_components=1, input_selection__channel_selection__alpha=0.05, input_selection__feature_selection__threshold=0.02; total time= 1.0min
[CV] END channels_correlation_filter__corr_threshold=0.4, channels_pca__n_components=1, input_selection__channel_selection__alpha=0.05, input_selection__feature_selection__threshold=0.02; total time= 1.0min
[CV] END channels_correlation_filter__corr_threshold=0.4, channels_pca__n_components=1, input_selection__channel_selection__alpha=0.05, input_selection__feature_selection__threshold=0.02; total time= 1.0min
[CV] END channels_correlation_filter__corr_threshold=0.4, channels_pca__n_components=1, input_selection__channel_selection__alpha=0.05, input_selection__feature_selection__threshold=0.03; total time= 1.0min
[CV] END channels_correlation_filter__corr_threshold=0.4, channels_pca__n_components=1, input_selection__channel_selection__alpha=0.05, input_selection__feature_selection__threshold=0.03; total time= 1.0min
[CV] END channels_correlation_filter__corr_threshold=0.4, channels_pca__n_components=1, input_selection__channel_selection__alpha=0.05, input_selection__feature_selection__threshold=0.03; total time= 1.0min
[CV] END channels_correlation_filter__corr_threshold=0.4, channels_pca__n_components=1, input_selection__channel_selection__alpha=0.05, input_selection__feature_selection__threshold=0.03; total time= 1.0min
[CV] END channels_correlation_filter__corr_threshold=0.4, channels_pca__n_components=1, input_selection__channel_selection__alpha=0.05, input_selection__feature_selection__threshold=0.03; total time=  59.8s
[CV] END channels_correlation_filter__corr_threshold=0.4, channels_pca__n_components=1, input_selection__channel_selection__alpha=0.05, input_selection__feature_selection__threshold=0.03; total time= 1.0min
[CV] END channels_correlation_filter__corr_threshold=0.4, channels_pca__n_components=1, input_selection__channel_selection__alpha=0.05, input_selection__feature_selection__threshold=0.03; total time= 1.0min
[CV] END channels_correlation_filter__corr_threshold=0.4, channels_pca__n_components=1, input_selection__channel_selection__alpha=0.05, input_selection__feature_selection__threshold=0.03; total time= 1.0min
[CV] END channels_correlation_filter__corr_threshold=0.4, channels_pca__n_components=1, input_selection__channel_selection__alpha=0.05, input_selection__feature_selection__threshold=0.03; total time= 1.0min
[CV] END channels_correlation_filter__corr_threshold=0.4, channels_pca__n_components=1, input_selection__channel_selection__alpha=0.05, input_selection__feature_selection__threshold=0.03; total time= 1.0min
[CV] END channels_correlation_filter__corr_threshold=0.4, channels_pca__n_components=1, input_selection__channel_selection__alpha=0.05, input_selection__feature_selection__threshold=0.05; total time=  58.7s
[CV] END channels_correlation_filter__corr_threshold=0.4, channels_pca__n_components=1, input_selection__channel_selection__alpha=0.05, input_selection__feature_selection__threshold=0.05; total time=  59.4s
[CV] END channels_correlation_filter__corr_threshold=0.4, channels_pca__n_components=1, input_selection__channel_selection__alpha=0.05, input_selection__feature_selection__threshold=0.05; total time=  59.4s
[CV] END channels_correlation_filter__corr_threshold=0.4, channels_pca__n_components=1, input_selection__channel_selection__alpha=0.05, input_selection__feature_selection__threshold=0.05; total time=  59.8s
[CV] END channels_correlation_filter__corr_threshold=0.4, channels_pca__n_components=1, input_selection__channel_selection__alpha=0.05, input_selection__feature_selection__threshold=0.05; total time= 1.0min
[CV] END channels_correlation_filter__corr_threshold=0.4, channels_pca__n_components=1, input_selection__channel_selection__alpha=0.05, input_selection__feature_selection__threshold=0.05; total time= 1.0min
[CV] END channels_correlation_filter__corr_threshold=0.4, channels_pca__n_components=1, input_selection__channel_selection__alpha=0.05, input_selection__feature_selection__threshold=0.05; total time=  59.8s
[CV] END channels_correlation_filter__corr_threshold=0.4, channels_pca__n_components=1, input_selection__channel_selection__alpha=0.05, input_selection__feature_selection__threshold=0.05; total time=  59.9s
[CV] END channels_correlation_filter__corr_threshold=0.4, channels_pca__n_components=1, input_selection__channel_selection__alpha=0.05, input_selection__feature_selection__threshold=0.05; total time= 1.0min
[CV] END channels_correlation_filter__corr_threshold=0.4, channels_pca__n_components=1, input_selection__channel_selection__alpha=0.05, input_selection__feature_selection__threshold=0.05; total time= 1.0min
[CV] END channels_correlation_filter__corr_threshold=0.4, channels_pca__n_components=1, input_selection__channel_selection__alpha=0.1, input_selection__feature_selection__threshold=0.01; total time= 1.0min
[CV] END channels_correlation_filter__corr_threshold=0.4, channels_pca__n_components=1, input_selection__channel_selection__alpha=0.1, input_selection__feature_selection__threshold=0.01; total time= 1.0min
[CV] END channels_correlation_filter__corr_threshold=0.4, channels_pca__n_components=1, input_selection__channel_selection__alpha=0.1, input_selection__feature_selection__threshold=0.01; total time= 1.0min
[CV] END channels_correlation_filter__corr_threshold=0.4, channels_pca__n_components=1, input_selection__channel_selection__alpha=0.1, input_selection__feature_selection__threshold=0.01; total time= 1.0min
[CV] END channels_correlation_filter__corr_threshold=0.4, channels_pca__n_components=1, input_selection__channel_selection__alpha=0.1, input_selection__feature_selection__threshold=0.01; total time= 1.0min
[CV] END channels_correlation_filter__corr_threshold=0.4, channels_pca__n_components=1, input_selection__channel_selection__alpha=0.1, input_selection__feature_selection__threshold=0.01; total time= 1.0min
[CV] END channels_correlation_filter__corr_threshold=0.4, channels_pca__n_components=1, input_selection__channel_selection__alpha=0.1, input_selection__feature_selection__threshold=0.01; total time= 1.0min
[CV] END channels_correlation_filter__corr_threshold=0.4, channels_pca__n_components=1, input_selection__channel_selection__alpha=0.1, input_selection__feature_selection__threshold=0.01; total time= 1.1min
[CV] END channels_correlation_filter__corr_threshold=0.4, channels_pca__n_components=1, input_selection__channel_selection__alpha=0.1, input_selection__feature_selection__threshold=0.01; total time= 1.0min
[CV] END channels_correlation_filter__corr_threshold=0.4, channels_pca__n_components=1, input_selection__channel_selection__alpha=0.1, input_selection__feature_selection__threshold=0.01; total time= 1.0min
[CV] END channels_correlation_filter__corr_threshold=0.4, channels_pca__n_components=1, input_selection__channel_selection__alpha=0.1, input_selection__feature_selection__threshold=0.02; total time= 1.0min
[CV] END channels_correlation_filter__corr_threshold=0.4, channels_pca__n_components=1, input_selection__channel_selection__alpha=0.1, input_selection__feature_selection__threshold=0.02; total time= 1.0min
[CV] END channels_correlation_filter__corr_threshold=0.4, channels_pca__n_components=1, input_selection__channel_selection__alpha=0.1, input_selection__feature_selection__threshold=0.02; total time= 1.0min
[CV] END channels_correlation_filter__corr_threshold=0.4, channels_pca__n_components=1, input_selection__channel_selection__alpha=0.1, input_selection__feature_selection__threshold=0.02; total time= 1.0min
[CV] END channels_correlation_filter__corr_threshold=0.4, channels_pca__n_components=1, input_selection__channel_selection__alpha=0.1, input_selection__feature_selection__threshold=0.02; total time= 1.0min
[CV] END channels_correlation_filter__corr_threshold=0.4, channels_pca__n_components=1, input_selection__channel_selection__alpha=0.1, input_selection__feature_selection__threshold=0.02; total time= 1.0min
[CV] END channels_correlation_filter__corr_threshold=0.4, channels_pca__n_components=1, input_selection__channel_selection__alpha=0.1, input_selection__feature_selection__threshold=0.02; total time= 1.0min
[CV] END channels_correlation_filter__corr_threshold=0.4, channels_pca__n_components=1, input_selection__channel_selection__alpha=0.1, input_selection__feature_selection__threshold=0.02; total time= 1.0min
[CV] END channels_correlation_filter__corr_threshold=0.4, channels_pca__n_components=1, input_selection__channel_selection__alpha=0.1, input_selection__feature_selection__threshold=0.02; total time= 1.0min
[CV] END channels_correlation_filter__corr_threshold=0.4, channels_pca__n_components=1, input_selection__channel_selection__alpha=0.1, input_selection__feature_selection__threshold=0.02; total time= 1.0min
[CV] END channels_correlation_filter__corr_threshold=0.4, channels_pca__n_components=1, input_selection__channel_selection__alpha=0.1, input_selection__feature_selection__threshold=0.03; total time= 1.0min
[CV] END channels_correlation_filter__corr_threshold=0.4, channels_pca__n_components=1, input_selection__channel_selection__alpha=0.1, input_selection__feature_selection__threshold=0.03; total time= 1.0min
[CV] END channels_correlation_filter__corr_threshold=0.4, channels_pca__n_components=1, input_selection__channel_selection__alpha=0.1, input_selection__feature_selection__threshold=0.03; total time= 1.0min
[CV] END channels_correlation_filter__corr_threshold=0.4, channels_pca__n_components=1, input_selection__channel_selection__alpha=0.1, input_selection__feature_selection__threshold=0.03; total time= 1.0min
[CV] END channels_correlation_filter__corr_threshold=0.4, channels_pca__n_components=1, input_selection__channel_selection__alpha=0.1, input_selection__feature_selection__threshold=0.03; total time= 1.0min
[CV] END channels_correlation_filter__corr_threshold=0.4, channels_pca__n_components=1, input_selection__channel_selection__alpha=0.1, input_selection__feature_selection__threshold=0.03; total time= 1.0min
[CV] END channels_correlation_filter__corr_threshold=0.4, channels_pca__n_components=1, input_selection__channel_selection__alpha=0.1, input_selection__feature_selection__threshold=0.03; total time= 1.0min
[CV] END channels_correlation_filter__corr_threshold=0.4, channels_pca__n_components=1, input_selection__channel_selection__alpha=0.1, input_selection__feature_selection__threshold=0.03; total time= 1.0min
[CV] END channels_correlation_filter__corr_threshold=0.4, channels_pca__n_components=1, input_selection__channel_selection__alpha=0.1, input_selection__feature_selection__threshold=0.03; total time= 1.0min
[CV] END channels_correlation_filter__corr_threshold=0.4, channels_pca__n_components=1, input_selection__channel_selection__alpha=0.1, input_selection__feature_selection__threshold=0.03; total time= 1.0min
[CV] END channels_correlation_filter__corr_threshold=0.4, channels_pca__n_components=1, input_selection__channel_selection__alpha=0.1, input_selection__feature_selection__threshold=0.05; total time=  59.2s
[CV] END channels_correlation_filter__corr_threshold=0.4, channels_pca__n_components=1, input_selection__channel_selection__alpha=0.1, input_selection__feature_selection__threshold=0.05; total time=  59.9s
[CV] END channels_correlation_filter__corr_threshold=0.4, channels_pca__n_components=1, input_selection__channel_selection__alpha=0.1, input_selection__feature_selection__threshold=0.05; total time=  59.6s
[CV] END channels_correlation_filter__corr_threshold=0.4, channels_pca__n_components=1, input_selection__channel_selection__alpha=0.1, input_selection__feature_selection__threshold=0.05; total time= 1.0min
[CV] END channels_correlation_filter__corr_threshold=0.4, channels_pca__n_components=1, input_selection__channel_selection__alpha=0.1, input_selection__feature_selection__threshold=0.05; total time= 1.0min
[CV] END channels_correlation_filter__corr_threshold=0.4, channels_pca__n_components=1, input_selection__channel_selection__alpha=0.1, input_selection__feature_selection__threshold=0.05; total time= 1.0min
[CV] END channels_correlation_filter__corr_threshold=0.4, channels_pca__n_components=1, input_selection__channel_selection__alpha=0.1, input_selection__feature_selection__threshold=0.05; total time= 1.0min
[CV] END channels_correlation_filter__corr_threshold=0.4, channels_pca__n_components=1, input_selection__channel_selection__alpha=0.1, input_selection__feature_selection__threshold=0.05; total time= 1.0min
[CV] END channels_correlation_filter__corr_threshold=0.4, channels_pca__n_components=1, input_selection__channel_selection__alpha=0.1, input_selection__feature_selection__threshold=0.05; total time= 1.0min
[CV] END channels_correlation_filter__corr_threshold=0.4, channels_pca__n_components=1, input_selection__channel_selection__alpha=0.1, input_selection__feature_selection__threshold=0.05; total time= 1.0min
[CV] END channels_correlation_filter__corr_threshold=0.4, channels_pca__n_components=2, input_selection__channel_selection__alpha=0.01, input_selection__feature_selection__threshold=0.01; total time= 1.0min
[CV] END channels_correlation_filter__corr_threshold=0.4, channels_pca__n_components=2, input_selection__channel_selection__alpha=0.01, input_selection__feature_selection__threshold=0.01; total time= 1.0min
[CV] END channels_correlation_filter__corr_threshold=0.4, channels_pca__n_components=2, input_selection__channel_selection__alpha=0.01, input_selection__feature_selection__threshold=0.01; total time= 1.0min
[CV] END channels_correlation_filter__corr_threshold=0.4, channels_pca__n_components=2, input_selection__channel_selection__alpha=0.01, input_selection__feature_selection__threshold=0.01; total time= 1.0min
[CV] END channels_correlation_filter__corr_threshold=0.4, channels_pca__n_components=2, input_selection__channel_selection__alpha=0.01, input_selection__feature_selection__threshold=0.01; total time= 1.0min
[CV] END channels_correlation_filter__corr_threshold=0.4, channels_pca__n_components=2, input_selection__channel_selection__alpha=0.01, input_selection__feature_selection__threshold=0.01; total time= 1.0min
[CV] END channels_correlation_filter__corr_threshold=0.4, channels_pca__n_components=2, input_selection__channel_selection__alpha=0.01, input_selection__feature_selection__threshold=0.01; total time= 1.0min
[CV] END channels_correlation_filter__corr_threshold=0.4, channels_pca__n_components=2, input_selection__channel_selection__alpha=0.01, input_selection__feature_selection__threshold=0.01; total time= 1.0min
[CV] END channels_correlation_filter__corr_threshold=0.4, channels_pca__n_components=2, input_selection__channel_selection__alpha=0.01, input_selection__feature_selection__threshold=0.01; total time= 1.0min
[CV] END channels_correlation_filter__corr_threshold=0.4, channels_pca__n_components=2, input_selection__channel_selection__alpha=0.01, input_selection__feature_selection__threshold=0.01; total time= 1.0min
[CV] END channels_correlation_filter__corr_threshold=0.4, channels_pca__n_components=2, input_selection__channel_selection__alpha=0.01, input_selection__feature_selection__threshold=0.02; total time=  59.7s
[CV] END channels_correlation_filter__corr_threshold=0.4, channels_pca__n_components=2, input_selection__channel_selection__alpha=0.01, input_selection__feature_selection__threshold=0.02; total time=  59.6s
[CV] END channels_correlation_filter__corr_threshold=0.4, channels_pca__n_components=2, input_selection__channel_selection__alpha=0.01, input_selection__feature_selection__threshold=0.02; total time= 1.0min
[CV] END channels_correlation_filter__corr_threshold=0.4, channels_pca__n_components=2, input_selection__channel_selection__alpha=0.01, input_selection__feature_selection__threshold=0.02; total time= 1.0min
[CV] END channels_correlation_filter__corr_threshold=0.4, channels_pca__n_components=2, input_selection__channel_selection__alpha=0.01, input_selection__feature_selection__threshold=0.02; total time= 1.0min
[CV] END channels_correlation_filter__corr_threshold=0.4, channels_pca__n_components=2, input_selection__channel_selection__alpha=0.01, input_selection__feature_selection__threshold=0.02; total time= 1.0min
[CV] END channels_correlation_filter__corr_threshold=0.4, channels_pca__n_components=2, input_selection__channel_selection__alpha=0.01, input_selection__feature_selection__threshold=0.02; total time= 1.0min
[CV] END channels_correlation_filter__corr_threshold=0.4, channels_pca__n_components=2, input_selection__channel_selection__alpha=0.01, input_selection__feature_selection__threshold=0.02; total time= 1.0min
[CV] END channels_correlation_filter__corr_threshold=0.4, channels_pca__n_components=2, input_selection__channel_selection__alpha=0.01, input_selection__feature_selection__threshold=0.02; total time= 1.0min
[CV] END channels_correlation_filter__corr_threshold=0.4, channels_pca__n_components=2, input_selection__channel_selection__alpha=0.01, input_selection__feature_selection__threshold=0.02; total time= 1.0min
[CV] END channels_correlation_filter__corr_threshold=0.4, channels_pca__n_components=2, input_selection__channel_selection__alpha=0.01, input_selection__feature_selection__threshold=0.03; total time=  59.9s
[CV] END channels_correlation_filter__corr_threshold=0.4, channels_pca__n_components=2, input_selection__channel_selection__alpha=0.01, input_selection__feature_selection__threshold=0.03; total time=  59.5s
[CV] END channels_correlation_filter__corr_threshold=0.4, channels_pca__n_components=2, input_selection__channel_selection__alpha=0.01, input_selection__feature_selection__threshold=0.03; total time= 1.0min
[CV] END channels_correlation_filter__corr_threshold=0.4, channels_pca__n_components=2, input_selection__channel_selection__alpha=0.01, input_selection__feature_selection__threshold=0.03; total time=  59.7s
[CV] END channels_correlation_filter__corr_threshold=0.4, channels_pca__n_components=2, input_selection__channel_selection__alpha=0.01, input_selection__feature_selection__threshold=0.03; total time=  59.6s
[CV] END channels_correlation_filter__corr_threshold=0.4, channels_pca__n_components=2, input_selection__channel_selection__alpha=0.01, input_selection__feature_selection__threshold=0.03; total time=  59.9s
[CV] END channels_correlation_filter__corr_threshold=0.4, channels_pca__n_components=2, input_selection__channel_selection__alpha=0.01, input_selection__feature_selection__threshold=0.03; total time=  59.9s
[CV] END channels_correlation_filter__corr_threshold=0.4, channels_pca__n_components=2, input_selection__channel_selection__alpha=0.01, input_selection__feature_selection__threshold=0.03; total time= 1.0min
[CV] END channels_correlation_filter__corr_threshold=0.4, channels_pca__n_components=2, input_selection__channel_selection__alpha=0.01, input_selection__feature_selection__threshold=0.03; total time= 1.0min
[CV] END channels_correlation_filter__corr_threshold=0.4, channels_pca__n_components=2, input_selection__channel_selection__alpha=0.01, input_selection__feature_selection__threshold=0.03; total time= 1.0min
[CV] END channels_correlation_filter__corr_threshold=0.4, channels_pca__n_components=2, input_selection__channel_selection__alpha=0.01, input_selection__feature_selection__threshold=0.05; total time=  58.6s
[CV] END channels_correlation_filter__corr_threshold=0.4, channels_pca__n_components=2, input_selection__channel_selection__alpha=0.01, input_selection__feature_selection__threshold=0.05; total time=  59.3s
[CV] END channels_correlation_filter__corr_threshold=0.4, channels_pca__n_components=2, input_selection__channel_selection__alpha=0.01, input_selection__feature_selection__threshold=0.05; total time=  58.8s
[CV] END channels_correlation_filter__corr_threshold=0.4, channels_pca__n_components=2, input_selection__channel_selection__alpha=0.01, input_selection__feature_selection__threshold=0.05; total time=  59.5s
[CV] END channels_correlation_filter__corr_threshold=0.4, channels_pca__n_components=2, input_selection__channel_selection__alpha=0.01, input_selection__feature_selection__threshold=0.05; total time=  59.7s
[CV] END channels_correlation_filter__corr_threshold=0.4, channels_pca__n_components=2, input_selection__channel_selection__alpha=0.01, input_selection__feature_selection__threshold=0.05; total time=  59.6s
[CV] END channels_correlation_filter__corr_threshold=0.4, channels_pca__n_components=2, input_selection__channel_selection__alpha=0.01, input_selection__feature_selection__threshold=0.05; total time=  59.3s
[CV] END channels_correlation_filter__corr_threshold=0.4, channels_pca__n_components=2, input_selection__channel_selection__alpha=0.01, input_selection__feature_selection__threshold=0.05; total time=  59.8s
[CV] END channels_correlation_filter__corr_threshold=0.4, channels_pca__n_components=2, input_selection__channel_selection__alpha=0.01, input_selection__feature_selection__threshold=0.05; total time=  59.4s
[CV] END channels_correlation_filter__corr_threshold=0.4, channels_pca__n_components=2, input_selection__channel_selection__alpha=0.01, input_selection__feature_selection__threshold=0.05; total time= 1.0min
[CV] END channels_correlation_filter__corr_threshold=0.4, channels_pca__n_components=2, input_selection__channel_selection__alpha=0.05, input_selection__feature_selection__threshold=0.01; total time= 1.0min
[CV] END channels_correlation_filter__corr_threshold=0.4, channels_pca__n_components=2, input_selection__channel_selection__alpha=0.05, input_selection__feature_selection__threshold=0.01; total time= 1.0min
[CV] END channels_correlation_filter__corr_threshold=0.4, channels_pca__n_components=2, input_selection__channel_selection__alpha=0.05, input_selection__feature_selection__threshold=0.01; total time= 1.0min
[CV] END channels_correlation_filter__corr_threshold=0.4, channels_pca__n_components=2, input_selection__channel_selection__alpha=0.05, input_selection__feature_selection__threshold=0.01; total time= 1.0min
[CV] END channels_correlation_filter__corr_threshold=0.4, channels_pca__n_components=2, input_selection__channel_selection__alpha=0.05, input_selection__feature_selection__threshold=0.01; total time= 1.0min
[CV] END channels_correlation_filter__corr_threshold=0.4, channels_pca__n_components=2, input_selection__channel_selection__alpha=0.05, input_selection__feature_selection__threshold=0.01; total time= 1.0min
[CV] END channels_correlation_filter__corr_threshold=0.4, channels_pca__n_components=2, input_selection__channel_selection__alpha=0.05, input_selection__feature_selection__threshold=0.01; total time= 1.0min
[CV] END channels_correlation_filter__corr_threshold=0.4, channels_pca__n_components=2, input_selection__channel_selection__alpha=0.05, input_selection__feature_selection__threshold=0.01; total time= 1.0min
[CV] END channels_correlation_filter__corr_threshold=0.4, channels_pca__n_components=2, input_selection__channel_selection__alpha=0.05, input_selection__feature_selection__threshold=0.01; total time= 1.0min
[CV] END channels_correlation_filter__corr_threshold=0.4, channels_pca__n_components=2, input_selection__channel_selection__alpha=0.05, input_selection__feature_selection__threshold=0.01; total time= 1.0min
[CV] END channels_correlation_filter__corr_threshold=0.4, channels_pca__n_components=2, input_selection__channel_selection__alpha=0.05, input_selection__feature_selection__threshold=0.02; total time= 1.0min
[CV] END channels_correlation_filter__corr_threshold=0.4, channels_pca__n_components=2, input_selection__channel_selection__alpha=0.05, input_selection__feature_selection__threshold=0.02; total time= 1.0min
[CV] END channels_correlation_filter__corr_threshold=0.4, channels_pca__n_components=2, input_selection__channel_selection__alpha=0.05, input_selection__feature_selection__threshold=0.02; total time= 1.0min
[CV] END channels_correlation_filter__corr_threshold=0.4, channels_pca__n_components=2, input_selection__channel_selection__alpha=0.05, input_selection__feature_selection__threshold=0.02; total time= 1.0min
[CV] END channels_correlation_filter__corr_threshold=0.4, channels_pca__n_components=2, input_selection__channel_selection__alpha=0.05, input_selection__feature_selection__threshold=0.02; total time= 1.0min
[CV] END channels_correlation_filter__corr_threshold=0.4, channels_pca__n_components=2, input_selection__channel_selection__alpha=0.05, input_selection__feature_selection__threshold=0.02; total time= 1.0min
[CV] END channels_correlation_filter__corr_threshold=0.4, channels_pca__n_components=2, input_selection__channel_selection__alpha=0.05, input_selection__feature_selection__threshold=0.02; total time= 1.0min
[CV] END channels_correlation_filter__corr_threshold=0.4, channels_pca__n_components=2, input_selection__channel_selection__alpha=0.05, input_selection__feature_selection__threshold=0.02; total time= 1.0min
[CV] END channels_correlation_filter__corr_threshold=0.4, channels_pca__n_components=2, input_selection__channel_selection__alpha=0.05, input_selection__feature_selection__threshold=0.02; total time= 1.0min
[CV] END channels_correlation_filter__corr_threshold=0.4, channels_pca__n_components=2, input_selection__channel_selection__alpha=0.05, input_selection__feature_selection__threshold=0.02; total time= 1.0min
[CV] END channels_correlation_filter__corr_threshold=0.4, channels_pca__n_components=2, input_selection__channel_selection__alpha=0.05, input_selection__feature_selection__threshold=0.03; total time= 1.0min
[CV] END channels_correlation_filter__corr_threshold=0.4, channels_pca__n_components=2, input_selection__channel_selection__alpha=0.05, input_selection__feature_selection__threshold=0.03; total time= 1.0min
[CV] END channels_correlation_filter__corr_threshold=0.4, channels_pca__n_components=2, input_selection__channel_selection__alpha=0.05, input_selection__feature_selection__threshold=0.03; total time= 1.0min
[CV] END channels_correlation_filter__corr_threshold=0.4, channels_pca__n_components=2, input_selection__channel_selection__alpha=0.05, input_selection__feature_selection__threshold=0.03; total time= 1.0min
[CV] END channels_correlation_filter__corr_threshold=0.4, channels_pca__n_components=2, input_selection__channel_selection__alpha=0.05, input_selection__feature_selection__threshold=0.03; total time= 1.0min
[CV] END channels_correlation_filter__corr_threshold=0.4, channels_pca__n_components=2, input_selection__channel_selection__alpha=0.05, input_selection__feature_selection__threshold=0.03; total time= 1.0min
[CV] END channels_correlation_filter__corr_threshold=0.4, channels_pca__n_components=2, input_selection__channel_selection__alpha=0.05, input_selection__feature_selection__threshold=0.03; total time= 1.0min
[CV] END channels_correlation_filter__corr_threshold=0.4, channels_pca__n_components=2, input_selection__channel_selection__alpha=0.05, input_selection__feature_selection__threshold=0.03; total time= 1.0min
[CV] END channels_correlation_filter__corr_threshold=0.4, channels_pca__n_components=2, input_selection__channel_selection__alpha=0.05, input_selection__feature_selection__threshold=0.03; total time= 1.0min
[CV] END channels_correlation_filter__corr_threshold=0.4, channels_pca__n_components=2, input_selection__channel_selection__alpha=0.05, input_selection__feature_selection__threshold=0.03; total time= 1.0min
[CV] END channels_correlation_filter__corr_threshold=0.4, channels_pca__n_components=2, input_selection__channel_selection__alpha=0.05, input_selection__feature_selection__threshold=0.05; total time=  59.3s
[CV] END channels_correlation_filter__corr_threshold=0.4, channels_pca__n_components=2, input_selection__channel_selection__alpha=0.05, input_selection__feature_selection__threshold=0.05; total time= 1.0min
[CV] END channels_correlation_filter__corr_threshold=0.4, channels_pca__n_components=2, input_selection__channel_selection__alpha=0.05, input_selection__feature_selection__threshold=0.05; total time=  59.6s
[CV] END channels_correlation_filter__corr_threshold=0.4, channels_pca__n_components=2, input_selection__channel_selection__alpha=0.05, input_selection__feature_selection__threshold=0.05; total time= 1.0min
[CV] END channels_correlation_filter__corr_threshold=0.4, channels_pca__n_components=2, input_selection__channel_selection__alpha=0.05, input_selection__feature_selection__threshold=0.05; total time= 1.0min
[CV] END channels_correlation_filter__corr_threshold=0.4, channels_pca__n_components=2, input_selection__channel_selection__alpha=0.05, input_selection__feature_selection__threshold=0.05; total time= 1.0min
[CV] END channels_correlation_filter__corr_threshold=0.4, channels_pca__n_components=2, input_selection__channel_selection__alpha=0.05, input_selection__feature_selection__threshold=0.05; total time=  59.9s
[CV] END channels_correlation_filter__corr_threshold=0.4, channels_pca__n_components=2, input_selection__channel_selection__alpha=0.05, input_selection__feature_selection__threshold=0.05; total time= 1.0min
[CV] END channels_correlation_filter__corr_threshold=0.4, channels_pca__n_components=2, input_selection__channel_selection__alpha=0.05, input_selection__feature_selection__threshold=0.05; total time= 1.0min
[CV] END channels_correlation_filter__corr_threshold=0.4, channels_pca__n_components=2, input_selection__channel_selection__alpha=0.05, input_selection__feature_selection__threshold=0.05; total time= 1.0min
[CV] END channels_correlation_filter__corr_threshold=0.4, channels_pca__n_components=2, input_selection__channel_selection__alpha=0.1, input_selection__feature_selection__threshold=0.01; total time= 1.0min
[CV] END channels_correlation_filter__corr_threshold=0.4, channels_pca__n_components=2, input_selection__channel_selection__alpha=0.1, input_selection__feature_selection__threshold=0.01; total time= 1.0min
[CV] END channels_correlation_filter__corr_threshold=0.4, channels_pca__n_components=2, input_selection__channel_selection__alpha=0.1, input_selection__feature_selection__threshold=0.01; total time= 1.0min
[CV] END channels_correlation_filter__corr_threshold=0.4, channels_pca__n_components=2, input_selection__channel_selection__alpha=0.1, input_selection__feature_selection__threshold=0.01; total time= 1.0min
[CV] END channels_correlation_filter__corr_threshold=0.4, channels_pca__n_components=2, input_selection__channel_selection__alpha=0.1, input_selection__feature_selection__threshold=0.01; total time= 1.0min
[CV] END channels_correlation_filter__corr_threshold=0.4, channels_pca__n_components=2, input_selection__channel_selection__alpha=0.1, input_selection__feature_selection__threshold=0.01; total time= 1.0min
[CV] END channels_correlation_filter__corr_threshold=0.4, channels_pca__n_components=2, input_selection__channel_selection__alpha=0.1, input_selection__feature_selection__threshold=0.01; total time= 1.0min
[CV] END channels_correlation_filter__corr_threshold=0.4, channels_pca__n_components=2, input_selection__channel_selection__alpha=0.1, input_selection__feature_selection__threshold=0.01; total time= 1.1min
[CV] END channels_correlation_filter__corr_threshold=0.4, channels_pca__n_components=2, input_selection__channel_selection__alpha=0.1, input_selection__feature_selection__threshold=0.01; total time= 1.0min
[CV] END channels_correlation_filter__corr_threshold=0.4, channels_pca__n_components=2, input_selection__channel_selection__alpha=0.1, input_selection__feature_selection__threshold=0.01; total time= 1.1min
[CV] END channels_correlation_filter__corr_threshold=0.4, channels_pca__n_components=2, input_selection__channel_selection__alpha=0.1, input_selection__feature_selection__threshold=0.02; total time= 1.0min
[CV] END channels_correlation_filter__corr_threshold=0.4, channels_pca__n_components=2, input_selection__channel_selection__alpha=0.1, input_selection__feature_selection__threshold=0.02; total time= 1.0min
[CV] END channels_correlation_filter__corr_threshold=0.4, channels_pca__n_components=2, input_selection__channel_selection__alpha=0.1, input_selection__feature_selection__threshold=0.02; total time= 1.0min
[CV] END channels_correlation_filter__corr_threshold=0.4, channels_pca__n_components=2, input_selection__channel_selection__alpha=0.1, input_selection__feature_selection__threshold=0.02; total time= 1.0min
[CV] END channels_correlation_filter__corr_threshold=0.4, channels_pca__n_components=2, input_selection__channel_selection__alpha=0.1, input_selection__feature_selection__threshold=0.02; total time= 1.0min
[CV] END channels_correlation_filter__corr_threshold=0.4, channels_pca__n_components=2, input_selection__channel_selection__alpha=0.1, input_selection__feature_selection__threshold=0.02; total time= 1.0min
[CV] END channels_correlation_filter__corr_threshold=0.4, channels_pca__n_components=2, input_selection__channel_selection__alpha=0.1, input_selection__feature_selection__threshold=0.02; total time= 1.0min
[CV] END channels_correlation_filter__corr_threshold=0.4, channels_pca__n_components=2, input_selection__channel_selection__alpha=0.1, input_selection__feature_selection__threshold=0.02; total time= 1.0min
[CV] END channels_correlation_filter__corr_threshold=0.4, channels_pca__n_components=2, input_selection__channel_selection__alpha=0.1, input_selection__feature_selection__threshold=0.02; total time= 1.0min
[CV] END channels_correlation_filter__corr_threshold=0.4, channels_pca__n_components=2, input_selection__channel_selection__alpha=0.1, input_selection__feature_selection__threshold=0.02; total time= 1.0min
[CV] END channels_correlation_filter__corr_threshold=0.4, channels_pca__n_components=2, input_selection__channel_selection__alpha=0.1, input_selection__feature_selection__threshold=0.03; total time= 1.0min
[CV] END channels_correlation_filter__corr_threshold=0.4, channels_pca__n_components=2, input_selection__channel_selection__alpha=0.1, input_selection__feature_selection__threshold=0.03; total time= 1.0min
[CV] END channels_correlation_filter__corr_threshold=0.4, channels_pca__n_components=2, input_selection__channel_selection__alpha=0.1, input_selection__feature_selection__threshold=0.03; total time= 1.0min
[CV] END channels_correlation_filter__corr_threshold=0.4, channels_pca__n_components=2, input_selection__channel_selection__alpha=0.1, input_selection__feature_selection__threshold=0.03; total time= 1.0min
[CV] END channels_correlation_filter__corr_threshold=0.4, channels_pca__n_components=2, input_selection__channel_selection__alpha=0.1, input_selection__feature_selection__threshold=0.03; total time= 1.0min
[CV] END channels_correlation_filter__corr_threshold=0.4, channels_pca__n_components=2, input_selection__channel_selection__alpha=0.1, input_selection__feature_selection__threshold=0.03; total time= 1.0min
[CV] END channels_correlation_filter__corr_threshold=0.4, channels_pca__n_components=2, input_selection__channel_selection__alpha=0.1, input_selection__feature_selection__threshold=0.03; total time= 1.0min
[CV] END channels_correlation_filter__corr_threshold=0.4, channels_pca__n_components=2, input_selection__channel_selection__alpha=0.1, input_selection__feature_selection__threshold=0.03; total time= 1.0min
[CV] END channels_correlation_filter__corr_threshold=0.4, channels_pca__n_components=2, input_selection__channel_selection__alpha=0.1, input_selection__feature_selection__threshold=0.03; total time= 1.0min
[CV] END channels_correlation_filter__corr_threshold=0.4, channels_pca__n_components=2, input_selection__channel_selection__alpha=0.1, input_selection__feature_selection__threshold=0.03; total time= 1.0min
[CV] END channels_correlation_filter__corr_threshold=0.4, channels_pca__n_components=2, input_selection__channel_selection__alpha=0.1, input_selection__feature_selection__threshold=0.05; total time=  59.5s
[CV] END channels_correlation_filter__corr_threshold=0.4, channels_pca__n_components=2, input_selection__channel_selection__alpha=0.1, input_selection__feature_selection__threshold=0.05; total time= 1.0min
[CV] END channels_correlation_filter__corr_threshold=0.4, channels_pca__n_components=2, input_selection__channel_selection__alpha=0.1, input_selection__feature_selection__threshold=0.05; total time=  59.9s
[CV] END channels_correlation_filter__corr_threshold=0.4, channels_pca__n_components=2, input_selection__channel_selection__alpha=0.1, input_selection__feature_selection__threshold=0.05; total time= 1.0min
[CV] END channels_correlation_filter__corr_threshold=0.4, channels_pca__n_components=2, input_selection__channel_selection__alpha=0.1, input_selection__feature_selection__threshold=0.05; total time= 1.0min
[CV] END channels_correlation_filter__corr_threshold=0.4, channels_pca__n_components=2, input_selection__channel_selection__alpha=0.1, input_selection__feature_selection__threshold=0.05; total time= 1.0min
[CV] END channels_correlation_filter__corr_threshold=0.4, channels_pca__n_components=2, input_selection__channel_selection__alpha=0.1, input_selection__feature_selection__threshold=0.05; total time=  59.9s
[CV] END channels_correlation_filter__corr_threshold=0.4, channels_pca__n_components=2, input_selection__channel_selection__alpha=0.1, input_selection__feature_selection__threshold=0.05; total time= 1.0min
[CV] END channels_correlation_filter__corr_threshold=0.4, channels_pca__n_components=2, input_selection__channel_selection__alpha=0.1, input_selection__feature_selection__threshold=0.05; total time= 1.0min
[CV] END channels_correlation_filter__corr_threshold=0.4, channels_pca__n_components=2, input_selection__channel_selection__alpha=0.1, input_selection__feature_selection__threshold=0.05; total time= 1.0min
[CV] END channels_correlation_filter__corr_threshold=0.4, channels_pca__n_components=3, input_selection__channel_selection__alpha=0.01, input_selection__feature_selection__threshold=0.01; total time= 1.0min
[CV] END channels_correlation_filter__corr_threshold=0.4, channels_pca__n_components=3, input_selection__channel_selection__alpha=0.01, input_selection__feature_selection__threshold=0.01; total time= 1.0min
[CV] END channels_correlation_filter__corr_threshold=0.4, channels_pca__n_components=3, input_selection__channel_selection__alpha=0.01, input_selection__feature_selection__threshold=0.01; total time=  59.9s
[CV] END channels_correlation_filter__corr_threshold=0.4, channels_pca__n_components=3, input_selection__channel_selection__alpha=0.01, input_selection__feature_selection__threshold=0.01; total time= 1.0min
[CV] END channels_correlation_filter__corr_threshold=0.4, channels_pca__n_components=3, input_selection__channel_selection__alpha=0.01, input_selection__feature_selection__threshold=0.01; total time= 1.0min
[CV] END channels_correlation_filter__corr_threshold=0.4, channels_pca__n_components=3, input_selection__channel_selection__alpha=0.01, input_selection__feature_selection__threshold=0.01; total time= 1.0min
[CV] END channels_correlation_filter__corr_threshold=0.4, channels_pca__n_components=3, input_selection__channel_selection__alpha=0.01, input_selection__feature_selection__threshold=0.01; total time= 1.0min
[CV] END channels_correlation_filter__corr_threshold=0.4, channels_pca__n_components=3, input_selection__channel_selection__alpha=0.01, input_selection__feature_selection__threshold=0.01; total time= 1.0min
[CV] END channels_correlation_filter__corr_threshold=0.4, channels_pca__n_components=3, input_selection__channel_selection__alpha=0.01, input_selection__feature_selection__threshold=0.01; total time= 1.0min
[CV] END channels_correlation_filter__corr_threshold=0.4, channels_pca__n_components=3, input_selection__channel_selection__alpha=0.01, input_selection__feature_selection__threshold=0.01; total time= 1.0min
[CV] END channels_correlation_filter__corr_threshold=0.4, channels_pca__n_components=3, input_selection__channel_selection__alpha=0.01, input_selection__feature_selection__threshold=0.02; total time=  59.8s
[CV] END channels_correlation_filter__corr_threshold=0.4, channels_pca__n_components=3, input_selection__channel_selection__alpha=0.01, input_selection__feature_selection__threshold=0.02; total time= 1.0min
[CV] END channels_correlation_filter__corr_threshold=0.4, channels_pca__n_components=3, input_selection__channel_selection__alpha=0.01, input_selection__feature_selection__threshold=0.02; total time=  59.9s
[CV] END channels_correlation_filter__corr_threshold=0.4, channels_pca__n_components=3, input_selection__channel_selection__alpha=0.01, input_selection__feature_selection__threshold=0.02; total time= 1.0min
[CV] END channels_correlation_filter__corr_threshold=0.4, channels_pca__n_components=3, input_selection__channel_selection__alpha=0.01, input_selection__feature_selection__threshold=0.02; total time= 1.0min
[CV] END channels_correlation_filter__corr_threshold=0.4, channels_pca__n_components=3, input_selection__channel_selection__alpha=0.01, input_selection__feature_selection__threshold=0.02; total time= 1.0min
[CV] END channels_correlation_filter__corr_threshold=0.4, channels_pca__n_components=3, input_selection__channel_selection__alpha=0.01, input_selection__feature_selection__threshold=0.02; total time= 1.0min
[CV] END channels_correlation_filter__corr_threshold=0.4, channels_pca__n_components=3, input_selection__channel_selection__alpha=0.01, input_selection__feature_selection__threshold=0.02; total time= 1.0min
[CV] END channels_correlation_filter__corr_threshold=0.4, channels_pca__n_components=3, input_selection__channel_selection__alpha=0.01, input_selection__feature_selection__threshold=0.02; total time= 1.0min
[CV] END channels_correlation_filter__corr_threshold=0.4, channels_pca__n_components=3, input_selection__channel_selection__alpha=0.01, input_selection__feature_selection__threshold=0.02; total time= 1.0min
[CV] END channels_correlation_filter__corr_threshold=0.4, channels_pca__n_components=3, input_selection__channel_selection__alpha=0.01, input_selection__feature_selection__threshold=0.03; total time= 1.0min
[CV] END channels_correlation_filter__corr_threshold=0.4, channels_pca__n_components=3, input_selection__channel_selection__alpha=0.01, input_selection__feature_selection__threshold=0.03; total time=  59.7s
[CV] END channels_correlation_filter__corr_threshold=0.4, channels_pca__n_components=3, input_selection__channel_selection__alpha=0.01, input_selection__feature_selection__threshold=0.03; total time= 1.0min
[CV] END channels_correlation_filter__corr_threshold=0.4, channels_pca__n_components=3, input_selection__channel_selection__alpha=0.01, input_selection__feature_selection__threshold=0.03; total time= 1.0min
[CV] END channels_correlation_filter__corr_threshold=0.4, channels_pca__n_components=3, input_selection__channel_selection__alpha=0.01, input_selection__feature_selection__threshold=0.03; total time=  59.6s
[CV] END channels_correlation_filter__corr_threshold=0.4, channels_pca__n_components=3, input_selection__channel_selection__alpha=0.01, input_selection__feature_selection__threshold=0.03; total time= 1.0min
[CV] END channels_correlation_filter__corr_threshold=0.4, channels_pca__n_components=3, input_selection__channel_selection__alpha=0.01, input_selection__feature_selection__threshold=0.03; total time=  59.7s
[CV] END channels_correlation_filter__corr_threshold=0.4, channels_pca__n_components=3, input_selection__channel_selection__alpha=0.01, input_selection__feature_selection__threshold=0.03; total time= 1.0min
[CV] END channels_correlation_filter__corr_threshold=0.4, channels_pca__n_components=3, input_selection__channel_selection__alpha=0.01, input_selection__feature_selection__threshold=0.03; total time= 1.0min
[CV] END channels_correlation_filter__corr_threshold=0.4, channels_pca__n_components=3, input_selection__channel_selection__alpha=0.01, input_selection__feature_selection__threshold=0.03; total time= 1.0min
[CV] END channels_correlation_filter__corr_threshold=0.4, channels_pca__n_components=3, input_selection__channel_selection__alpha=0.01, input_selection__feature_selection__threshold=0.05; total time=  58.6s
[CV] END channels_correlation_filter__corr_threshold=0.4, channels_pca__n_components=3, input_selection__channel_selection__alpha=0.01, input_selection__feature_selection__threshold=0.05; total time=  59.2s
[CV] END channels_correlation_filter__corr_threshold=0.4, channels_pca__n_components=3, input_selection__channel_selection__alpha=0.01, input_selection__feature_selection__threshold=0.05; total time=  58.8s
[CV] END channels_correlation_filter__corr_threshold=0.4, channels_pca__n_components=3, input_selection__channel_selection__alpha=0.01, input_selection__feature_selection__threshold=0.05; total time=  59.5s
[CV] END channels_correlation_filter__corr_threshold=0.4, channels_pca__n_components=3, input_selection__channel_selection__alpha=0.01, input_selection__feature_selection__threshold=0.05; total time=  59.5s
[CV] END channels_correlation_filter__corr_threshold=0.4, channels_pca__n_components=3, input_selection__channel_selection__alpha=0.01, input_selection__feature_selection__threshold=0.05; total time=  59.7s
[CV] END channels_correlation_filter__corr_threshold=0.4, channels_pca__n_components=3, input_selection__channel_selection__alpha=0.01, input_selection__feature_selection__threshold=0.05; total time=  59.5s
[CV] END channels_correlation_filter__corr_threshold=0.4, channels_pca__n_components=3, input_selection__channel_selection__alpha=0.01, input_selection__feature_selection__threshold=0.05; total time=  59.8s
[CV] END channels_correlation_filter__corr_threshold=0.4, channels_pca__n_components=3, input_selection__channel_selection__alpha=0.01, input_selection__feature_selection__threshold=0.05; total time=  59.6s
[CV] END channels_correlation_filter__corr_threshold=0.4, channels_pca__n_components=3, input_selection__channel_selection__alpha=0.01, input_selection__feature_selection__threshold=0.05; total time= 1.0min
[CV] END channels_correlation_filter__corr_threshold=0.4, channels_pca__n_components=3, input_selection__channel_selection__alpha=0.05, input_selection__feature_selection__threshold=0.01; total time= 1.0min
[CV] END channels_correlation_filter__corr_threshold=0.4, channels_pca__n_components=3, input_selection__channel_selection__alpha=0.05, input_selection__feature_selection__threshold=0.01; total time= 1.0min
[CV] END channels_correlation_filter__corr_threshold=0.4, channels_pca__n_components=3, input_selection__channel_selection__alpha=0.05, input_selection__feature_selection__threshold=0.01; total time= 1.0min
[CV] END channels_correlation_filter__corr_threshold=0.4, channels_pca__n_components=3, input_selection__channel_selection__alpha=0.05, input_selection__feature_selection__threshold=0.01; total time= 1.0min
[CV] END channels_correlation_filter__corr_threshold=0.4, channels_pca__n_components=3, input_selection__channel_selection__alpha=0.05, input_selection__feature_selection__threshold=0.01; total time= 1.0min
[CV] END channels_correlation_filter__corr_threshold=0.4, channels_pca__n_components=3, input_selection__channel_selection__alpha=0.05, input_selection__feature_selection__threshold=0.01; total time= 1.0min
[CV] END channels_correlation_filter__corr_threshold=0.4, channels_pca__n_components=3, input_selection__channel_selection__alpha=0.05, input_selection__feature_selection__threshold=0.01; total time= 1.0min
[CV] END channels_correlation_filter__corr_threshold=0.4, channels_pca__n_components=3, input_selection__channel_selection__alpha=0.05, input_selection__feature_selection__threshold=0.01; total time= 1.0min
[CV] END channels_correlation_filter__corr_threshold=0.4, channels_pca__n_components=3, input_selection__channel_selection__alpha=0.05, input_selection__feature_selection__threshold=0.01; total time= 1.0min
[CV] END channels_correlation_filter__corr_threshold=0.4, channels_pca__n_components=3, input_selection__channel_selection__alpha=0.05, input_selection__feature_selection__threshold=0.01; total time= 1.0min
[CV] END channels_correlation_filter__corr_threshold=0.4, channels_pca__n_components=3, input_selection__channel_selection__alpha=0.05, input_selection__feature_selection__threshold=0.02; total time= 1.0min
[CV] END channels_correlation_filter__corr_threshold=0.4, channels_pca__n_components=3, input_selection__channel_selection__alpha=0.05, input_selection__feature_selection__threshold=0.02; total time= 1.0min
[CV] END channels_correlation_filter__corr_threshold=0.4, channels_pca__n_components=3, input_selection__channel_selection__alpha=0.05, input_selection__feature_selection__threshold=0.02; total time= 1.0min
[CV] END channels_correlation_filter__corr_threshold=0.4, channels_pca__n_components=3, input_selection__channel_selection__alpha=0.05, input_selection__feature_selection__threshold=0.02; total time= 1.0min
[CV] END channels_correlation_filter__corr_threshold=0.4, channels_pca__n_components=3, input_selection__channel_selection__alpha=0.05, input_selection__feature_selection__threshold=0.02; total time= 1.0min
[CV] END channels_correlation_filter__corr_threshold=0.4, channels_pca__n_components=3, input_selection__channel_selection__alpha=0.05, input_selection__feature_selection__threshold=0.02; total time= 1.0min
[CV] END channels_correlation_filter__corr_threshold=0.4, channels_pca__n_components=3, input_selection__channel_selection__alpha=0.05, input_selection__feature_selection__threshold=0.02; total time= 1.0min
[CV] END channels_correlation_filter__corr_threshold=0.4, channels_pca__n_components=3, input_selection__channel_selection__alpha=0.05, input_selection__feature_selection__threshold=0.02; total time= 1.0min
[CV] END channels_correlation_filter__corr_threshold=0.4, channels_pca__n_components=3, input_selection__channel_selection__alpha=0.05, input_selection__feature_selection__threshold=0.02; total time= 1.0min
[CV] END channels_correlation_filter__corr_threshold=0.4, channels_pca__n_components=3, input_selection__channel_selection__alpha=0.05, input_selection__feature_selection__threshold=0.02; total time= 1.0min
[CV] END channels_correlation_filter__corr_threshold=0.4, channels_pca__n_components=3, input_selection__channel_selection__alpha=0.05, input_selection__feature_selection__threshold=0.03; total time= 1.0min
[CV] END channels_correlation_filter__corr_threshold=0.4, channels_pca__n_components=3, input_selection__channel_selection__alpha=0.05, input_selection__feature_selection__threshold=0.03; total time= 1.0min
[CV] END channels_correlation_filter__corr_threshold=0.4, channels_pca__n_components=3, input_selection__channel_selection__alpha=0.05, input_selection__feature_selection__threshold=0.03; total time= 1.0min
[CV] END channels_correlation_filter__corr_threshold=0.4, channels_pca__n_components=3, input_selection__channel_selection__alpha=0.05, input_selection__feature_selection__threshold=0.03; total time= 1.0min
[CV] END channels_correlation_filter__corr_threshold=0.4, channels_pca__n_components=3, input_selection__channel_selection__alpha=0.05, input_selection__feature_selection__threshold=0.03; total time= 1.0min
[CV] END channels_correlation_filter__corr_threshold=0.4, channels_pca__n_components=3, input_selection__channel_selection__alpha=0.05, input_selection__feature_selection__threshold=0.03; total time= 1.0min
[CV] END channels_correlation_filter__corr_threshold=0.4, channels_pca__n_components=3, input_selection__channel_selection__alpha=0.05, input_selection__feature_selection__threshold=0.03; total time= 1.0min
[CV] END channels_correlation_filter__corr_threshold=0.4, channels_pca__n_components=3, input_selection__channel_selection__alpha=0.05, input_selection__feature_selection__threshold=0.03; total time= 1.0min
[CV] END channels_correlation_filter__corr_threshold=0.4, channels_pca__n_components=3, input_selection__channel_selection__alpha=0.05, input_selection__feature_selection__threshold=0.03; total time= 1.0min
[CV] END channels_correlation_filter__corr_threshold=0.4, channels_pca__n_components=3, input_selection__channel_selection__alpha=0.05, input_selection__feature_selection__threshold=0.03; total time= 1.0min
[CV] END channels_correlation_filter__corr_threshold=0.4, channels_pca__n_components=3, input_selection__channel_selection__alpha=0.05, input_selection__feature_selection__threshold=0.05; total time=  59.4s
[CV] END channels_correlation_filter__corr_threshold=0.4, channels_pca__n_components=3, input_selection__channel_selection__alpha=0.05, input_selection__feature_selection__threshold=0.05; total time=  59.8s
[CV] END channels_correlation_filter__corr_threshold=0.4, channels_pca__n_components=3, input_selection__channel_selection__alpha=0.05, input_selection__feature_selection__threshold=0.05; total time=  59.5s
[CV] END channels_correlation_filter__corr_threshold=0.4, channels_pca__n_components=3, input_selection__channel_selection__alpha=0.05, input_selection__feature_selection__threshold=0.05; total time= 1.0min
[CV] END channels_correlation_filter__corr_threshold=0.4, channels_pca__n_components=3, input_selection__channel_selection__alpha=0.05, input_selection__feature_selection__threshold=0.05; total time= 1.0min
[CV] END channels_correlation_filter__corr_threshold=0.4, channels_pca__n_components=3, input_selection__channel_selection__alpha=0.05, input_selection__feature_selection__threshold=0.05; total time=  59.9s
[CV] END channels_correlation_filter__corr_threshold=0.4, channels_pca__n_components=3, input_selection__channel_selection__alpha=0.05, input_selection__feature_selection__threshold=0.05; total time=  59.7s
[CV] END channels_correlation_filter__corr_threshold=0.4, channels_pca__n_components=3, input_selection__channel_selection__alpha=0.05, input_selection__feature_selection__threshold=0.05; total time= 1.0min
[CV] END channels_correlation_filter__corr_threshold=0.4, channels_pca__n_components=3, input_selection__channel_selection__alpha=0.05, input_selection__feature_selection__threshold=0.05; total time= 1.0min
[CV] END channels_correlation_filter__corr_threshold=0.4, channels_pca__n_components=3, input_selection__channel_selection__alpha=0.05, input_selection__feature_selection__threshold=0.05; total time= 1.0min
[CV] END channels_correlation_filter__corr_threshold=0.4, channels_pca__n_components=3, input_selection__channel_selection__alpha=0.1, input_selection__feature_selection__threshold=0.01; total time= 1.0min
[CV] END channels_correlation_filter__corr_threshold=0.4, channels_pca__n_components=3, input_selection__channel_selection__alpha=0.1, input_selection__feature_selection__threshold=0.01; total time= 1.0min
[CV] END channels_correlation_filter__corr_threshold=0.4, channels_pca__n_components=3, input_selection__channel_selection__alpha=0.1, input_selection__feature_selection__threshold=0.01; total time= 1.0min
[CV] END channels_correlation_filter__corr_threshold=0.4, channels_pca__n_components=3, input_selection__channel_selection__alpha=0.1, input_selection__feature_selection__threshold=0.01; total time= 1.0min
[CV] END channels_correlation_filter__corr_threshold=0.4, channels_pca__n_components=3, input_selection__channel_selection__alpha=0.1, input_selection__feature_selection__threshold=0.01; total time= 1.0min
[CV] END channels_correlation_filter__corr_threshold=0.4, channels_pca__n_components=3, input_selection__channel_selection__alpha=0.1, input_selection__feature_selection__threshold=0.01; total time= 1.0min
[CV] END channels_correlation_filter__corr_threshold=0.4, channels_pca__n_components=3, input_selection__channel_selection__alpha=0.1, input_selection__feature_selection__threshold=0.01; total time= 1.0min
[CV] END channels_correlation_filter__corr_threshold=0.4, channels_pca__n_components=3, input_selection__channel_selection__alpha=0.1, input_selection__feature_selection__threshold=0.01; total time= 1.1min
[CV] END channels_correlation_filter__corr_threshold=0.4, channels_pca__n_components=3, input_selection__channel_selection__alpha=0.1, input_selection__feature_selection__threshold=0.01; total time= 1.1min
[CV] END channels_correlation_filter__corr_threshold=0.4, channels_pca__n_components=3, input_selection__channel_selection__alpha=0.1, input_selection__feature_selection__threshold=0.01; total time= 1.1min
[CV] END channels_correlation_filter__corr_threshold=0.4, channels_pca__n_components=3, input_selection__channel_selection__alpha=0.1, input_selection__feature_selection__threshold=0.02; total time= 1.0min
[CV] END channels_correlation_filter__corr_threshold=0.4, channels_pca__n_components=3, input_selection__channel_selection__alpha=0.1, input_selection__feature_selection__threshold=0.02; total time= 1.0min
[CV] END channels_correlation_filter__corr_threshold=0.4, channels_pca__n_components=3, input_selection__channel_selection__alpha=0.1, input_selection__feature_selection__threshold=0.02; total time= 1.0min
[CV] END channels_correlation_filter__corr_threshold=0.4, channels_pca__n_components=3, input_selection__channel_selection__alpha=0.1, input_selection__feature_selection__threshold=0.02; total time= 1.0min
[CV] END channels_correlation_filter__corr_threshold=0.4, channels_pca__n_components=3, input_selection__channel_selection__alpha=0.1, input_selection__feature_selection__threshold=0.02; total time= 1.0min
[CV] END channels_correlation_filter__corr_threshold=0.4, channels_pca__n_components=3, input_selection__channel_selection__alpha=0.1, input_selection__feature_selection__threshold=0.02; total time= 1.0min
[CV] END channels_correlation_filter__corr_threshold=0.4, channels_pca__n_components=3, input_selection__channel_selection__alpha=0.1, input_selection__feature_selection__threshold=0.02; total time= 1.0min
[CV] END channels_correlation_filter__corr_threshold=0.4, channels_pca__n_components=3, input_selection__channel_selection__alpha=0.1, input_selection__feature_selection__threshold=0.02; total time= 1.0min
[CV] END channels_correlation_filter__corr_threshold=0.4, channels_pca__n_components=3, input_selection__channel_selection__alpha=0.1, input_selection__feature_selection__threshold=0.02; total time= 1.0min
[CV] END channels_correlation_filter__corr_threshold=0.4, channels_pca__n_components=3, input_selection__channel_selection__alpha=0.1, input_selection__feature_selection__threshold=0.02; total time= 1.0min
[CV] END channels_correlation_filter__corr_threshold=0.4, channels_pca__n_components=3, input_selection__channel_selection__alpha=0.1, input_selection__feature_selection__threshold=0.03; total time= 1.0min
[CV] END channels_correlation_filter__corr_threshold=0.4, channels_pca__n_components=3, input_selection__channel_selection__alpha=0.1, input_selection__feature_selection__threshold=0.03; total time= 1.0min
[CV] END channels_correlation_filter__corr_threshold=0.4, channels_pca__n_components=3, input_selection__channel_selection__alpha=0.1, input_selection__feature_selection__threshold=0.03; total time= 1.0min
[CV] END channels_correlation_filter__corr_threshold=0.4, channels_pca__n_components=3, input_selection__channel_selection__alpha=0.1, input_selection__feature_selection__threshold=0.03; total time= 1.0min
[CV] END channels_correlation_filter__corr_threshold=0.4, channels_pca__n_components=3, input_selection__channel_selection__alpha=0.1, input_selection__feature_selection__threshold=0.03; total time= 1.0min
[CV] END channels_correlation_filter__corr_threshold=0.4, channels_pca__n_components=3, input_selection__channel_selection__alpha=0.1, input_selection__feature_selection__threshold=0.03; total time= 1.0min
[CV] END channels_correlation_filter__corr_threshold=0.4, channels_pca__n_components=3, input_selection__channel_selection__alpha=0.1, input_selection__feature_selection__threshold=0.03; total time= 1.0min
[CV] END channels_correlation_filter__corr_threshold=0.4, channels_pca__n_components=3, input_selection__channel_selection__alpha=0.1, input_selection__feature_selection__threshold=0.03; total time= 1.0min
[CV] END channels_correlation_filter__corr_threshold=0.4, channels_pca__n_components=3, input_selection__channel_selection__alpha=0.1, input_selection__feature_selection__threshold=0.03; total time= 1.0min
[CV] END channels_correlation_filter__corr_threshold=0.4, channels_pca__n_components=3, input_selection__channel_selection__alpha=0.1, input_selection__feature_selection__threshold=0.03; total time= 1.0min
[CV] END channels_correlation_filter__corr_threshold=0.4, channels_pca__n_components=3, input_selection__channel_selection__alpha=0.1, input_selection__feature_selection__threshold=0.05; total time=  59.7s
[CV] END channels_correlation_filter__corr_threshold=0.4, channels_pca__n_components=3, input_selection__channel_selection__alpha=0.1, input_selection__feature_selection__threshold=0.05; total time= 1.0min
[CV] END channels_correlation_filter__corr_threshold=0.4, channels_pca__n_components=3, input_selection__channel_selection__alpha=0.1, input_selection__feature_selection__threshold=0.05; total time= 1.0min
[CV] END channels_correlation_filter__corr_threshold=0.4, channels_pca__n_components=3, input_selection__channel_selection__alpha=0.1, input_selection__feature_selection__threshold=0.05; total time= 1.0min
[CV] END channels_correlation_filter__corr_threshold=0.4, channels_pca__n_components=3, input_selection__channel_selection__alpha=0.1, input_selection__feature_selection__threshold=0.05; total time= 1.0min
[CV] END channels_correlation_filter__corr_threshold=0.4, channels_pca__n_components=3, input_selection__channel_selection__alpha=0.1, input_selection__feature_selection__threshold=0.05; total time= 1.0min
[CV] END channels_correlation_filter__corr_threshold=0.4, channels_pca__n_components=3, input_selection__channel_selection__alpha=0.1, input_selection__feature_selection__threshold=0.05; total time= 1.0min
[CV] END channels_correlation_filter__corr_threshold=0.4, channels_pca__n_components=3, input_selection__channel_selection__alpha=0.1, input_selection__feature_selection__threshold=0.05; total time= 1.0min
[CV] END channels_correlation_filter__corr_threshold=0.4, channels_pca__n_components=3, input_selection__channel_selection__alpha=0.1, input_selection__feature_selection__threshold=0.05; total time= 1.0min
[CV] END channels_correlation_filter__corr_threshold=0.4, channels_pca__n_components=3, input_selection__channel_selection__alpha=0.1, input_selection__feature_selection__threshold=0.05; total time= 1.0min
[CV] END channels_correlation_filter__corr_threshold=0.4, channels_pca__n_components=5, input_selection__channel_selection__alpha=0.01, input_selection__feature_selection__threshold=0.01; total time= 1.0min
[CV] END channels_correlation_filter__corr_threshold=0.4, channels_pca__n_components=5, input_selection__channel_selection__alpha=0.01, input_selection__feature_selection__threshold=0.01; total time= 1.0min
[CV] END channels_correlation_filter__corr_threshold=0.4, channels_pca__n_components=5, input_selection__channel_selection__alpha=0.01, input_selection__feature_selection__threshold=0.01; total time= 1.0min
[CV] END channels_correlation_filter__corr_threshold=0.4, channels_pca__n_components=5, input_selection__channel_selection__alpha=0.01, input_selection__feature_selection__threshold=0.01; total time= 1.0min
[CV] END channels_correlation_filter__corr_threshold=0.4, channels_pca__n_components=5, input_selection__channel_selection__alpha=0.01, input_selection__feature_selection__threshold=0.01; total time= 1.0min
[CV] END channels_correlation_filter__corr_threshold=0.4, channels_pca__n_components=5, input_selection__channel_selection__alpha=0.01, input_selection__feature_selection__threshold=0.01; total time= 1.0min
[CV] END channels_correlation_filter__corr_threshold=0.4, channels_pca__n_components=5, input_selection__channel_selection__alpha=0.01, input_selection__feature_selection__threshold=0.01; total time= 1.0min
[CV] END channels_correlation_filter__corr_threshold=0.4, channels_pca__n_components=5, input_selection__channel_selection__alpha=0.01, input_selection__feature_selection__threshold=0.01; total time= 1.0min
[CV] END channels_correlation_filter__corr_threshold=0.4, channels_pca__n_components=5, input_selection__channel_selection__alpha=0.01, input_selection__feature_selection__threshold=0.01; total time= 1.0min
[CV] END channels_correlation_filter__corr_threshold=0.4, channels_pca__n_components=5, input_selection__channel_selection__alpha=0.01, input_selection__feature_selection__threshold=0.01; total time= 1.0min
[CV] END channels_correlation_filter__corr_threshold=0.4, channels_pca__n_components=5, input_selection__channel_selection__alpha=0.01, input_selection__feature_selection__threshold=0.02; total time=  60.0s
[CV] END channels_correlation_filter__corr_threshold=0.4, channels_pca__n_components=5, input_selection__channel_selection__alpha=0.01, input_selection__feature_selection__threshold=0.02; total time= 1.0min
[CV] END channels_correlation_filter__corr_threshold=0.4, channels_pca__n_components=5, input_selection__channel_selection__alpha=0.01, input_selection__feature_selection__threshold=0.02; total time= 1.0min
[CV] END channels_correlation_filter__corr_threshold=0.4, channels_pca__n_components=5, input_selection__channel_selection__alpha=0.01, input_selection__feature_selection__threshold=0.02; total time= 1.0min
[CV] END channels_correlation_filter__corr_threshold=0.4, channels_pca__n_components=5, input_selection__channel_selection__alpha=0.01, input_selection__feature_selection__threshold=0.02; total time= 1.0min
[CV] END channels_correlation_filter__corr_threshold=0.4, channels_pca__n_components=5, input_selection__channel_selection__alpha=0.01, input_selection__feature_selection__threshold=0.02; total time= 1.0min
[CV] END channels_correlation_filter__corr_threshold=0.4, channels_pca__n_components=5, input_selection__channel_selection__alpha=0.01, input_selection__feature_selection__threshold=0.02; total time= 1.0min
[CV] END channels_correlation_filter__corr_threshold=0.4, channels_pca__n_components=5, input_selection__channel_selection__alpha=0.01, input_selection__feature_selection__threshold=0.02; total time= 1.0min
[CV] END channels_correlation_filter__corr_threshold=0.4, channels_pca__n_components=5, input_selection__channel_selection__alpha=0.01, input_selection__feature_selection__threshold=0.02; total time= 1.0min
[CV] END channels_correlation_filter__corr_threshold=0.4, channels_pca__n_components=5, input_selection__channel_selection__alpha=0.01, input_selection__feature_selection__threshold=0.02; total time= 1.0min
[CV] END channels_correlation_filter__corr_threshold=0.4, channels_pca__n_components=5, input_selection__channel_selection__alpha=0.01, input_selection__feature_selection__threshold=0.03; total time= 1.0min
[CV] END channels_correlation_filter__corr_threshold=0.4, channels_pca__n_components=5, input_selection__channel_selection__alpha=0.01, input_selection__feature_selection__threshold=0.03; total time= 1.0min
[CV] END channels_correlation_filter__corr_threshold=0.4, channels_pca__n_components=5, input_selection__channel_selection__alpha=0.01, input_selection__feature_selection__threshold=0.03; total time= 1.0min
[CV] END channels_correlation_filter__corr_threshold=0.4, channels_pca__n_components=5, input_selection__channel_selection__alpha=0.01, input_selection__feature_selection__threshold=0.03; total time= 1.0min
[CV] END channels_correlation_filter__corr_threshold=0.4, channels_pca__n_components=5, input_selection__channel_selection__alpha=0.01, input_selection__feature_selection__threshold=0.03; total time= 1.0min
[CV] END channels_correlation_filter__corr_threshold=0.4, channels_pca__n_components=5, input_selection__channel_selection__alpha=0.01, input_selection__feature_selection__threshold=0.03; total time= 1.0min
[CV] END channels_correlation_filter__corr_threshold=0.4, channels_pca__n_components=5, input_selection__channel_selection__alpha=0.01, input_selection__feature_selection__threshold=0.03; total time= 1.0min
[CV] END channels_correlation_filter__corr_threshold=0.4, channels_pca__n_components=5, input_selection__channel_selection__alpha=0.01, input_selection__feature_selection__threshold=0.03; total time= 1.0min
[CV] END channels_correlation_filter__corr_threshold=0.4, channels_pca__n_components=5, input_selection__channel_selection__alpha=0.01, input_selection__feature_selection__threshold=0.03; total time= 1.0min
[CV] END channels_correlation_filter__corr_threshold=0.4, channels_pca__n_components=5, input_selection__channel_selection__alpha=0.01, input_selection__feature_selection__threshold=0.03; total time= 1.0min
[CV] END channels_correlation_filter__corr_threshold=0.4, channels_pca__n_components=5, input_selection__channel_selection__alpha=0.01, input_selection__feature_selection__threshold=0.05; total time=  58.9s
[CV] END channels_correlation_filter__corr_threshold=0.4, channels_pca__n_components=5, input_selection__channel_selection__alpha=0.01, input_selection__feature_selection__threshold=0.05; total time=  59.8s
[CV] END channels_correlation_filter__corr_threshold=0.4, channels_pca__n_components=5, input_selection__channel_selection__alpha=0.01, input_selection__feature_selection__threshold=0.05; total time=  58.7s
[CV] END channels_correlation_filter__corr_threshold=0.4, channels_pca__n_components=5, input_selection__channel_selection__alpha=0.01, input_selection__feature_selection__threshold=0.05; total time=  59.8s
[CV] END channels_correlation_filter__corr_threshold=0.4, channels_pca__n_components=5, input_selection__channel_selection__alpha=0.01, input_selection__feature_selection__threshold=0.05; total time=  60.0s
[CV] END channels_correlation_filter__corr_threshold=0.4, channels_pca__n_components=5, input_selection__channel_selection__alpha=0.01, input_selection__feature_selection__threshold=0.05; total time=  59.9s
[CV] END channels_correlation_filter__corr_threshold=0.4, channels_pca__n_components=5, input_selection__channel_selection__alpha=0.01, input_selection__feature_selection__threshold=0.05; total time=  59.5s
[CV] END channels_correlation_filter__corr_threshold=0.4, channels_pca__n_components=5, input_selection__channel_selection__alpha=0.01, input_selection__feature_selection__threshold=0.05; total time=  59.8s
[CV] END channels_correlation_filter__corr_threshold=0.4, channels_pca__n_components=5, input_selection__channel_selection__alpha=0.01, input_selection__feature_selection__threshold=0.05; total time=  59.7s
[CV] END channels_correlation_filter__corr_threshold=0.4, channels_pca__n_components=5, input_selection__channel_selection__alpha=0.01, input_selection__feature_selection__threshold=0.05; total time= 1.0min
[CV] END channels_correlation_filter__corr_threshold=0.4, channels_pca__n_components=5, input_selection__channel_selection__alpha=0.05, input_selection__feature_selection__threshold=0.01; total time= 1.0min
[CV] END channels_correlation_filter__corr_threshold=0.4, channels_pca__n_components=5, input_selection__channel_selection__alpha=0.05, input_selection__feature_selection__threshold=0.01; total time= 1.0min
[CV] END channels_correlation_filter__corr_threshold=0.4, channels_pca__n_components=5, input_selection__channel_selection__alpha=0.05, input_selection__feature_selection__threshold=0.01; total time= 1.0min
[CV] END channels_correlation_filter__corr_threshold=0.4, channels_pca__n_components=5, input_selection__channel_selection__alpha=0.05, input_selection__feature_selection__threshold=0.01; total time= 1.0min
[CV] END channels_correlation_filter__corr_threshold=0.4, channels_pca__n_components=5, input_selection__channel_selection__alpha=0.05, input_selection__feature_selection__threshold=0.01; total time= 1.0min
[CV] END channels_correlation_filter__corr_threshold=0.4, channels_pca__n_components=5, input_selection__channel_selection__alpha=0.05, input_selection__feature_selection__threshold=0.01; total time= 1.0min
[CV] END channels_correlation_filter__corr_threshold=0.4, channels_pca__n_components=5, input_selection__channel_selection__alpha=0.05, input_selection__feature_selection__threshold=0.01; total time= 1.0min
[CV] END channels_correlation_filter__corr_threshold=0.4, channels_pca__n_components=5, input_selection__channel_selection__alpha=0.05, input_selection__feature_selection__threshold=0.01; total time= 1.1min
[CV] END channels_correlation_filter__corr_threshold=0.4, channels_pca__n_components=5, input_selection__channel_selection__alpha=0.05, input_selection__feature_selection__threshold=0.01; total time= 1.0min
[CV] END channels_correlation_filter__corr_threshold=0.4, channels_pca__n_components=5, input_selection__channel_selection__alpha=0.05, input_selection__feature_selection__threshold=0.01; total time= 1.0min
[CV] END channels_correlation_filter__corr_threshold=0.4, channels_pca__n_components=5, input_selection__channel_selection__alpha=0.05, input_selection__feature_selection__threshold=0.02; total time= 1.0min
[CV] END channels_correlation_filter__corr_threshold=0.4, channels_pca__n_components=5, input_selection__channel_selection__alpha=0.05, input_selection__feature_selection__threshold=0.02; total time= 1.0min
[CV] END channels_correlation_filter__corr_threshold=0.4, channels_pca__n_components=5, input_selection__channel_selection__alpha=0.05, input_selection__feature_selection__threshold=0.02; total time= 1.0min
[CV] END channels_correlation_filter__corr_threshold=0.4, channels_pca__n_components=5, input_selection__channel_selection__alpha=0.05, input_selection__feature_selection__threshold=0.02; total time= 1.0min
[CV] END channels_correlation_filter__corr_threshold=0.4, channels_pca__n_components=5, input_selection__channel_selection__alpha=0.05, input_selection__feature_selection__threshold=0.02; total time= 1.0min
[CV] END channels_correlation_filter__corr_threshold=0.4, channels_pca__n_components=5, input_selection__channel_selection__alpha=0.05, input_selection__feature_selection__threshold=0.02; total time= 1.0min
[CV] END channels_correlation_filter__corr_threshold=0.4, channels_pca__n_components=5, input_selection__channel_selection__alpha=0.05, input_selection__feature_selection__threshold=0.02; total time= 1.0min
[CV] END channels_correlation_filter__corr_threshold=0.4, channels_pca__n_components=5, input_selection__channel_selection__alpha=0.05, input_selection__feature_selection__threshold=0.02; total time= 1.0min
[CV] END channels_correlation_filter__corr_threshold=0.4, channels_pca__n_components=5, input_selection__channel_selection__alpha=0.05, input_selection__feature_selection__threshold=0.02; total time= 1.0min
[CV] END channels_correlation_filter__corr_threshold=0.4, channels_pca__n_components=5, input_selection__channel_selection__alpha=0.05, input_selection__feature_selection__threshold=0.02; total time= 1.0min
[CV] END channels_correlation_filter__corr_threshold=0.4, channels_pca__n_components=5, input_selection__channel_selection__alpha=0.05, input_selection__feature_selection__threshold=0.03; total time= 1.0min
[CV] END channels_correlation_filter__corr_threshold=0.4, channels_pca__n_components=5, input_selection__channel_selection__alpha=0.05, input_selection__feature_selection__threshold=0.03; total time= 1.0min
[CV] END channels_correlation_filter__corr_threshold=0.4, channels_pca__n_components=5, input_selection__channel_selection__alpha=0.05, input_selection__feature_selection__threshold=0.03; total time= 1.0min
[CV] END channels_correlation_filter__corr_threshold=0.4, channels_pca__n_components=5, input_selection__channel_selection__alpha=0.05, input_selection__feature_selection__threshold=0.03; total time= 1.0min
[CV] END channels_correlation_filter__corr_threshold=0.4, channels_pca__n_components=5, input_selection__channel_selection__alpha=0.05, input_selection__feature_selection__threshold=0.03; total time= 1.0min
[CV] END channels_correlation_filter__corr_threshold=0.4, channels_pca__n_components=5, input_selection__channel_selection__alpha=0.05, input_selection__feature_selection__threshold=0.03; total time= 1.0min
[CV] END channels_correlation_filter__corr_threshold=0.4, channels_pca__n_components=5, input_selection__channel_selection__alpha=0.05, input_selection__feature_selection__threshold=0.03; total time= 1.0min
[CV] END channels_correlation_filter__corr_threshold=0.4, channels_pca__n_components=5, input_selection__channel_selection__alpha=0.05, input_selection__feature_selection__threshold=0.03; total time= 1.0min
[CV] END channels_correlation_filter__corr_threshold=0.4, channels_pca__n_components=5, input_selection__channel_selection__alpha=0.05, input_selection__feature_selection__threshold=0.03; total time= 1.0min
[CV] END channels_correlation_filter__corr_threshold=0.4, channels_pca__n_components=5, input_selection__channel_selection__alpha=0.05, input_selection__feature_selection__threshold=0.03; total time= 1.0min
[CV] END channels_correlation_filter__corr_threshold=0.4, channels_pca__n_components=5, input_selection__channel_selection__alpha=0.05, input_selection__feature_selection__threshold=0.05; total time=  59.0s
[CV] END channels_correlation_filter__corr_threshold=0.4, channels_pca__n_components=5, input_selection__channel_selection__alpha=0.05, input_selection__feature_selection__threshold=0.05; total time=  59.9s
[CV] END channels_correlation_filter__corr_threshold=0.4, channels_pca__n_components=5, input_selection__channel_selection__alpha=0.05, input_selection__feature_selection__threshold=0.05; total time=  59.8s
[CV] END channels_correlation_filter__corr_threshold=0.4, channels_pca__n_components=5, input_selection__channel_selection__alpha=0.05, input_selection__feature_selection__threshold=0.05; total time= 1.0min
[CV] END channels_correlation_filter__corr_threshold=0.4, channels_pca__n_components=5, input_selection__channel_selection__alpha=0.05, input_selection__feature_selection__threshold=0.05; total time= 1.0min
[CV] END channels_correlation_filter__corr_threshold=0.4, channels_pca__n_components=5, input_selection__channel_selection__alpha=0.05, input_selection__feature_selection__threshold=0.05; total time= 1.0min
[CV] END channels_correlation_filter__corr_threshold=0.4, channels_pca__n_components=5, input_selection__channel_selection__alpha=0.05, input_selection__feature_selection__threshold=0.05; total time=  59.9s
[CV] END channels_correlation_filter__corr_threshold=0.4, channels_pca__n_components=5, input_selection__channel_selection__alpha=0.05, input_selection__feature_selection__threshold=0.05; total time= 1.0min
[CV] END channels_correlation_filter__corr_threshold=0.4, channels_pca__n_components=5, input_selection__channel_selection__alpha=0.05, input_selection__feature_selection__threshold=0.05; total time= 1.0min
[CV] END channels_correlation_filter__corr_threshold=0.4, channels_pca__n_components=5, input_selection__channel_selection__alpha=0.05, input_selection__feature_selection__threshold=0.05; total time= 1.0min
[CV] END channels_correlation_filter__corr_threshold=0.4, channels_pca__n_components=5, input_selection__channel_selection__alpha=0.1, input_selection__feature_selection__threshold=0.01; total time= 1.0min
[CV] END channels_correlation_filter__corr_threshold=0.4, channels_pca__n_components=5, input_selection__channel_selection__alpha=0.1, input_selection__feature_selection__threshold=0.01; total time= 1.0min
[CV] END channels_correlation_filter__corr_threshold=0.4, channels_pca__n_components=5, input_selection__channel_selection__alpha=0.1, input_selection__feature_selection__threshold=0.01; total time= 1.0min
[CV] END channels_correlation_filter__corr_threshold=0.4, channels_pca__n_components=5, input_selection__channel_selection__alpha=0.1, input_selection__feature_selection__threshold=0.01; total time= 1.0min
[CV] END channels_correlation_filter__corr_threshold=0.4, channels_pca__n_components=5, input_selection__channel_selection__alpha=0.1, input_selection__feature_selection__threshold=0.01; total time= 1.0min
[CV] END channels_correlation_filter__corr_threshold=0.4, channels_pca__n_components=5, input_selection__channel_selection__alpha=0.1, input_selection__feature_selection__threshold=0.01; total time= 1.1min
[CV] END channels_correlation_filter__corr_threshold=0.4, channels_pca__n_components=5, input_selection__channel_selection__alpha=0.1, input_selection__feature_selection__threshold=0.01; total time= 1.0min
[CV] END channels_correlation_filter__corr_threshold=0.4, channels_pca__n_components=5, input_selection__channel_selection__alpha=0.1, input_selection__feature_selection__threshold=0.01; total time= 1.1min
[CV] END channels_correlation_filter__corr_threshold=0.4, channels_pca__n_components=5, input_selection__channel_selection__alpha=0.1, input_selection__feature_selection__threshold=0.01; total time= 1.1min
[CV] END channels_correlation_filter__corr_threshold=0.4, channels_pca__n_components=5, input_selection__channel_selection__alpha=0.1, input_selection__feature_selection__threshold=0.01; total time= 1.1min
[CV] END channels_correlation_filter__corr_threshold=0.4, channels_pca__n_components=5, input_selection__channel_selection__alpha=0.1, input_selection__feature_selection__threshold=0.02; total time= 1.0min
[CV] END channels_correlation_filter__corr_threshold=0.4, channels_pca__n_components=5, input_selection__channel_selection__alpha=0.1, input_selection__feature_selection__threshold=0.02; total time= 1.0min
[CV] END channels_correlation_filter__corr_threshold=0.4, channels_pca__n_components=5, input_selection__channel_selection__alpha=0.1, input_selection__feature_selection__threshold=0.02; total time= 1.0min
[CV] END channels_correlation_filter__corr_threshold=0.4, channels_pca__n_components=5, input_selection__channel_selection__alpha=0.1, input_selection__feature_selection__threshold=0.02; total time= 1.1min
[CV] END channels_correlation_filter__corr_threshold=0.4, channels_pca__n_components=5, input_selection__channel_selection__alpha=0.1, input_selection__feature_selection__threshold=0.02; total time= 1.0min
[CV] END channels_correlation_filter__corr_threshold=0.4, channels_pca__n_components=5, input_selection__channel_selection__alpha=0.1, input_selection__feature_selection__threshold=0.02; total time= 1.1min
[CV] END channels_correlation_filter__corr_threshold=0.4, channels_pca__n_components=5, input_selection__channel_selection__alpha=0.1, input_selection__feature_selection__threshold=0.02; total time= 1.0min
[CV] END channels_correlation_filter__corr_threshold=0.4, channels_pca__n_components=5, input_selection__channel_selection__alpha=0.1, input_selection__feature_selection__threshold=0.02; total time= 1.0min
[CV] END channels_correlation_filter__corr_threshold=0.4, channels_pca__n_components=5, input_selection__channel_selection__alpha=0.1, input_selection__feature_selection__threshold=0.02; total time= 1.0min
[CV] END channels_correlation_filter__corr_threshold=0.4, channels_pca__n_components=5, input_selection__channel_selection__alpha=0.1, input_selection__feature_selection__threshold=0.02; total time= 1.0min
[CV] END channels_correlation_filter__corr_threshold=0.4, channels_pca__n_components=5, input_selection__channel_selection__alpha=0.1, input_selection__feature_selection__threshold=0.03; total time= 1.0min
[CV] END channels_correlation_filter__corr_threshold=0.4, channels_pca__n_components=5, input_selection__channel_selection__alpha=0.1, input_selection__feature_selection__threshold=0.03; total time= 1.0min
[CV] END channels_correlation_filter__corr_threshold=0.4, channels_pca__n_components=5, input_selection__channel_selection__alpha=0.1, input_selection__feature_selection__threshold=0.03; total time= 1.0min
[CV] END channels_correlation_filter__corr_threshold=0.4, channels_pca__n_components=5, input_selection__channel_selection__alpha=0.1, input_selection__feature_selection__threshold=0.03; total time= 1.0min
[CV] END channels_correlation_filter__corr_threshold=0.4, channels_pca__n_components=5, input_selection__channel_selection__alpha=0.1, input_selection__feature_selection__threshold=0.03; total time= 1.0min
[CV] END channels_correlation_filter__corr_threshold=0.4, channels_pca__n_components=5, input_selection__channel_selection__alpha=0.1, input_selection__feature_selection__threshold=0.03; total time= 1.0min
[CV] END channels_correlation_filter__corr_threshold=0.4, channels_pca__n_components=5, input_selection__channel_selection__alpha=0.1, input_selection__feature_selection__threshold=0.03; total time= 1.0min
[CV] END channels_correlation_filter__corr_threshold=0.4, channels_pca__n_components=5, input_selection__channel_selection__alpha=0.1, input_selection__feature_selection__threshold=0.03; total time= 1.0min
[CV] END channels_correlation_filter__corr_threshold=0.4, channels_pca__n_components=5, input_selection__channel_selection__alpha=0.1, input_selection__feature_selection__threshold=0.03; total time= 1.0min
[CV] END channels_correlation_filter__corr_threshold=0.4, channels_pca__n_components=5, input_selection__channel_selection__alpha=0.1, input_selection__feature_selection__threshold=0.03; total time= 1.0min
[CV] END channels_correlation_filter__corr_threshold=0.4, channels_pca__n_components=5, input_selection__channel_selection__alpha=0.1, input_selection__feature_selection__threshold=0.05; total time=  59.8s
[CV] END channels_correlation_filter__corr_threshold=0.4, channels_pca__n_components=5, input_selection__channel_selection__alpha=0.1, input_selection__feature_selection__threshold=0.05; total time= 1.0min
[CV] END channels_correlation_filter__corr_threshold=0.4, channels_pca__n_components=5, input_selection__channel_selection__alpha=0.1, input_selection__feature_selection__threshold=0.05; total time= 1.0min
[CV] END channels_correlation_filter__corr_threshold=0.4, channels_pca__n_components=5, input_selection__channel_selection__alpha=0.1, input_selection__feature_selection__threshold=0.05; total time= 1.0min
[CV] END channels_correlation_filter__corr_threshold=0.4, channels_pca__n_components=5, input_selection__channel_selection__alpha=0.1, input_selection__feature_selection__threshold=0.05; total time= 1.0min
[CV] END channels_correlation_filter__corr_threshold=0.4, channels_pca__n_components=5, input_selection__channel_selection__alpha=0.1, input_selection__feature_selection__threshold=0.05; total time= 1.0min
[CV] END channels_correlation_filter__corr_threshold=0.4, channels_pca__n_components=5, input_selection__channel_selection__alpha=0.1, input_selection__feature_selection__threshold=0.05; total time= 1.0min
[CV] END channels_correlation_filter__corr_threshold=0.4, channels_pca__n_components=5, input_selection__channel_selection__alpha=0.1, input_selection__feature_selection__threshold=0.05; total time= 1.0min
[CV] END channels_correlation_filter__corr_threshold=0.4, channels_pca__n_components=5, input_selection__channel_selection__alpha=0.1, input_selection__feature_selection__threshold=0.05; total time= 1.0min
[CV] END channels_correlation_filter__corr_threshold=0.4, channels_pca__n_components=5, input_selection__channel_selection__alpha=0.1, input_selection__feature_selection__threshold=0.05; total time= 1.0min
################## END ##################
OOB gridsearch params:
{'max_features': 1.0, 'estimator__gamma': 'scale', 'estimator__C': 1} 0.820761967501098
CV gridsearch params:
{'channels_correlation_filter__corr_threshold': 0.4, 'channels_pca__n_components': 2, 'input_selection__channel_selection__alpha': 0.01, 'input_selection__feature_selection__threshold': 0.05} 0.8234440559440559
/home/saldan/Desktop/projects/nAPOGEE/tAPOGEE/downstream_analysis/ablation_studies/drop_position.py:33: FutureWarning: Downcasting behavior in `replace` is deprecated and will be removed in a future version. To retain the old behavior, explicitly call `result.infer_objects(copy=False)`. To opt-in to the future behavior, set `pd.set_option('future.no_silent_downcasting', True)`
  .replace(["benign", "pathogenic"], [0,1])
Fitting 10 folds for each of 192 candidates, totalling 1920 fits
[CV] END channels_correlation_filter__corr_threshold=0.2, channels_pca__n_components=1, input_selection__channel_selection__alpha=0.01, input_selection__feature_selection__threshold=0.01; total time=  59.4s
[CV] END channels_correlation_filter__corr_threshold=0.2, channels_pca__n_components=1, input_selection__channel_selection__alpha=0.01, input_selection__feature_selection__threshold=0.01; total time=  58.8s
[CV] END channels_correlation_filter__corr_threshold=0.2, channels_pca__n_components=1, input_selection__channel_selection__alpha=0.01, input_selection__feature_selection__threshold=0.01; total time=  59.4s
[CV] END channels_correlation_filter__corr_threshold=0.2, channels_pca__n_components=1, input_selection__channel_selection__alpha=0.01, input_selection__feature_selection__threshold=0.01; total time=  59.5s
[CV] END channels_correlation_filter__corr_threshold=0.2, channels_pca__n_components=1, input_selection__channel_selection__alpha=0.01, input_selection__feature_selection__threshold=0.01; total time=  59.6s
[CV] END channels_correlation_filter__corr_threshold=0.2, channels_pca__n_components=1, input_selection__channel_selection__alpha=0.01, input_selection__feature_selection__threshold=0.01; total time= 1.0min
[CV] END channels_correlation_filter__corr_threshold=0.2, channels_pca__n_components=1, input_selection__channel_selection__alpha=0.01, input_selection__feature_selection__threshold=0.01; total time=  59.6s
[CV] END channels_correlation_filter__corr_threshold=0.2, channels_pca__n_components=1, input_selection__channel_selection__alpha=0.01, input_selection__feature_selection__threshold=0.01; total time= 1.0min
[CV] END channels_correlation_filter__corr_threshold=0.2, channels_pca__n_components=1, input_selection__channel_selection__alpha=0.01, input_selection__feature_selection__threshold=0.01; total time=  59.1s
[CV] END channels_correlation_filter__corr_threshold=0.2, channels_pca__n_components=1, input_selection__channel_selection__alpha=0.01, input_selection__feature_selection__threshold=0.01; total time=  59.7s
[CV] END channels_correlation_filter__corr_threshold=0.2, channels_pca__n_components=1, input_selection__channel_selection__alpha=0.01, input_selection__feature_selection__threshold=0.02; total time=  57.5s
[CV] END channels_correlation_filter__corr_threshold=0.2, channels_pca__n_components=1, input_selection__channel_selection__alpha=0.01, input_selection__feature_selection__threshold=0.02; total time=  58.9s
[CV] END channels_correlation_filter__corr_threshold=0.2, channels_pca__n_components=1, input_selection__channel_selection__alpha=0.01, input_selection__feature_selection__threshold=0.02; total time=  58.5s
[CV] END channels_correlation_filter__corr_threshold=0.2, channels_pca__n_components=1, input_selection__channel_selection__alpha=0.01, input_selection__feature_selection__threshold=0.02; total time=  58.9s
[CV] END channels_correlation_filter__corr_threshold=0.2, channels_pca__n_components=1, input_selection__channel_selection__alpha=0.01, input_selection__feature_selection__threshold=0.02; total time=  59.1s
[CV] END channels_correlation_filter__corr_threshold=0.2, channels_pca__n_components=1, input_selection__channel_selection__alpha=0.01, input_selection__feature_selection__threshold=0.02; total time=  59.5s
[CV] END channels_correlation_filter__corr_threshold=0.2, channels_pca__n_components=1, input_selection__channel_selection__alpha=0.01, input_selection__feature_selection__threshold=0.02; total time=  59.1s
[CV] END channels_correlation_filter__corr_threshold=0.2, channels_pca__n_components=1, input_selection__channel_selection__alpha=0.01, input_selection__feature_selection__threshold=0.02; total time= 1.0min
[CV] END channels_correlation_filter__corr_threshold=0.2, channels_pca__n_components=1, input_selection__channel_selection__alpha=0.01, input_selection__feature_selection__threshold=0.02; total time=  58.9s
[CV] END channels_correlation_filter__corr_threshold=0.2, channels_pca__n_components=1, input_selection__channel_selection__alpha=0.01, input_selection__feature_selection__threshold=0.02; total time=  59.4s
[CV] END channels_correlation_filter__corr_threshold=0.2, channels_pca__n_components=1, input_selection__channel_selection__alpha=0.01, input_selection__feature_selection__threshold=0.03; total time=  57.3s
[CV] END channels_correlation_filter__corr_threshold=0.2, channels_pca__n_components=1, input_selection__channel_selection__alpha=0.01, input_selection__feature_selection__threshold=0.03; total time=  59.0s
[CV] END channels_correlation_filter__corr_threshold=0.2, channels_pca__n_components=1, input_selection__channel_selection__alpha=0.01, input_selection__feature_selection__threshold=0.03; total time=  58.8s
[CV] END channels_correlation_filter__corr_threshold=0.2, channels_pca__n_components=1, input_selection__channel_selection__alpha=0.01, input_selection__feature_selection__threshold=0.03; total time=  58.6s
[CV] END channels_correlation_filter__corr_threshold=0.2, channels_pca__n_components=1, input_selection__channel_selection__alpha=0.01, input_selection__feature_selection__threshold=0.03; total time=  59.2s
[CV] END channels_correlation_filter__corr_threshold=0.2, channels_pca__n_components=1, input_selection__channel_selection__alpha=0.01, input_selection__feature_selection__threshold=0.03; total time=  58.7s
[CV] END channels_correlation_filter__corr_threshold=0.2, channels_pca__n_components=1, input_selection__channel_selection__alpha=0.01, input_selection__feature_selection__threshold=0.03; total time=  59.3s
[CV] END channels_correlation_filter__corr_threshold=0.2, channels_pca__n_components=1, input_selection__channel_selection__alpha=0.01, input_selection__feature_selection__threshold=0.03; total time=  59.3s
[CV] END channels_correlation_filter__corr_threshold=0.2, channels_pca__n_components=1, input_selection__channel_selection__alpha=0.01, input_selection__feature_selection__threshold=0.03; total time=  59.3s
[CV] END channels_correlation_filter__corr_threshold=0.2, channels_pca__n_components=1, input_selection__channel_selection__alpha=0.01, input_selection__feature_selection__threshold=0.03; total time=  58.9s
[CV] END channels_correlation_filter__corr_threshold=0.2, channels_pca__n_components=1, input_selection__channel_selection__alpha=0.01, input_selection__feature_selection__threshold=0.05; total time=  55.6s
[CV] END channels_correlation_filter__corr_threshold=0.2, channels_pca__n_components=1, input_selection__channel_selection__alpha=0.01, input_selection__feature_selection__threshold=0.05; total time=  58.1s
[CV] END channels_correlation_filter__corr_threshold=0.2, channels_pca__n_components=1, input_selection__channel_selection__alpha=0.01, input_selection__feature_selection__threshold=0.05; total time=  57.8s
[CV] END channels_correlation_filter__corr_threshold=0.2, channels_pca__n_components=1, input_selection__channel_selection__alpha=0.01, input_selection__feature_selection__threshold=0.05; total time=  58.3s
[CV] END channels_correlation_filter__corr_threshold=0.2, channels_pca__n_components=1, input_selection__channel_selection__alpha=0.01, input_selection__feature_selection__threshold=0.05; total time=  57.6s
[CV] END channels_correlation_filter__corr_threshold=0.2, channels_pca__n_components=1, input_selection__channel_selection__alpha=0.01, input_selection__feature_selection__threshold=0.05; total time=  57.7s
[CV] END channels_correlation_filter__corr_threshold=0.2, channels_pca__n_components=1, input_selection__channel_selection__alpha=0.01, input_selection__feature_selection__threshold=0.05; total time=  58.9s
[CV] END channels_correlation_filter__corr_threshold=0.2, channels_pca__n_components=1, input_selection__channel_selection__alpha=0.01, input_selection__feature_selection__threshold=0.05; total time=  58.7s
[CV] END channels_correlation_filter__corr_threshold=0.2, channels_pca__n_components=1, input_selection__channel_selection__alpha=0.01, input_selection__feature_selection__threshold=0.05; total time=  58.4s
[CV] END channels_correlation_filter__corr_threshold=0.2, channels_pca__n_components=1, input_selection__channel_selection__alpha=0.01, input_selection__feature_selection__threshold=0.05; total time=  59.0s
[CV] END channels_correlation_filter__corr_threshold=0.2, channels_pca__n_components=1, input_selection__channel_selection__alpha=0.05, input_selection__feature_selection__threshold=0.01; total time=  59.1s
[CV] END channels_correlation_filter__corr_threshold=0.2, channels_pca__n_components=1, input_selection__channel_selection__alpha=0.05, input_selection__feature_selection__threshold=0.01; total time=  59.3s
[CV] END channels_correlation_filter__corr_threshold=0.2, channels_pca__n_components=1, input_selection__channel_selection__alpha=0.05, input_selection__feature_selection__threshold=0.01; total time= 1.0min
[CV] END channels_correlation_filter__corr_threshold=0.2, channels_pca__n_components=1, input_selection__channel_selection__alpha=0.05, input_selection__feature_selection__threshold=0.01; total time= 1.0min
[CV] END channels_correlation_filter__corr_threshold=0.2, channels_pca__n_components=1, input_selection__channel_selection__alpha=0.05, input_selection__feature_selection__threshold=0.01; total time= 1.0min
[CV] END channels_correlation_filter__corr_threshold=0.2, channels_pca__n_components=1, input_selection__channel_selection__alpha=0.05, input_selection__feature_selection__threshold=0.01; total time= 1.0min
[CV] END channels_correlation_filter__corr_threshold=0.2, channels_pca__n_components=1, input_selection__channel_selection__alpha=0.05, input_selection__feature_selection__threshold=0.01; total time= 1.0min
[CV] END channels_correlation_filter__corr_threshold=0.2, channels_pca__n_components=1, input_selection__channel_selection__alpha=0.05, input_selection__feature_selection__threshold=0.01; total time= 1.0min
[CV] END channels_correlation_filter__corr_threshold=0.2, channels_pca__n_components=1, input_selection__channel_selection__alpha=0.05, input_selection__feature_selection__threshold=0.01; total time=  59.8s
[CV] END channels_correlation_filter__corr_threshold=0.2, channels_pca__n_components=1, input_selection__channel_selection__alpha=0.05, input_selection__feature_selection__threshold=0.01; total time= 1.0min
[CV] END channels_correlation_filter__corr_threshold=0.2, channels_pca__n_components=1, input_selection__channel_selection__alpha=0.05, input_selection__feature_selection__threshold=0.02; total time=  58.2s
[CV] END channels_correlation_filter__corr_threshold=0.2, channels_pca__n_components=1, input_selection__channel_selection__alpha=0.05, input_selection__feature_selection__threshold=0.02; total time=  59.4s
[CV] END channels_correlation_filter__corr_threshold=0.2, channels_pca__n_components=1, input_selection__channel_selection__alpha=0.05, input_selection__feature_selection__threshold=0.02; total time=  59.3s
[CV] END channels_correlation_filter__corr_threshold=0.2, channels_pca__n_components=1, input_selection__channel_selection__alpha=0.05, input_selection__feature_selection__threshold=0.02; total time=  59.4s
[CV] END channels_correlation_filter__corr_threshold=0.2, channels_pca__n_components=1, input_selection__channel_selection__alpha=0.05, input_selection__feature_selection__threshold=0.02; total time= 1.0min
[CV] END channels_correlation_filter__corr_threshold=0.2, channels_pca__n_components=1, input_selection__channel_selection__alpha=0.05, input_selection__feature_selection__threshold=0.02; total time= 1.0min
[CV] END channels_correlation_filter__corr_threshold=0.2, channels_pca__n_components=1, input_selection__channel_selection__alpha=0.05, input_selection__feature_selection__threshold=0.02; total time=  59.8s
[CV] END channels_correlation_filter__corr_threshold=0.2, channels_pca__n_components=1, input_selection__channel_selection__alpha=0.05, input_selection__feature_selection__threshold=0.02; total time= 1.0min
[CV] END channels_correlation_filter__corr_threshold=0.2, channels_pca__n_components=1, input_selection__channel_selection__alpha=0.05, input_selection__feature_selection__threshold=0.02; total time=  59.7s
[CV] END channels_correlation_filter__corr_threshold=0.2, channels_pca__n_components=1, input_selection__channel_selection__alpha=0.05, input_selection__feature_selection__threshold=0.02; total time=  60.0s
[CV] END channels_correlation_filter__corr_threshold=0.2, channels_pca__n_components=1, input_selection__channel_selection__alpha=0.05, input_selection__feature_selection__threshold=0.03; total time=  58.2s
[CV] END channels_correlation_filter__corr_threshold=0.2, channels_pca__n_components=1, input_selection__channel_selection__alpha=0.05, input_selection__feature_selection__threshold=0.03; total time=  59.8s
[CV] END channels_correlation_filter__corr_threshold=0.2, channels_pca__n_components=1, input_selection__channel_selection__alpha=0.05, input_selection__feature_selection__threshold=0.03; total time=  59.4s
[CV] END channels_correlation_filter__corr_threshold=0.2, channels_pca__n_components=1, input_selection__channel_selection__alpha=0.05, input_selection__feature_selection__threshold=0.03; total time=  58.6s
[CV] END channels_correlation_filter__corr_threshold=0.2, channels_pca__n_components=1, input_selection__channel_selection__alpha=0.05, input_selection__feature_selection__threshold=0.03; total time= 1.0min
[CV] END channels_correlation_filter__corr_threshold=0.2, channels_pca__n_components=1, input_selection__channel_selection__alpha=0.05, input_selection__feature_selection__threshold=0.03; total time=  59.5s
[CV] END channels_correlation_filter__corr_threshold=0.2, channels_pca__n_components=1, input_selection__channel_selection__alpha=0.05, input_selection__feature_selection__threshold=0.03; total time=  59.7s
[CV] END channels_correlation_filter__corr_threshold=0.2, channels_pca__n_components=1, input_selection__channel_selection__alpha=0.05, input_selection__feature_selection__threshold=0.03; total time= 1.0min
[CV] END channels_correlation_filter__corr_threshold=0.2, channels_pca__n_components=1, input_selection__channel_selection__alpha=0.05, input_selection__feature_selection__threshold=0.03; total time= 1.0min
[CV] END channels_correlation_filter__corr_threshold=0.2, channels_pca__n_components=1, input_selection__channel_selection__alpha=0.05, input_selection__feature_selection__threshold=0.03; total time=  59.7s
[CV] END channels_correlation_filter__corr_threshold=0.2, channels_pca__n_components=1, input_selection__channel_selection__alpha=0.05, input_selection__feature_selection__threshold=0.05; total time=  56.1s
[CV] END channels_correlation_filter__corr_threshold=0.2, channels_pca__n_components=1, input_selection__channel_selection__alpha=0.05, input_selection__feature_selection__threshold=0.05; total time=  58.6s
[CV] END channels_correlation_filter__corr_threshold=0.2, channels_pca__n_components=1, input_selection__channel_selection__alpha=0.05, input_selection__feature_selection__threshold=0.05; total time=  58.1s
[CV] END channels_correlation_filter__corr_threshold=0.2, channels_pca__n_components=1, input_selection__channel_selection__alpha=0.05, input_selection__feature_selection__threshold=0.05; total time=  58.4s
[CV] END channels_correlation_filter__corr_threshold=0.2, channels_pca__n_components=1, input_selection__channel_selection__alpha=0.05, input_selection__feature_selection__threshold=0.05; total time=  58.1s
[CV] END channels_correlation_filter__corr_threshold=0.2, channels_pca__n_components=1, input_selection__channel_selection__alpha=0.05, input_selection__feature_selection__threshold=0.05; total time=  58.7s
[CV] END channels_correlation_filter__corr_threshold=0.2, channels_pca__n_components=1, input_selection__channel_selection__alpha=0.05, input_selection__feature_selection__threshold=0.05; total time=  59.4s
[CV] END channels_correlation_filter__corr_threshold=0.2, channels_pca__n_components=1, input_selection__channel_selection__alpha=0.05, input_selection__feature_selection__threshold=0.05; total time=  59.1s
[CV] END channels_correlation_filter__corr_threshold=0.2, channels_pca__n_components=1, input_selection__channel_selection__alpha=0.05, input_selection__feature_selection__threshold=0.05; total time=  58.7s
[CV] END channels_correlation_filter__corr_threshold=0.2, channels_pca__n_components=1, input_selection__channel_selection__alpha=0.05, input_selection__feature_selection__threshold=0.05; total time=  59.4s
[CV] END channels_correlation_filter__corr_threshold=0.2, channels_pca__n_components=1, input_selection__channel_selection__alpha=0.1, input_selection__feature_selection__threshold=0.01; total time= 1.0min
[CV] END channels_correlation_filter__corr_threshold=0.2, channels_pca__n_components=1, input_selection__channel_selection__alpha=0.1, input_selection__feature_selection__threshold=0.01; total time= 1.0min
[CV] END channels_correlation_filter__corr_threshold=0.2, channels_pca__n_components=1, input_selection__channel_selection__alpha=0.1, input_selection__feature_selection__threshold=0.01; total time= 1.0min
[CV] END channels_correlation_filter__corr_threshold=0.2, channels_pca__n_components=1, input_selection__channel_selection__alpha=0.1, input_selection__feature_selection__threshold=0.01; total time= 1.0min
[CV] END channels_correlation_filter__corr_threshold=0.2, channels_pca__n_components=1, input_selection__channel_selection__alpha=0.1, input_selection__feature_selection__threshold=0.01; total time= 1.0min
[CV] END channels_correlation_filter__corr_threshold=0.2, channels_pca__n_components=1, input_selection__channel_selection__alpha=0.1, input_selection__feature_selection__threshold=0.01; total time= 1.0min
[CV] END channels_correlation_filter__corr_threshold=0.2, channels_pca__n_components=1, input_selection__channel_selection__alpha=0.1, input_selection__feature_selection__threshold=0.01; total time= 1.0min
[CV] END channels_correlation_filter__corr_threshold=0.2, channels_pca__n_components=1, input_selection__channel_selection__alpha=0.1, input_selection__feature_selection__threshold=0.01; total time= 1.0min
[CV] END channels_correlation_filter__corr_threshold=0.2, channels_pca__n_components=1, input_selection__channel_selection__alpha=0.1, input_selection__feature_selection__threshold=0.01; total time= 1.0min
[CV] END channels_correlation_filter__corr_threshold=0.2, channels_pca__n_components=1, input_selection__channel_selection__alpha=0.1, input_selection__feature_selection__threshold=0.01; total time= 1.0min
[CV] END channels_correlation_filter__corr_threshold=0.2, channels_pca__n_components=1, input_selection__channel_selection__alpha=0.1, input_selection__feature_selection__threshold=0.02; total time=  59.0s
[CV] END channels_correlation_filter__corr_threshold=0.2, channels_pca__n_components=1, input_selection__channel_selection__alpha=0.1, input_selection__feature_selection__threshold=0.02; total time=  59.8s
[CV] END channels_correlation_filter__corr_threshold=0.2, channels_pca__n_components=1, input_selection__channel_selection__alpha=0.1, input_selection__feature_selection__threshold=0.02; total time=  59.7s
[CV] END channels_correlation_filter__corr_threshold=0.2, channels_pca__n_components=1, input_selection__channel_selection__alpha=0.1, input_selection__feature_selection__threshold=0.02; total time=  59.5s
[CV] END channels_correlation_filter__corr_threshold=0.2, channels_pca__n_components=1, input_selection__channel_selection__alpha=0.1, input_selection__feature_selection__threshold=0.02; total time= 1.0min
[CV] END channels_correlation_filter__corr_threshold=0.2, channels_pca__n_components=1, input_selection__channel_selection__alpha=0.1, input_selection__feature_selection__threshold=0.02; total time= 1.0min
[CV] END channels_correlation_filter__corr_threshold=0.2, channels_pca__n_components=1, input_selection__channel_selection__alpha=0.1, input_selection__feature_selection__threshold=0.02; total time= 1.0min
[CV] END channels_correlation_filter__corr_threshold=0.2, channels_pca__n_components=1, input_selection__channel_selection__alpha=0.1, input_selection__feature_selection__threshold=0.02; total time= 1.0min
[CV] END channels_correlation_filter__corr_threshold=0.2, channels_pca__n_components=1, input_selection__channel_selection__alpha=0.1, input_selection__feature_selection__threshold=0.02; total time= 1.0min
[CV] END channels_correlation_filter__corr_threshold=0.2, channels_pca__n_components=1, input_selection__channel_selection__alpha=0.1, input_selection__feature_selection__threshold=0.02; total time= 1.0min
[CV] END channels_correlation_filter__corr_threshold=0.2, channels_pca__n_components=1, input_selection__channel_selection__alpha=0.1, input_selection__feature_selection__threshold=0.03; total time=  58.9s
[CV] END channels_correlation_filter__corr_threshold=0.2, channels_pca__n_components=1, input_selection__channel_selection__alpha=0.1, input_selection__feature_selection__threshold=0.03; total time=  59.9s
[CV] END channels_correlation_filter__corr_threshold=0.2, channels_pca__n_components=1, input_selection__channel_selection__alpha=0.1, input_selection__feature_selection__threshold=0.03; total time= 1.0min
[CV] END channels_correlation_filter__corr_threshold=0.2, channels_pca__n_components=1, input_selection__channel_selection__alpha=0.1, input_selection__feature_selection__threshold=0.03; total time=  59.3s
[CV] END channels_correlation_filter__corr_threshold=0.2, channels_pca__n_components=1, input_selection__channel_selection__alpha=0.1, input_selection__feature_selection__threshold=0.03; total time= 1.0min
[CV] END channels_correlation_filter__corr_threshold=0.2, channels_pca__n_components=1, input_selection__channel_selection__alpha=0.1, input_selection__feature_selection__threshold=0.03; total time=  59.8s
[CV] END channels_correlation_filter__corr_threshold=0.2, channels_pca__n_components=1, input_selection__channel_selection__alpha=0.1, input_selection__feature_selection__threshold=0.03; total time= 1.0min
[CV] END channels_correlation_filter__corr_threshold=0.2, channels_pca__n_components=1, input_selection__channel_selection__alpha=0.1, input_selection__feature_selection__threshold=0.03; total time= 1.0min
[CV] END channels_correlation_filter__corr_threshold=0.2, channels_pca__n_components=1, input_selection__channel_selection__alpha=0.1, input_selection__feature_selection__threshold=0.03; total time= 1.0min
[CV] END channels_correlation_filter__corr_threshold=0.2, channels_pca__n_components=1, input_selection__channel_selection__alpha=0.1, input_selection__feature_selection__threshold=0.03; total time=  60.0s
[CV] END channels_correlation_filter__corr_threshold=0.2, channels_pca__n_components=1, input_selection__channel_selection__alpha=0.1, input_selection__feature_selection__threshold=0.05; total time=  57.0s
[CV] END channels_correlation_filter__corr_threshold=0.2, channels_pca__n_components=1, input_selection__channel_selection__alpha=0.1, input_selection__feature_selection__threshold=0.05; total time=  59.0s
[CV] END channels_correlation_filter__corr_threshold=0.2, channels_pca__n_components=1, input_selection__channel_selection__alpha=0.1, input_selection__feature_selection__threshold=0.05; total time=  58.4s
[CV] END channels_correlation_filter__corr_threshold=0.2, channels_pca__n_components=1, input_selection__channel_selection__alpha=0.1, input_selection__feature_selection__threshold=0.05; total time=  58.8s
[CV] END channels_correlation_filter__corr_threshold=0.2, channels_pca__n_components=1, input_selection__channel_selection__alpha=0.1, input_selection__feature_selection__threshold=0.05; total time=  58.5s
[CV] END channels_correlation_filter__corr_threshold=0.2, channels_pca__n_components=1, input_selection__channel_selection__alpha=0.1, input_selection__feature_selection__threshold=0.05; total time=  58.7s
[CV] END channels_correlation_filter__corr_threshold=0.2, channels_pca__n_components=1, input_selection__channel_selection__alpha=0.1, input_selection__feature_selection__threshold=0.05; total time= 1.0min
[CV] END channels_correlation_filter__corr_threshold=0.2, channels_pca__n_components=1, input_selection__channel_selection__alpha=0.1, input_selection__feature_selection__threshold=0.05; total time=  59.7s
[CV] END channels_correlation_filter__corr_threshold=0.2, channels_pca__n_components=1, input_selection__channel_selection__alpha=0.1, input_selection__feature_selection__threshold=0.05; total time=  59.2s
[CV] END channels_correlation_filter__corr_threshold=0.2, channels_pca__n_components=1, input_selection__channel_selection__alpha=0.1, input_selection__feature_selection__threshold=0.05; total time=  59.8s
[CV] END channels_correlation_filter__corr_threshold=0.2, channels_pca__n_components=2, input_selection__channel_selection__alpha=0.01, input_selection__feature_selection__threshold=0.01; total time=  59.1s
[CV] END channels_correlation_filter__corr_threshold=0.2, channels_pca__n_components=2, input_selection__channel_selection__alpha=0.01, input_selection__feature_selection__threshold=0.01; total time=  59.4s
[CV] END channels_correlation_filter__corr_threshold=0.2, channels_pca__n_components=2, input_selection__channel_selection__alpha=0.01, input_selection__feature_selection__threshold=0.01; total time=  59.8s
[CV] END channels_correlation_filter__corr_threshold=0.2, channels_pca__n_components=2, input_selection__channel_selection__alpha=0.01, input_selection__feature_selection__threshold=0.01; total time= 1.0min
[CV] END channels_correlation_filter__corr_threshold=0.2, channels_pca__n_components=2, input_selection__channel_selection__alpha=0.01, input_selection__feature_selection__threshold=0.01; total time=  59.8s
[CV] END channels_correlation_filter__corr_threshold=0.2, channels_pca__n_components=2, input_selection__channel_selection__alpha=0.01, input_selection__feature_selection__threshold=0.01; total time= 1.0min
[CV] END channels_correlation_filter__corr_threshold=0.2, channels_pca__n_components=2, input_selection__channel_selection__alpha=0.01, input_selection__feature_selection__threshold=0.01; total time=  60.0s
[CV] END channels_correlation_filter__corr_threshold=0.2, channels_pca__n_components=2, input_selection__channel_selection__alpha=0.01, input_selection__feature_selection__threshold=0.01; total time= 1.0min
[CV] END channels_correlation_filter__corr_threshold=0.2, channels_pca__n_components=2, input_selection__channel_selection__alpha=0.01, input_selection__feature_selection__threshold=0.01; total time=  59.3s
[CV] END channels_correlation_filter__corr_threshold=0.2, channels_pca__n_components=2, input_selection__channel_selection__alpha=0.01, input_selection__feature_selection__threshold=0.01; total time=  59.8s
[CV] END channels_correlation_filter__corr_threshold=0.2, channels_pca__n_components=2, input_selection__channel_selection__alpha=0.01, input_selection__feature_selection__threshold=0.02; total time=  58.1s
[CV] END channels_correlation_filter__corr_threshold=0.2, channels_pca__n_components=2, input_selection__channel_selection__alpha=0.01, input_selection__feature_selection__threshold=0.02; total time=  59.4s
[CV] END channels_correlation_filter__corr_threshold=0.2, channels_pca__n_components=2, input_selection__channel_selection__alpha=0.01, input_selection__feature_selection__threshold=0.02; total time=  59.0s
[CV] END channels_correlation_filter__corr_threshold=0.2, channels_pca__n_components=2, input_selection__channel_selection__alpha=0.01, input_selection__feature_selection__threshold=0.02; total time=  59.1s
[CV] END channels_correlation_filter__corr_threshold=0.2, channels_pca__n_components=2, input_selection__channel_selection__alpha=0.01, input_selection__feature_selection__threshold=0.02; total time=  59.2s
[CV] END channels_correlation_filter__corr_threshold=0.2, channels_pca__n_components=2, input_selection__channel_selection__alpha=0.01, input_selection__feature_selection__threshold=0.02; total time=  60.0s
[CV] END channels_correlation_filter__corr_threshold=0.2, channels_pca__n_components=2, input_selection__channel_selection__alpha=0.01, input_selection__feature_selection__threshold=0.02; total time=  59.7s
[CV] END channels_correlation_filter__corr_threshold=0.2, channels_pca__n_components=2, input_selection__channel_selection__alpha=0.01, input_selection__feature_selection__threshold=0.02; total time= 1.0min
[CV] END channels_correlation_filter__corr_threshold=0.2, channels_pca__n_components=2, input_selection__channel_selection__alpha=0.01, input_selection__feature_selection__threshold=0.02; total time=  59.5s
[CV] END channels_correlation_filter__corr_threshold=0.2, channels_pca__n_components=2, input_selection__channel_selection__alpha=0.01, input_selection__feature_selection__threshold=0.02; total time=  59.5s
[CV] END channels_correlation_filter__corr_threshold=0.2, channels_pca__n_components=2, input_selection__channel_selection__alpha=0.01, input_selection__feature_selection__threshold=0.03; total time=  58.1s
[CV] END channels_correlation_filter__corr_threshold=0.2, channels_pca__n_components=2, input_selection__channel_selection__alpha=0.01, input_selection__feature_selection__threshold=0.03; total time=  59.3s
[CV] END channels_correlation_filter__corr_threshold=0.2, channels_pca__n_components=2, input_selection__channel_selection__alpha=0.01, input_selection__feature_selection__threshold=0.03; total time=  58.9s
[CV] END channels_correlation_filter__corr_threshold=0.2, channels_pca__n_components=2, input_selection__channel_selection__alpha=0.01, input_selection__feature_selection__threshold=0.03; total time=  59.2s
[CV] END channels_correlation_filter__corr_threshold=0.2, channels_pca__n_components=2, input_selection__channel_selection__alpha=0.01, input_selection__feature_selection__threshold=0.03; total time=  59.4s
[CV] END channels_correlation_filter__corr_threshold=0.2, channels_pca__n_components=2, input_selection__channel_selection__alpha=0.01, input_selection__feature_selection__threshold=0.03; total time=  59.4s
[CV] END channels_correlation_filter__corr_threshold=0.2, channels_pca__n_components=2, input_selection__channel_selection__alpha=0.01, input_selection__feature_selection__threshold=0.03; total time=  59.1s
[CV] END channels_correlation_filter__corr_threshold=0.2, channels_pca__n_components=2, input_selection__channel_selection__alpha=0.01, input_selection__feature_selection__threshold=0.03; total time=  59.6s
[CV] END channels_correlation_filter__corr_threshold=0.2, channels_pca__n_components=2, input_selection__channel_selection__alpha=0.01, input_selection__feature_selection__threshold=0.03; total time=  59.6s
[CV] END channels_correlation_filter__corr_threshold=0.2, channels_pca__n_components=2, input_selection__channel_selection__alpha=0.01, input_selection__feature_selection__threshold=0.03; total time=  59.0s
[CV] END channels_correlation_filter__corr_threshold=0.2, channels_pca__n_components=2, input_selection__channel_selection__alpha=0.01, input_selection__feature_selection__threshold=0.05; total time=  57.1s
[CV] END channels_correlation_filter__corr_threshold=0.2, channels_pca__n_components=2, input_selection__channel_selection__alpha=0.01, input_selection__feature_selection__threshold=0.05; total time=  58.7s
[CV] END channels_correlation_filter__corr_threshold=0.2, channels_pca__n_components=2, input_selection__channel_selection__alpha=0.01, input_selection__feature_selection__threshold=0.05; total time=  58.6s
[CV] END channels_correlation_filter__corr_threshold=0.2, channels_pca__n_components=2, input_selection__channel_selection__alpha=0.01, input_selection__feature_selection__threshold=0.05; total time=  59.0s
[CV] END channels_correlation_filter__corr_threshold=0.2, channels_pca__n_components=2, input_selection__channel_selection__alpha=0.01, input_selection__feature_selection__threshold=0.05; total time=  58.4s
[CV] END channels_correlation_filter__corr_threshold=0.2, channels_pca__n_components=2, input_selection__channel_selection__alpha=0.01, input_selection__feature_selection__threshold=0.05; total time=  58.6s
[CV] END channels_correlation_filter__corr_threshold=0.2, channels_pca__n_components=2, input_selection__channel_selection__alpha=0.01, input_selection__feature_selection__threshold=0.05; total time=  59.1s
[CV] END channels_correlation_filter__corr_threshold=0.2, channels_pca__n_components=2, input_selection__channel_selection__alpha=0.01, input_selection__feature_selection__threshold=0.05; total time=  59.2s
[CV] END channels_correlation_filter__corr_threshold=0.2, channels_pca__n_components=2, input_selection__channel_selection__alpha=0.01, input_selection__feature_selection__threshold=0.05; total time=  58.8s
[CV] END channels_correlation_filter__corr_threshold=0.2, channels_pca__n_components=2, input_selection__channel_selection__alpha=0.01, input_selection__feature_selection__threshold=0.05; total time=  59.1s
[CV] END channels_correlation_filter__corr_threshold=0.2, channels_pca__n_components=2, input_selection__channel_selection__alpha=0.05, input_selection__feature_selection__threshold=0.01; total time= 1.0min
[CV] END channels_correlation_filter__corr_threshold=0.2, channels_pca__n_components=2, input_selection__channel_selection__alpha=0.05, input_selection__feature_selection__threshold=0.01; total time=  59.8s
[CV] END channels_correlation_filter__corr_threshold=0.2, channels_pca__n_components=2, input_selection__channel_selection__alpha=0.05, input_selection__feature_selection__threshold=0.01; total time= 1.0min
[CV] END channels_correlation_filter__corr_threshold=0.2, channels_pca__n_components=2, input_selection__channel_selection__alpha=0.05, input_selection__feature_selection__threshold=0.01; total time= 1.0min
[CV] END channels_correlation_filter__corr_threshold=0.2, channels_pca__n_components=2, input_selection__channel_selection__alpha=0.05, input_selection__feature_selection__threshold=0.01; total time= 1.0min
[CV] END channels_correlation_filter__corr_threshold=0.2, channels_pca__n_components=2, input_selection__channel_selection__alpha=0.05, input_selection__feature_selection__threshold=0.01; total time= 1.0min
[CV] END channels_correlation_filter__corr_threshold=0.2, channels_pca__n_components=2, input_selection__channel_selection__alpha=0.05, input_selection__feature_selection__threshold=0.01; total time= 1.0min
[CV] END channels_correlation_filter__corr_threshold=0.2, channels_pca__n_components=2, input_selection__channel_selection__alpha=0.05, input_selection__feature_selection__threshold=0.01; total time= 1.0min
[CV] END channels_correlation_filter__corr_threshold=0.2, channels_pca__n_components=2, input_selection__channel_selection__alpha=0.05, input_selection__feature_selection__threshold=0.01; total time= 1.0min
[CV] END channels_correlation_filter__corr_threshold=0.2, channels_pca__n_components=2, input_selection__channel_selection__alpha=0.05, input_selection__feature_selection__threshold=0.01; total time= 1.0min
[CV] END channels_correlation_filter__corr_threshold=0.2, channels_pca__n_components=2, input_selection__channel_selection__alpha=0.05, input_selection__feature_selection__threshold=0.02; total time=  58.5s
[CV] END channels_correlation_filter__corr_threshold=0.2, channels_pca__n_components=2, input_selection__channel_selection__alpha=0.05, input_selection__feature_selection__threshold=0.02; total time=  59.8s
[CV] END channels_correlation_filter__corr_threshold=0.2, channels_pca__n_components=2, input_selection__channel_selection__alpha=0.05, input_selection__feature_selection__threshold=0.02; total time=  59.8s
[CV] END channels_correlation_filter__corr_threshold=0.2, channels_pca__n_components=2, input_selection__channel_selection__alpha=0.05, input_selection__feature_selection__threshold=0.02; total time=  59.7s
[CV] END channels_correlation_filter__corr_threshold=0.2, channels_pca__n_components=2, input_selection__channel_selection__alpha=0.05, input_selection__feature_selection__threshold=0.02; total time= 1.0min
[CV] END channels_correlation_filter__corr_threshold=0.2, channels_pca__n_components=2, input_selection__channel_selection__alpha=0.05, input_selection__feature_selection__threshold=0.02; total time= 1.0min
[CV] END channels_correlation_filter__corr_threshold=0.2, channels_pca__n_components=2, input_selection__channel_selection__alpha=0.05, input_selection__feature_selection__threshold=0.02; total time= 1.0min
[CV] END channels_correlation_filter__corr_threshold=0.2, channels_pca__n_components=2, input_selection__channel_selection__alpha=0.05, input_selection__feature_selection__threshold=0.02; total time= 1.0min
[CV] END channels_correlation_filter__corr_threshold=0.2, channels_pca__n_components=2, input_selection__channel_selection__alpha=0.05, input_selection__feature_selection__threshold=0.02; total time= 1.0min
[CV] END channels_correlation_filter__corr_threshold=0.2, channels_pca__n_components=2, input_selection__channel_selection__alpha=0.05, input_selection__feature_selection__threshold=0.02; total time= 1.0min
[CV] END channels_correlation_filter__corr_threshold=0.2, channels_pca__n_components=2, input_selection__channel_selection__alpha=0.05, input_selection__feature_selection__threshold=0.03; total time=  58.8s
[CV] END channels_correlation_filter__corr_threshold=0.2, channels_pca__n_components=2, input_selection__channel_selection__alpha=0.05, input_selection__feature_selection__threshold=0.03; total time=  59.8s
[CV] END channels_correlation_filter__corr_threshold=0.2, channels_pca__n_components=2, input_selection__channel_selection__alpha=0.05, input_selection__feature_selection__threshold=0.03; total time=  59.6s
[CV] END channels_correlation_filter__corr_threshold=0.2, channels_pca__n_components=2, input_selection__channel_selection__alpha=0.05, input_selection__feature_selection__threshold=0.03; total time=  59.1s
[CV] END channels_correlation_filter__corr_threshold=0.2, channels_pca__n_components=2, input_selection__channel_selection__alpha=0.05, input_selection__feature_selection__threshold=0.03; total time= 1.0min
[CV] END channels_correlation_filter__corr_threshold=0.2, channels_pca__n_components=2, input_selection__channel_selection__alpha=0.05, input_selection__feature_selection__threshold=0.03; total time=  59.9s
[CV] END channels_correlation_filter__corr_threshold=0.2, channels_pca__n_components=2, input_selection__channel_selection__alpha=0.05, input_selection__feature_selection__threshold=0.03; total time=  60.0s
[CV] END channels_correlation_filter__corr_threshold=0.2, channels_pca__n_components=2, input_selection__channel_selection__alpha=0.05, input_selection__feature_selection__threshold=0.03; total time= 1.0min
[CV] END channels_correlation_filter__corr_threshold=0.2, channels_pca__n_components=2, input_selection__channel_selection__alpha=0.05, input_selection__feature_selection__threshold=0.03; total time= 1.0min
[CV] END channels_correlation_filter__corr_threshold=0.2, channels_pca__n_components=2, input_selection__channel_selection__alpha=0.05, input_selection__feature_selection__threshold=0.03; total time=  59.7s
[CV] END channels_correlation_filter__corr_threshold=0.2, channels_pca__n_components=2, input_selection__channel_selection__alpha=0.05, input_selection__feature_selection__threshold=0.05; total time=  57.6s
[CV] END channels_correlation_filter__corr_threshold=0.2, channels_pca__n_components=2, input_selection__channel_selection__alpha=0.05, input_selection__feature_selection__threshold=0.05; total time=  59.1s
[CV] END channels_correlation_filter__corr_threshold=0.2, channels_pca__n_components=2, input_selection__channel_selection__alpha=0.05, input_selection__feature_selection__threshold=0.05; total time=  58.8s
[CV] END channels_correlation_filter__corr_threshold=0.2, channels_pca__n_components=2, input_selection__channel_selection__alpha=0.05, input_selection__feature_selection__threshold=0.05; total time=  59.1s
[CV] END channels_correlation_filter__corr_threshold=0.2, channels_pca__n_components=2, input_selection__channel_selection__alpha=0.05, input_selection__feature_selection__threshold=0.05; total time=  59.3s
[CV] END channels_correlation_filter__corr_threshold=0.2, channels_pca__n_components=2, input_selection__channel_selection__alpha=0.05, input_selection__feature_selection__threshold=0.05; total time=  59.3s
[CV] END channels_correlation_filter__corr_threshold=0.2, channels_pca__n_components=2, input_selection__channel_selection__alpha=0.05, input_selection__feature_selection__threshold=0.05; total time=  59.8s
[CV] END channels_correlation_filter__corr_threshold=0.2, channels_pca__n_components=2, input_selection__channel_selection__alpha=0.05, input_selection__feature_selection__threshold=0.05; total time=  59.4s
[CV] END channels_correlation_filter__corr_threshold=0.2, channels_pca__n_components=2, input_selection__channel_selection__alpha=0.05, input_selection__feature_selection__threshold=0.05; total time=  59.5s
[CV] END channels_correlation_filter__corr_threshold=0.2, channels_pca__n_components=2, input_selection__channel_selection__alpha=0.05, input_selection__feature_selection__threshold=0.05; total time=  59.6s
[CV] END channels_correlation_filter__corr_threshold=0.2, channels_pca__n_components=2, input_selection__channel_selection__alpha=0.1, input_selection__feature_selection__threshold=0.01; total time= 1.0min
[CV] END channels_correlation_filter__corr_threshold=0.2, channels_pca__n_components=2, input_selection__channel_selection__alpha=0.1, input_selection__feature_selection__threshold=0.01; total time= 1.0min
[CV] END channels_correlation_filter__corr_threshold=0.2, channels_pca__n_components=2, input_selection__channel_selection__alpha=0.1, input_selection__feature_selection__threshold=0.01; total time= 1.0min
[CV] END channels_correlation_filter__corr_threshold=0.2, channels_pca__n_components=2, input_selection__channel_selection__alpha=0.1, input_selection__feature_selection__threshold=0.01; total time= 1.0min
[CV] END channels_correlation_filter__corr_threshold=0.2, channels_pca__n_components=2, input_selection__channel_selection__alpha=0.1, input_selection__feature_selection__threshold=0.01; total time= 1.0min
[CV] END channels_correlation_filter__corr_threshold=0.2, channels_pca__n_components=2, input_selection__channel_selection__alpha=0.1, input_selection__feature_selection__threshold=0.01; total time= 1.0min
[CV] END channels_correlation_filter__corr_threshold=0.2, channels_pca__n_components=2, input_selection__channel_selection__alpha=0.1, input_selection__feature_selection__threshold=0.01; total time= 1.0min
[CV] END channels_correlation_filter__corr_threshold=0.2, channels_pca__n_components=2, input_selection__channel_selection__alpha=0.1, input_selection__feature_selection__threshold=0.01; total time= 1.0min
[CV] END channels_correlation_filter__corr_threshold=0.2, channels_pca__n_components=2, input_selection__channel_selection__alpha=0.1, input_selection__feature_selection__threshold=0.01; total time= 1.0min
[CV] END channels_correlation_filter__corr_threshold=0.2, channels_pca__n_components=2, input_selection__channel_selection__alpha=0.1, input_selection__feature_selection__threshold=0.01; total time= 1.0min
[CV] END channels_correlation_filter__corr_threshold=0.2, channels_pca__n_components=2, input_selection__channel_selection__alpha=0.1, input_selection__feature_selection__threshold=0.02; total time=  59.4s
[CV] END channels_correlation_filter__corr_threshold=0.2, channels_pca__n_components=2, input_selection__channel_selection__alpha=0.1, input_selection__feature_selection__threshold=0.02; total time= 1.0min
[CV] END channels_correlation_filter__corr_threshold=0.2, channels_pca__n_components=2, input_selection__channel_selection__alpha=0.1, input_selection__feature_selection__threshold=0.02; total time= 1.0min
[CV] END channels_correlation_filter__corr_threshold=0.2, channels_pca__n_components=2, input_selection__channel_selection__alpha=0.1, input_selection__feature_selection__threshold=0.02; total time= 1.0min
[CV] END channels_correlation_filter__corr_threshold=0.2, channels_pca__n_components=2, input_selection__channel_selection__alpha=0.1, input_selection__feature_selection__threshold=0.02; total time= 1.0min
[CV] END channels_correlation_filter__corr_threshold=0.2, channels_pca__n_components=2, input_selection__channel_selection__alpha=0.1, input_selection__feature_selection__threshold=0.02; total time= 1.0min
[CV] END channels_correlation_filter__corr_threshold=0.2, channels_pca__n_components=2, input_selection__channel_selection__alpha=0.1, input_selection__feature_selection__threshold=0.02; total time= 1.0min
[CV] END channels_correlation_filter__corr_threshold=0.2, channels_pca__n_components=2, input_selection__channel_selection__alpha=0.1, input_selection__feature_selection__threshold=0.02; total time= 1.0min
[CV] END channels_correlation_filter__corr_threshold=0.2, channels_pca__n_components=2, input_selection__channel_selection__alpha=0.1, input_selection__feature_selection__threshold=0.02; total time= 1.0min
[CV] END channels_correlation_filter__corr_threshold=0.2, channels_pca__n_components=2, input_selection__channel_selection__alpha=0.1, input_selection__feature_selection__threshold=0.02; total time= 1.0min
[CV] END channels_correlation_filter__corr_threshold=0.2, channels_pca__n_components=2, input_selection__channel_selection__alpha=0.1, input_selection__feature_selection__threshold=0.03; total time=  59.4s
[CV] END channels_correlation_filter__corr_threshold=0.2, channels_pca__n_components=2, input_selection__channel_selection__alpha=0.1, input_selection__feature_selection__threshold=0.03; total time= 1.0min
[CV] END channels_correlation_filter__corr_threshold=0.2, channels_pca__n_components=2, input_selection__channel_selection__alpha=0.1, input_selection__feature_selection__threshold=0.03; total time= 1.0min
[CV] END channels_correlation_filter__corr_threshold=0.2, channels_pca__n_components=2, input_selection__channel_selection__alpha=0.1, input_selection__feature_selection__threshold=0.03; total time=  59.9s
[CV] END channels_correlation_filter__corr_threshold=0.2, channels_pca__n_components=2, input_selection__channel_selection__alpha=0.1, input_selection__feature_selection__threshold=0.03; total time= 1.0min
[CV] END channels_correlation_filter__corr_threshold=0.2, channels_pca__n_components=2, input_selection__channel_selection__alpha=0.1, input_selection__feature_selection__threshold=0.03; total time= 1.0min
[CV] END channels_correlation_filter__corr_threshold=0.2, channels_pca__n_components=2, input_selection__channel_selection__alpha=0.1, input_selection__feature_selection__threshold=0.03; total time= 1.0min
[CV] END channels_correlation_filter__corr_threshold=0.2, channels_pca__n_components=2, input_selection__channel_selection__alpha=0.1, input_selection__feature_selection__threshold=0.03; total time= 1.0min
[CV] END channels_correlation_filter__corr_threshold=0.2, channels_pca__n_components=2, input_selection__channel_selection__alpha=0.1, input_selection__feature_selection__threshold=0.03; total time= 1.0min
[CV] END channels_correlation_filter__corr_threshold=0.2, channels_pca__n_components=2, input_selection__channel_selection__alpha=0.1, input_selection__feature_selection__threshold=0.03; total time=  59.8s
[CV] END channels_correlation_filter__corr_threshold=0.2, channels_pca__n_components=2, input_selection__channel_selection__alpha=0.1, input_selection__feature_selection__threshold=0.05; total time=  58.3s
[CV] END channels_correlation_filter__corr_threshold=0.2, channels_pca__n_components=2, input_selection__channel_selection__alpha=0.1, input_selection__feature_selection__threshold=0.05; total time=  59.8s
[CV] END channels_correlation_filter__corr_threshold=0.2, channels_pca__n_components=2, input_selection__channel_selection__alpha=0.1, input_selection__feature_selection__threshold=0.05; total time=  59.1s
[CV] END channels_correlation_filter__corr_threshold=0.2, channels_pca__n_components=2, input_selection__channel_selection__alpha=0.1, input_selection__feature_selection__threshold=0.05; total time=  59.1s
[CV] END channels_correlation_filter__corr_threshold=0.2, channels_pca__n_components=2, input_selection__channel_selection__alpha=0.1, input_selection__feature_selection__threshold=0.05; total time=  59.3s
[CV] END channels_correlation_filter__corr_threshold=0.2, channels_pca__n_components=2, input_selection__channel_selection__alpha=0.1, input_selection__feature_selection__threshold=0.05; total time=  59.5s
[CV] END channels_correlation_filter__corr_threshold=0.2, channels_pca__n_components=2, input_selection__channel_selection__alpha=0.1, input_selection__feature_selection__threshold=0.05; total time= 1.0min
[CV] END channels_correlation_filter__corr_threshold=0.2, channels_pca__n_components=2, input_selection__channel_selection__alpha=0.1, input_selection__feature_selection__threshold=0.05; total time= 1.0min
[CV] END channels_correlation_filter__corr_threshold=0.2, channels_pca__n_components=2, input_selection__channel_selection__alpha=0.1, input_selection__feature_selection__threshold=0.05; total time=  59.7s
[CV] END channels_correlation_filter__corr_threshold=0.2, channels_pca__n_components=2, input_selection__channel_selection__alpha=0.1, input_selection__feature_selection__threshold=0.05; total time=  60.0s
[CV] END channels_correlation_filter__corr_threshold=0.2, channels_pca__n_components=3, input_selection__channel_selection__alpha=0.01, input_selection__feature_selection__threshold=0.01; total time=  59.0s
[CV] END channels_correlation_filter__corr_threshold=0.2, channels_pca__n_components=3, input_selection__channel_selection__alpha=0.01, input_selection__feature_selection__threshold=0.01; total time=  59.7s
[CV] END channels_correlation_filter__corr_threshold=0.2, channels_pca__n_components=3, input_selection__channel_selection__alpha=0.01, input_selection__feature_selection__threshold=0.01; total time=  59.8s
[CV] END channels_correlation_filter__corr_threshold=0.2, channels_pca__n_components=3, input_selection__channel_selection__alpha=0.01, input_selection__feature_selection__threshold=0.01; total time= 1.0min
[CV] END channels_correlation_filter__corr_threshold=0.2, channels_pca__n_components=3, input_selection__channel_selection__alpha=0.01, input_selection__feature_selection__threshold=0.01; total time=  59.9s
[CV] END channels_correlation_filter__corr_threshold=0.2, channels_pca__n_components=3, input_selection__channel_selection__alpha=0.01, input_selection__feature_selection__threshold=0.01; total time= 1.0min
[CV] END channels_correlation_filter__corr_threshold=0.2, channels_pca__n_components=3, input_selection__channel_selection__alpha=0.01, input_selection__feature_selection__threshold=0.01; total time= 1.0min
[CV] END channels_correlation_filter__corr_threshold=0.2, channels_pca__n_components=3, input_selection__channel_selection__alpha=0.01, input_selection__feature_selection__threshold=0.01; total time= 1.0min
[CV] END channels_correlation_filter__corr_threshold=0.2, channels_pca__n_components=3, input_selection__channel_selection__alpha=0.01, input_selection__feature_selection__threshold=0.01; total time=  59.7s
[CV] END channels_correlation_filter__corr_threshold=0.2, channels_pca__n_components=3, input_selection__channel_selection__alpha=0.01, input_selection__feature_selection__threshold=0.01; total time= 1.0min
[CV] END channels_correlation_filter__corr_threshold=0.2, channels_pca__n_components=3, input_selection__channel_selection__alpha=0.01, input_selection__feature_selection__threshold=0.02; total time=  58.0s
[CV] END channels_correlation_filter__corr_threshold=0.2, channels_pca__n_components=3, input_selection__channel_selection__alpha=0.01, input_selection__feature_selection__threshold=0.02; total time=  59.5s
[CV] END channels_correlation_filter__corr_threshold=0.2, channels_pca__n_components=3, input_selection__channel_selection__alpha=0.01, input_selection__feature_selection__threshold=0.02; total time=  59.3s
[CV] END channels_correlation_filter__corr_threshold=0.2, channels_pca__n_components=3, input_selection__channel_selection__alpha=0.01, input_selection__feature_selection__threshold=0.02; total time=  59.6s
[CV] END channels_correlation_filter__corr_threshold=0.2, channels_pca__n_components=3, input_selection__channel_selection__alpha=0.01, input_selection__feature_selection__threshold=0.02; total time=  59.4s
[CV] END channels_correlation_filter__corr_threshold=0.2, channels_pca__n_components=3, input_selection__channel_selection__alpha=0.01, input_selection__feature_selection__threshold=0.02; total time= 1.0min
[CV] END channels_correlation_filter__corr_threshold=0.2, channels_pca__n_components=3, input_selection__channel_selection__alpha=0.01, input_selection__feature_selection__threshold=0.02; total time= 1.0min
[CV] END channels_correlation_filter__corr_threshold=0.2, channels_pca__n_components=3, input_selection__channel_selection__alpha=0.01, input_selection__feature_selection__threshold=0.02; total time= 1.0min
[CV] END channels_correlation_filter__corr_threshold=0.2, channels_pca__n_components=3, input_selection__channel_selection__alpha=0.01, input_selection__feature_selection__threshold=0.02; total time=  59.7s
[CV] END channels_correlation_filter__corr_threshold=0.2, channels_pca__n_components=3, input_selection__channel_selection__alpha=0.01, input_selection__feature_selection__threshold=0.02; total time=  59.8s
[CV] END channels_correlation_filter__corr_threshold=0.2, channels_pca__n_components=3, input_selection__channel_selection__alpha=0.01, input_selection__feature_selection__threshold=0.03; total time=  58.2s
[CV] END channels_correlation_filter__corr_threshold=0.2, channels_pca__n_components=3, input_selection__channel_selection__alpha=0.01, input_selection__feature_selection__threshold=0.03; total time=  59.4s
[CV] END channels_correlation_filter__corr_threshold=0.2, channels_pca__n_components=3, input_selection__channel_selection__alpha=0.01, input_selection__feature_selection__threshold=0.03; total time=  59.2s
[CV] END channels_correlation_filter__corr_threshold=0.2, channels_pca__n_components=3, input_selection__channel_selection__alpha=0.01, input_selection__feature_selection__threshold=0.03; total time=  58.8s
[CV] END channels_correlation_filter__corr_threshold=0.2, channels_pca__n_components=3, input_selection__channel_selection__alpha=0.01, input_selection__feature_selection__threshold=0.03; total time=  59.9s
[CV] END channels_correlation_filter__corr_threshold=0.2, channels_pca__n_components=3, input_selection__channel_selection__alpha=0.01, input_selection__feature_selection__threshold=0.03; total time=  58.7s
[CV] END channels_correlation_filter__corr_threshold=0.2, channels_pca__n_components=3, input_selection__channel_selection__alpha=0.01, input_selection__feature_selection__threshold=0.03; total time=  59.3s
[CV] END channels_correlation_filter__corr_threshold=0.2, channels_pca__n_components=3, input_selection__channel_selection__alpha=0.01, input_selection__feature_selection__threshold=0.03; total time=  59.8s
[CV] END channels_correlation_filter__corr_threshold=0.2, channels_pca__n_components=3, input_selection__channel_selection__alpha=0.01, input_selection__feature_selection__threshold=0.03; total time=  59.7s
[CV] END channels_correlation_filter__corr_threshold=0.2, channels_pca__n_components=3, input_selection__channel_selection__alpha=0.01, input_selection__feature_selection__threshold=0.03; total time=  59.5s
[CV] END channels_correlation_filter__corr_threshold=0.2, channels_pca__n_components=3, input_selection__channel_selection__alpha=0.01, input_selection__feature_selection__threshold=0.05; total time=  57.5s
[CV] END channels_correlation_filter__corr_threshold=0.2, channels_pca__n_components=3, input_selection__channel_selection__alpha=0.01, input_selection__feature_selection__threshold=0.05; total time=  58.5s
[CV] END channels_correlation_filter__corr_threshold=0.2, channels_pca__n_components=3, input_selection__channel_selection__alpha=0.01, input_selection__feature_selection__threshold=0.05; total time=  59.1s
[CV] END channels_correlation_filter__corr_threshold=0.2, channels_pca__n_components=3, input_selection__channel_selection__alpha=0.01, input_selection__feature_selection__threshold=0.05; total time=  58.9s
[CV] END channels_correlation_filter__corr_threshold=0.2, channels_pca__n_components=3, input_selection__channel_selection__alpha=0.01, input_selection__feature_selection__threshold=0.05; total time=  58.6s
[CV] END channels_correlation_filter__corr_threshold=0.2, channels_pca__n_components=3, input_selection__channel_selection__alpha=0.01, input_selection__feature_selection__threshold=0.05; total time=  58.6s
[CV] END channels_correlation_filter__corr_threshold=0.2, channels_pca__n_components=3, input_selection__channel_selection__alpha=0.01, input_selection__feature_selection__threshold=0.05; total time=  59.1s
[CV] END channels_correlation_filter__corr_threshold=0.2, channels_pca__n_components=3, input_selection__channel_selection__alpha=0.01, input_selection__feature_selection__threshold=0.05; total time=  59.3s
[CV] END channels_correlation_filter__corr_threshold=0.2, channels_pca__n_components=3, input_selection__channel_selection__alpha=0.01, input_selection__feature_selection__threshold=0.05; total time=  58.9s
[CV] END channels_correlation_filter__corr_threshold=0.2, channels_pca__n_components=3, input_selection__channel_selection__alpha=0.01, input_selection__feature_selection__threshold=0.05; total time=  59.5s
[CV] END channels_correlation_filter__corr_threshold=0.2, channels_pca__n_components=3, input_selection__channel_selection__alpha=0.05, input_selection__feature_selection__threshold=0.01; total time= 1.0min
[CV] END channels_correlation_filter__corr_threshold=0.2, channels_pca__n_components=3, input_selection__channel_selection__alpha=0.05, input_selection__feature_selection__threshold=0.01; total time= 1.0min
[CV] END channels_correlation_filter__corr_threshold=0.2, channels_pca__n_components=3, input_selection__channel_selection__alpha=0.05, input_selection__feature_selection__threshold=0.01; total time= 1.0min
[CV] END channels_correlation_filter__corr_threshold=0.2, channels_pca__n_components=3, input_selection__channel_selection__alpha=0.05, input_selection__feature_selection__threshold=0.01; total time= 1.0min
[CV] END channels_correlation_filter__corr_threshold=0.2, channels_pca__n_components=3, input_selection__channel_selection__alpha=0.05, input_selection__feature_selection__threshold=0.01; total time= 1.0min
[CV] END channels_correlation_filter__corr_threshold=0.2, channels_pca__n_components=3, input_selection__channel_selection__alpha=0.05, input_selection__feature_selection__threshold=0.01; total time= 1.0min
[CV] END channels_correlation_filter__corr_threshold=0.2, channels_pca__n_components=3, input_selection__channel_selection__alpha=0.05, input_selection__feature_selection__threshold=0.01; total time= 1.0min
[CV] END channels_correlation_filter__corr_threshold=0.2, channels_pca__n_components=3, input_selection__channel_selection__alpha=0.05, input_selection__feature_selection__threshold=0.01; total time= 1.0min
[CV] END channels_correlation_filter__corr_threshold=0.2, channels_pca__n_components=3, input_selection__channel_selection__alpha=0.05, input_selection__feature_selection__threshold=0.01; total time= 1.0min
[CV] END channels_correlation_filter__corr_threshold=0.2, channels_pca__n_components=3, input_selection__channel_selection__alpha=0.05, input_selection__feature_selection__threshold=0.01; total time= 1.0min
[CV] END channels_correlation_filter__corr_threshold=0.2, channels_pca__n_components=3, input_selection__channel_selection__alpha=0.05, input_selection__feature_selection__threshold=0.02; total time=  58.9s
[CV] END channels_correlation_filter__corr_threshold=0.2, channels_pca__n_components=3, input_selection__channel_selection__alpha=0.05, input_selection__feature_selection__threshold=0.02; total time= 1.0min
[CV] END channels_correlation_filter__corr_threshold=0.2, channels_pca__n_components=3, input_selection__channel_selection__alpha=0.05, input_selection__feature_selection__threshold=0.02; total time= 1.0min
[CV] END channels_correlation_filter__corr_threshold=0.2, channels_pca__n_components=3, input_selection__channel_selection__alpha=0.05, input_selection__feature_selection__threshold=0.02; total time= 1.0min
[CV] END channels_correlation_filter__corr_threshold=0.2, channels_pca__n_components=3, input_selection__channel_selection__alpha=0.05, input_selection__feature_selection__threshold=0.02; total time= 1.0min
[CV] END channels_correlation_filter__corr_threshold=0.2, channels_pca__n_components=3, input_selection__channel_selection__alpha=0.05, input_selection__feature_selection__threshold=0.02; total time= 1.0min
[CV] END channels_correlation_filter__corr_threshold=0.2, channels_pca__n_components=3, input_selection__channel_selection__alpha=0.05, input_selection__feature_selection__threshold=0.02; total time= 1.0min
[CV] END channels_correlation_filter__corr_threshold=0.2, channels_pca__n_components=3, input_selection__channel_selection__alpha=0.05, input_selection__feature_selection__threshold=0.02; total time= 1.0min
[CV] END channels_correlation_filter__corr_threshold=0.2, channels_pca__n_components=3, input_selection__channel_selection__alpha=0.05, input_selection__feature_selection__threshold=0.02; total time= 1.0min
[CV] END channels_correlation_filter__corr_threshold=0.2, channels_pca__n_components=3, input_selection__channel_selection__alpha=0.05, input_selection__feature_selection__threshold=0.02; total time= 1.0min
[CV] END channels_correlation_filter__corr_threshold=0.2, channels_pca__n_components=3, input_selection__channel_selection__alpha=0.05, input_selection__feature_selection__threshold=0.03; total time=  58.8s
[CV] END channels_correlation_filter__corr_threshold=0.2, channels_pca__n_components=3, input_selection__channel_selection__alpha=0.05, input_selection__feature_selection__threshold=0.03; total time= 1.0min
[CV] END channels_correlation_filter__corr_threshold=0.2, channels_pca__n_components=3, input_selection__channel_selection__alpha=0.05, input_selection__feature_selection__threshold=0.03; total time=  59.9s
[CV] END channels_correlation_filter__corr_threshold=0.2, channels_pca__n_components=3, input_selection__channel_selection__alpha=0.05, input_selection__feature_selection__threshold=0.03; total time=  59.3s
[CV] END channels_correlation_filter__corr_threshold=0.2, channels_pca__n_components=3, input_selection__channel_selection__alpha=0.05, input_selection__feature_selection__threshold=0.03; total time= 1.0min
[CV] END channels_correlation_filter__corr_threshold=0.2, channels_pca__n_components=3, input_selection__channel_selection__alpha=0.05, input_selection__feature_selection__threshold=0.03; total time=  59.7s
[CV] END channels_correlation_filter__corr_threshold=0.2, channels_pca__n_components=3, input_selection__channel_selection__alpha=0.05, input_selection__feature_selection__threshold=0.03; total time= 1.0min
[CV] END channels_correlation_filter__corr_threshold=0.2, channels_pca__n_components=3, input_selection__channel_selection__alpha=0.05, input_selection__feature_selection__threshold=0.03; total time= 1.0min
[CV] END channels_correlation_filter__corr_threshold=0.2, channels_pca__n_components=3, input_selection__channel_selection__alpha=0.05, input_selection__feature_selection__threshold=0.03; total time= 1.0min
[CV] END channels_correlation_filter__corr_threshold=0.2, channels_pca__n_components=3, input_selection__channel_selection__alpha=0.05, input_selection__feature_selection__threshold=0.03; total time= 1.0min
[CV] END channels_correlation_filter__corr_threshold=0.2, channels_pca__n_components=3, input_selection__channel_selection__alpha=0.05, input_selection__feature_selection__threshold=0.05; total time=  57.8s
[CV] END channels_correlation_filter__corr_threshold=0.2, channels_pca__n_components=3, input_selection__channel_selection__alpha=0.05, input_selection__feature_selection__threshold=0.05; total time=  59.1s
[CV] END channels_correlation_filter__corr_threshold=0.2, channels_pca__n_components=3, input_selection__channel_selection__alpha=0.05, input_selection__feature_selection__threshold=0.05; total time=  59.0s
[CV] END channels_correlation_filter__corr_threshold=0.2, channels_pca__n_components=3, input_selection__channel_selection__alpha=0.05, input_selection__feature_selection__threshold=0.05; total time=  59.5s
[CV] END channels_correlation_filter__corr_threshold=0.2, channels_pca__n_components=3, input_selection__channel_selection__alpha=0.05, input_selection__feature_selection__threshold=0.05; total time=  59.9s
[CV] END channels_correlation_filter__corr_threshold=0.2, channels_pca__n_components=3, input_selection__channel_selection__alpha=0.05, input_selection__feature_selection__threshold=0.05; total time=  59.5s
[CV] END channels_correlation_filter__corr_threshold=0.2, channels_pca__n_components=3, input_selection__channel_selection__alpha=0.05, input_selection__feature_selection__threshold=0.05; total time=  60.0s
[CV] END channels_correlation_filter__corr_threshold=0.2, channels_pca__n_components=3, input_selection__channel_selection__alpha=0.05, input_selection__feature_selection__threshold=0.05; total time= 1.0min
[CV] END channels_correlation_filter__corr_threshold=0.2, channels_pca__n_components=3, input_selection__channel_selection__alpha=0.05, input_selection__feature_selection__threshold=0.05; total time=  59.6s
[CV] END channels_correlation_filter__corr_threshold=0.2, channels_pca__n_components=3, input_selection__channel_selection__alpha=0.05, input_selection__feature_selection__threshold=0.05; total time=  60.0s
[CV] END channels_correlation_filter__corr_threshold=0.2, channels_pca__n_components=3, input_selection__channel_selection__alpha=0.1, input_selection__feature_selection__threshold=0.01; total time= 1.0min
[CV] END channels_correlation_filter__corr_threshold=0.2, channels_pca__n_components=3, input_selection__channel_selection__alpha=0.1, input_selection__feature_selection__threshold=0.01; total time= 1.0min
[CV] END channels_correlation_filter__corr_threshold=0.2, channels_pca__n_components=3, input_selection__channel_selection__alpha=0.1, input_selection__feature_selection__threshold=0.01; total time= 1.0min
[CV] END channels_correlation_filter__corr_threshold=0.2, channels_pca__n_components=3, input_selection__channel_selection__alpha=0.1, input_selection__feature_selection__threshold=0.01; total time= 1.0min
[CV] END channels_correlation_filter__corr_threshold=0.2, channels_pca__n_components=3, input_selection__channel_selection__alpha=0.1, input_selection__feature_selection__threshold=0.01; total time= 1.0min
[CV] END channels_correlation_filter__corr_threshold=0.2, channels_pca__n_components=3, input_selection__channel_selection__alpha=0.1, input_selection__feature_selection__threshold=0.01; total time= 1.0min
[CV] END channels_correlation_filter__corr_threshold=0.2, channels_pca__n_components=3, input_selection__channel_selection__alpha=0.1, input_selection__feature_selection__threshold=0.01; total time= 1.0min
[CV] END channels_correlation_filter__corr_threshold=0.2, channels_pca__n_components=3, input_selection__channel_selection__alpha=0.1, input_selection__feature_selection__threshold=0.01; total time= 1.0min
[CV] END channels_correlation_filter__corr_threshold=0.2, channels_pca__n_components=3, input_selection__channel_selection__alpha=0.1, input_selection__feature_selection__threshold=0.01; total time= 1.0min
[CV] END channels_correlation_filter__corr_threshold=0.2, channels_pca__n_components=3, input_selection__channel_selection__alpha=0.1, input_selection__feature_selection__threshold=0.01; total time= 1.0min
[CV] END channels_correlation_filter__corr_threshold=0.2, channels_pca__n_components=3, input_selection__channel_selection__alpha=0.1, input_selection__feature_selection__threshold=0.02; total time=  59.8s
[CV] END channels_correlation_filter__corr_threshold=0.2, channels_pca__n_components=3, input_selection__channel_selection__alpha=0.1, input_selection__feature_selection__threshold=0.02; total time= 1.0min
[CV] END channels_correlation_filter__corr_threshold=0.2, channels_pca__n_components=3, input_selection__channel_selection__alpha=0.1, input_selection__feature_selection__threshold=0.02; total time= 1.0min
[CV] END channels_correlation_filter__corr_threshold=0.2, channels_pca__n_components=3, input_selection__channel_selection__alpha=0.1, input_selection__feature_selection__threshold=0.02; total time= 1.0min
[CV] END channels_correlation_filter__corr_threshold=0.2, channels_pca__n_components=3, input_selection__channel_selection__alpha=0.1, input_selection__feature_selection__threshold=0.02; total time= 1.0min
[CV] END channels_correlation_filter__corr_threshold=0.2, channels_pca__n_components=3, input_selection__channel_selection__alpha=0.1, input_selection__feature_selection__threshold=0.02; total time= 1.0min
[CV] END channels_correlation_filter__corr_threshold=0.2, channels_pca__n_components=3, input_selection__channel_selection__alpha=0.1, input_selection__feature_selection__threshold=0.02; total time= 1.0min
[CV] END channels_correlation_filter__corr_threshold=0.2, channels_pca__n_components=3, input_selection__channel_selection__alpha=0.1, input_selection__feature_selection__threshold=0.02; total time= 1.0min
[CV] END channels_correlation_filter__corr_threshold=0.2, channels_pca__n_components=3, input_selection__channel_selection__alpha=0.1, input_selection__feature_selection__threshold=0.02; total time= 1.0min
[CV] END channels_correlation_filter__corr_threshold=0.2, channels_pca__n_components=3, input_selection__channel_selection__alpha=0.1, input_selection__feature_selection__threshold=0.02; total time= 1.0min
[CV] END channels_correlation_filter__corr_threshold=0.2, channels_pca__n_components=3, input_selection__channel_selection__alpha=0.1, input_selection__feature_selection__threshold=0.03; total time=  59.4s
[CV] END channels_correlation_filter__corr_threshold=0.2, channels_pca__n_components=3, input_selection__channel_selection__alpha=0.1, input_selection__feature_selection__threshold=0.03; total time= 1.0min
[CV] END channels_correlation_filter__corr_threshold=0.2, channels_pca__n_components=3, input_selection__channel_selection__alpha=0.1, input_selection__feature_selection__threshold=0.03; total time= 1.0min
[CV] END channels_correlation_filter__corr_threshold=0.2, channels_pca__n_components=3, input_selection__channel_selection__alpha=0.1, input_selection__feature_selection__threshold=0.03; total time= 1.0min
[CV] END channels_correlation_filter__corr_threshold=0.2, channels_pca__n_components=3, input_selection__channel_selection__alpha=0.1, input_selection__feature_selection__threshold=0.03; total time= 1.0min
[CV] END channels_correlation_filter__corr_threshold=0.2, channels_pca__n_components=3, input_selection__channel_selection__alpha=0.1, input_selection__feature_selection__threshold=0.03; total time= 1.0min
[CV] END channels_correlation_filter__corr_threshold=0.2, channels_pca__n_components=3, input_selection__channel_selection__alpha=0.1, input_selection__feature_selection__threshold=0.03; total time= 1.0min
[CV] END channels_correlation_filter__corr_threshold=0.2, channels_pca__n_components=3, input_selection__channel_selection__alpha=0.1, input_selection__feature_selection__threshold=0.03; total time= 1.0min
[CV] END channels_correlation_filter__corr_threshold=0.2, channels_pca__n_components=3, input_selection__channel_selection__alpha=0.1, input_selection__feature_selection__threshold=0.03; total time= 1.0min
[CV] END channels_correlation_filter__corr_threshold=0.2, channels_pca__n_components=3, input_selection__channel_selection__alpha=0.1, input_selection__feature_selection__threshold=0.03; total time= 1.0min
[CV] END channels_correlation_filter__corr_threshold=0.2, channels_pca__n_components=3, input_selection__channel_selection__alpha=0.1, input_selection__feature_selection__threshold=0.05; total time=  58.5s
[CV] END channels_correlation_filter__corr_threshold=0.2, channels_pca__n_components=3, input_selection__channel_selection__alpha=0.1, input_selection__feature_selection__threshold=0.05; total time=  59.8s
[CV] END channels_correlation_filter__corr_threshold=0.2, channels_pca__n_components=3, input_selection__channel_selection__alpha=0.1, input_selection__feature_selection__threshold=0.05; total time=  59.5s
[CV] END channels_correlation_filter__corr_threshold=0.2, channels_pca__n_components=3, input_selection__channel_selection__alpha=0.1, input_selection__feature_selection__threshold=0.05; total time=  59.7s
[CV] END channels_correlation_filter__corr_threshold=0.2, channels_pca__n_components=3, input_selection__channel_selection__alpha=0.1, input_selection__feature_selection__threshold=0.05; total time=  60.0s
[CV] END channels_correlation_filter__corr_threshold=0.2, channels_pca__n_components=3, input_selection__channel_selection__alpha=0.1, input_selection__feature_selection__threshold=0.05; total time=  59.8s
[CV] END channels_correlation_filter__corr_threshold=0.2, channels_pca__n_components=3, input_selection__channel_selection__alpha=0.1, input_selection__feature_selection__threshold=0.05; total time= 1.0min
[CV] END channels_correlation_filter__corr_threshold=0.2, channels_pca__n_components=3, input_selection__channel_selection__alpha=0.1, input_selection__feature_selection__threshold=0.05; total time= 1.0min
[CV] END channels_correlation_filter__corr_threshold=0.2, channels_pca__n_components=3, input_selection__channel_selection__alpha=0.1, input_selection__feature_selection__threshold=0.05; total time=  60.0s
[CV] END channels_correlation_filter__corr_threshold=0.2, channels_pca__n_components=3, input_selection__channel_selection__alpha=0.1, input_selection__feature_selection__threshold=0.05; total time= 1.0min
[CV] END channels_correlation_filter__corr_threshold=0.2, channels_pca__n_components=5, input_selection__channel_selection__alpha=0.01, input_selection__feature_selection__threshold=0.01; total time= 1.0min
[CV] END channels_correlation_filter__corr_threshold=0.2, channels_pca__n_components=5, input_selection__channel_selection__alpha=0.01, input_selection__feature_selection__threshold=0.01; total time= 1.0min
[CV] END channels_correlation_filter__corr_threshold=0.2, channels_pca__n_components=5, input_selection__channel_selection__alpha=0.01, input_selection__feature_selection__threshold=0.01; total time= 1.0min
[CV] END channels_correlation_filter__corr_threshold=0.2, channels_pca__n_components=5, input_selection__channel_selection__alpha=0.01, input_selection__feature_selection__threshold=0.01; total time= 1.0min
[CV] END channels_correlation_filter__corr_threshold=0.2, channels_pca__n_components=5, input_selection__channel_selection__alpha=0.01, input_selection__feature_selection__threshold=0.01; total time= 1.0min
[CV] END channels_correlation_filter__corr_threshold=0.2, channels_pca__n_components=5, input_selection__channel_selection__alpha=0.01, input_selection__feature_selection__threshold=0.01; total time= 1.0min
[CV] END channels_correlation_filter__corr_threshold=0.2, channels_pca__n_components=5, input_selection__channel_selection__alpha=0.01, input_selection__feature_selection__threshold=0.01; total time= 1.0min
[CV] END channels_correlation_filter__corr_threshold=0.2, channels_pca__n_components=5, input_selection__channel_selection__alpha=0.01, input_selection__feature_selection__threshold=0.01; total time= 1.0min
[CV] END channels_correlation_filter__corr_threshold=0.2, channels_pca__n_components=5, input_selection__channel_selection__alpha=0.01, input_selection__feature_selection__threshold=0.01; total time= 1.0min
[CV] END channels_correlation_filter__corr_threshold=0.2, channels_pca__n_components=5, input_selection__channel_selection__alpha=0.01, input_selection__feature_selection__threshold=0.01; total time= 1.0min
[CV] END channels_correlation_filter__corr_threshold=0.2, channels_pca__n_components=5, input_selection__channel_selection__alpha=0.01, input_selection__feature_selection__threshold=0.02; total time=  59.1s
[CV] END channels_correlation_filter__corr_threshold=0.2, channels_pca__n_components=5, input_selection__channel_selection__alpha=0.01, input_selection__feature_selection__threshold=0.02; total time= 1.0min
[CV] END channels_correlation_filter__corr_threshold=0.2, channels_pca__n_components=5, input_selection__channel_selection__alpha=0.01, input_selection__feature_selection__threshold=0.02; total time=  59.8s
[CV] END channels_correlation_filter__corr_threshold=0.2, channels_pca__n_components=5, input_selection__channel_selection__alpha=0.01, input_selection__feature_selection__threshold=0.02; total time= 1.0min
[CV] END channels_correlation_filter__corr_threshold=0.2, channels_pca__n_components=5, input_selection__channel_selection__alpha=0.01, input_selection__feature_selection__threshold=0.02; total time= 1.0min
[CV] END channels_correlation_filter__corr_threshold=0.2, channels_pca__n_components=5, input_selection__channel_selection__alpha=0.01, input_selection__feature_selection__threshold=0.02; total time= 1.0min
[CV] END channels_correlation_filter__corr_threshold=0.2, channels_pca__n_components=5, input_selection__channel_selection__alpha=0.01, input_selection__feature_selection__threshold=0.02; total time= 1.0min
[CV] END channels_correlation_filter__corr_threshold=0.2, channels_pca__n_components=5, input_selection__channel_selection__alpha=0.01, input_selection__feature_selection__threshold=0.02; total time= 1.0min
[CV] END channels_correlation_filter__corr_threshold=0.2, channels_pca__n_components=5, input_selection__channel_selection__alpha=0.01, input_selection__feature_selection__threshold=0.02; total time= 1.0min
[CV] END channels_correlation_filter__corr_threshold=0.2, channels_pca__n_components=5, input_selection__channel_selection__alpha=0.01, input_selection__feature_selection__threshold=0.02; total time= 1.0min
[CV] END channels_correlation_filter__corr_threshold=0.2, channels_pca__n_components=5, input_selection__channel_selection__alpha=0.01, input_selection__feature_selection__threshold=0.03; total time=  58.7s
[CV] END channels_correlation_filter__corr_threshold=0.2, channels_pca__n_components=5, input_selection__channel_selection__alpha=0.01, input_selection__feature_selection__threshold=0.03; total time= 1.0min
[CV] END channels_correlation_filter__corr_threshold=0.2, channels_pca__n_components=5, input_selection__channel_selection__alpha=0.01, input_selection__feature_selection__threshold=0.03; total time=  60.0s
[CV] END channels_correlation_filter__corr_threshold=0.2, channels_pca__n_components=5, input_selection__channel_selection__alpha=0.01, input_selection__feature_selection__threshold=0.03; total time=  60.0s
[CV] END channels_correlation_filter__corr_threshold=0.2, channels_pca__n_components=5, input_selection__channel_selection__alpha=0.01, input_selection__feature_selection__threshold=0.03; total time= 1.0min
[CV] END channels_correlation_filter__corr_threshold=0.2, channels_pca__n_components=5, input_selection__channel_selection__alpha=0.01, input_selection__feature_selection__threshold=0.03; total time= 1.0min
[CV] END channels_correlation_filter__corr_threshold=0.2, channels_pca__n_components=5, input_selection__channel_selection__alpha=0.01, input_selection__feature_selection__threshold=0.03; total time=  59.7s
[CV] END channels_correlation_filter__corr_threshold=0.2, channels_pca__n_components=5, input_selection__channel_selection__alpha=0.01, input_selection__feature_selection__threshold=0.03; total time= 1.0min
[CV] END channels_correlation_filter__corr_threshold=0.2, channels_pca__n_components=5, input_selection__channel_selection__alpha=0.01, input_selection__feature_selection__threshold=0.03; total time= 1.0min
[CV] END channels_correlation_filter__corr_threshold=0.2, channels_pca__n_components=5, input_selection__channel_selection__alpha=0.01, input_selection__feature_selection__threshold=0.03; total time= 1.0min
[CV] END channels_correlation_filter__corr_threshold=0.2, channels_pca__n_components=5, input_selection__channel_selection__alpha=0.01, input_selection__feature_selection__threshold=0.05; total time=  58.7s
[CV] END channels_correlation_filter__corr_threshold=0.2, channels_pca__n_components=5, input_selection__channel_selection__alpha=0.01, input_selection__feature_selection__threshold=0.05; total time=  59.3s
[CV] END channels_correlation_filter__corr_threshold=0.2, channels_pca__n_components=5, input_selection__channel_selection__alpha=0.01, input_selection__feature_selection__threshold=0.05; total time=  59.5s
[CV] END channels_correlation_filter__corr_threshold=0.2, channels_pca__n_components=5, input_selection__channel_selection__alpha=0.01, input_selection__feature_selection__threshold=0.05; total time=  59.3s
[CV] END channels_correlation_filter__corr_threshold=0.2, channels_pca__n_components=5, input_selection__channel_selection__alpha=0.01, input_selection__feature_selection__threshold=0.05; total time=  59.5s
[CV] END channels_correlation_filter__corr_threshold=0.2, channels_pca__n_components=5, input_selection__channel_selection__alpha=0.01, input_selection__feature_selection__threshold=0.05; total time=  59.8s
[CV] END channels_correlation_filter__corr_threshold=0.2, channels_pca__n_components=5, input_selection__channel_selection__alpha=0.01, input_selection__feature_selection__threshold=0.05; total time=  59.4s
[CV] END channels_correlation_filter__corr_threshold=0.2, channels_pca__n_components=5, input_selection__channel_selection__alpha=0.01, input_selection__feature_selection__threshold=0.05; total time=  59.8s
[CV] END channels_correlation_filter__corr_threshold=0.2, channels_pca__n_components=5, input_selection__channel_selection__alpha=0.01, input_selection__feature_selection__threshold=0.05; total time=  59.6s
[CV] END channels_correlation_filter__corr_threshold=0.2, channels_pca__n_components=5, input_selection__channel_selection__alpha=0.01, input_selection__feature_selection__threshold=0.05; total time= 1.0min
[CV] END channels_correlation_filter__corr_threshold=0.2, channels_pca__n_components=5, input_selection__channel_selection__alpha=0.05, input_selection__feature_selection__threshold=0.01; total time= 1.0min
[CV] END channels_correlation_filter__corr_threshold=0.2, channels_pca__n_components=5, input_selection__channel_selection__alpha=0.05, input_selection__feature_selection__threshold=0.01; total time= 1.0min
[CV] END channels_correlation_filter__corr_threshold=0.2, channels_pca__n_components=5, input_selection__channel_selection__alpha=0.05, input_selection__feature_selection__threshold=0.01; total time= 1.0min
[CV] END channels_correlation_filter__corr_threshold=0.2, channels_pca__n_components=5, input_selection__channel_selection__alpha=0.05, input_selection__feature_selection__threshold=0.01; total time= 1.0min
[CV] END channels_correlation_filter__corr_threshold=0.2, channels_pca__n_components=5, input_selection__channel_selection__alpha=0.05, input_selection__feature_selection__threshold=0.01; total time= 1.0min
[CV] END channels_correlation_filter__corr_threshold=0.2, channels_pca__n_components=5, input_selection__channel_selection__alpha=0.05, input_selection__feature_selection__threshold=0.01; total time= 1.0min
[CV] END channels_correlation_filter__corr_threshold=0.2, channels_pca__n_components=5, input_selection__channel_selection__alpha=0.05, input_selection__feature_selection__threshold=0.01; total time= 1.0min
[CV] END channels_correlation_filter__corr_threshold=0.2, channels_pca__n_components=5, input_selection__channel_selection__alpha=0.05, input_selection__feature_selection__threshold=0.01; total time= 1.0min
[CV] END channels_correlation_filter__corr_threshold=0.2, channels_pca__n_components=5, input_selection__channel_selection__alpha=0.05, input_selection__feature_selection__threshold=0.01; total time= 1.0min
[CV] END channels_correlation_filter__corr_threshold=0.2, channels_pca__n_components=5, input_selection__channel_selection__alpha=0.05, input_selection__feature_selection__threshold=0.01; total time= 1.0min
[CV] END channels_correlation_filter__corr_threshold=0.2, channels_pca__n_components=5, input_selection__channel_selection__alpha=0.05, input_selection__feature_selection__threshold=0.02; total time=  59.9s
[CV] END channels_correlation_filter__corr_threshold=0.2, channels_pca__n_components=5, input_selection__channel_selection__alpha=0.05, input_selection__feature_selection__threshold=0.02; total time= 1.0min
[CV] END channels_correlation_filter__corr_threshold=0.2, channels_pca__n_components=5, input_selection__channel_selection__alpha=0.05, input_selection__feature_selection__threshold=0.02; total time= 1.0min
[CV] END channels_correlation_filter__corr_threshold=0.2, channels_pca__n_components=5, input_selection__channel_selection__alpha=0.05, input_selection__feature_selection__threshold=0.02; total time= 1.0min
[CV] END channels_correlation_filter__corr_threshold=0.2, channels_pca__n_components=5, input_selection__channel_selection__alpha=0.05, input_selection__feature_selection__threshold=0.02; total time= 1.0min
[CV] END channels_correlation_filter__corr_threshold=0.2, channels_pca__n_components=5, input_selection__channel_selection__alpha=0.05, input_selection__feature_selection__threshold=0.02; total time= 1.0min
[CV] END channels_correlation_filter__corr_threshold=0.2, channels_pca__n_components=5, input_selection__channel_selection__alpha=0.05, input_selection__feature_selection__threshold=0.02; total time= 1.0min
[CV] END channels_correlation_filter__corr_threshold=0.2, channels_pca__n_components=5, input_selection__channel_selection__alpha=0.05, input_selection__feature_selection__threshold=0.02; total time= 1.0min
[CV] END channels_correlation_filter__corr_threshold=0.2, channels_pca__n_components=5, input_selection__channel_selection__alpha=0.05, input_selection__feature_selection__threshold=0.02; total time= 1.0min
[CV] END channels_correlation_filter__corr_threshold=0.2, channels_pca__n_components=5, input_selection__channel_selection__alpha=0.05, input_selection__feature_selection__threshold=0.02; total time= 1.0min
[CV] END channels_correlation_filter__corr_threshold=0.2, channels_pca__n_components=5, input_selection__channel_selection__alpha=0.05, input_selection__feature_selection__threshold=0.03; total time=  59.6s
[CV] END channels_correlation_filter__corr_threshold=0.2, channels_pca__n_components=5, input_selection__channel_selection__alpha=0.05, input_selection__feature_selection__threshold=0.03; total time= 1.0min
[CV] END channels_correlation_filter__corr_threshold=0.2, channels_pca__n_components=5, input_selection__channel_selection__alpha=0.05, input_selection__feature_selection__threshold=0.03; total time= 1.0min
[CV] END channels_correlation_filter__corr_threshold=0.2, channels_pca__n_components=5, input_selection__channel_selection__alpha=0.05, input_selection__feature_selection__threshold=0.03; total time= 1.0min
[CV] END channels_correlation_filter__corr_threshold=0.2, channels_pca__n_components=5, input_selection__channel_selection__alpha=0.05, input_selection__feature_selection__threshold=0.03; total time= 1.0min
[CV] END channels_correlation_filter__corr_threshold=0.2, channels_pca__n_components=5, input_selection__channel_selection__alpha=0.05, input_selection__feature_selection__threshold=0.03; total time= 1.0min
[CV] END channels_correlation_filter__corr_threshold=0.2, channels_pca__n_components=5, input_selection__channel_selection__alpha=0.05, input_selection__feature_selection__threshold=0.03; total time= 1.0min
[CV] END channels_correlation_filter__corr_threshold=0.2, channels_pca__n_components=5, input_selection__channel_selection__alpha=0.05, input_selection__feature_selection__threshold=0.03; total time= 1.0min
[CV] END channels_correlation_filter__corr_threshold=0.2, channels_pca__n_components=5, input_selection__channel_selection__alpha=0.05, input_selection__feature_selection__threshold=0.03; total time= 1.0min
[CV] END channels_correlation_filter__corr_threshold=0.2, channels_pca__n_components=5, input_selection__channel_selection__alpha=0.05, input_selection__feature_selection__threshold=0.03; total time= 1.0min
[CV] END channels_correlation_filter__corr_threshold=0.2, channels_pca__n_components=5, input_selection__channel_selection__alpha=0.05, input_selection__feature_selection__threshold=0.05; total time=  58.8s
[CV] END channels_correlation_filter__corr_threshold=0.2, channels_pca__n_components=5, input_selection__channel_selection__alpha=0.05, input_selection__feature_selection__threshold=0.05; total time=  59.8s
[CV] END channels_correlation_filter__corr_threshold=0.2, channels_pca__n_components=5, input_selection__channel_selection__alpha=0.05, input_selection__feature_selection__threshold=0.05; total time=  59.7s
[CV] END channels_correlation_filter__corr_threshold=0.2, channels_pca__n_components=5, input_selection__channel_selection__alpha=0.05, input_selection__feature_selection__threshold=0.05; total time=  59.5s
[CV] END channels_correlation_filter__corr_threshold=0.2, channels_pca__n_components=5, input_selection__channel_selection__alpha=0.05, input_selection__feature_selection__threshold=0.05; total time=  59.9s
[CV] END channels_correlation_filter__corr_threshold=0.2, channels_pca__n_components=5, input_selection__channel_selection__alpha=0.05, input_selection__feature_selection__threshold=0.05; total time= 1.0min
[CV] END channels_correlation_filter__corr_threshold=0.2, channels_pca__n_components=5, input_selection__channel_selection__alpha=0.05, input_selection__feature_selection__threshold=0.05; total time= 1.0min
[CV] END channels_correlation_filter__corr_threshold=0.2, channels_pca__n_components=5, input_selection__channel_selection__alpha=0.05, input_selection__feature_selection__threshold=0.05; total time= 1.0min
[CV] END channels_correlation_filter__corr_threshold=0.2, channels_pca__n_components=5, input_selection__channel_selection__alpha=0.05, input_selection__feature_selection__threshold=0.05; total time=  59.9s
[CV] END channels_correlation_filter__corr_threshold=0.2, channels_pca__n_components=5, input_selection__channel_selection__alpha=0.05, input_selection__feature_selection__threshold=0.05; total time= 1.0min
[CV] END channels_correlation_filter__corr_threshold=0.2, channels_pca__n_components=5, input_selection__channel_selection__alpha=0.1, input_selection__feature_selection__threshold=0.01; total time= 1.0min
[CV] END channels_correlation_filter__corr_threshold=0.2, channels_pca__n_components=5, input_selection__channel_selection__alpha=0.1, input_selection__feature_selection__threshold=0.01; total time= 1.0min
[CV] END channels_correlation_filter__corr_threshold=0.2, channels_pca__n_components=5, input_selection__channel_selection__alpha=0.1, input_selection__feature_selection__threshold=0.01; total time= 1.0min
[CV] END channels_correlation_filter__corr_threshold=0.2, channels_pca__n_components=5, input_selection__channel_selection__alpha=0.1, input_selection__feature_selection__threshold=0.01; total time= 1.0min
[CV] END channels_correlation_filter__corr_threshold=0.2, channels_pca__n_components=5, input_selection__channel_selection__alpha=0.1, input_selection__feature_selection__threshold=0.01; total time= 1.0min
[CV] END channels_correlation_filter__corr_threshold=0.2, channels_pca__n_components=5, input_selection__channel_selection__alpha=0.1, input_selection__feature_selection__threshold=0.01; total time= 1.0min
[CV] END channels_correlation_filter__corr_threshold=0.2, channels_pca__n_components=5, input_selection__channel_selection__alpha=0.1, input_selection__feature_selection__threshold=0.01; total time= 1.0min
[CV] END channels_correlation_filter__corr_threshold=0.2, channels_pca__n_components=5, input_selection__channel_selection__alpha=0.1, input_selection__feature_selection__threshold=0.01; total time= 1.1min
[CV] END channels_correlation_filter__corr_threshold=0.2, channels_pca__n_components=5, input_selection__channel_selection__alpha=0.1, input_selection__feature_selection__threshold=0.01; total time= 1.0min
[CV] END channels_correlation_filter__corr_threshold=0.2, channels_pca__n_components=5, input_selection__channel_selection__alpha=0.1, input_selection__feature_selection__threshold=0.01; total time= 1.0min
[CV] END channels_correlation_filter__corr_threshold=0.2, channels_pca__n_components=5, input_selection__channel_selection__alpha=0.1, input_selection__feature_selection__threshold=0.02; total time= 1.0min
[CV] END channels_correlation_filter__corr_threshold=0.2, channels_pca__n_components=5, input_selection__channel_selection__alpha=0.1, input_selection__feature_selection__threshold=0.02; total time= 1.0min
[CV] END channels_correlation_filter__corr_threshold=0.2, channels_pca__n_components=5, input_selection__channel_selection__alpha=0.1, input_selection__feature_selection__threshold=0.02; total time= 1.0min
[CV] END channels_correlation_filter__corr_threshold=0.2, channels_pca__n_components=5, input_selection__channel_selection__alpha=0.1, input_selection__feature_selection__threshold=0.02; total time= 1.0min
[CV] END channels_correlation_filter__corr_threshold=0.2, channels_pca__n_components=5, input_selection__channel_selection__alpha=0.1, input_selection__feature_selection__threshold=0.02; total time= 1.0min
[CV] END channels_correlation_filter__corr_threshold=0.2, channels_pca__n_components=5, input_selection__channel_selection__alpha=0.1, input_selection__feature_selection__threshold=0.02; total time= 1.0min
[CV] END channels_correlation_filter__corr_threshold=0.2, channels_pca__n_components=5, input_selection__channel_selection__alpha=0.1, input_selection__feature_selection__threshold=0.02; total time= 1.0min
[CV] END channels_correlation_filter__corr_threshold=0.2, channels_pca__n_components=5, input_selection__channel_selection__alpha=0.1, input_selection__feature_selection__threshold=0.02; total time= 1.1min
[CV] END channels_correlation_filter__corr_threshold=0.2, channels_pca__n_components=5, input_selection__channel_selection__alpha=0.1, input_selection__feature_selection__threshold=0.02; total time= 1.0min
[CV] END channels_correlation_filter__corr_threshold=0.2, channels_pca__n_components=5, input_selection__channel_selection__alpha=0.1, input_selection__feature_selection__threshold=0.02; total time= 1.0min
[CV] END channels_correlation_filter__corr_threshold=0.2, channels_pca__n_components=5, input_selection__channel_selection__alpha=0.1, input_selection__feature_selection__threshold=0.03; total time= 1.0min
[CV] END channels_correlation_filter__corr_threshold=0.2, channels_pca__n_components=5, input_selection__channel_selection__alpha=0.1, input_selection__feature_selection__threshold=0.03; total time= 1.0min
[CV] END channels_correlation_filter__corr_threshold=0.2, channels_pca__n_components=5, input_selection__channel_selection__alpha=0.1, input_selection__feature_selection__threshold=0.03; total time= 1.0min
[CV] END channels_correlation_filter__corr_threshold=0.2, channels_pca__n_components=5, input_selection__channel_selection__alpha=0.1, input_selection__feature_selection__threshold=0.03; total time= 1.0min
[CV] END channels_correlation_filter__corr_threshold=0.2, channels_pca__n_components=5, input_selection__channel_selection__alpha=0.1, input_selection__feature_selection__threshold=0.03; total time= 1.0min
[CV] END channels_correlation_filter__corr_threshold=0.2, channels_pca__n_components=5, input_selection__channel_selection__alpha=0.1, input_selection__feature_selection__threshold=0.03; total time= 1.0min
[CV] END channels_correlation_filter__corr_threshold=0.2, channels_pca__n_components=5, input_selection__channel_selection__alpha=0.1, input_selection__feature_selection__threshold=0.03; total time= 1.0min
[CV] END channels_correlation_filter__corr_threshold=0.2, channels_pca__n_components=5, input_selection__channel_selection__alpha=0.1, input_selection__feature_selection__threshold=0.03; total time= 1.0min
[CV] END channels_correlation_filter__corr_threshold=0.2, channels_pca__n_components=5, input_selection__channel_selection__alpha=0.1, input_selection__feature_selection__threshold=0.03; total time= 1.0min
[CV] END channels_correlation_filter__corr_threshold=0.2, channels_pca__n_components=5, input_selection__channel_selection__alpha=0.1, input_selection__feature_selection__threshold=0.03; total time= 1.0min
[CV] END channels_correlation_filter__corr_threshold=0.2, channels_pca__n_components=5, input_selection__channel_selection__alpha=0.1, input_selection__feature_selection__threshold=0.05; total time=  59.5s
[CV] END channels_correlation_filter__corr_threshold=0.2, channels_pca__n_components=5, input_selection__channel_selection__alpha=0.1, input_selection__feature_selection__threshold=0.05; total time= 1.0min
[CV] END channels_correlation_filter__corr_threshold=0.2, channels_pca__n_components=5, input_selection__channel_selection__alpha=0.1, input_selection__feature_selection__threshold=0.05; total time=  60.0s
[CV] END channels_correlation_filter__corr_threshold=0.2, channels_pca__n_components=5, input_selection__channel_selection__alpha=0.1, input_selection__feature_selection__threshold=0.05; total time=  60.0s
[CV] END channels_correlation_filter__corr_threshold=0.2, channels_pca__n_components=5, input_selection__channel_selection__alpha=0.1, input_selection__feature_selection__threshold=0.05; total time= 1.0min
[CV] END channels_correlation_filter__corr_threshold=0.2, channels_pca__n_components=5, input_selection__channel_selection__alpha=0.1, input_selection__feature_selection__threshold=0.05; total time= 1.0min
[CV] END channels_correlation_filter__corr_threshold=0.2, channels_pca__n_components=5, input_selection__channel_selection__alpha=0.1, input_selection__feature_selection__threshold=0.05; total time= 1.0min
[CV] END channels_correlation_filter__corr_threshold=0.2, channels_pca__n_components=5, input_selection__channel_selection__alpha=0.1, input_selection__feature_selection__threshold=0.05; total time= 1.0min
[CV] END channels_correlation_filter__corr_threshold=0.2, channels_pca__n_components=5, input_selection__channel_selection__alpha=0.1, input_selection__feature_selection__threshold=0.05; total time= 1.0min
[CV] END channels_correlation_filter__corr_threshold=0.2, channels_pca__n_components=5, input_selection__channel_selection__alpha=0.1, input_selection__feature_selection__threshold=0.05; total time= 1.0min
[CV] END channels_correlation_filter__corr_threshold=0.25, channels_pca__n_components=1, input_selection__channel_selection__alpha=0.01, input_selection__feature_selection__threshold=0.01; total time=  58.1s
[CV] END channels_correlation_filter__corr_threshold=0.25, channels_pca__n_components=1, input_selection__channel_selection__alpha=0.01, input_selection__feature_selection__threshold=0.01; total time=  58.2s
[CV] END channels_correlation_filter__corr_threshold=0.25, channels_pca__n_components=1, input_selection__channel_selection__alpha=0.01, input_selection__feature_selection__threshold=0.01; total time=  58.7s
[CV] END channels_correlation_filter__corr_threshold=0.25, channels_pca__n_components=1, input_selection__channel_selection__alpha=0.01, input_selection__feature_selection__threshold=0.01; total time=  59.0s
[CV] END channels_correlation_filter__corr_threshold=0.25, channels_pca__n_components=1, input_selection__channel_selection__alpha=0.01, input_selection__feature_selection__threshold=0.01; total time=  59.1s
[CV] END channels_correlation_filter__corr_threshold=0.25, channels_pca__n_components=1, input_selection__channel_selection__alpha=0.01, input_selection__feature_selection__threshold=0.01; total time=  59.8s
[CV] END channels_correlation_filter__corr_threshold=0.25, channels_pca__n_components=1, input_selection__channel_selection__alpha=0.01, input_selection__feature_selection__threshold=0.01; total time=  59.2s
[CV] END channels_correlation_filter__corr_threshold=0.25, channels_pca__n_components=1, input_selection__channel_selection__alpha=0.01, input_selection__feature_selection__threshold=0.01; total time= 1.0min
[CV] END channels_correlation_filter__corr_threshold=0.25, channels_pca__n_components=1, input_selection__channel_selection__alpha=0.01, input_selection__feature_selection__threshold=0.01; total time=  58.8s
[CV] END channels_correlation_filter__corr_threshold=0.25, channels_pca__n_components=1, input_selection__channel_selection__alpha=0.01, input_selection__feature_selection__threshold=0.01; total time=  59.6s
[CV] END channels_correlation_filter__corr_threshold=0.25, channels_pca__n_components=1, input_selection__channel_selection__alpha=0.01, input_selection__feature_selection__threshold=0.02; total time=  57.4s
[CV] END channels_correlation_filter__corr_threshold=0.25, channels_pca__n_components=1, input_selection__channel_selection__alpha=0.01, input_selection__feature_selection__threshold=0.02; total time=  58.4s
[CV] END channels_correlation_filter__corr_threshold=0.25, channels_pca__n_components=1, input_selection__channel_selection__alpha=0.01, input_selection__feature_selection__threshold=0.02; total time=  58.2s
[CV] END channels_correlation_filter__corr_threshold=0.25, channels_pca__n_components=1, input_selection__channel_selection__alpha=0.01, input_selection__feature_selection__threshold=0.02; total time=  58.4s
[CV] END channels_correlation_filter__corr_threshold=0.25, channels_pca__n_components=1, input_selection__channel_selection__alpha=0.01, input_selection__feature_selection__threshold=0.02; total time=  58.9s
[CV] END channels_correlation_filter__corr_threshold=0.25, channels_pca__n_components=1, input_selection__channel_selection__alpha=0.01, input_selection__feature_selection__threshold=0.02; total time=  59.1s
[CV] END channels_correlation_filter__corr_threshold=0.25, channels_pca__n_components=1, input_selection__channel_selection__alpha=0.01, input_selection__feature_selection__threshold=0.02; total time=  58.9s
[CV] END channels_correlation_filter__corr_threshold=0.25, channels_pca__n_components=1, input_selection__channel_selection__alpha=0.01, input_selection__feature_selection__threshold=0.02; total time=  60.0s
[CV] END channels_correlation_filter__corr_threshold=0.25, channels_pca__n_components=1, input_selection__channel_selection__alpha=0.01, input_selection__feature_selection__threshold=0.02; total time=  58.9s
[CV] END channels_correlation_filter__corr_threshold=0.25, channels_pca__n_components=1, input_selection__channel_selection__alpha=0.01, input_selection__feature_selection__threshold=0.02; total time=  59.1s
[CV] END channels_correlation_filter__corr_threshold=0.25, channels_pca__n_components=1, input_selection__channel_selection__alpha=0.01, input_selection__feature_selection__threshold=0.03; total time=  57.0s
[CV] END channels_correlation_filter__corr_threshold=0.25, channels_pca__n_components=1, input_selection__channel_selection__alpha=0.01, input_selection__feature_selection__threshold=0.03; total time=  58.5s
[CV] END channels_correlation_filter__corr_threshold=0.25, channels_pca__n_components=1, input_selection__channel_selection__alpha=0.01, input_selection__feature_selection__threshold=0.03; total time=  58.1s
[CV] END channels_correlation_filter__corr_threshold=0.25, channels_pca__n_components=1, input_selection__channel_selection__alpha=0.01, input_selection__feature_selection__threshold=0.03; total time=  57.9s
[CV] END channels_correlation_filter__corr_threshold=0.25, channels_pca__n_components=1, input_selection__channel_selection__alpha=0.01, input_selection__feature_selection__threshold=0.03; total time=  59.1s
[CV] END channels_correlation_filter__corr_threshold=0.25, channels_pca__n_components=1, input_selection__channel_selection__alpha=0.01, input_selection__feature_selection__threshold=0.03; total time=  58.3s
[CV] END channels_correlation_filter__corr_threshold=0.25, channels_pca__n_components=1, input_selection__channel_selection__alpha=0.01, input_selection__feature_selection__threshold=0.03; total time=  58.8s
[CV] END channels_correlation_filter__corr_threshold=0.25, channels_pca__n_components=1, input_selection__channel_selection__alpha=0.01, input_selection__feature_selection__threshold=0.03; total time=  59.3s
[CV] END channels_correlation_filter__corr_threshold=0.25, channels_pca__n_components=1, input_selection__channel_selection__alpha=0.01, input_selection__feature_selection__threshold=0.03; total time=  58.8s
[CV] END channels_correlation_filter__corr_threshold=0.25, channels_pca__n_components=1, input_selection__channel_selection__alpha=0.01, input_selection__feature_selection__threshold=0.03; total time=  58.7s
[CV] END channels_correlation_filter__corr_threshold=0.25, channels_pca__n_components=1, input_selection__channel_selection__alpha=0.01, input_selection__feature_selection__threshold=0.05; total time=  55.6s
[CV] END channels_correlation_filter__corr_threshold=0.25, channels_pca__n_components=1, input_selection__channel_selection__alpha=0.01, input_selection__feature_selection__threshold=0.05; total time=  57.9s
[CV] END channels_correlation_filter__corr_threshold=0.25, channels_pca__n_components=1, input_selection__channel_selection__alpha=0.01, input_selection__feature_selection__threshold=0.05; total time=  57.2s
[CV] END channels_correlation_filter__corr_threshold=0.25, channels_pca__n_components=1, input_selection__channel_selection__alpha=0.01, input_selection__feature_selection__threshold=0.05; total time=  58.0s
[CV] END channels_correlation_filter__corr_threshold=0.25, channels_pca__n_components=1, input_selection__channel_selection__alpha=0.01, input_selection__feature_selection__threshold=0.05; total time=  57.5s
[CV] END channels_correlation_filter__corr_threshold=0.25, channels_pca__n_components=1, input_selection__channel_selection__alpha=0.01, input_selection__feature_selection__threshold=0.05; total time=  57.4s
[CV] END channels_correlation_filter__corr_threshold=0.25, channels_pca__n_components=1, input_selection__channel_selection__alpha=0.01, input_selection__feature_selection__threshold=0.05; total time=  58.6s
[CV] END channels_correlation_filter__corr_threshold=0.25, channels_pca__n_components=1, input_selection__channel_selection__alpha=0.01, input_selection__feature_selection__threshold=0.05; total time=  58.6s
[CV] END channels_correlation_filter__corr_threshold=0.25, channels_pca__n_components=1, input_selection__channel_selection__alpha=0.01, input_selection__feature_selection__threshold=0.05; total time=  58.0s
[CV] END channels_correlation_filter__corr_threshold=0.25, channels_pca__n_components=1, input_selection__channel_selection__alpha=0.01, input_selection__feature_selection__threshold=0.05; total time=  58.7s
[CV] END channels_correlation_filter__corr_threshold=0.25, channels_pca__n_components=1, input_selection__channel_selection__alpha=0.05, input_selection__feature_selection__threshold=0.01; total time=  59.3s
[CV] END channels_correlation_filter__corr_threshold=0.25, channels_pca__n_components=1, input_selection__channel_selection__alpha=0.05, input_selection__feature_selection__threshold=0.01; total time=  59.2s
[CV] END channels_correlation_filter__corr_threshold=0.25, channels_pca__n_components=1, input_selection__channel_selection__alpha=0.05, input_selection__feature_selection__threshold=0.01; total time= 1.0min
[CV] END channels_correlation_filter__corr_threshold=0.25, channels_pca__n_components=1, input_selection__channel_selection__alpha=0.05, input_selection__feature_selection__threshold=0.01; total time=  59.8s
[CV] END channels_correlation_filter__corr_threshold=0.25, channels_pca__n_components=1, input_selection__channel_selection__alpha=0.05, input_selection__feature_selection__threshold=0.01; total time= 1.0min
[CV] END channels_correlation_filter__corr_threshold=0.25, channels_pca__n_components=1, input_selection__channel_selection__alpha=0.05, input_selection__feature_selection__threshold=0.01; total time= 1.0min
[CV] END channels_correlation_filter__corr_threshold=0.25, channels_pca__n_components=1, input_selection__channel_selection__alpha=0.05, input_selection__feature_selection__threshold=0.01; total time= 1.0min
[CV] END channels_correlation_filter__corr_threshold=0.25, channels_pca__n_components=1, input_selection__channel_selection__alpha=0.05, input_selection__feature_selection__threshold=0.01; total time= 1.0min
[CV] END channels_correlation_filter__corr_threshold=0.25, channels_pca__n_components=1, input_selection__channel_selection__alpha=0.05, input_selection__feature_selection__threshold=0.01; total time=  59.9s
[CV] END channels_correlation_filter__corr_threshold=0.25, channels_pca__n_components=1, input_selection__channel_selection__alpha=0.05, input_selection__feature_selection__threshold=0.01; total time= 1.0min
[CV] END channels_correlation_filter__corr_threshold=0.25, channels_pca__n_components=1, input_selection__channel_selection__alpha=0.05, input_selection__feature_selection__threshold=0.02; total time=  58.1s
[CV] END channels_correlation_filter__corr_threshold=0.25, channels_pca__n_components=1, input_selection__channel_selection__alpha=0.05, input_selection__feature_selection__threshold=0.02; total time=  59.2s
[CV] END channels_correlation_filter__corr_threshold=0.25, channels_pca__n_components=1, input_selection__channel_selection__alpha=0.05, input_selection__feature_selection__threshold=0.02; total time=  59.0s
[CV] END channels_correlation_filter__corr_threshold=0.25, channels_pca__n_components=1, input_selection__channel_selection__alpha=0.05, input_selection__feature_selection__threshold=0.02; total time=  59.2s
[CV] END channels_correlation_filter__corr_threshold=0.25, channels_pca__n_components=1, input_selection__channel_selection__alpha=0.05, input_selection__feature_selection__threshold=0.02; total time=  59.6s
[CV] END channels_correlation_filter__corr_threshold=0.25, channels_pca__n_components=1, input_selection__channel_selection__alpha=0.05, input_selection__feature_selection__threshold=0.02; total time=  59.8s
[CV] END channels_correlation_filter__corr_threshold=0.25, channels_pca__n_components=1, input_selection__channel_selection__alpha=0.05, input_selection__feature_selection__threshold=0.02; total time=  59.7s
[CV] END channels_correlation_filter__corr_threshold=0.25, channels_pca__n_components=1, input_selection__channel_selection__alpha=0.05, input_selection__feature_selection__threshold=0.02; total time= 1.0min
[CV] END channels_correlation_filter__corr_threshold=0.25, channels_pca__n_components=1, input_selection__channel_selection__alpha=0.05, input_selection__feature_selection__threshold=0.02; total time= 1.0min
[CV] END channels_correlation_filter__corr_threshold=0.25, channels_pca__n_components=1, input_selection__channel_selection__alpha=0.05, input_selection__feature_selection__threshold=0.02; total time=  59.8s
[CV] END channels_correlation_filter__corr_threshold=0.25, channels_pca__n_components=1, input_selection__channel_selection__alpha=0.05, input_selection__feature_selection__threshold=0.03; total time=  58.3s
[CV] END channels_correlation_filter__corr_threshold=0.25, channels_pca__n_components=1, input_selection__channel_selection__alpha=0.05, input_selection__feature_selection__threshold=0.03; total time=  59.1s
[CV] END channels_correlation_filter__corr_threshold=0.25, channels_pca__n_components=1, input_selection__channel_selection__alpha=0.05, input_selection__feature_selection__threshold=0.03; total time=  59.5s
[CV] END channels_correlation_filter__corr_threshold=0.25, channels_pca__n_components=1, input_selection__channel_selection__alpha=0.05, input_selection__feature_selection__threshold=0.03; total time=  58.7s
[CV] END channels_correlation_filter__corr_threshold=0.25, channels_pca__n_components=1, input_selection__channel_selection__alpha=0.05, input_selection__feature_selection__threshold=0.03; total time=  59.7s
[CV] END channels_correlation_filter__corr_threshold=0.25, channels_pca__n_components=1, input_selection__channel_selection__alpha=0.05, input_selection__feature_selection__threshold=0.03; total time=  59.3s
[CV] END channels_correlation_filter__corr_threshold=0.25, channels_pca__n_components=1, input_selection__channel_selection__alpha=0.05, input_selection__feature_selection__threshold=0.03; total time=  59.8s
[CV] END channels_correlation_filter__corr_threshold=0.25, channels_pca__n_components=1, input_selection__channel_selection__alpha=0.05, input_selection__feature_selection__threshold=0.03; total time=  60.0s
[CV] END channels_correlation_filter__corr_threshold=0.25, channels_pca__n_components=1, input_selection__channel_selection__alpha=0.05, input_selection__feature_selection__threshold=0.03; total time= 1.0min
[CV] END channels_correlation_filter__corr_threshold=0.25, channels_pca__n_components=1, input_selection__channel_selection__alpha=0.05, input_selection__feature_selection__threshold=0.03; total time=  59.5s
[CV] END channels_correlation_filter__corr_threshold=0.25, channels_pca__n_components=1, input_selection__channel_selection__alpha=0.05, input_selection__feature_selection__threshold=0.05; total time=  56.6s
[CV] END channels_correlation_filter__corr_threshold=0.25, channels_pca__n_components=1, input_selection__channel_selection__alpha=0.05, input_selection__feature_selection__threshold=0.05; total time=  58.4s
[CV] END channels_correlation_filter__corr_threshold=0.25, channels_pca__n_components=1, input_selection__channel_selection__alpha=0.05, input_selection__feature_selection__threshold=0.05; total time=  58.1s
[CV] END channels_correlation_filter__corr_threshold=0.25, channels_pca__n_components=1, input_selection__channel_selection__alpha=0.05, input_selection__feature_selection__threshold=0.05; total time=  58.4s
[CV] END channels_correlation_filter__corr_threshold=0.25, channels_pca__n_components=1, input_selection__channel_selection__alpha=0.05, input_selection__feature_selection__threshold=0.05; total time=  57.9s
[CV] END channels_correlation_filter__corr_threshold=0.25, channels_pca__n_components=1, input_selection__channel_selection__alpha=0.05, input_selection__feature_selection__threshold=0.05; total time=  58.3s
[CV] END channels_correlation_filter__corr_threshold=0.25, channels_pca__n_components=1, input_selection__channel_selection__alpha=0.05, input_selection__feature_selection__threshold=0.05; total time=  59.5s
[CV] END channels_correlation_filter__corr_threshold=0.25, channels_pca__n_components=1, input_selection__channel_selection__alpha=0.05, input_selection__feature_selection__threshold=0.05; total time=  59.5s
[CV] END channels_correlation_filter__corr_threshold=0.25, channels_pca__n_components=1, input_selection__channel_selection__alpha=0.05, input_selection__feature_selection__threshold=0.05; total time=  58.7s
[CV] END channels_correlation_filter__corr_threshold=0.25, channels_pca__n_components=1, input_selection__channel_selection__alpha=0.05, input_selection__feature_selection__threshold=0.05; total time=  59.3s
[CV] END channels_correlation_filter__corr_threshold=0.25, channels_pca__n_components=1, input_selection__channel_selection__alpha=0.1, input_selection__feature_selection__threshold=0.01; total time=  59.9s
[CV] END channels_correlation_filter__corr_threshold=0.25, channels_pca__n_components=1, input_selection__channel_selection__alpha=0.1, input_selection__feature_selection__threshold=0.01; total time= 1.0min
[CV] END channels_correlation_filter__corr_threshold=0.25, channels_pca__n_components=1, input_selection__channel_selection__alpha=0.1, input_selection__feature_selection__threshold=0.01; total time= 1.0min
[CV] END channels_correlation_filter__corr_threshold=0.25, channels_pca__n_components=1, input_selection__channel_selection__alpha=0.1, input_selection__feature_selection__threshold=0.01; total time= 1.0min
[CV] END channels_correlation_filter__corr_threshold=0.25, channels_pca__n_components=1, input_selection__channel_selection__alpha=0.1, input_selection__feature_selection__threshold=0.01; total time= 1.0min
[CV] END channels_correlation_filter__corr_threshold=0.25, channels_pca__n_components=1, input_selection__channel_selection__alpha=0.1, input_selection__feature_selection__threshold=0.01; total time= 1.0min
[CV] END channels_correlation_filter__corr_threshold=0.25, channels_pca__n_components=1, input_selection__channel_selection__alpha=0.1, input_selection__feature_selection__threshold=0.01; total time= 1.0min
[CV] END channels_correlation_filter__corr_threshold=0.25, channels_pca__n_components=1, input_selection__channel_selection__alpha=0.1, input_selection__feature_selection__threshold=0.01; total time= 1.0min
[CV] END channels_correlation_filter__corr_threshold=0.25, channels_pca__n_components=1, input_selection__channel_selection__alpha=0.1, input_selection__feature_selection__threshold=0.01; total time= 1.0min
[CV] END channels_correlation_filter__corr_threshold=0.25, channels_pca__n_components=1, input_selection__channel_selection__alpha=0.1, input_selection__feature_selection__threshold=0.01; total time= 1.0min
[CV] END channels_correlation_filter__corr_threshold=0.25, channels_pca__n_components=1, input_selection__channel_selection__alpha=0.1, input_selection__feature_selection__threshold=0.02; total time=  59.0s
[CV] END channels_correlation_filter__corr_threshold=0.25, channels_pca__n_components=1, input_selection__channel_selection__alpha=0.1, input_selection__feature_selection__threshold=0.02; total time= 1.0min
[CV] END channels_correlation_filter__corr_threshold=0.25, channels_pca__n_components=1, input_selection__channel_selection__alpha=0.1, input_selection__feature_selection__threshold=0.02; total time=  59.8s
[CV] END channels_correlation_filter__corr_threshold=0.25, channels_pca__n_components=1, input_selection__channel_selection__alpha=0.1, input_selection__feature_selection__threshold=0.02; total time=  59.8s
[CV] END channels_correlation_filter__corr_threshold=0.25, channels_pca__n_components=1, input_selection__channel_selection__alpha=0.1, input_selection__feature_selection__threshold=0.02; total time= 1.0min
[CV] END channels_correlation_filter__corr_threshold=0.25, channels_pca__n_components=1, input_selection__channel_selection__alpha=0.1, input_selection__feature_selection__threshold=0.02; total time= 1.0min
[CV] END channels_correlation_filter__corr_threshold=0.25, channels_pca__n_components=1, input_selection__channel_selection__alpha=0.1, input_selection__feature_selection__threshold=0.02; total time= 1.0min
[CV] END channels_correlation_filter__corr_threshold=0.25, channels_pca__n_components=1, input_selection__channel_selection__alpha=0.1, input_selection__feature_selection__threshold=0.02; total time= 1.0min
[CV] END channels_correlation_filter__corr_threshold=0.25, channels_pca__n_components=1, input_selection__channel_selection__alpha=0.1, input_selection__feature_selection__threshold=0.02; total time= 1.0min
[CV] END channels_correlation_filter__corr_threshold=0.25, channels_pca__n_components=1, input_selection__channel_selection__alpha=0.1, input_selection__feature_selection__threshold=0.02; total time= 1.0min
[CV] END channels_correlation_filter__corr_threshold=0.25, channels_pca__n_components=1, input_selection__channel_selection__alpha=0.1, input_selection__feature_selection__threshold=0.03; total time=  58.6s
[CV] END channels_correlation_filter__corr_threshold=0.25, channels_pca__n_components=1, input_selection__channel_selection__alpha=0.1, input_selection__feature_selection__threshold=0.03; total time= 1.0min
[CV] END channels_correlation_filter__corr_threshold=0.25, channels_pca__n_components=1, input_selection__channel_selection__alpha=0.1, input_selection__feature_selection__threshold=0.03; total time= 1.0min
[CV] END channels_correlation_filter__corr_threshold=0.25, channels_pca__n_components=1, input_selection__channel_selection__alpha=0.1, input_selection__feature_selection__threshold=0.03; total time=  59.1s
[CV] END channels_correlation_filter__corr_threshold=0.25, channels_pca__n_components=1, input_selection__channel_selection__alpha=0.1, input_selection__feature_selection__threshold=0.03; total time= 1.0min
[CV] END channels_correlation_filter__corr_threshold=0.25, channels_pca__n_components=1, input_selection__channel_selection__alpha=0.1, input_selection__feature_selection__threshold=0.03; total time=  59.7s
[CV] END channels_correlation_filter__corr_threshold=0.25, channels_pca__n_components=1, input_selection__channel_selection__alpha=0.1, input_selection__feature_selection__threshold=0.03; total time= 1.0min
[CV] END channels_correlation_filter__corr_threshold=0.25, channels_pca__n_components=1, input_selection__channel_selection__alpha=0.1, input_selection__feature_selection__threshold=0.03; total time= 1.0min
[CV] END channels_correlation_filter__corr_threshold=0.25, channels_pca__n_components=1, input_selection__channel_selection__alpha=0.1, input_selection__feature_selection__threshold=0.03; total time= 1.0min
[CV] END channels_correlation_filter__corr_threshold=0.25, channels_pca__n_components=1, input_selection__channel_selection__alpha=0.1, input_selection__feature_selection__threshold=0.03; total time= 1.0min
[CV] END channels_correlation_filter__corr_threshold=0.25, channels_pca__n_components=1, input_selection__channel_selection__alpha=0.1, input_selection__feature_selection__threshold=0.05; total time=  56.7s
[CV] END channels_correlation_filter__corr_threshold=0.25, channels_pca__n_components=1, input_selection__channel_selection__alpha=0.1, input_selection__feature_selection__threshold=0.05; total time=  59.0s
[CV] END channels_correlation_filter__corr_threshold=0.25, channels_pca__n_components=1, input_selection__channel_selection__alpha=0.1, input_selection__feature_selection__threshold=0.05; total time=  58.7s
[CV] END channels_correlation_filter__corr_threshold=0.25, channels_pca__n_components=1, input_selection__channel_selection__alpha=0.1, input_selection__feature_selection__threshold=0.05; total time=  59.0s
[CV] END channels_correlation_filter__corr_threshold=0.25, channels_pca__n_components=1, input_selection__channel_selection__alpha=0.1, input_selection__feature_selection__threshold=0.05; total time=  58.2s
[CV] END channels_correlation_filter__corr_threshold=0.25, channels_pca__n_components=1, input_selection__channel_selection__alpha=0.1, input_selection__feature_selection__threshold=0.05; total time=  58.7s
[CV] END channels_correlation_filter__corr_threshold=0.25, channels_pca__n_components=1, input_selection__channel_selection__alpha=0.1, input_selection__feature_selection__threshold=0.05; total time= 1.0min
[CV] END channels_correlation_filter__corr_threshold=0.25, channels_pca__n_components=1, input_selection__channel_selection__alpha=0.1, input_selection__feature_selection__threshold=0.05; total time=  59.7s
[CV] END channels_correlation_filter__corr_threshold=0.25, channels_pca__n_components=1, input_selection__channel_selection__alpha=0.1, input_selection__feature_selection__threshold=0.05; total time=  59.3s
[CV] END channels_correlation_filter__corr_threshold=0.25, channels_pca__n_components=1, input_selection__channel_selection__alpha=0.1, input_selection__feature_selection__threshold=0.05; total time=  59.5s
[CV] END channels_correlation_filter__corr_threshold=0.25, channels_pca__n_components=2, input_selection__channel_selection__alpha=0.01, input_selection__feature_selection__threshold=0.01; total time=  59.1s
[CV] END channels_correlation_filter__corr_threshold=0.25, channels_pca__n_components=2, input_selection__channel_selection__alpha=0.01, input_selection__feature_selection__threshold=0.01; total time=  59.0s
[CV] END channels_correlation_filter__corr_threshold=0.25, channels_pca__n_components=2, input_selection__channel_selection__alpha=0.01, input_selection__feature_selection__threshold=0.01; total time=  59.4s
[CV] END channels_correlation_filter__corr_threshold=0.25, channels_pca__n_components=2, input_selection__channel_selection__alpha=0.01, input_selection__feature_selection__threshold=0.01; total time=  59.5s
[CV] END channels_correlation_filter__corr_threshold=0.25, channels_pca__n_components=2, input_selection__channel_selection__alpha=0.01, input_selection__feature_selection__threshold=0.01; total time=  59.6s
[CV] END channels_correlation_filter__corr_threshold=0.25, channels_pca__n_components=2, input_selection__channel_selection__alpha=0.01, input_selection__feature_selection__threshold=0.01; total time= 1.0min
[CV] END channels_correlation_filter__corr_threshold=0.25, channels_pca__n_components=2, input_selection__channel_selection__alpha=0.01, input_selection__feature_selection__threshold=0.01; total time=  59.4s
[CV] END channels_correlation_filter__corr_threshold=0.25, channels_pca__n_components=2, input_selection__channel_selection__alpha=0.01, input_selection__feature_selection__threshold=0.01; total time= 1.0min
[CV] END channels_correlation_filter__corr_threshold=0.25, channels_pca__n_components=2, input_selection__channel_selection__alpha=0.01, input_selection__feature_selection__threshold=0.01; total time=  59.4s
[CV] END channels_correlation_filter__corr_threshold=0.25, channels_pca__n_components=2, input_selection__channel_selection__alpha=0.01, input_selection__feature_selection__threshold=0.01; total time=  59.7s
[CV] END channels_correlation_filter__corr_threshold=0.25, channels_pca__n_components=2, input_selection__channel_selection__alpha=0.01, input_selection__feature_selection__threshold=0.02; total time=  57.4s
[CV] END channels_correlation_filter__corr_threshold=0.25, channels_pca__n_components=2, input_selection__channel_selection__alpha=0.01, input_selection__feature_selection__threshold=0.02; total time=  58.9s
[CV] END channels_correlation_filter__corr_threshold=0.25, channels_pca__n_components=2, input_selection__channel_selection__alpha=0.01, input_selection__feature_selection__threshold=0.02; total time=  58.5s
[CV] END channels_correlation_filter__corr_threshold=0.25, channels_pca__n_components=2, input_selection__channel_selection__alpha=0.01, input_selection__feature_selection__threshold=0.02; total time=  58.8s
[CV] END channels_correlation_filter__corr_threshold=0.25, channels_pca__n_components=2, input_selection__channel_selection__alpha=0.01, input_selection__feature_selection__threshold=0.02; total time=  58.9s
[CV] END channels_correlation_filter__corr_threshold=0.25, channels_pca__n_components=2, input_selection__channel_selection__alpha=0.01, input_selection__feature_selection__threshold=0.02; total time=  59.5s
[CV] END channels_correlation_filter__corr_threshold=0.25, channels_pca__n_components=2, input_selection__channel_selection__alpha=0.01, input_selection__feature_selection__threshold=0.02; total time=  59.0s
[CV] END channels_correlation_filter__corr_threshold=0.25, channels_pca__n_components=2, input_selection__channel_selection__alpha=0.01, input_selection__feature_selection__threshold=0.02; total time= 1.0min
[CV] END channels_correlation_filter__corr_threshold=0.25, channels_pca__n_components=2, input_selection__channel_selection__alpha=0.01, input_selection__feature_selection__threshold=0.02; total time=  59.0s
[CV] END channels_correlation_filter__corr_threshold=0.25, channels_pca__n_components=2, input_selection__channel_selection__alpha=0.01, input_selection__feature_selection__threshold=0.02; total time=  59.4s
[CV] END channels_correlation_filter__corr_threshold=0.25, channels_pca__n_components=2, input_selection__channel_selection__alpha=0.01, input_selection__feature_selection__threshold=0.03; total time=  57.8s
[CV] END channels_correlation_filter__corr_threshold=0.25, channels_pca__n_components=2, input_selection__channel_selection__alpha=0.01, input_selection__feature_selection__threshold=0.03; total time=  58.6s
[CV] END channels_correlation_filter__corr_threshold=0.25, channels_pca__n_components=2, input_selection__channel_selection__alpha=0.01, input_selection__feature_selection__threshold=0.03; total time=  58.3s
[CV] END channels_correlation_filter__corr_threshold=0.25, channels_pca__n_components=2, input_selection__channel_selection__alpha=0.01, input_selection__feature_selection__threshold=0.03; total time=  58.4s
[CV] END channels_correlation_filter__corr_threshold=0.25, channels_pca__n_components=2, input_selection__channel_selection__alpha=0.01, input_selection__feature_selection__threshold=0.03; total time=  59.1s
[CV] END channels_correlation_filter__corr_threshold=0.25, channels_pca__n_components=2, input_selection__channel_selection__alpha=0.01, input_selection__feature_selection__threshold=0.03; total time=  58.9s
[CV] END channels_correlation_filter__corr_threshold=0.25, channels_pca__n_components=2, input_selection__channel_selection__alpha=0.01, input_selection__feature_selection__threshold=0.03; total time=  59.1s
[CV] END channels_correlation_filter__corr_threshold=0.25, channels_pca__n_components=2, input_selection__channel_selection__alpha=0.01, input_selection__feature_selection__threshold=0.03; total time=  59.5s
[CV] END channels_correlation_filter__corr_threshold=0.25, channels_pca__n_components=2, input_selection__channel_selection__alpha=0.01, input_selection__feature_selection__threshold=0.03; total time=  59.3s
[CV] END channels_correlation_filter__corr_threshold=0.25, channels_pca__n_components=2, input_selection__channel_selection__alpha=0.01, input_selection__feature_selection__threshold=0.03; total time=  58.7s
[CV] END channels_correlation_filter__corr_threshold=0.25, channels_pca__n_components=2, input_selection__channel_selection__alpha=0.01, input_selection__feature_selection__threshold=0.05; total time=  56.8s
[CV] END channels_correlation_filter__corr_threshold=0.25, channels_pca__n_components=2, input_selection__channel_selection__alpha=0.01, input_selection__feature_selection__threshold=0.05; total time=  58.5s
[CV] END channels_correlation_filter__corr_threshold=0.25, channels_pca__n_components=2, input_selection__channel_selection__alpha=0.01, input_selection__feature_selection__threshold=0.05; total time=  58.1s
[CV] END channels_correlation_filter__corr_threshold=0.25, channels_pca__n_components=2, input_selection__channel_selection__alpha=0.01, input_selection__feature_selection__threshold=0.05; total time=  58.3s
[CV] END channels_correlation_filter__corr_threshold=0.25, channels_pca__n_components=2, input_selection__channel_selection__alpha=0.01, input_selection__feature_selection__threshold=0.05; total time=  58.2s
[CV] END channels_correlation_filter__corr_threshold=0.25, channels_pca__n_components=2, input_selection__channel_selection__alpha=0.01, input_selection__feature_selection__threshold=0.05; total time=  58.5s
[CV] END channels_correlation_filter__corr_threshold=0.25, channels_pca__n_components=2, input_selection__channel_selection__alpha=0.01, input_selection__feature_selection__threshold=0.05; total time=  58.7s
[CV] END channels_correlation_filter__corr_threshold=0.25, channels_pca__n_components=2, input_selection__channel_selection__alpha=0.01, input_selection__feature_selection__threshold=0.05; total time=  59.1s
[CV] END channels_correlation_filter__corr_threshold=0.25, channels_pca__n_components=2, input_selection__channel_selection__alpha=0.01, input_selection__feature_selection__threshold=0.05; total time=  58.3s
[CV] END channels_correlation_filter__corr_threshold=0.25, channels_pca__n_components=2, input_selection__channel_selection__alpha=0.01, input_selection__feature_selection__threshold=0.05; total time=  58.9s
[CV] END channels_correlation_filter__corr_threshold=0.25, channels_pca__n_components=2, input_selection__channel_selection__alpha=0.05, input_selection__feature_selection__threshold=0.01; total time=  59.8s
[CV] END channels_correlation_filter__corr_threshold=0.25, channels_pca__n_components=2, input_selection__channel_selection__alpha=0.05, input_selection__feature_selection__threshold=0.01; total time=  59.7s
[CV] END channels_correlation_filter__corr_threshold=0.25, channels_pca__n_components=2, input_selection__channel_selection__alpha=0.05, input_selection__feature_selection__threshold=0.01; total time= 1.0min
[CV] END channels_correlation_filter__corr_threshold=0.25, channels_pca__n_components=2, input_selection__channel_selection__alpha=0.05, input_selection__feature_selection__threshold=0.01; total time= 1.0min
[CV] END channels_correlation_filter__corr_threshold=0.25, channels_pca__n_components=2, input_selection__channel_selection__alpha=0.05, input_selection__feature_selection__threshold=0.01; total time= 1.0min
[CV] END channels_correlation_filter__corr_threshold=0.25, channels_pca__n_components=2, input_selection__channel_selection__alpha=0.05, input_selection__feature_selection__threshold=0.01; total time= 1.0min
[CV] END channels_correlation_filter__corr_threshold=0.25, channels_pca__n_components=2, input_selection__channel_selection__alpha=0.05, input_selection__feature_selection__threshold=0.01; total time= 1.0min
[CV] END channels_correlation_filter__corr_threshold=0.25, channels_pca__n_components=2, input_selection__channel_selection__alpha=0.05, input_selection__feature_selection__threshold=0.01; total time= 1.0min
[CV] END channels_correlation_filter__corr_threshold=0.25, channels_pca__n_components=2, input_selection__channel_selection__alpha=0.05, input_selection__feature_selection__threshold=0.01; total time= 1.0min
[CV] END channels_correlation_filter__corr_threshold=0.25, channels_pca__n_components=2, input_selection__channel_selection__alpha=0.05, input_selection__feature_selection__threshold=0.01; total time= 1.0min
[CV] END channels_correlation_filter__corr_threshold=0.25, channels_pca__n_components=2, input_selection__channel_selection__alpha=0.05, input_selection__feature_selection__threshold=0.02; total time=  58.4s
[CV] END channels_correlation_filter__corr_threshold=0.25, channels_pca__n_components=2, input_selection__channel_selection__alpha=0.05, input_selection__feature_selection__threshold=0.02; total time=  59.7s
[CV] END channels_correlation_filter__corr_threshold=0.25, channels_pca__n_components=2, input_selection__channel_selection__alpha=0.05, input_selection__feature_selection__threshold=0.02; total time=  59.6s
[CV] END channels_correlation_filter__corr_threshold=0.25, channels_pca__n_components=2, input_selection__channel_selection__alpha=0.05, input_selection__feature_selection__threshold=0.02; total time=  59.4s
[CV] END channels_correlation_filter__corr_threshold=0.25, channels_pca__n_components=2, input_selection__channel_selection__alpha=0.05, input_selection__feature_selection__threshold=0.02; total time= 1.0min
[CV] END channels_correlation_filter__corr_threshold=0.25, channels_pca__n_components=2, input_selection__channel_selection__alpha=0.05, input_selection__feature_selection__threshold=0.02; total time= 1.0min
[CV] END channels_correlation_filter__corr_threshold=0.25, channels_pca__n_components=2, input_selection__channel_selection__alpha=0.05, input_selection__feature_selection__threshold=0.02; total time= 1.0min
[CV] END channels_correlation_filter__corr_threshold=0.25, channels_pca__n_components=2, input_selection__channel_selection__alpha=0.05, input_selection__feature_selection__threshold=0.02; total time= 1.0min
[CV] END channels_correlation_filter__corr_threshold=0.25, channels_pca__n_components=2, input_selection__channel_selection__alpha=0.05, input_selection__feature_selection__threshold=0.02; total time= 1.0min
[CV] END channels_correlation_filter__corr_threshold=0.25, channels_pca__n_components=2, input_selection__channel_selection__alpha=0.05, input_selection__feature_selection__threshold=0.02; total time= 1.0min
[CV] END channels_correlation_filter__corr_threshold=0.25, channels_pca__n_components=2, input_selection__channel_selection__alpha=0.05, input_selection__feature_selection__threshold=0.03; total time=  58.9s
[CV] END channels_correlation_filter__corr_threshold=0.25, channels_pca__n_components=2, input_selection__channel_selection__alpha=0.05, input_selection__feature_selection__threshold=0.03; total time=  60.0s
[CV] END channels_correlation_filter__corr_threshold=0.25, channels_pca__n_components=2, input_selection__channel_selection__alpha=0.05, input_selection__feature_selection__threshold=0.03; total time=  59.6s
[CV] END channels_correlation_filter__corr_threshold=0.25, channels_pca__n_components=2, input_selection__channel_selection__alpha=0.05, input_selection__feature_selection__threshold=0.03; total time=  59.4s
[CV] END channels_correlation_filter__corr_threshold=0.25, channels_pca__n_components=2, input_selection__channel_selection__alpha=0.05, input_selection__feature_selection__threshold=0.03; total time= 1.0min
[CV] END channels_correlation_filter__corr_threshold=0.25, channels_pca__n_components=2, input_selection__channel_selection__alpha=0.05, input_selection__feature_selection__threshold=0.03; total time=  59.8s
[CV] END channels_correlation_filter__corr_threshold=0.25, channels_pca__n_components=2, input_selection__channel_selection__alpha=0.05, input_selection__feature_selection__threshold=0.03; total time=  59.8s
[CV] END channels_correlation_filter__corr_threshold=0.25, channels_pca__n_components=2, input_selection__channel_selection__alpha=0.05, input_selection__feature_selection__threshold=0.03; total time= 1.0min
[CV] END channels_correlation_filter__corr_threshold=0.25, channels_pca__n_components=2, input_selection__channel_selection__alpha=0.05, input_selection__feature_selection__threshold=0.03; total time= 1.0min
[CV] END channels_correlation_filter__corr_threshold=0.25, channels_pca__n_components=2, input_selection__channel_selection__alpha=0.05, input_selection__feature_selection__threshold=0.03; total time=  59.8s
[CV] END channels_correlation_filter__corr_threshold=0.25, channels_pca__n_components=2, input_selection__channel_selection__alpha=0.05, input_selection__feature_selection__threshold=0.05; total time=  57.7s
[CV] END channels_correlation_filter__corr_threshold=0.25, channels_pca__n_components=2, input_selection__channel_selection__alpha=0.05, input_selection__feature_selection__threshold=0.05; total time=  59.0s
[CV] END channels_correlation_filter__corr_threshold=0.25, channels_pca__n_components=2, input_selection__channel_selection__alpha=0.05, input_selection__feature_selection__threshold=0.05; total time=  59.1s
[CV] END channels_correlation_filter__corr_threshold=0.25, channels_pca__n_components=2, input_selection__channel_selection__alpha=0.05, input_selection__feature_selection__threshold=0.05; total time=  58.9s
[CV] END channels_correlation_filter__corr_threshold=0.25, channels_pca__n_components=2, input_selection__channel_selection__alpha=0.05, input_selection__feature_selection__threshold=0.05; total time=  59.2s
[CV] END channels_correlation_filter__corr_threshold=0.25, channels_pca__n_components=2, input_selection__channel_selection__alpha=0.05, input_selection__feature_selection__threshold=0.05; total time=  59.3s
[CV] END channels_correlation_filter__corr_threshold=0.25, channels_pca__n_components=2, input_selection__channel_selection__alpha=0.05, input_selection__feature_selection__threshold=0.05; total time= 1.0min
[CV] END channels_correlation_filter__corr_threshold=0.25, channels_pca__n_components=2, input_selection__channel_selection__alpha=0.05, input_selection__feature_selection__threshold=0.05; total time=  59.9s
[CV] END channels_correlation_filter__corr_threshold=0.25, channels_pca__n_components=2, input_selection__channel_selection__alpha=0.05, input_selection__feature_selection__threshold=0.05; total time=  59.2s
[CV] END channels_correlation_filter__corr_threshold=0.25, channels_pca__n_components=2, input_selection__channel_selection__alpha=0.05, input_selection__feature_selection__threshold=0.05; total time=  59.8s
[CV] END channels_correlation_filter__corr_threshold=0.25, channels_pca__n_components=2, input_selection__channel_selection__alpha=0.1, input_selection__feature_selection__threshold=0.01; total time= 1.0min
[CV] END channels_correlation_filter__corr_threshold=0.25, channels_pca__n_components=2, input_selection__channel_selection__alpha=0.1, input_selection__feature_selection__threshold=0.01; total time= 1.0min
[CV] END channels_correlation_filter__corr_threshold=0.25, channels_pca__n_components=2, input_selection__channel_selection__alpha=0.1, input_selection__feature_selection__threshold=0.01; total time= 1.0min
[CV] END channels_correlation_filter__corr_threshold=0.25, channels_pca__n_components=2, input_selection__channel_selection__alpha=0.1, input_selection__feature_selection__threshold=0.01; total time= 1.0min
[CV] END channels_correlation_filter__corr_threshold=0.25, channels_pca__n_components=2, input_selection__channel_selection__alpha=0.1, input_selection__feature_selection__threshold=0.01; total time= 1.0min
[CV] END channels_correlation_filter__corr_threshold=0.25, channels_pca__n_components=2, input_selection__channel_selection__alpha=0.1, input_selection__feature_selection__threshold=0.01; total time= 1.0min
[CV] END channels_correlation_filter__corr_threshold=0.25, channels_pca__n_components=2, input_selection__channel_selection__alpha=0.1, input_selection__feature_selection__threshold=0.01; total time= 1.0min
[CV] END channels_correlation_filter__corr_threshold=0.25, channels_pca__n_components=2, input_selection__channel_selection__alpha=0.1, input_selection__feature_selection__threshold=0.01; total time= 1.0min
[CV] END channels_correlation_filter__corr_threshold=0.25, channels_pca__n_components=2, input_selection__channel_selection__alpha=0.1, input_selection__feature_selection__threshold=0.01; total time= 1.0min
[CV] END channels_correlation_filter__corr_threshold=0.25, channels_pca__n_components=2, input_selection__channel_selection__alpha=0.1, input_selection__feature_selection__threshold=0.01; total time= 1.0min
[CV] END channels_correlation_filter__corr_threshold=0.25, channels_pca__n_components=2, input_selection__channel_selection__alpha=0.1, input_selection__feature_selection__threshold=0.02; total time=  59.1s
[CV] END channels_correlation_filter__corr_threshold=0.25, channels_pca__n_components=2, input_selection__channel_selection__alpha=0.1, input_selection__feature_selection__threshold=0.02; total time= 1.0min
[CV] END channels_correlation_filter__corr_threshold=0.25, channels_pca__n_components=2, input_selection__channel_selection__alpha=0.1, input_selection__feature_selection__threshold=0.02; total time= 1.0min
[CV] END channels_correlation_filter__corr_threshold=0.25, channels_pca__n_components=2, input_selection__channel_selection__alpha=0.1, input_selection__feature_selection__threshold=0.02; total time= 1.0min
[CV] END channels_correlation_filter__corr_threshold=0.25, channels_pca__n_components=2, input_selection__channel_selection__alpha=0.1, input_selection__feature_selection__threshold=0.02; total time= 1.0min
[CV] END channels_correlation_filter__corr_threshold=0.25, channels_pca__n_components=2, input_selection__channel_selection__alpha=0.1, input_selection__feature_selection__threshold=0.02; total time= 1.0min
[CV] END channels_correlation_filter__corr_threshold=0.25, channels_pca__n_components=2, input_selection__channel_selection__alpha=0.1, input_selection__feature_selection__threshold=0.02; total time= 1.0min
[CV] END channels_correlation_filter__corr_threshold=0.25, channels_pca__n_components=2, input_selection__channel_selection__alpha=0.1, input_selection__feature_selection__threshold=0.02; total time= 1.0min
[CV] END channels_correlation_filter__corr_threshold=0.25, channels_pca__n_components=2, input_selection__channel_selection__alpha=0.1, input_selection__feature_selection__threshold=0.02; total time= 1.0min
[CV] END channels_correlation_filter__corr_threshold=0.25, channels_pca__n_components=2, input_selection__channel_selection__alpha=0.1, input_selection__feature_selection__threshold=0.02; total time= 1.0min
[CV] END channels_correlation_filter__corr_threshold=0.25, channels_pca__n_components=2, input_selection__channel_selection__alpha=0.1, input_selection__feature_selection__threshold=0.03; total time=  59.8s
[CV] END channels_correlation_filter__corr_threshold=0.25, channels_pca__n_components=2, input_selection__channel_selection__alpha=0.1, input_selection__feature_selection__threshold=0.03; total time= 1.0min
[CV] END channels_correlation_filter__corr_threshold=0.25, channels_pca__n_components=2, input_selection__channel_selection__alpha=0.1, input_selection__feature_selection__threshold=0.03; total time= 1.0min
[CV] END channels_correlation_filter__corr_threshold=0.25, channels_pca__n_components=2, input_selection__channel_selection__alpha=0.1, input_selection__feature_selection__threshold=0.03; total time=  59.8s
[CV] END channels_correlation_filter__corr_threshold=0.25, channels_pca__n_components=2, input_selection__channel_selection__alpha=0.1, input_selection__feature_selection__threshold=0.03; total time= 1.0min
[CV] END channels_correlation_filter__corr_threshold=0.25, channels_pca__n_components=2, input_selection__channel_selection__alpha=0.1, input_selection__feature_selection__threshold=0.03; total time= 1.0min
[CV] END channels_correlation_filter__corr_threshold=0.25, channels_pca__n_components=2, input_selection__channel_selection__alpha=0.1, input_selection__feature_selection__threshold=0.03; total time= 1.0min
[CV] END channels_correlation_filter__corr_threshold=0.25, channels_pca__n_components=2, input_selection__channel_selection__alpha=0.1, input_selection__feature_selection__threshold=0.03; total time= 1.0min
[CV] END channels_correlation_filter__corr_threshold=0.25, channels_pca__n_components=2, input_selection__channel_selection__alpha=0.1, input_selection__feature_selection__threshold=0.03; total time= 1.0min
[CV] END channels_correlation_filter__corr_threshold=0.25, channels_pca__n_components=2, input_selection__channel_selection__alpha=0.1, input_selection__feature_selection__threshold=0.03; total time= 1.0min
[CV] END channels_correlation_filter__corr_threshold=0.25, channels_pca__n_components=2, input_selection__channel_selection__alpha=0.1, input_selection__feature_selection__threshold=0.05; total time=  58.1s
[CV] END channels_correlation_filter__corr_threshold=0.25, channels_pca__n_components=2, input_selection__channel_selection__alpha=0.1, input_selection__feature_selection__threshold=0.05; total time=  59.5s
[CV] END channels_correlation_filter__corr_threshold=0.25, channels_pca__n_components=2, input_selection__channel_selection__alpha=0.1, input_selection__feature_selection__threshold=0.05; total time=  59.4s
[CV] END channels_correlation_filter__corr_threshold=0.25, channels_pca__n_components=2, input_selection__channel_selection__alpha=0.1, input_selection__feature_selection__threshold=0.05; total time=  59.5s
[CV] END channels_correlation_filter__corr_threshold=0.25, channels_pca__n_components=2, input_selection__channel_selection__alpha=0.1, input_selection__feature_selection__threshold=0.05; total time=  59.4s
[CV] END channels_correlation_filter__corr_threshold=0.25, channels_pca__n_components=2, input_selection__channel_selection__alpha=0.1, input_selection__feature_selection__threshold=0.05; total time=  59.4s
[CV] END channels_correlation_filter__corr_threshold=0.25, channels_pca__n_components=2, input_selection__channel_selection__alpha=0.1, input_selection__feature_selection__threshold=0.05; total time= 1.0min
[CV] END channels_correlation_filter__corr_threshold=0.25, channels_pca__n_components=2, input_selection__channel_selection__alpha=0.1, input_selection__feature_selection__threshold=0.05; total time= 1.0min
[CV] END channels_correlation_filter__corr_threshold=0.25, channels_pca__n_components=2, input_selection__channel_selection__alpha=0.1, input_selection__feature_selection__threshold=0.05; total time=  59.5s
[CV] END channels_correlation_filter__corr_threshold=0.25, channels_pca__n_components=2, input_selection__channel_selection__alpha=0.1, input_selection__feature_selection__threshold=0.05; total time=  60.0s
[CV] END channels_correlation_filter__corr_threshold=0.25, channels_pca__n_components=3, input_selection__channel_selection__alpha=0.01, input_selection__feature_selection__threshold=0.01; total time=  59.3s
[CV] END channels_correlation_filter__corr_threshold=0.25, channels_pca__n_components=3, input_selection__channel_selection__alpha=0.01, input_selection__feature_selection__threshold=0.01; total time=  59.3s
[CV] END channels_correlation_filter__corr_threshold=0.25, channels_pca__n_components=3, input_selection__channel_selection__alpha=0.01, input_selection__feature_selection__threshold=0.01; total time=  59.7s
[CV] END channels_correlation_filter__corr_threshold=0.25, channels_pca__n_components=3, input_selection__channel_selection__alpha=0.01, input_selection__feature_selection__threshold=0.01; total time=  60.0s
[CV] END channels_correlation_filter__corr_threshold=0.25, channels_pca__n_components=3, input_selection__channel_selection__alpha=0.01, input_selection__feature_selection__threshold=0.01; total time=  59.5s
[CV] END channels_correlation_filter__corr_threshold=0.25, channels_pca__n_components=3, input_selection__channel_selection__alpha=0.01, input_selection__feature_selection__threshold=0.01; total time= 1.0min
[CV] END channels_correlation_filter__corr_threshold=0.25, channels_pca__n_components=3, input_selection__channel_selection__alpha=0.01, input_selection__feature_selection__threshold=0.01; total time=  59.7s
[CV] END channels_correlation_filter__corr_threshold=0.25, channels_pca__n_components=3, input_selection__channel_selection__alpha=0.01, input_selection__feature_selection__threshold=0.01; total time= 1.0min
[CV] END channels_correlation_filter__corr_threshold=0.25, channels_pca__n_components=3, input_selection__channel_selection__alpha=0.01, input_selection__feature_selection__threshold=0.01; total time=  59.4s
[CV] END channels_correlation_filter__corr_threshold=0.25, channels_pca__n_components=3, input_selection__channel_selection__alpha=0.01, input_selection__feature_selection__threshold=0.01; total time= 1.0min
[CV] END channels_correlation_filter__corr_threshold=0.25, channels_pca__n_components=3, input_selection__channel_selection__alpha=0.01, input_selection__feature_selection__threshold=0.02; total time=  58.1s
[CV] END channels_correlation_filter__corr_threshold=0.25, channels_pca__n_components=3, input_selection__channel_selection__alpha=0.01, input_selection__feature_selection__threshold=0.02; total time=  59.0s
[CV] END channels_correlation_filter__corr_threshold=0.25, channels_pca__n_components=3, input_selection__channel_selection__alpha=0.01, input_selection__feature_selection__threshold=0.02; total time=  58.7s
[CV] END channels_correlation_filter__corr_threshold=0.25, channels_pca__n_components=3, input_selection__channel_selection__alpha=0.01, input_selection__feature_selection__threshold=0.02; total time=  59.3s
[CV] END channels_correlation_filter__corr_threshold=0.25, channels_pca__n_components=3, input_selection__channel_selection__alpha=0.01, input_selection__feature_selection__threshold=0.02; total time=  59.4s
[CV] END channels_correlation_filter__corr_threshold=0.25, channels_pca__n_components=3, input_selection__channel_selection__alpha=0.01, input_selection__feature_selection__threshold=0.02; total time= 1.0min
[CV] END channels_correlation_filter__corr_threshold=0.25, channels_pca__n_components=3, input_selection__channel_selection__alpha=0.01, input_selection__feature_selection__threshold=0.02; total time=  59.7s
[CV] END channels_correlation_filter__corr_threshold=0.25, channels_pca__n_components=3, input_selection__channel_selection__alpha=0.01, input_selection__feature_selection__threshold=0.02; total time= 1.0min
[CV] END channels_correlation_filter__corr_threshold=0.25, channels_pca__n_components=3, input_selection__channel_selection__alpha=0.01, input_selection__feature_selection__threshold=0.02; total time=  59.6s
[CV] END channels_correlation_filter__corr_threshold=0.25, channels_pca__n_components=3, input_selection__channel_selection__alpha=0.01, input_selection__feature_selection__threshold=0.02; total time=  59.8s
[CV] END channels_correlation_filter__corr_threshold=0.25, channels_pca__n_components=3, input_selection__channel_selection__alpha=0.01, input_selection__feature_selection__threshold=0.03; total time=  58.0s
[CV] END channels_correlation_filter__corr_threshold=0.25, channels_pca__n_components=3, input_selection__channel_selection__alpha=0.01, input_selection__feature_selection__threshold=0.03; total time=  59.1s
[CV] END channels_correlation_filter__corr_threshold=0.25, channels_pca__n_components=3, input_selection__channel_selection__alpha=0.01, input_selection__feature_selection__threshold=0.03; total time=  58.8s
[CV] END channels_correlation_filter__corr_threshold=0.25, channels_pca__n_components=3, input_selection__channel_selection__alpha=0.01, input_selection__feature_selection__threshold=0.03; total time=  58.5s
[CV] END channels_correlation_filter__corr_threshold=0.25, channels_pca__n_components=3, input_selection__channel_selection__alpha=0.01, input_selection__feature_selection__threshold=0.03; total time=  59.6s
[CV] END channels_correlation_filter__corr_threshold=0.25, channels_pca__n_components=3, input_selection__channel_selection__alpha=0.01, input_selection__feature_selection__threshold=0.03; total time=  59.0s
[CV] END channels_correlation_filter__corr_threshold=0.25, channels_pca__n_components=3, input_selection__channel_selection__alpha=0.01, input_selection__feature_selection__threshold=0.03; total time=  59.7s
[CV] END channels_correlation_filter__corr_threshold=0.25, channels_pca__n_components=3, input_selection__channel_selection__alpha=0.01, input_selection__feature_selection__threshold=0.03; total time=  59.6s
[CV] END channels_correlation_filter__corr_threshold=0.25, channels_pca__n_components=3, input_selection__channel_selection__alpha=0.01, input_selection__feature_selection__threshold=0.03; total time=  59.6s
[CV] END channels_correlation_filter__corr_threshold=0.25, channels_pca__n_components=3, input_selection__channel_selection__alpha=0.01, input_selection__feature_selection__threshold=0.03; total time=  59.0s
[CV] END channels_correlation_filter__corr_threshold=0.25, channels_pca__n_components=3, input_selection__channel_selection__alpha=0.01, input_selection__feature_selection__threshold=0.05; total time=  57.4s
[CV] END channels_correlation_filter__corr_threshold=0.25, channels_pca__n_components=3, input_selection__channel_selection__alpha=0.01, input_selection__feature_selection__threshold=0.05; total time=  58.3s
[CV] END channels_correlation_filter__corr_threshold=0.25, channels_pca__n_components=3, input_selection__channel_selection__alpha=0.01, input_selection__feature_selection__threshold=0.05; total time=  58.7s
[CV] END channels_correlation_filter__corr_threshold=0.25, channels_pca__n_components=3, input_selection__channel_selection__alpha=0.01, input_selection__feature_selection__threshold=0.05; total time=  59.0s
[CV] END channels_correlation_filter__corr_threshold=0.25, channels_pca__n_components=3, input_selection__channel_selection__alpha=0.01, input_selection__feature_selection__threshold=0.05; total time=  58.5s
[CV] END channels_correlation_filter__corr_threshold=0.25, channels_pca__n_components=3, input_selection__channel_selection__alpha=0.01, input_selection__feature_selection__threshold=0.05; total time=  58.8s
[CV] END channels_correlation_filter__corr_threshold=0.25, channels_pca__n_components=3, input_selection__channel_selection__alpha=0.01, input_selection__feature_selection__threshold=0.05; total time=  59.4s
[CV] END channels_correlation_filter__corr_threshold=0.25, channels_pca__n_components=3, input_selection__channel_selection__alpha=0.01, input_selection__feature_selection__threshold=0.05; total time=  59.3s
[CV] END channels_correlation_filter__corr_threshold=0.25, channels_pca__n_components=3, input_selection__channel_selection__alpha=0.01, input_selection__feature_selection__threshold=0.05; total time=  58.8s
[CV] END channels_correlation_filter__corr_threshold=0.25, channels_pca__n_components=3, input_selection__channel_selection__alpha=0.01, input_selection__feature_selection__threshold=0.05; total time=  59.0s
[CV] END channels_correlation_filter__corr_threshold=0.25, channels_pca__n_components=3, input_selection__channel_selection__alpha=0.05, input_selection__feature_selection__threshold=0.01; total time= 1.0min
[CV] END channels_correlation_filter__corr_threshold=0.25, channels_pca__n_components=3, input_selection__channel_selection__alpha=0.05, input_selection__feature_selection__threshold=0.01; total time= 1.0min
[CV] END channels_correlation_filter__corr_threshold=0.25, channels_pca__n_components=3, input_selection__channel_selection__alpha=0.05, input_selection__feature_selection__threshold=0.01; total time= 1.0min
[CV] END channels_correlation_filter__corr_threshold=0.25, channels_pca__n_components=3, input_selection__channel_selection__alpha=0.05, input_selection__feature_selection__threshold=0.01; total time= 1.0min
[CV] END channels_correlation_filter__corr_threshold=0.25, channels_pca__n_components=3, input_selection__channel_selection__alpha=0.05, input_selection__feature_selection__threshold=0.01; total time= 1.0min
[CV] END channels_correlation_filter__corr_threshold=0.25, channels_pca__n_components=3, input_selection__channel_selection__alpha=0.05, input_selection__feature_selection__threshold=0.01; total time= 1.0min
[CV] END channels_correlation_filter__corr_threshold=0.25, channels_pca__n_components=3, input_selection__channel_selection__alpha=0.05, input_selection__feature_selection__threshold=0.01; total time= 1.0min
[CV] END channels_correlation_filter__corr_threshold=0.25, channels_pca__n_components=3, input_selection__channel_selection__alpha=0.05, input_selection__feature_selection__threshold=0.01; total time= 1.0min
[CV] END channels_correlation_filter__corr_threshold=0.25, channels_pca__n_components=3, input_selection__channel_selection__alpha=0.05, input_selection__feature_selection__threshold=0.01; total time= 1.0min
[CV] END channels_correlation_filter__corr_threshold=0.25, channels_pca__n_components=3, input_selection__channel_selection__alpha=0.05, input_selection__feature_selection__threshold=0.01; total time= 1.0min
[CV] END channels_correlation_filter__corr_threshold=0.25, channels_pca__n_components=3, input_selection__channel_selection__alpha=0.05, input_selection__feature_selection__threshold=0.02; total time=  59.0s
[CV] END channels_correlation_filter__corr_threshold=0.25, channels_pca__n_components=3, input_selection__channel_selection__alpha=0.05, input_selection__feature_selection__threshold=0.02; total time= 1.0min
[CV] END channels_correlation_filter__corr_threshold=0.25, channels_pca__n_components=3, input_selection__channel_selection__alpha=0.05, input_selection__feature_selection__threshold=0.02; total time=  59.9s
[CV] END channels_correlation_filter__corr_threshold=0.25, channels_pca__n_components=3, input_selection__channel_selection__alpha=0.05, input_selection__feature_selection__threshold=0.02; total time=  59.8s
[CV] END channels_correlation_filter__corr_threshold=0.25, channels_pca__n_components=3, input_selection__channel_selection__alpha=0.05, input_selection__feature_selection__threshold=0.02; total time= 1.0min
[CV] END channels_correlation_filter__corr_threshold=0.25, channels_pca__n_components=3, input_selection__channel_selection__alpha=0.05, input_selection__feature_selection__threshold=0.02; total time= 1.0min
[CV] END channels_correlation_filter__corr_threshold=0.25, channels_pca__n_components=3, input_selection__channel_selection__alpha=0.05, input_selection__feature_selection__threshold=0.02; total time= 1.0min
[CV] END channels_correlation_filter__corr_threshold=0.25, channels_pca__n_components=3, input_selection__channel_selection__alpha=0.05, input_selection__feature_selection__threshold=0.02; total time= 1.0min
[CV] END channels_correlation_filter__corr_threshold=0.25, channels_pca__n_components=3, input_selection__channel_selection__alpha=0.05, input_selection__feature_selection__threshold=0.02; total time= 1.0min
[CV] END channels_correlation_filter__corr_threshold=0.25, channels_pca__n_components=3, input_selection__channel_selection__alpha=0.05, input_selection__feature_selection__threshold=0.02; total time= 1.0min
[CV] END channels_correlation_filter__corr_threshold=0.25, channels_pca__n_components=3, input_selection__channel_selection__alpha=0.05, input_selection__feature_selection__threshold=0.03; total time=  58.7s
[CV] END channels_correlation_filter__corr_threshold=0.25, channels_pca__n_components=3, input_selection__channel_selection__alpha=0.05, input_selection__feature_selection__threshold=0.03; total time= 1.0min
[CV] END channels_correlation_filter__corr_threshold=0.25, channels_pca__n_components=3, input_selection__channel_selection__alpha=0.05, input_selection__feature_selection__threshold=0.03; total time=  59.8s
[CV] END channels_correlation_filter__corr_threshold=0.25, channels_pca__n_components=3, input_selection__channel_selection__alpha=0.05, input_selection__feature_selection__threshold=0.03; total time=  59.4s
[CV] END channels_correlation_filter__corr_threshold=0.25, channels_pca__n_components=3, input_selection__channel_selection__alpha=0.05, input_selection__feature_selection__threshold=0.03; total time= 1.0min
[CV] END channels_correlation_filter__corr_threshold=0.25, channels_pca__n_components=3, input_selection__channel_selection__alpha=0.05, input_selection__feature_selection__threshold=0.03; total time=  59.7s
[CV] END channels_correlation_filter__corr_threshold=0.25, channels_pca__n_components=3, input_selection__channel_selection__alpha=0.05, input_selection__feature_selection__threshold=0.03; total time= 1.0min
[CV] END channels_correlation_filter__corr_threshold=0.25, channels_pca__n_components=3, input_selection__channel_selection__alpha=0.05, input_selection__feature_selection__threshold=0.03; total time= 1.0min
[CV] END channels_correlation_filter__corr_threshold=0.25, channels_pca__n_components=3, input_selection__channel_selection__alpha=0.05, input_selection__feature_selection__threshold=0.03; total time= 1.0min
[CV] END channels_correlation_filter__corr_threshold=0.25, channels_pca__n_components=3, input_selection__channel_selection__alpha=0.05, input_selection__feature_selection__threshold=0.03; total time= 1.0min
[CV] END channels_correlation_filter__corr_threshold=0.25, channels_pca__n_components=3, input_selection__channel_selection__alpha=0.05, input_selection__feature_selection__threshold=0.05; total time=  58.2s
[CV] END channels_correlation_filter__corr_threshold=0.25, channels_pca__n_components=3, input_selection__channel_selection__alpha=0.05, input_selection__feature_selection__threshold=0.05; total time=  59.1s
[CV] END channels_correlation_filter__corr_threshold=0.25, channels_pca__n_components=3, input_selection__channel_selection__alpha=0.05, input_selection__feature_selection__threshold=0.05; total time=  58.9s
[CV] END channels_correlation_filter__corr_threshold=0.25, channels_pca__n_components=3, input_selection__channel_selection__alpha=0.05, input_selection__feature_selection__threshold=0.05; total time=  59.7s
[CV] END channels_correlation_filter__corr_threshold=0.25, channels_pca__n_components=3, input_selection__channel_selection__alpha=0.05, input_selection__feature_selection__threshold=0.05; total time=  59.5s
[CV] END channels_correlation_filter__corr_threshold=0.25, channels_pca__n_components=3, input_selection__channel_selection__alpha=0.05, input_selection__feature_selection__threshold=0.05; total time=  59.5s
[CV] END channels_correlation_filter__corr_threshold=0.25, channels_pca__n_components=3, input_selection__channel_selection__alpha=0.05, input_selection__feature_selection__threshold=0.05; total time=  59.7s
[CV] END channels_correlation_filter__corr_threshold=0.25, channels_pca__n_components=3, input_selection__channel_selection__alpha=0.05, input_selection__feature_selection__threshold=0.05; total time=  59.9s
[CV] END channels_correlation_filter__corr_threshold=0.25, channels_pca__n_components=3, input_selection__channel_selection__alpha=0.05, input_selection__feature_selection__threshold=0.05; total time=  59.5s
[CV] END channels_correlation_filter__corr_threshold=0.25, channels_pca__n_components=3, input_selection__channel_selection__alpha=0.05, input_selection__feature_selection__threshold=0.05; total time=  59.8s
[CV] END channels_correlation_filter__corr_threshold=0.25, channels_pca__n_components=3, input_selection__channel_selection__alpha=0.1, input_selection__feature_selection__threshold=0.01; total time= 1.0min
[CV] END channels_correlation_filter__corr_threshold=0.25, channels_pca__n_components=3, input_selection__channel_selection__alpha=0.1, input_selection__feature_selection__threshold=0.01; total time= 1.0min
[CV] END channels_correlation_filter__corr_threshold=0.25, channels_pca__n_components=3, input_selection__channel_selection__alpha=0.1, input_selection__feature_selection__threshold=0.01; total time= 1.0min
[CV] END channels_correlation_filter__corr_threshold=0.25, channels_pca__n_components=3, input_selection__channel_selection__alpha=0.1, input_selection__feature_selection__threshold=0.01; total time= 1.0min
[CV] END channels_correlation_filter__corr_threshold=0.25, channels_pca__n_components=3, input_selection__channel_selection__alpha=0.1, input_selection__feature_selection__threshold=0.01; total time= 1.0min
[CV] END channels_correlation_filter__corr_threshold=0.25, channels_pca__n_components=3, input_selection__channel_selection__alpha=0.1, input_selection__feature_selection__threshold=0.01; total time= 1.0min
[CV] END channels_correlation_filter__corr_threshold=0.25, channels_pca__n_components=3, input_selection__channel_selection__alpha=0.1, input_selection__feature_selection__threshold=0.01; total time= 1.0min
[CV] END channels_correlation_filter__corr_threshold=0.25, channels_pca__n_components=3, input_selection__channel_selection__alpha=0.1, input_selection__feature_selection__threshold=0.01; total time= 1.0min
[CV] END channels_correlation_filter__corr_threshold=0.25, channels_pca__n_components=3, input_selection__channel_selection__alpha=0.1, input_selection__feature_selection__threshold=0.01; total time= 1.0min
[CV] END channels_correlation_filter__corr_threshold=0.25, channels_pca__n_components=3, input_selection__channel_selection__alpha=0.1, input_selection__feature_selection__threshold=0.01; total time= 1.0min
[CV] END channels_correlation_filter__corr_threshold=0.25, channels_pca__n_components=3, input_selection__channel_selection__alpha=0.1, input_selection__feature_selection__threshold=0.02; total time=  59.7s
[CV] END channels_correlation_filter__corr_threshold=0.25, channels_pca__n_components=3, input_selection__channel_selection__alpha=0.1, input_selection__feature_selection__threshold=0.02; total time= 1.0min
[CV] END channels_correlation_filter__corr_threshold=0.25, channels_pca__n_components=3, input_selection__channel_selection__alpha=0.1, input_selection__feature_selection__threshold=0.02; total time= 1.0min
[CV] END channels_correlation_filter__corr_threshold=0.25, channels_pca__n_components=3, input_selection__channel_selection__alpha=0.1, input_selection__feature_selection__threshold=0.02; total time= 1.0min
[CV] END channels_correlation_filter__corr_threshold=0.25, channels_pca__n_components=3, input_selection__channel_selection__alpha=0.1, input_selection__feature_selection__threshold=0.02; total time= 1.0min
[CV] END channels_correlation_filter__corr_threshold=0.25, channels_pca__n_components=3, input_selection__channel_selection__alpha=0.1, input_selection__feature_selection__threshold=0.02; total time= 1.0min
[CV] END channels_correlation_filter__corr_threshold=0.25, channels_pca__n_components=3, input_selection__channel_selection__alpha=0.1, input_selection__feature_selection__threshold=0.02; total time= 1.0min
[CV] END channels_correlation_filter__corr_threshold=0.25, channels_pca__n_components=3, input_selection__channel_selection__alpha=0.1, input_selection__feature_selection__threshold=0.02; total time= 1.0min
[CV] END channels_correlation_filter__corr_threshold=0.25, channels_pca__n_components=3, input_selection__channel_selection__alpha=0.1, input_selection__feature_selection__threshold=0.02; total time= 1.0min
[CV] END channels_correlation_filter__corr_threshold=0.25, channels_pca__n_components=3, input_selection__channel_selection__alpha=0.1, input_selection__feature_selection__threshold=0.02; total time= 1.0min
[CV] END channels_correlation_filter__corr_threshold=0.25, channels_pca__n_components=3, input_selection__channel_selection__alpha=0.1, input_selection__feature_selection__threshold=0.03; total time=  59.3s
[CV] END channels_correlation_filter__corr_threshold=0.25, channels_pca__n_components=3, input_selection__channel_selection__alpha=0.1, input_selection__feature_selection__threshold=0.03; total time= 1.0min
[CV] END channels_correlation_filter__corr_threshold=0.25, channels_pca__n_components=3, input_selection__channel_selection__alpha=0.1, input_selection__feature_selection__threshold=0.03; total time= 1.0min
[CV] END channels_correlation_filter__corr_threshold=0.25, channels_pca__n_components=3, input_selection__channel_selection__alpha=0.1, input_selection__feature_selection__threshold=0.03; total time= 1.0min
[CV] END channels_correlation_filter__corr_threshold=0.25, channels_pca__n_components=3, input_selection__channel_selection__alpha=0.1, input_selection__feature_selection__threshold=0.03; total time= 1.0min
[CV] END channels_correlation_filter__corr_threshold=0.25, channels_pca__n_components=3, input_selection__channel_selection__alpha=0.1, input_selection__feature_selection__threshold=0.03; total time= 1.0min
[CV] END channels_correlation_filter__corr_threshold=0.25, channels_pca__n_components=3, input_selection__channel_selection__alpha=0.1, input_selection__feature_selection__threshold=0.03; total time= 1.0min
[CV] END channels_correlation_filter__corr_threshold=0.25, channels_pca__n_components=3, input_selection__channel_selection__alpha=0.1, input_selection__feature_selection__threshold=0.03; total time= 1.0min
[CV] END channels_correlation_filter__corr_threshold=0.25, channels_pca__n_components=3, input_selection__channel_selection__alpha=0.1, input_selection__feature_selection__threshold=0.03; total time= 1.0min
[CV] END channels_correlation_filter__corr_threshold=0.25, channels_pca__n_components=3, input_selection__channel_selection__alpha=0.1, input_selection__feature_selection__threshold=0.03; total time= 1.0min
[CV] END channels_correlation_filter__corr_threshold=0.25, channels_pca__n_components=3, input_selection__channel_selection__alpha=0.1, input_selection__feature_selection__threshold=0.05; total time=  58.4s
[CV] END channels_correlation_filter__corr_threshold=0.25, channels_pca__n_components=3, input_selection__channel_selection__alpha=0.1, input_selection__feature_selection__threshold=0.05; total time=  59.6s
[CV] END channels_correlation_filter__corr_threshold=0.25, channels_pca__n_components=3, input_selection__channel_selection__alpha=0.1, input_selection__feature_selection__threshold=0.05; total time=  59.3s
[CV] END channels_correlation_filter__corr_threshold=0.25, channels_pca__n_components=3, input_selection__channel_selection__alpha=0.1, input_selection__feature_selection__threshold=0.05; total time=  60.0s
[CV] END channels_correlation_filter__corr_threshold=0.25, channels_pca__n_components=3, input_selection__channel_selection__alpha=0.1, input_selection__feature_selection__threshold=0.05; total time=  59.3s
[CV] END channels_correlation_filter__corr_threshold=0.25, channels_pca__n_components=3, input_selection__channel_selection__alpha=0.1, input_selection__feature_selection__threshold=0.05; total time=  59.7s
[CV] END channels_correlation_filter__corr_threshold=0.25, channels_pca__n_components=3, input_selection__channel_selection__alpha=0.1, input_selection__feature_selection__threshold=0.05; total time= 1.0min
[CV] END channels_correlation_filter__corr_threshold=0.25, channels_pca__n_components=3, input_selection__channel_selection__alpha=0.1, input_selection__feature_selection__threshold=0.05; total time= 1.0min
[CV] END channels_correlation_filter__corr_threshold=0.25, channels_pca__n_components=3, input_selection__channel_selection__alpha=0.1, input_selection__feature_selection__threshold=0.05; total time= 1.0min
[CV] END channels_correlation_filter__corr_threshold=0.25, channels_pca__n_components=3, input_selection__channel_selection__alpha=0.1, input_selection__feature_selection__threshold=0.05; total time= 1.0min
[CV] END channels_correlation_filter__corr_threshold=0.25, channels_pca__n_components=5, input_selection__channel_selection__alpha=0.01, input_selection__feature_selection__threshold=0.01; total time=  60.0s
[CV] END channels_correlation_filter__corr_threshold=0.25, channels_pca__n_components=5, input_selection__channel_selection__alpha=0.01, input_selection__feature_selection__threshold=0.01; total time= 1.0min
[CV] END channels_correlation_filter__corr_threshold=0.25, channels_pca__n_components=5, input_selection__channel_selection__alpha=0.01, input_selection__feature_selection__threshold=0.01; total time= 1.0min
[CV] END channels_correlation_filter__corr_threshold=0.25, channels_pca__n_components=5, input_selection__channel_selection__alpha=0.01, input_selection__feature_selection__threshold=0.01; total time= 1.0min
[CV] END channels_correlation_filter__corr_threshold=0.25, channels_pca__n_components=5, input_selection__channel_selection__alpha=0.01, input_selection__feature_selection__threshold=0.01; total time= 1.0min
[CV] END channels_correlation_filter__corr_threshold=0.25, channels_pca__n_components=5, input_selection__channel_selection__alpha=0.01, input_selection__feature_selection__threshold=0.01; total time= 1.0min
[CV] END channels_correlation_filter__corr_threshold=0.25, channels_pca__n_components=5, input_selection__channel_selection__alpha=0.01, input_selection__feature_selection__threshold=0.01; total time= 1.0min
[CV] END channels_correlation_filter__corr_threshold=0.25, channels_pca__n_components=5, input_selection__channel_selection__alpha=0.01, input_selection__feature_selection__threshold=0.01; total time= 1.0min
[CV] END channels_correlation_filter__corr_threshold=0.25, channels_pca__n_components=5, input_selection__channel_selection__alpha=0.01, input_selection__feature_selection__threshold=0.01; total time= 1.0min
[CV] END channels_correlation_filter__corr_threshold=0.25, channels_pca__n_components=5, input_selection__channel_selection__alpha=0.01, input_selection__feature_selection__threshold=0.01; total time= 1.0min
[CV] END channels_correlation_filter__corr_threshold=0.25, channels_pca__n_components=5, input_selection__channel_selection__alpha=0.01, input_selection__feature_selection__threshold=0.02; total time=  59.0s
[CV] END channels_correlation_filter__corr_threshold=0.25, channels_pca__n_components=5, input_selection__channel_selection__alpha=0.01, input_selection__feature_selection__threshold=0.02; total time=  59.9s
[CV] END channels_correlation_filter__corr_threshold=0.25, channels_pca__n_components=5, input_selection__channel_selection__alpha=0.01, input_selection__feature_selection__threshold=0.02; total time=  59.5s
[CV] END channels_correlation_filter__corr_threshold=0.25, channels_pca__n_components=5, input_selection__channel_selection__alpha=0.01, input_selection__feature_selection__threshold=0.02; total time=  59.7s
[CV] END channels_correlation_filter__corr_threshold=0.25, channels_pca__n_components=5, input_selection__channel_selection__alpha=0.01, input_selection__feature_selection__threshold=0.02; total time= 1.0min
[CV] END channels_correlation_filter__corr_threshold=0.25, channels_pca__n_components=5, input_selection__channel_selection__alpha=0.01, input_selection__feature_selection__threshold=0.02; total time= 1.0min
[CV] END channels_correlation_filter__corr_threshold=0.25, channels_pca__n_components=5, input_selection__channel_selection__alpha=0.01, input_selection__feature_selection__threshold=0.02; total time= 1.0min
[CV] END channels_correlation_filter__corr_threshold=0.25, channels_pca__n_components=5, input_selection__channel_selection__alpha=0.01, input_selection__feature_selection__threshold=0.02; total time= 1.0min
[CV] END channels_correlation_filter__corr_threshold=0.25, channels_pca__n_components=5, input_selection__channel_selection__alpha=0.01, input_selection__feature_selection__threshold=0.02; total time= 1.0min
[CV] END channels_correlation_filter__corr_threshold=0.25, channels_pca__n_components=5, input_selection__channel_selection__alpha=0.01, input_selection__feature_selection__threshold=0.02; total time=  59.8s
[CV] END channels_correlation_filter__corr_threshold=0.25, channels_pca__n_components=5, input_selection__channel_selection__alpha=0.01, input_selection__feature_selection__threshold=0.03; total time=  59.0s
[CV] END channels_correlation_filter__corr_threshold=0.25, channels_pca__n_components=5, input_selection__channel_selection__alpha=0.01, input_selection__feature_selection__threshold=0.03; total time=  60.0s
[CV] END channels_correlation_filter__corr_threshold=0.25, channels_pca__n_components=5, input_selection__channel_selection__alpha=0.01, input_selection__feature_selection__threshold=0.03; total time=  59.8s
[CV] END channels_correlation_filter__corr_threshold=0.25, channels_pca__n_components=5, input_selection__channel_selection__alpha=0.01, input_selection__feature_selection__threshold=0.03; total time=  59.4s
[CV] END channels_correlation_filter__corr_threshold=0.25, channels_pca__n_components=5, input_selection__channel_selection__alpha=0.01, input_selection__feature_selection__threshold=0.03; total time= 1.0min
[CV] END channels_correlation_filter__corr_threshold=0.25, channels_pca__n_components=5, input_selection__channel_selection__alpha=0.01, input_selection__feature_selection__threshold=0.03; total time=  59.9s
[CV] END channels_correlation_filter__corr_threshold=0.25, channels_pca__n_components=5, input_selection__channel_selection__alpha=0.01, input_selection__feature_selection__threshold=0.03; total time= 1.0min
[CV] END channels_correlation_filter__corr_threshold=0.25, channels_pca__n_components=5, input_selection__channel_selection__alpha=0.01, input_selection__feature_selection__threshold=0.03; total time= 1.0min
[CV] END channels_correlation_filter__corr_threshold=0.25, channels_pca__n_components=5, input_selection__channel_selection__alpha=0.01, input_selection__feature_selection__threshold=0.03; total time= 1.0min
[CV] END channels_correlation_filter__corr_threshold=0.25, channels_pca__n_components=5, input_selection__channel_selection__alpha=0.01, input_selection__feature_selection__threshold=0.03; total time=  59.7s
[CV] END channels_correlation_filter__corr_threshold=0.25, channels_pca__n_components=5, input_selection__channel_selection__alpha=0.01, input_selection__feature_selection__threshold=0.05; total time=  58.3s
[CV] END channels_correlation_filter__corr_threshold=0.25, channels_pca__n_components=5, input_selection__channel_selection__alpha=0.01, input_selection__feature_selection__threshold=0.05; total time=  59.3s
[CV] END channels_correlation_filter__corr_threshold=0.25, channels_pca__n_components=5, input_selection__channel_selection__alpha=0.01, input_selection__feature_selection__threshold=0.05; total time=  59.2s
[CV] END channels_correlation_filter__corr_threshold=0.25, channels_pca__n_components=5, input_selection__channel_selection__alpha=0.01, input_selection__feature_selection__threshold=0.05; total time=  58.8s
[CV] END channels_correlation_filter__corr_threshold=0.25, channels_pca__n_components=5, input_selection__channel_selection__alpha=0.01, input_selection__feature_selection__threshold=0.05; total time=  59.6s
[CV] END channels_correlation_filter__corr_threshold=0.25, channels_pca__n_components=5, input_selection__channel_selection__alpha=0.01, input_selection__feature_selection__threshold=0.05; total time=  59.9s
[CV] END channels_correlation_filter__corr_threshold=0.25, channels_pca__n_components=5, input_selection__channel_selection__alpha=0.01, input_selection__feature_selection__threshold=0.05; total time=  59.5s
[CV] END channels_correlation_filter__corr_threshold=0.25, channels_pca__n_components=5, input_selection__channel_selection__alpha=0.01, input_selection__feature_selection__threshold=0.05; total time=  59.6s
[CV] END channels_correlation_filter__corr_threshold=0.25, channels_pca__n_components=5, input_selection__channel_selection__alpha=0.01, input_selection__feature_selection__threshold=0.05; total time=  59.1s
[CV] END channels_correlation_filter__corr_threshold=0.25, channels_pca__n_components=5, input_selection__channel_selection__alpha=0.01, input_selection__feature_selection__threshold=0.05; total time=  59.6s
[CV] END channels_correlation_filter__corr_threshold=0.25, channels_pca__n_components=5, input_selection__channel_selection__alpha=0.05, input_selection__feature_selection__threshold=0.01; total time= 1.0min
[CV] END channels_correlation_filter__corr_threshold=0.25, channels_pca__n_components=5, input_selection__channel_selection__alpha=0.05, input_selection__feature_selection__threshold=0.01; total time= 1.0min
[CV] END channels_correlation_filter__corr_threshold=0.25, channels_pca__n_components=5, input_selection__channel_selection__alpha=0.05, input_selection__feature_selection__threshold=0.01; total time= 1.0min
[CV] END channels_correlation_filter__corr_threshold=0.25, channels_pca__n_components=5, input_selection__channel_selection__alpha=0.05, input_selection__feature_selection__threshold=0.01; total time= 1.0min
[CV] END channels_correlation_filter__corr_threshold=0.25, channels_pca__n_components=5, input_selection__channel_selection__alpha=0.05, input_selection__feature_selection__threshold=0.01; total time= 1.0min
[CV] END channels_correlation_filter__corr_threshold=0.25, channels_pca__n_components=5, input_selection__channel_selection__alpha=0.05, input_selection__feature_selection__threshold=0.01; total time= 1.0min
[CV] END channels_correlation_filter__corr_threshold=0.25, channels_pca__n_components=5, input_selection__channel_selection__alpha=0.05, input_selection__feature_selection__threshold=0.01; total time= 1.0min
[CV] END channels_correlation_filter__corr_threshold=0.25, channels_pca__n_components=5, input_selection__channel_selection__alpha=0.05, input_selection__feature_selection__threshold=0.01; total time= 1.0min
[CV] END channels_correlation_filter__corr_threshold=0.25, channels_pca__n_components=5, input_selection__channel_selection__alpha=0.05, input_selection__feature_selection__threshold=0.01; total time= 1.0min
[CV] END channels_correlation_filter__corr_threshold=0.25, channels_pca__n_components=5, input_selection__channel_selection__alpha=0.05, input_selection__feature_selection__threshold=0.01; total time= 1.0min
[CV] END channels_correlation_filter__corr_threshold=0.25, channels_pca__n_components=5, input_selection__channel_selection__alpha=0.05, input_selection__feature_selection__threshold=0.02; total time=  59.6s
[CV] END channels_correlation_filter__corr_threshold=0.25, channels_pca__n_components=5, input_selection__channel_selection__alpha=0.05, input_selection__feature_selection__threshold=0.02; total time= 1.0min
[CV] END channels_correlation_filter__corr_threshold=0.25, channels_pca__n_components=5, input_selection__channel_selection__alpha=0.05, input_selection__feature_selection__threshold=0.02; total time= 1.0min
[CV] END channels_correlation_filter__corr_threshold=0.25, channels_pca__n_components=5, input_selection__channel_selection__alpha=0.05, input_selection__feature_selection__threshold=0.02; total time= 1.0min
[CV] END channels_correlation_filter__corr_threshold=0.25, channels_pca__n_components=5, input_selection__channel_selection__alpha=0.05, input_selection__feature_selection__threshold=0.02; total time= 1.0min
[CV] END channels_correlation_filter__corr_threshold=0.25, channels_pca__n_components=5, input_selection__channel_selection__alpha=0.05, input_selection__feature_selection__threshold=0.02; total time= 1.0min
[CV] END channels_correlation_filter__corr_threshold=0.25, channels_pca__n_components=5, input_selection__channel_selection__alpha=0.05, input_selection__feature_selection__threshold=0.02; total time= 1.0min
[CV] END channels_correlation_filter__corr_threshold=0.25, channels_pca__n_components=5, input_selection__channel_selection__alpha=0.05, input_selection__feature_selection__threshold=0.02; total time= 1.0min
[CV] END channels_correlation_filter__corr_threshold=0.25, channels_pca__n_components=5, input_selection__channel_selection__alpha=0.05, input_selection__feature_selection__threshold=0.02; total time= 1.0min
[CV] END channels_correlation_filter__corr_threshold=0.25, channels_pca__n_components=5, input_selection__channel_selection__alpha=0.05, input_selection__feature_selection__threshold=0.02; total time= 1.0min
[CV] END channels_correlation_filter__corr_threshold=0.25, channels_pca__n_components=5, input_selection__channel_selection__alpha=0.05, input_selection__feature_selection__threshold=0.03; total time=  59.5s
[CV] END channels_correlation_filter__corr_threshold=0.25, channels_pca__n_components=5, input_selection__channel_selection__alpha=0.05, input_selection__feature_selection__threshold=0.03; total time= 1.0min
[CV] END channels_correlation_filter__corr_threshold=0.25, channels_pca__n_components=5, input_selection__channel_selection__alpha=0.05, input_selection__feature_selection__threshold=0.03; total time= 1.0min
[CV] END channels_correlation_filter__corr_threshold=0.25, channels_pca__n_components=5, input_selection__channel_selection__alpha=0.05, input_selection__feature_selection__threshold=0.03; total time= 1.0min
[CV] END channels_correlation_filter__corr_threshold=0.25, channels_pca__n_components=5, input_selection__channel_selection__alpha=0.05, input_selection__feature_selection__threshold=0.03; total time= 1.0min
[CV] END channels_correlation_filter__corr_threshold=0.25, channels_pca__n_components=5, input_selection__channel_selection__alpha=0.05, input_selection__feature_selection__threshold=0.03; total time= 1.0min
[CV] END channels_correlation_filter__corr_threshold=0.25, channels_pca__n_components=5, input_selection__channel_selection__alpha=0.05, input_selection__feature_selection__threshold=0.03; total time= 1.0min
[CV] END channels_correlation_filter__corr_threshold=0.25, channels_pca__n_components=5, input_selection__channel_selection__alpha=0.05, input_selection__feature_selection__threshold=0.03; total time= 1.0min
[CV] END channels_correlation_filter__corr_threshold=0.25, channels_pca__n_components=5, input_selection__channel_selection__alpha=0.05, input_selection__feature_selection__threshold=0.03; total time= 1.0min
[CV] END channels_correlation_filter__corr_threshold=0.25, channels_pca__n_components=5, input_selection__channel_selection__alpha=0.05, input_selection__feature_selection__threshold=0.03; total time= 1.0min
[CV] END channels_correlation_filter__corr_threshold=0.25, channels_pca__n_components=5, input_selection__channel_selection__alpha=0.05, input_selection__feature_selection__threshold=0.05; total time=  58.6s
[CV] END channels_correlation_filter__corr_threshold=0.25, channels_pca__n_components=5, input_selection__channel_selection__alpha=0.05, input_selection__feature_selection__threshold=0.05; total time= 1.0min
[CV] END channels_correlation_filter__corr_threshold=0.25, channels_pca__n_components=5, input_selection__channel_selection__alpha=0.05, input_selection__feature_selection__threshold=0.05; total time=  59.9s
[CV] END channels_correlation_filter__corr_threshold=0.25, channels_pca__n_components=5, input_selection__channel_selection__alpha=0.05, input_selection__feature_selection__threshold=0.05; total time=  59.8s
[CV] END channels_correlation_filter__corr_threshold=0.25, channels_pca__n_components=5, input_selection__channel_selection__alpha=0.05, input_selection__feature_selection__threshold=0.05; total time=  59.7s
[CV] END channels_correlation_filter__corr_threshold=0.25, channels_pca__n_components=5, input_selection__channel_selection__alpha=0.05, input_selection__feature_selection__threshold=0.05; total time= 1.0min
[CV] END channels_correlation_filter__corr_threshold=0.25, channels_pca__n_components=5, input_selection__channel_selection__alpha=0.05, input_selection__feature_selection__threshold=0.05; total time= 1.0min
[CV] END channels_correlation_filter__corr_threshold=0.25, channels_pca__n_components=5, input_selection__channel_selection__alpha=0.05, input_selection__feature_selection__threshold=0.05; total time= 1.0min
[CV] END channels_correlation_filter__corr_threshold=0.25, channels_pca__n_components=5, input_selection__channel_selection__alpha=0.05, input_selection__feature_selection__threshold=0.05; total time=  60.0s
[CV] END channels_correlation_filter__corr_threshold=0.25, channels_pca__n_components=5, input_selection__channel_selection__alpha=0.05, input_selection__feature_selection__threshold=0.05; total time= 1.0min
[CV] END channels_correlation_filter__corr_threshold=0.25, channels_pca__n_components=5, input_selection__channel_selection__alpha=0.1, input_selection__feature_selection__threshold=0.01; total time= 1.0min
[CV] END channels_correlation_filter__corr_threshold=0.25, channels_pca__n_components=5, input_selection__channel_selection__alpha=0.1, input_selection__feature_selection__threshold=0.01; total time= 1.0min
[CV] END channels_correlation_filter__corr_threshold=0.25, channels_pca__n_components=5, input_selection__channel_selection__alpha=0.1, input_selection__feature_selection__threshold=0.01; total time= 1.0min
[CV] END channels_correlation_filter__corr_threshold=0.25, channels_pca__n_components=5, input_selection__channel_selection__alpha=0.1, input_selection__feature_selection__threshold=0.01; total time= 1.0min
[CV] END channels_correlation_filter__corr_threshold=0.25, channels_pca__n_components=5, input_selection__channel_selection__alpha=0.1, input_selection__feature_selection__threshold=0.01; total time= 1.0min
[CV] END channels_correlation_filter__corr_threshold=0.25, channels_pca__n_components=5, input_selection__channel_selection__alpha=0.1, input_selection__feature_selection__threshold=0.01; total time= 1.0min
[CV] END channels_correlation_filter__corr_threshold=0.25, channels_pca__n_components=5, input_selection__channel_selection__alpha=0.1, input_selection__feature_selection__threshold=0.01; total time= 1.0min
[CV] END channels_correlation_filter__corr_threshold=0.25, channels_pca__n_components=5, input_selection__channel_selection__alpha=0.1, input_selection__feature_selection__threshold=0.01; total time= 1.1min
[CV] END channels_correlation_filter__corr_threshold=0.25, channels_pca__n_components=5, input_selection__channel_selection__alpha=0.1, input_selection__feature_selection__threshold=0.01; total time= 1.0min
[CV] END channels_correlation_filter__corr_threshold=0.25, channels_pca__n_components=5, input_selection__channel_selection__alpha=0.1, input_selection__feature_selection__threshold=0.01; total time= 1.0min
[CV] END channels_correlation_filter__corr_threshold=0.25, channels_pca__n_components=5, input_selection__channel_selection__alpha=0.1, input_selection__feature_selection__threshold=0.02; total time= 1.0min
[CV] END channels_correlation_filter__corr_threshold=0.25, channels_pca__n_components=5, input_selection__channel_selection__alpha=0.1, input_selection__feature_selection__threshold=0.02; total time= 1.0min
[CV] END channels_correlation_filter__corr_threshold=0.25, channels_pca__n_components=5, input_selection__channel_selection__alpha=0.1, input_selection__feature_selection__threshold=0.02; total time= 1.0min
[CV] END channels_correlation_filter__corr_threshold=0.25, channels_pca__n_components=5, input_selection__channel_selection__alpha=0.1, input_selection__feature_selection__threshold=0.02; total time= 1.0min
[CV] END channels_correlation_filter__corr_threshold=0.25, channels_pca__n_components=5, input_selection__channel_selection__alpha=0.1, input_selection__feature_selection__threshold=0.02; total time= 1.0min
[CV] END channels_correlation_filter__corr_threshold=0.25, channels_pca__n_components=5, input_selection__channel_selection__alpha=0.1, input_selection__feature_selection__threshold=0.02; total time= 1.0min
[CV] END channels_correlation_filter__corr_threshold=0.25, channels_pca__n_components=5, input_selection__channel_selection__alpha=0.1, input_selection__feature_selection__threshold=0.02; total time= 1.0min
[CV] END channels_correlation_filter__corr_threshold=0.25, channels_pca__n_components=5, input_selection__channel_selection__alpha=0.1, input_selection__feature_selection__threshold=0.02; total time= 1.0min
[CV] END channels_correlation_filter__corr_threshold=0.25, channels_pca__n_components=5, input_selection__channel_selection__alpha=0.1, input_selection__feature_selection__threshold=0.02; total time= 1.0min
[CV] END channels_correlation_filter__corr_threshold=0.25, channels_pca__n_components=5, input_selection__channel_selection__alpha=0.1, input_selection__feature_selection__threshold=0.02; total time= 1.0min
[CV] END channels_correlation_filter__corr_threshold=0.25, channels_pca__n_components=5, input_selection__channel_selection__alpha=0.1, input_selection__feature_selection__threshold=0.03; total time= 1.0min
[CV] END channels_correlation_filter__corr_threshold=0.25, channels_pca__n_components=5, input_selection__channel_selection__alpha=0.1, input_selection__feature_selection__threshold=0.03; total time= 1.0min
[CV] END channels_correlation_filter__corr_threshold=0.25, channels_pca__n_components=5, input_selection__channel_selection__alpha=0.1, input_selection__feature_selection__threshold=0.03; total time= 1.0min
[CV] END channels_correlation_filter__corr_threshold=0.25, channels_pca__n_components=5, input_selection__channel_selection__alpha=0.1, input_selection__feature_selection__threshold=0.03; total time= 1.0min
[CV] END channels_correlation_filter__corr_threshold=0.25, channels_pca__n_components=5, input_selection__channel_selection__alpha=0.1, input_selection__feature_selection__threshold=0.03; total time= 1.0min
[CV] END channels_correlation_filter__corr_threshold=0.25, channels_pca__n_components=5, input_selection__channel_selection__alpha=0.1, input_selection__feature_selection__threshold=0.03; total time= 1.0min
[CV] END channels_correlation_filter__corr_threshold=0.25, channels_pca__n_components=5, input_selection__channel_selection__alpha=0.1, input_selection__feature_selection__threshold=0.03; total time= 1.0min
[CV] END channels_correlation_filter__corr_threshold=0.25, channels_pca__n_components=5, input_selection__channel_selection__alpha=0.1, input_selection__feature_selection__threshold=0.03; total time= 1.0min
[CV] END channels_correlation_filter__corr_threshold=0.25, channels_pca__n_components=5, input_selection__channel_selection__alpha=0.1, input_selection__feature_selection__threshold=0.03; total time= 1.0min
[CV] END channels_correlation_filter__corr_threshold=0.25, channels_pca__n_components=5, input_selection__channel_selection__alpha=0.1, input_selection__feature_selection__threshold=0.03; total time= 1.0min
[CV] END channels_correlation_filter__corr_threshold=0.25, channels_pca__n_components=5, input_selection__channel_selection__alpha=0.1, input_selection__feature_selection__threshold=0.05; total time=  59.3s
[CV] END channels_correlation_filter__corr_threshold=0.25, channels_pca__n_components=5, input_selection__channel_selection__alpha=0.1, input_selection__feature_selection__threshold=0.05; total time= 1.0min
[CV] END channels_correlation_filter__corr_threshold=0.25, channels_pca__n_components=5, input_selection__channel_selection__alpha=0.1, input_selection__feature_selection__threshold=0.05; total time= 1.0min
[CV] END channels_correlation_filter__corr_threshold=0.25, channels_pca__n_components=5, input_selection__channel_selection__alpha=0.1, input_selection__feature_selection__threshold=0.05; total time= 1.0min
[CV] END channels_correlation_filter__corr_threshold=0.25, channels_pca__n_components=5, input_selection__channel_selection__alpha=0.1, input_selection__feature_selection__threshold=0.05; total time= 1.0min
[CV] END channels_correlation_filter__corr_threshold=0.25, channels_pca__n_components=5, input_selection__channel_selection__alpha=0.1, input_selection__feature_selection__threshold=0.05; total time= 1.0min
[CV] END channels_correlation_filter__corr_threshold=0.25, channels_pca__n_components=5, input_selection__channel_selection__alpha=0.1, input_selection__feature_selection__threshold=0.05; total time= 1.0min
[CV] END channels_correlation_filter__corr_threshold=0.25, channels_pca__n_components=5, input_selection__channel_selection__alpha=0.1, input_selection__feature_selection__threshold=0.05; total time= 1.0min
[CV] END channels_correlation_filter__corr_threshold=0.25, channels_pca__n_components=5, input_selection__channel_selection__alpha=0.1, input_selection__feature_selection__threshold=0.05; total time= 1.0min
[CV] END channels_correlation_filter__corr_threshold=0.25, channels_pca__n_components=5, input_selection__channel_selection__alpha=0.1, input_selection__feature_selection__threshold=0.05; total time= 1.0min
[CV] END channels_correlation_filter__corr_threshold=0.3, channels_pca__n_components=1, input_selection__channel_selection__alpha=0.01, input_selection__feature_selection__threshold=0.01; total time=  58.3s
[CV] END channels_correlation_filter__corr_threshold=0.3, channels_pca__n_components=1, input_selection__channel_selection__alpha=0.01, input_selection__feature_selection__threshold=0.01; total time=  58.9s
[CV] END channels_correlation_filter__corr_threshold=0.3, channels_pca__n_components=1, input_selection__channel_selection__alpha=0.01, input_selection__feature_selection__threshold=0.01; total time=  59.0s
[CV] END channels_correlation_filter__corr_threshold=0.3, channels_pca__n_components=1, input_selection__channel_selection__alpha=0.01, input_selection__feature_selection__threshold=0.01; total time=  59.3s
[CV] END channels_correlation_filter__corr_threshold=0.3, channels_pca__n_components=1, input_selection__channel_selection__alpha=0.01, input_selection__feature_selection__threshold=0.01; total time=  59.0s
[CV] END channels_correlation_filter__corr_threshold=0.3, channels_pca__n_components=1, input_selection__channel_selection__alpha=0.01, input_selection__feature_selection__threshold=0.01; total time=  59.7s
[CV] END channels_correlation_filter__corr_threshold=0.3, channels_pca__n_components=1, input_selection__channel_selection__alpha=0.01, input_selection__feature_selection__threshold=0.01; total time=  59.3s
[CV] END channels_correlation_filter__corr_threshold=0.3, channels_pca__n_components=1, input_selection__channel_selection__alpha=0.01, input_selection__feature_selection__threshold=0.01; total time= 1.0min
[CV] END channels_correlation_filter__corr_threshold=0.3, channels_pca__n_components=1, input_selection__channel_selection__alpha=0.01, input_selection__feature_selection__threshold=0.01; total time=  58.9s
[CV] END channels_correlation_filter__corr_threshold=0.3, channels_pca__n_components=1, input_selection__channel_selection__alpha=0.01, input_selection__feature_selection__threshold=0.01; total time=  59.5s
[CV] END channels_correlation_filter__corr_threshold=0.3, channels_pca__n_components=1, input_selection__channel_selection__alpha=0.01, input_selection__feature_selection__threshold=0.02; total time=  57.3s
[CV] END channels_correlation_filter__corr_threshold=0.3, channels_pca__n_components=1, input_selection__channel_selection__alpha=0.01, input_selection__feature_selection__threshold=0.02; total time=  59.0s
[CV] END channels_correlation_filter__corr_threshold=0.3, channels_pca__n_components=1, input_selection__channel_selection__alpha=0.01, input_selection__feature_selection__threshold=0.02; total time=  58.1s
[CV] END channels_correlation_filter__corr_threshold=0.3, channels_pca__n_components=1, input_selection__channel_selection__alpha=0.01, input_selection__feature_selection__threshold=0.02; total time=  58.2s
[CV] END channels_correlation_filter__corr_threshold=0.3, channels_pca__n_components=1, input_selection__channel_selection__alpha=0.01, input_selection__feature_selection__threshold=0.02; total time=  59.0s
[CV] END channels_correlation_filter__corr_threshold=0.3, channels_pca__n_components=1, input_selection__channel_selection__alpha=0.01, input_selection__feature_selection__threshold=0.02; total time=  59.1s
[CV] END channels_correlation_filter__corr_threshold=0.3, channels_pca__n_components=1, input_selection__channel_selection__alpha=0.01, input_selection__feature_selection__threshold=0.02; total time=  59.0s
[CV] END channels_correlation_filter__corr_threshold=0.3, channels_pca__n_components=1, input_selection__channel_selection__alpha=0.01, input_selection__feature_selection__threshold=0.02; total time=  59.9s
[CV] END channels_correlation_filter__corr_threshold=0.3, channels_pca__n_components=1, input_selection__channel_selection__alpha=0.01, input_selection__feature_selection__threshold=0.02; total time=  58.6s
[CV] END channels_correlation_filter__corr_threshold=0.3, channels_pca__n_components=1, input_selection__channel_selection__alpha=0.01, input_selection__feature_selection__threshold=0.02; total time=  59.0s
[CV] END channels_correlation_filter__corr_threshold=0.3, channels_pca__n_components=1, input_selection__channel_selection__alpha=0.01, input_selection__feature_selection__threshold=0.03; total time=  57.4s
[CV] END channels_correlation_filter__corr_threshold=0.3, channels_pca__n_components=1, input_selection__channel_selection__alpha=0.01, input_selection__feature_selection__threshold=0.03; total time=  59.0s
[CV] END channels_correlation_filter__corr_threshold=0.3, channels_pca__n_components=1, input_selection__channel_selection__alpha=0.01, input_selection__feature_selection__threshold=0.03; total time=  58.6s
[CV] END channels_correlation_filter__corr_threshold=0.3, channels_pca__n_components=1, input_selection__channel_selection__alpha=0.01, input_selection__feature_selection__threshold=0.03; total time=  58.2s
[CV] END channels_correlation_filter__corr_threshold=0.3, channels_pca__n_components=1, input_selection__channel_selection__alpha=0.01, input_selection__feature_selection__threshold=0.03; total time=  58.5s
[CV] END channels_correlation_filter__corr_threshold=0.3, channels_pca__n_components=1, input_selection__channel_selection__alpha=0.01, input_selection__feature_selection__threshold=0.03; total time=  59.0s
[CV] END channels_correlation_filter__corr_threshold=0.3, channels_pca__n_components=1, input_selection__channel_selection__alpha=0.01, input_selection__feature_selection__threshold=0.03; total time=  59.3s
[CV] END channels_correlation_filter__corr_threshold=0.3, channels_pca__n_components=1, input_selection__channel_selection__alpha=0.01, input_selection__feature_selection__threshold=0.03; total time=  59.6s
[CV] END channels_correlation_filter__corr_threshold=0.3, channels_pca__n_components=1, input_selection__channel_selection__alpha=0.01, input_selection__feature_selection__threshold=0.03; total time=  58.8s
[CV] END channels_correlation_filter__corr_threshold=0.3, channels_pca__n_components=1, input_selection__channel_selection__alpha=0.01, input_selection__feature_selection__threshold=0.03; total time=  58.8s
[CV] END channels_correlation_filter__corr_threshold=0.3, channels_pca__n_components=1, input_selection__channel_selection__alpha=0.01, input_selection__feature_selection__threshold=0.05; total time=  55.9s
[CV] END channels_correlation_filter__corr_threshold=0.3, channels_pca__n_components=1, input_selection__channel_selection__alpha=0.01, input_selection__feature_selection__threshold=0.05; total time=  58.2s
[CV] END channels_correlation_filter__corr_threshold=0.3, channels_pca__n_components=1, input_selection__channel_selection__alpha=0.01, input_selection__feature_selection__threshold=0.05; total time=  57.6s
[CV] END channels_correlation_filter__corr_threshold=0.3, channels_pca__n_components=1, input_selection__channel_selection__alpha=0.01, input_selection__feature_selection__threshold=0.05; total time=  58.2s
[CV] END channels_correlation_filter__corr_threshold=0.3, channels_pca__n_components=1, input_selection__channel_selection__alpha=0.01, input_selection__feature_selection__threshold=0.05; total time=  57.5s
[CV] END channels_correlation_filter__corr_threshold=0.3, channels_pca__n_components=1, input_selection__channel_selection__alpha=0.01, input_selection__feature_selection__threshold=0.05; total time=  57.7s
[CV] END channels_correlation_filter__corr_threshold=0.3, channels_pca__n_components=1, input_selection__channel_selection__alpha=0.01, input_selection__feature_selection__threshold=0.05; total time=  58.8s
[CV] END channels_correlation_filter__corr_threshold=0.3, channels_pca__n_components=1, input_selection__channel_selection__alpha=0.01, input_selection__feature_selection__threshold=0.05; total time=  58.9s
[CV] END channels_correlation_filter__corr_threshold=0.3, channels_pca__n_components=1, input_selection__channel_selection__alpha=0.01, input_selection__feature_selection__threshold=0.05; total time=  58.0s
[CV] END channels_correlation_filter__corr_threshold=0.3, channels_pca__n_components=1, input_selection__channel_selection__alpha=0.01, input_selection__feature_selection__threshold=0.05; total time=  58.5s
[CV] END channels_correlation_filter__corr_threshold=0.3, channels_pca__n_components=1, input_selection__channel_selection__alpha=0.05, input_selection__feature_selection__threshold=0.01; total time=  59.5s
[CV] END channels_correlation_filter__corr_threshold=0.3, channels_pca__n_components=1, input_selection__channel_selection__alpha=0.05, input_selection__feature_selection__threshold=0.01; total time=  59.7s
[CV] END channels_correlation_filter__corr_threshold=0.3, channels_pca__n_components=1, input_selection__channel_selection__alpha=0.05, input_selection__feature_selection__threshold=0.01; total time= 1.0min
[CV] END channels_correlation_filter__corr_threshold=0.3, channels_pca__n_components=1, input_selection__channel_selection__alpha=0.05, input_selection__feature_selection__threshold=0.01; total time= 1.0min
[CV] END channels_correlation_filter__corr_threshold=0.3, channels_pca__n_components=1, input_selection__channel_selection__alpha=0.05, input_selection__feature_selection__threshold=0.01; total time= 1.0min
[CV] END channels_correlation_filter__corr_threshold=0.3, channels_pca__n_components=1, input_selection__channel_selection__alpha=0.05, input_selection__feature_selection__threshold=0.01; total time= 1.0min
[CV] END channels_correlation_filter__corr_threshold=0.3, channels_pca__n_components=1, input_selection__channel_selection__alpha=0.05, input_selection__feature_selection__threshold=0.01; total time= 1.0min
[CV] END channels_correlation_filter__corr_threshold=0.3, channels_pca__n_components=1, input_selection__channel_selection__alpha=0.05, input_selection__feature_selection__threshold=0.01; total time= 1.0min
[CV] END channels_correlation_filter__corr_threshold=0.3, channels_pca__n_components=1, input_selection__channel_selection__alpha=0.05, input_selection__feature_selection__threshold=0.01; total time= 1.0min
[CV] END channels_correlation_filter__corr_threshold=0.3, channels_pca__n_components=1, input_selection__channel_selection__alpha=0.05, input_selection__feature_selection__threshold=0.01; total time= 1.0min
[CV] END channels_correlation_filter__corr_threshold=0.3, channels_pca__n_components=1, input_selection__channel_selection__alpha=0.05, input_selection__feature_selection__threshold=0.02; total time=  58.3s
[CV] END channels_correlation_filter__corr_threshold=0.3, channels_pca__n_components=1, input_selection__channel_selection__alpha=0.05, input_selection__feature_selection__threshold=0.02; total time=  60.0s
[CV] END channels_correlation_filter__corr_threshold=0.3, channels_pca__n_components=1, input_selection__channel_selection__alpha=0.05, input_selection__feature_selection__threshold=0.02; total time=  59.4s
[CV] END channels_correlation_filter__corr_threshold=0.3, channels_pca__n_components=1, input_selection__channel_selection__alpha=0.05, input_selection__feature_selection__threshold=0.02; total time=  59.4s
[CV] END channels_correlation_filter__corr_threshold=0.3, channels_pca__n_components=1, input_selection__channel_selection__alpha=0.05, input_selection__feature_selection__threshold=0.02; total time=  60.0s
[CV] END channels_correlation_filter__corr_threshold=0.3, channels_pca__n_components=1, input_selection__channel_selection__alpha=0.05, input_selection__feature_selection__threshold=0.02; total time= 1.0min
[CV] END channels_correlation_filter__corr_threshold=0.3, channels_pca__n_components=1, input_selection__channel_selection__alpha=0.05, input_selection__feature_selection__threshold=0.02; total time=  59.9s
[CV] END channels_correlation_filter__corr_threshold=0.3, channels_pca__n_components=1, input_selection__channel_selection__alpha=0.05, input_selection__feature_selection__threshold=0.02; total time= 1.0min
[CV] END channels_correlation_filter__corr_threshold=0.3, channels_pca__n_components=1, input_selection__channel_selection__alpha=0.05, input_selection__feature_selection__threshold=0.02; total time= 1.0min
[CV] END channels_correlation_filter__corr_threshold=0.3, channels_pca__n_components=1, input_selection__channel_selection__alpha=0.05, input_selection__feature_selection__threshold=0.02; total time=  59.7s
[CV] END channels_correlation_filter__corr_threshold=0.3, channels_pca__n_components=1, input_selection__channel_selection__alpha=0.05, input_selection__feature_selection__threshold=0.03; total time=  58.7s
[CV] END channels_correlation_filter__corr_threshold=0.3, channels_pca__n_components=1, input_selection__channel_selection__alpha=0.05, input_selection__feature_selection__threshold=0.03; total time=  59.9s
[CV] END channels_correlation_filter__corr_threshold=0.3, channels_pca__n_components=1, input_selection__channel_selection__alpha=0.05, input_selection__feature_selection__threshold=0.03; total time=  60.0s
[CV] END channels_correlation_filter__corr_threshold=0.3, channels_pca__n_components=1, input_selection__channel_selection__alpha=0.05, input_selection__feature_selection__threshold=0.03; total time=  59.3s
[CV] END channels_correlation_filter__corr_threshold=0.3, channels_pca__n_components=1, input_selection__channel_selection__alpha=0.05, input_selection__feature_selection__threshold=0.03; total time= 1.0min
[CV] END channels_correlation_filter__corr_threshold=0.3, channels_pca__n_components=1, input_selection__channel_selection__alpha=0.05, input_selection__feature_selection__threshold=0.03; total time=  59.8s
[CV] END channels_correlation_filter__corr_threshold=0.3, channels_pca__n_components=1, input_selection__channel_selection__alpha=0.05, input_selection__feature_selection__threshold=0.03; total time= 1.0min
[CV] END channels_correlation_filter__corr_threshold=0.3, channels_pca__n_components=1, input_selection__channel_selection__alpha=0.05, input_selection__feature_selection__threshold=0.03; total time= 1.0min
[CV] END channels_correlation_filter__corr_threshold=0.3, channels_pca__n_components=1, input_selection__channel_selection__alpha=0.05, input_selection__feature_selection__threshold=0.03; total time= 1.0min
[CV] END channels_correlation_filter__corr_threshold=0.3, channels_pca__n_components=1, input_selection__channel_selection__alpha=0.05, input_selection__feature_selection__threshold=0.03; total time=  59.3s
[CV] END channels_correlation_filter__corr_threshold=0.3, channels_pca__n_components=1, input_selection__channel_selection__alpha=0.05, input_selection__feature_selection__threshold=0.05; total time=  56.6s
[CV] END channels_correlation_filter__corr_threshold=0.3, channels_pca__n_components=1, input_selection__channel_selection__alpha=0.05, input_selection__feature_selection__threshold=0.05; total time=  59.1s
[CV] END channels_correlation_filter__corr_threshold=0.3, channels_pca__n_components=1, input_selection__channel_selection__alpha=0.05, input_selection__feature_selection__threshold=0.05; total time=  58.4s
[CV] END channels_correlation_filter__corr_threshold=0.3, channels_pca__n_components=1, input_selection__channel_selection__alpha=0.05, input_selection__feature_selection__threshold=0.05; total time=  59.0s
[CV] END channels_correlation_filter__corr_threshold=0.3, channels_pca__n_components=1, input_selection__channel_selection__alpha=0.05, input_selection__feature_selection__threshold=0.05; total time=  58.2s
[CV] END channels_correlation_filter__corr_threshold=0.3, channels_pca__n_components=1, input_selection__channel_selection__alpha=0.05, input_selection__feature_selection__threshold=0.05; total time=  58.4s
[CV] END channels_correlation_filter__corr_threshold=0.3, channels_pca__n_components=1, input_selection__channel_selection__alpha=0.05, input_selection__feature_selection__threshold=0.05; total time=  59.8s
[CV] END channels_correlation_filter__corr_threshold=0.3, channels_pca__n_components=1, input_selection__channel_selection__alpha=0.05, input_selection__feature_selection__threshold=0.05; total time=  59.5s
[CV] END channels_correlation_filter__corr_threshold=0.3, channels_pca__n_components=1, input_selection__channel_selection__alpha=0.05, input_selection__feature_selection__threshold=0.05; total time=  59.1s
[CV] END channels_correlation_filter__corr_threshold=0.3, channels_pca__n_components=1, input_selection__channel_selection__alpha=0.05, input_selection__feature_selection__threshold=0.05; total time=  59.8s
[CV] END channels_correlation_filter__corr_threshold=0.3, channels_pca__n_components=1, input_selection__channel_selection__alpha=0.1, input_selection__feature_selection__threshold=0.01; total time= 1.0min
[CV] END channels_correlation_filter__corr_threshold=0.3, channels_pca__n_components=1, input_selection__channel_selection__alpha=0.1, input_selection__feature_selection__threshold=0.01; total time= 1.0min
[CV] END channels_correlation_filter__corr_threshold=0.3, channels_pca__n_components=1, input_selection__channel_selection__alpha=0.1, input_selection__feature_selection__threshold=0.01; total time= 1.0min
[CV] END channels_correlation_filter__corr_threshold=0.3, channels_pca__n_components=1, input_selection__channel_selection__alpha=0.1, input_selection__feature_selection__threshold=0.01; total time= 1.0min
[CV] END channels_correlation_filter__corr_threshold=0.3, channels_pca__n_components=1, input_selection__channel_selection__alpha=0.1, input_selection__feature_selection__threshold=0.01; total time= 1.0min
[CV] END channels_correlation_filter__corr_threshold=0.3, channels_pca__n_components=1, input_selection__channel_selection__alpha=0.1, input_selection__feature_selection__threshold=0.01; total time= 1.0min
[CV] END channels_correlation_filter__corr_threshold=0.3, channels_pca__n_components=1, input_selection__channel_selection__alpha=0.1, input_selection__feature_selection__threshold=0.01; total time= 1.0min
[CV] END channels_correlation_filter__corr_threshold=0.3, channels_pca__n_components=1, input_selection__channel_selection__alpha=0.1, input_selection__feature_selection__threshold=0.01; total time= 1.0min
[CV] END channels_correlation_filter__corr_threshold=0.3, channels_pca__n_components=1, input_selection__channel_selection__alpha=0.1, input_selection__feature_selection__threshold=0.01; total time= 1.0min
[CV] END channels_correlation_filter__corr_threshold=0.3, channels_pca__n_components=1, input_selection__channel_selection__alpha=0.1, input_selection__feature_selection__threshold=0.01; total time= 1.0min
[CV] END channels_correlation_filter__corr_threshold=0.3, channels_pca__n_components=1, input_selection__channel_selection__alpha=0.1, input_selection__feature_selection__threshold=0.02; total time=  58.9s
[CV] END channels_correlation_filter__corr_threshold=0.3, channels_pca__n_components=1, input_selection__channel_selection__alpha=0.1, input_selection__feature_selection__threshold=0.02; total time= 1.0min
[CV] END channels_correlation_filter__corr_threshold=0.3, channels_pca__n_components=1, input_selection__channel_selection__alpha=0.1, input_selection__feature_selection__threshold=0.02; total time=  59.7s
[CV] END channels_correlation_filter__corr_threshold=0.3, channels_pca__n_components=1, input_selection__channel_selection__alpha=0.1, input_selection__feature_selection__threshold=0.02; total time=  59.9s
[CV] END channels_correlation_filter__corr_threshold=0.3, channels_pca__n_components=1, input_selection__channel_selection__alpha=0.1, input_selection__feature_selection__threshold=0.02; total time= 1.0min
[CV] END channels_correlation_filter__corr_threshold=0.3, channels_pca__n_components=1, input_selection__channel_selection__alpha=0.1, input_selection__feature_selection__threshold=0.02; total time= 1.0min
[CV] END channels_correlation_filter__corr_threshold=0.3, channels_pca__n_components=1, input_selection__channel_selection__alpha=0.1, input_selection__feature_selection__threshold=0.02; total time= 1.0min
[CV] END channels_correlation_filter__corr_threshold=0.3, channels_pca__n_components=1, input_selection__channel_selection__alpha=0.1, input_selection__feature_selection__threshold=0.02; total time= 1.0min
[CV] END channels_correlation_filter__corr_threshold=0.3, channels_pca__n_components=1, input_selection__channel_selection__alpha=0.1, input_selection__feature_selection__threshold=0.02; total time= 1.0min
[CV] END channels_correlation_filter__corr_threshold=0.3, channels_pca__n_components=1, input_selection__channel_selection__alpha=0.1, input_selection__feature_selection__threshold=0.02; total time= 1.0min
[CV] END channels_correlation_filter__corr_threshold=0.3, channels_pca__n_components=1, input_selection__channel_selection__alpha=0.1, input_selection__feature_selection__threshold=0.03; total time=  59.0s
[CV] END channels_correlation_filter__corr_threshold=0.3, channels_pca__n_components=1, input_selection__channel_selection__alpha=0.1, input_selection__feature_selection__threshold=0.03; total time= 1.0min
[CV] END channels_correlation_filter__corr_threshold=0.3, channels_pca__n_components=1, input_selection__channel_selection__alpha=0.1, input_selection__feature_selection__threshold=0.03; total time= 1.0min
[CV] END channels_correlation_filter__corr_threshold=0.3, channels_pca__n_components=1, input_selection__channel_selection__alpha=0.1, input_selection__feature_selection__threshold=0.03; total time=  59.5s
[CV] END channels_correlation_filter__corr_threshold=0.3, channels_pca__n_components=1, input_selection__channel_selection__alpha=0.1, input_selection__feature_selection__threshold=0.03; total time= 1.0min
[CV] END channels_correlation_filter__corr_threshold=0.3, channels_pca__n_components=1, input_selection__channel_selection__alpha=0.1, input_selection__feature_selection__threshold=0.03; total time= 1.0min
[CV] END channels_correlation_filter__corr_threshold=0.3, channels_pca__n_components=1, input_selection__channel_selection__alpha=0.1, input_selection__feature_selection__threshold=0.03; total time= 1.0min
[CV] END channels_correlation_filter__corr_threshold=0.3, channels_pca__n_components=1, input_selection__channel_selection__alpha=0.1, input_selection__feature_selection__threshold=0.03; total time= 1.0min
[CV] END channels_correlation_filter__corr_threshold=0.3, channels_pca__n_components=1, input_selection__channel_selection__alpha=0.1, input_selection__feature_selection__threshold=0.03; total time= 1.0min
[CV] END channels_correlation_filter__corr_threshold=0.3, channels_pca__n_components=1, input_selection__channel_selection__alpha=0.1, input_selection__feature_selection__threshold=0.03; total time=  59.9s
[CV] END channels_correlation_filter__corr_threshold=0.3, channels_pca__n_components=1, input_selection__channel_selection__alpha=0.1, input_selection__feature_selection__threshold=0.05; total time=  57.0s
[CV] END channels_correlation_filter__corr_threshold=0.3, channels_pca__n_components=1, input_selection__channel_selection__alpha=0.1, input_selection__feature_selection__threshold=0.05; total time=  59.3s
[CV] END channels_correlation_filter__corr_threshold=0.3, channels_pca__n_components=1, input_selection__channel_selection__alpha=0.1, input_selection__feature_selection__threshold=0.05; total time=  58.8s
[CV] END channels_correlation_filter__corr_threshold=0.3, channels_pca__n_components=1, input_selection__channel_selection__alpha=0.1, input_selection__feature_selection__threshold=0.05; total time=  59.3s
[CV] END channels_correlation_filter__corr_threshold=0.3, channels_pca__n_components=1, input_selection__channel_selection__alpha=0.1, input_selection__feature_selection__threshold=0.05; total time=  58.5s
[CV] END channels_correlation_filter__corr_threshold=0.3, channels_pca__n_components=1, input_selection__channel_selection__alpha=0.1, input_selection__feature_selection__threshold=0.05; total time=  58.5s
[CV] END channels_correlation_filter__corr_threshold=0.3, channels_pca__n_components=1, input_selection__channel_selection__alpha=0.1, input_selection__feature_selection__threshold=0.05; total time= 1.0min
[CV] END channels_correlation_filter__corr_threshold=0.3, channels_pca__n_components=1, input_selection__channel_selection__alpha=0.1, input_selection__feature_selection__threshold=0.05; total time= 1.0min
[CV] END channels_correlation_filter__corr_threshold=0.3, channels_pca__n_components=1, input_selection__channel_selection__alpha=0.1, input_selection__feature_selection__threshold=0.05; total time=  59.5s
[CV] END channels_correlation_filter__corr_threshold=0.3, channels_pca__n_components=1, input_selection__channel_selection__alpha=0.1, input_selection__feature_selection__threshold=0.05; total time=  59.9s
[CV] END channels_correlation_filter__corr_threshold=0.3, channels_pca__n_components=2, input_selection__channel_selection__alpha=0.01, input_selection__feature_selection__threshold=0.01; total time=  59.1s
[CV] END channels_correlation_filter__corr_threshold=0.3, channels_pca__n_components=2, input_selection__channel_selection__alpha=0.01, input_selection__feature_selection__threshold=0.01; total time=  59.4s
[CV] END channels_correlation_filter__corr_threshold=0.3, channels_pca__n_components=2, input_selection__channel_selection__alpha=0.01, input_selection__feature_selection__threshold=0.01; total time=  59.6s
[CV] END channels_correlation_filter__corr_threshold=0.3, channels_pca__n_components=2, input_selection__channel_selection__alpha=0.01, input_selection__feature_selection__threshold=0.01; total time= 1.0min
[CV] END channels_correlation_filter__corr_threshold=0.3, channels_pca__n_components=2, input_selection__channel_selection__alpha=0.01, input_selection__feature_selection__threshold=0.01; total time=  59.7s
[CV] END channels_correlation_filter__corr_threshold=0.3, channels_pca__n_components=2, input_selection__channel_selection__alpha=0.01, input_selection__feature_selection__threshold=0.01; total time= 1.0min
[CV] END channels_correlation_filter__corr_threshold=0.3, channels_pca__n_components=2, input_selection__channel_selection__alpha=0.01, input_selection__feature_selection__threshold=0.01; total time= 1.0min
[CV] END channels_correlation_filter__corr_threshold=0.3, channels_pca__n_components=2, input_selection__channel_selection__alpha=0.01, input_selection__feature_selection__threshold=0.01; total time= 1.0min
[CV] END channels_correlation_filter__corr_threshold=0.3, channels_pca__n_components=2, input_selection__channel_selection__alpha=0.01, input_selection__feature_selection__threshold=0.01; total time=  59.3s
[CV] END channels_correlation_filter__corr_threshold=0.3, channels_pca__n_components=2, input_selection__channel_selection__alpha=0.01, input_selection__feature_selection__threshold=0.01; total time= 1.0min
[CV] END channels_correlation_filter__corr_threshold=0.3, channels_pca__n_components=2, input_selection__channel_selection__alpha=0.01, input_selection__feature_selection__threshold=0.02; total time=  57.8s
[CV] END channels_correlation_filter__corr_threshold=0.3, channels_pca__n_components=2, input_selection__channel_selection__alpha=0.01, input_selection__feature_selection__threshold=0.02; total time=  59.4s
[CV] END channels_correlation_filter__corr_threshold=0.3, channels_pca__n_components=2, input_selection__channel_selection__alpha=0.01, input_selection__feature_selection__threshold=0.02; total time=  58.9s
[CV] END channels_correlation_filter__corr_threshold=0.3, channels_pca__n_components=2, input_selection__channel_selection__alpha=0.01, input_selection__feature_selection__threshold=0.02; total time=  59.0s
[CV] END channels_correlation_filter__corr_threshold=0.3, channels_pca__n_components=2, input_selection__channel_selection__alpha=0.01, input_selection__feature_selection__threshold=0.02; total time=  59.2s
[CV] END channels_correlation_filter__corr_threshold=0.3, channels_pca__n_components=2, input_selection__channel_selection__alpha=0.01, input_selection__feature_selection__threshold=0.02; total time=  59.5s
[CV] END channels_correlation_filter__corr_threshold=0.3, channels_pca__n_components=2, input_selection__channel_selection__alpha=0.01, input_selection__feature_selection__threshold=0.02; total time=  59.5s
[CV] END channels_correlation_filter__corr_threshold=0.3, channels_pca__n_components=2, input_selection__channel_selection__alpha=0.01, input_selection__feature_selection__threshold=0.02; total time= 1.0min
[CV] END channels_correlation_filter__corr_threshold=0.3, channels_pca__n_components=2, input_selection__channel_selection__alpha=0.01, input_selection__feature_selection__threshold=0.02; total time=  59.2s
[CV] END channels_correlation_filter__corr_threshold=0.3, channels_pca__n_components=2, input_selection__channel_selection__alpha=0.01, input_selection__feature_selection__threshold=0.02; total time=  59.7s
[CV] END channels_correlation_filter__corr_threshold=0.3, channels_pca__n_components=2, input_selection__channel_selection__alpha=0.01, input_selection__feature_selection__threshold=0.03; total time=  58.4s
[CV] END channels_correlation_filter__corr_threshold=0.3, channels_pca__n_components=2, input_selection__channel_selection__alpha=0.01, input_selection__feature_selection__threshold=0.03; total time=  59.1s
[CV] END channels_correlation_filter__corr_threshold=0.3, channels_pca__n_components=2, input_selection__channel_selection__alpha=0.01, input_selection__feature_selection__threshold=0.03; total time=  58.5s
[CV] END channels_correlation_filter__corr_threshold=0.3, channels_pca__n_components=2, input_selection__channel_selection__alpha=0.01, input_selection__feature_selection__threshold=0.03; total time=  58.8s
[CV] END channels_correlation_filter__corr_threshold=0.3, channels_pca__n_components=2, input_selection__channel_selection__alpha=0.01, input_selection__feature_selection__threshold=0.03; total time=  59.1s
[CV] END channels_correlation_filter__corr_threshold=0.3, channels_pca__n_components=2, input_selection__channel_selection__alpha=0.01, input_selection__feature_selection__threshold=0.03; total time=  59.5s
[CV] END channels_correlation_filter__corr_threshold=0.3, channels_pca__n_components=2, input_selection__channel_selection__alpha=0.01, input_selection__feature_selection__threshold=0.03; total time=  59.5s
[CV] END channels_correlation_filter__corr_threshold=0.3, channels_pca__n_components=2, input_selection__channel_selection__alpha=0.01, input_selection__feature_selection__threshold=0.03; total time=  59.7s
[CV] END channels_correlation_filter__corr_threshold=0.3, channels_pca__n_components=2, input_selection__channel_selection__alpha=0.01, input_selection__feature_selection__threshold=0.03; total time=  59.5s
[CV] END channels_correlation_filter__corr_threshold=0.3, channels_pca__n_components=2, input_selection__channel_selection__alpha=0.01, input_selection__feature_selection__threshold=0.03; total time=  59.1s
[CV] END channels_correlation_filter__corr_threshold=0.3, channels_pca__n_components=2, input_selection__channel_selection__alpha=0.01, input_selection__feature_selection__threshold=0.05; total time=  57.3s
[CV] END channels_correlation_filter__corr_threshold=0.3, channels_pca__n_components=2, input_selection__channel_selection__alpha=0.01, input_selection__feature_selection__threshold=0.05; total time=  58.7s
[CV] END channels_correlation_filter__corr_threshold=0.3, channels_pca__n_components=2, input_selection__channel_selection__alpha=0.01, input_selection__feature_selection__threshold=0.05; total time=  58.6s
[CV] END channels_correlation_filter__corr_threshold=0.3, channels_pca__n_components=2, input_selection__channel_selection__alpha=0.01, input_selection__feature_selection__threshold=0.05; total time=  58.7s
[CV] END channels_correlation_filter__corr_threshold=0.3, channels_pca__n_components=2, input_selection__channel_selection__alpha=0.01, input_selection__feature_selection__threshold=0.05; total time=  58.6s
[CV] END channels_correlation_filter__corr_threshold=0.3, channels_pca__n_components=2, input_selection__channel_selection__alpha=0.01, input_selection__feature_selection__threshold=0.05; total time=  58.8s
[CV] END channels_correlation_filter__corr_threshold=0.3, channels_pca__n_components=2, input_selection__channel_selection__alpha=0.01, input_selection__feature_selection__threshold=0.05; total time=  59.5s
[CV] END channels_correlation_filter__corr_threshold=0.3, channels_pca__n_components=2, input_selection__channel_selection__alpha=0.01, input_selection__feature_selection__threshold=0.05; total time=  59.5s
[CV] END channels_correlation_filter__corr_threshold=0.3, channels_pca__n_components=2, input_selection__channel_selection__alpha=0.01, input_selection__feature_selection__threshold=0.05; total time=  58.4s
[CV] END channels_correlation_filter__corr_threshold=0.3, channels_pca__n_components=2, input_selection__channel_selection__alpha=0.01, input_selection__feature_selection__threshold=0.05; total time=  59.3s
[CV] END channels_correlation_filter__corr_threshold=0.3, channels_pca__n_components=2, input_selection__channel_selection__alpha=0.05, input_selection__feature_selection__threshold=0.01; total time= 1.0min
[CV] END channels_correlation_filter__corr_threshold=0.3, channels_pca__n_components=2, input_selection__channel_selection__alpha=0.05, input_selection__feature_selection__threshold=0.01; total time=  59.8s
[CV] END channels_correlation_filter__corr_threshold=0.3, channels_pca__n_components=2, input_selection__channel_selection__alpha=0.05, input_selection__feature_selection__threshold=0.01; total time= 1.0min
[CV] END channels_correlation_filter__corr_threshold=0.3, channels_pca__n_components=2, input_selection__channel_selection__alpha=0.05, input_selection__feature_selection__threshold=0.01; total time= 1.0min
[CV] END channels_correlation_filter__corr_threshold=0.3, channels_pca__n_components=2, input_selection__channel_selection__alpha=0.05, input_selection__feature_selection__threshold=0.01; total time= 1.0min
[CV] END channels_correlation_filter__corr_threshold=0.3, channels_pca__n_components=2, input_selection__channel_selection__alpha=0.05, input_selection__feature_selection__threshold=0.01; total time= 1.0min
[CV] END channels_correlation_filter__corr_threshold=0.3, channels_pca__n_components=2, input_selection__channel_selection__alpha=0.05, input_selection__feature_selection__threshold=0.01; total time= 1.0min
[CV] END channels_correlation_filter__corr_threshold=0.3, channels_pca__n_components=2, input_selection__channel_selection__alpha=0.05, input_selection__feature_selection__threshold=0.01; total time= 1.0min
[CV] END channels_correlation_filter__corr_threshold=0.3, channels_pca__n_components=2, input_selection__channel_selection__alpha=0.05, input_selection__feature_selection__threshold=0.01; total time= 1.0min
[CV] END channels_correlation_filter__corr_threshold=0.3, channels_pca__n_components=2, input_selection__channel_selection__alpha=0.05, input_selection__feature_selection__threshold=0.01; total time= 1.0min
[CV] END channels_correlation_filter__corr_threshold=0.3, channels_pca__n_components=2, input_selection__channel_selection__alpha=0.05, input_selection__feature_selection__threshold=0.02; total time=  58.6s
[CV] END channels_correlation_filter__corr_threshold=0.3, channels_pca__n_components=2, input_selection__channel_selection__alpha=0.05, input_selection__feature_selection__threshold=0.02; total time= 1.0min
[CV] END channels_correlation_filter__corr_threshold=0.3, channels_pca__n_components=2, input_selection__channel_selection__alpha=0.05, input_selection__feature_selection__threshold=0.02; total time=  59.6s
[CV] END channels_correlation_filter__corr_threshold=0.3, channels_pca__n_components=2, input_selection__channel_selection__alpha=0.05, input_selection__feature_selection__threshold=0.02; total time=  59.8s
[CV] END channels_correlation_filter__corr_threshold=0.3, channels_pca__n_components=2, input_selection__channel_selection__alpha=0.05, input_selection__feature_selection__threshold=0.02; total time= 1.0min
[CV] END channels_correlation_filter__corr_threshold=0.3, channels_pca__n_components=2, input_selection__channel_selection__alpha=0.05, input_selection__feature_selection__threshold=0.02; total time= 1.0min
[CV] END channels_correlation_filter__corr_threshold=0.3, channels_pca__n_components=2, input_selection__channel_selection__alpha=0.05, input_selection__feature_selection__threshold=0.02; total time= 1.0min
[CV] END channels_correlation_filter__corr_threshold=0.3, channels_pca__n_components=2, input_selection__channel_selection__alpha=0.05, input_selection__feature_selection__threshold=0.02; total time= 1.0min
[CV] END channels_correlation_filter__corr_threshold=0.3, channels_pca__n_components=2, input_selection__channel_selection__alpha=0.05, input_selection__feature_selection__threshold=0.02; total time= 1.0min
[CV] END channels_correlation_filter__corr_threshold=0.3, channels_pca__n_components=2, input_selection__channel_selection__alpha=0.05, input_selection__feature_selection__threshold=0.02; total time= 1.0min
[CV] END channels_correlation_filter__corr_threshold=0.3, channels_pca__n_components=2, input_selection__channel_selection__alpha=0.05, input_selection__feature_selection__threshold=0.03; total time=  59.1s
[CV] END channels_correlation_filter__corr_threshold=0.3, channels_pca__n_components=2, input_selection__channel_selection__alpha=0.05, input_selection__feature_selection__threshold=0.03; total time= 1.0min
[CV] END channels_correlation_filter__corr_threshold=0.3, channels_pca__n_components=2, input_selection__channel_selection__alpha=0.05, input_selection__feature_selection__threshold=0.03; total time=  59.9s
[CV] END channels_correlation_filter__corr_threshold=0.3, channels_pca__n_components=2, input_selection__channel_selection__alpha=0.05, input_selection__feature_selection__threshold=0.03; total time=  59.8s
[CV] END channels_correlation_filter__corr_threshold=0.3, channels_pca__n_components=2, input_selection__channel_selection__alpha=0.05, input_selection__feature_selection__threshold=0.03; total time= 1.0min
[CV] END channels_correlation_filter__corr_threshold=0.3, channels_pca__n_components=2, input_selection__channel_selection__alpha=0.05, input_selection__feature_selection__threshold=0.03; total time=  60.0s
[CV] END channels_correlation_filter__corr_threshold=0.3, channels_pca__n_components=2, input_selection__channel_selection__alpha=0.05, input_selection__feature_selection__threshold=0.03; total time= 1.0min
[CV] END channels_correlation_filter__corr_threshold=0.3, channels_pca__n_components=2, input_selection__channel_selection__alpha=0.05, input_selection__feature_selection__threshold=0.03; total time= 1.0min
[CV] END channels_correlation_filter__corr_threshold=0.3, channels_pca__n_components=2, input_selection__channel_selection__alpha=0.05, input_selection__feature_selection__threshold=0.03; total time= 1.0min
[CV] END channels_correlation_filter__corr_threshold=0.3, channels_pca__n_components=2, input_selection__channel_selection__alpha=0.05, input_selection__feature_selection__threshold=0.03; total time=  59.8s
[CV] END channels_correlation_filter__corr_threshold=0.3, channels_pca__n_components=2, input_selection__channel_selection__alpha=0.05, input_selection__feature_selection__threshold=0.05; total time=  57.8s
[CV] END channels_correlation_filter__corr_threshold=0.3, channels_pca__n_components=2, input_selection__channel_selection__alpha=0.05, input_selection__feature_selection__threshold=0.05; total time=  59.2s
[CV] END channels_correlation_filter__corr_threshold=0.3, channels_pca__n_components=2, input_selection__channel_selection__alpha=0.05, input_selection__feature_selection__threshold=0.05; total time=  59.2s
[CV] END channels_correlation_filter__corr_threshold=0.3, channels_pca__n_components=2, input_selection__channel_selection__alpha=0.05, input_selection__feature_selection__threshold=0.05; total time=  59.5s
[CV] END channels_correlation_filter__corr_threshold=0.3, channels_pca__n_components=2, input_selection__channel_selection__alpha=0.05, input_selection__feature_selection__threshold=0.05; total time=  59.4s
[CV] END channels_correlation_filter__corr_threshold=0.3, channels_pca__n_components=2, input_selection__channel_selection__alpha=0.05, input_selection__feature_selection__threshold=0.05; total time=  59.4s
[CV] END channels_correlation_filter__corr_threshold=0.3, channels_pca__n_components=2, input_selection__channel_selection__alpha=0.05, input_selection__feature_selection__threshold=0.05; total time= 1.0min
[CV] END channels_correlation_filter__corr_threshold=0.3, channels_pca__n_components=2, input_selection__channel_selection__alpha=0.05, input_selection__feature_selection__threshold=0.05; total time= 1.0min
[CV] END channels_correlation_filter__corr_threshold=0.3, channels_pca__n_components=2, input_selection__channel_selection__alpha=0.05, input_selection__feature_selection__threshold=0.05; total time=  59.6s
[CV] END channels_correlation_filter__corr_threshold=0.3, channels_pca__n_components=2, input_selection__channel_selection__alpha=0.05, input_selection__feature_selection__threshold=0.05; total time=  59.8s
[CV] END channels_correlation_filter__corr_threshold=0.3, channels_pca__n_components=2, input_selection__channel_selection__alpha=0.1, input_selection__feature_selection__threshold=0.01; total time= 1.0min
[CV] END channels_correlation_filter__corr_threshold=0.3, channels_pca__n_components=2, input_selection__channel_selection__alpha=0.1, input_selection__feature_selection__threshold=0.01; total time= 1.0min
[CV] END channels_correlation_filter__corr_threshold=0.3, channels_pca__n_components=2, input_selection__channel_selection__alpha=0.1, input_selection__feature_selection__threshold=0.01; total time= 1.0min
[CV] END channels_correlation_filter__corr_threshold=0.3, channels_pca__n_components=2, input_selection__channel_selection__alpha=0.1, input_selection__feature_selection__threshold=0.01; total time= 1.0min
[CV] END channels_correlation_filter__corr_threshold=0.3, channels_pca__n_components=2, input_selection__channel_selection__alpha=0.1, input_selection__feature_selection__threshold=0.01; total time= 1.0min
[CV] END channels_correlation_filter__corr_threshold=0.3, channels_pca__n_components=2, input_selection__channel_selection__alpha=0.1, input_selection__feature_selection__threshold=0.01; total time= 1.0min
[CV] END channels_correlation_filter__corr_threshold=0.3, channels_pca__n_components=2, input_selection__channel_selection__alpha=0.1, input_selection__feature_selection__threshold=0.01; total time= 1.0min
[CV] END channels_correlation_filter__corr_threshold=0.3, channels_pca__n_components=2, input_selection__channel_selection__alpha=0.1, input_selection__feature_selection__threshold=0.01; total time= 1.0min
[CV] END channels_correlation_filter__corr_threshold=0.3, channels_pca__n_components=2, input_selection__channel_selection__alpha=0.1, input_selection__feature_selection__threshold=0.01; total time= 1.0min
[CV] END channels_correlation_filter__corr_threshold=0.3, channels_pca__n_components=2, input_selection__channel_selection__alpha=0.1, input_selection__feature_selection__threshold=0.01; total time= 1.0min
[CV] END channels_correlation_filter__corr_threshold=0.3, channels_pca__n_components=2, input_selection__channel_selection__alpha=0.1, input_selection__feature_selection__threshold=0.02; total time=  59.4s
[CV] END channels_correlation_filter__corr_threshold=0.3, channels_pca__n_components=2, input_selection__channel_selection__alpha=0.1, input_selection__feature_selection__threshold=0.02; total time= 1.0min
[CV] END channels_correlation_filter__corr_threshold=0.3, channels_pca__n_components=2, input_selection__channel_selection__alpha=0.1, input_selection__feature_selection__threshold=0.02; total time= 1.0min
[CV] END channels_correlation_filter__corr_threshold=0.3, channels_pca__n_components=2, input_selection__channel_selection__alpha=0.1, input_selection__feature_selection__threshold=0.02; total time= 1.0min
[CV] END channels_correlation_filter__corr_threshold=0.3, channels_pca__n_components=2, input_selection__channel_selection__alpha=0.1, input_selection__feature_selection__threshold=0.02; total time= 1.0min
[CV] END channels_correlation_filter__corr_threshold=0.3, channels_pca__n_components=2, input_selection__channel_selection__alpha=0.1, input_selection__feature_selection__threshold=0.02; total time= 1.0min
[CV] END channels_correlation_filter__corr_threshold=0.3, channels_pca__n_components=2, input_selection__channel_selection__alpha=0.1, input_selection__feature_selection__threshold=0.02; total time= 1.0min
[CV] END channels_correlation_filter__corr_threshold=0.3, channels_pca__n_components=2, input_selection__channel_selection__alpha=0.1, input_selection__feature_selection__threshold=0.02; total time= 1.0min
[CV] END channels_correlation_filter__corr_threshold=0.3, channels_pca__n_components=2, input_selection__channel_selection__alpha=0.1, input_selection__feature_selection__threshold=0.02; total time= 1.0min
[CV] END channels_correlation_filter__corr_threshold=0.3, channels_pca__n_components=2, input_selection__channel_selection__alpha=0.1, input_selection__feature_selection__threshold=0.02; total time= 1.0min
[CV] END channels_correlation_filter__corr_threshold=0.3, channels_pca__n_components=2, input_selection__channel_selection__alpha=0.1, input_selection__feature_selection__threshold=0.03; total time=  59.5s
[CV] END channels_correlation_filter__corr_threshold=0.3, channels_pca__n_components=2, input_selection__channel_selection__alpha=0.1, input_selection__feature_selection__threshold=0.03; total time= 1.0min
[CV] END channels_correlation_filter__corr_threshold=0.3, channels_pca__n_components=2, input_selection__channel_selection__alpha=0.1, input_selection__feature_selection__threshold=0.03; total time= 1.0min
[CV] END channels_correlation_filter__corr_threshold=0.3, channels_pca__n_components=2, input_selection__channel_selection__alpha=0.1, input_selection__feature_selection__threshold=0.03; total time= 1.0min
[CV] END channels_correlation_filter__corr_threshold=0.3, channels_pca__n_components=2, input_selection__channel_selection__alpha=0.1, input_selection__feature_selection__threshold=0.03; total time= 1.0min
[CV] END channels_correlation_filter__corr_threshold=0.3, channels_pca__n_components=2, input_selection__channel_selection__alpha=0.1, input_selection__feature_selection__threshold=0.03; total time= 1.0min
[CV] END channels_correlation_filter__corr_threshold=0.3, channels_pca__n_components=2, input_selection__channel_selection__alpha=0.1, input_selection__feature_selection__threshold=0.03; total time= 1.0min
[CV] END channels_correlation_filter__corr_threshold=0.3, channels_pca__n_components=2, input_selection__channel_selection__alpha=0.1, input_selection__feature_selection__threshold=0.03; total time= 1.0min
[CV] END channels_correlation_filter__corr_threshold=0.3, channels_pca__n_components=2, input_selection__channel_selection__alpha=0.1, input_selection__feature_selection__threshold=0.03; total time= 1.0min
[CV] END channels_correlation_filter__corr_threshold=0.3, channels_pca__n_components=2, input_selection__channel_selection__alpha=0.1, input_selection__feature_selection__threshold=0.03; total time= 1.0min
[CV] END channels_correlation_filter__corr_threshold=0.3, channels_pca__n_components=2, input_selection__channel_selection__alpha=0.1, input_selection__feature_selection__threshold=0.05; total time=  58.4s
[CV] END channels_correlation_filter__corr_threshold=0.3, channels_pca__n_components=2, input_selection__channel_selection__alpha=0.1, input_selection__feature_selection__threshold=0.05; total time= 1.0min
[CV] END channels_correlation_filter__corr_threshold=0.3, channels_pca__n_components=2, input_selection__channel_selection__alpha=0.1, input_selection__feature_selection__threshold=0.05; total time=  59.7s
[CV] END channels_correlation_filter__corr_threshold=0.3, channels_pca__n_components=2, input_selection__channel_selection__alpha=0.1, input_selection__feature_selection__threshold=0.05; total time=  59.9s
[CV] END channels_correlation_filter__corr_threshold=0.3, channels_pca__n_components=2, input_selection__channel_selection__alpha=0.1, input_selection__feature_selection__threshold=0.05; total time=  59.5s
[CV] END channels_correlation_filter__corr_threshold=0.3, channels_pca__n_components=2, input_selection__channel_selection__alpha=0.1, input_selection__feature_selection__threshold=0.05; total time=  59.7s
[CV] END channels_correlation_filter__corr_threshold=0.3, channels_pca__n_components=2, input_selection__channel_selection__alpha=0.1, input_selection__feature_selection__threshold=0.05; total time= 1.0min
[CV] END channels_correlation_filter__corr_threshold=0.3, channels_pca__n_components=2, input_selection__channel_selection__alpha=0.1, input_selection__feature_selection__threshold=0.05; total time= 1.0min
[CV] END channels_correlation_filter__corr_threshold=0.3, channels_pca__n_components=2, input_selection__channel_selection__alpha=0.1, input_selection__feature_selection__threshold=0.05; total time= 1.0min
[CV] END channels_correlation_filter__corr_threshold=0.3, channels_pca__n_components=2, input_selection__channel_selection__alpha=0.1, input_selection__feature_selection__threshold=0.05; total time= 1.0min
[CV] END channels_correlation_filter__corr_threshold=0.3, channels_pca__n_components=3, input_selection__channel_selection__alpha=0.01, input_selection__feature_selection__threshold=0.01; total time=  59.4s
[CV] END channels_correlation_filter__corr_threshold=0.3, channels_pca__n_components=3, input_selection__channel_selection__alpha=0.01, input_selection__feature_selection__threshold=0.01; total time=  60.0s
[CV] END channels_correlation_filter__corr_threshold=0.3, channels_pca__n_components=3, input_selection__channel_selection__alpha=0.01, input_selection__feature_selection__threshold=0.01; total time=  59.5s
[CV] END channels_correlation_filter__corr_threshold=0.3, channels_pca__n_components=3, input_selection__channel_selection__alpha=0.01, input_selection__feature_selection__threshold=0.01; total time= 1.0min
[CV] END channels_correlation_filter__corr_threshold=0.3, channels_pca__n_components=3, input_selection__channel_selection__alpha=0.01, input_selection__feature_selection__threshold=0.01; total time=  59.9s
[CV] END channels_correlation_filter__corr_threshold=0.3, channels_pca__n_components=3, input_selection__channel_selection__alpha=0.01, input_selection__feature_selection__threshold=0.01; total time= 1.0min
[CV] END channels_correlation_filter__corr_threshold=0.3, channels_pca__n_components=3, input_selection__channel_selection__alpha=0.01, input_selection__feature_selection__threshold=0.01; total time= 1.0min
[CV] END channels_correlation_filter__corr_threshold=0.3, channels_pca__n_components=3, input_selection__channel_selection__alpha=0.01, input_selection__feature_selection__threshold=0.01; total time= 1.0min
[CV] END channels_correlation_filter__corr_threshold=0.3, channels_pca__n_components=3, input_selection__channel_selection__alpha=0.01, input_selection__feature_selection__threshold=0.01; total time=  59.8s
[CV] END channels_correlation_filter__corr_threshold=0.3, channels_pca__n_components=3, input_selection__channel_selection__alpha=0.01, input_selection__feature_selection__threshold=0.01; total time= 1.0min
[CV] END channels_correlation_filter__corr_threshold=0.3, channels_pca__n_components=3, input_selection__channel_selection__alpha=0.01, input_selection__feature_selection__threshold=0.02; total time=  58.2s
[CV] END channels_correlation_filter__corr_threshold=0.3, channels_pca__n_components=3, input_selection__channel_selection__alpha=0.01, input_selection__feature_selection__threshold=0.02; total time=  59.9s
[CV] END channels_correlation_filter__corr_threshold=0.3, channels_pca__n_components=3, input_selection__channel_selection__alpha=0.01, input_selection__feature_selection__threshold=0.02; total time=  59.0s
[CV] END channels_correlation_filter__corr_threshold=0.3, channels_pca__n_components=3, input_selection__channel_selection__alpha=0.01, input_selection__feature_selection__threshold=0.02; total time=  59.1s
[CV] END channels_correlation_filter__corr_threshold=0.3, channels_pca__n_components=3, input_selection__channel_selection__alpha=0.01, input_selection__feature_selection__threshold=0.02; total time=  59.7s
[CV] END channels_correlation_filter__corr_threshold=0.3, channels_pca__n_components=3, input_selection__channel_selection__alpha=0.01, input_selection__feature_selection__threshold=0.02; total time= 1.0min
[CV] END channels_correlation_filter__corr_threshold=0.3, channels_pca__n_components=3, input_selection__channel_selection__alpha=0.01, input_selection__feature_selection__threshold=0.02; total time= 1.0min
[CV] END channels_correlation_filter__corr_threshold=0.3, channels_pca__n_components=3, input_selection__channel_selection__alpha=0.01, input_selection__feature_selection__threshold=0.02; total time= 1.0min
[CV] END channels_correlation_filter__corr_threshold=0.3, channels_pca__n_components=3, input_selection__channel_selection__alpha=0.01, input_selection__feature_selection__threshold=0.02; total time=  59.7s
[CV] END channels_correlation_filter__corr_threshold=0.3, channels_pca__n_components=3, input_selection__channel_selection__alpha=0.01, input_selection__feature_selection__threshold=0.02; total time=  59.7s
[CV] END channels_correlation_filter__corr_threshold=0.3, channels_pca__n_components=3, input_selection__channel_selection__alpha=0.01, input_selection__feature_selection__threshold=0.03; total time=  58.4s
[CV] END channels_correlation_filter__corr_threshold=0.3, channels_pca__n_components=3, input_selection__channel_selection__alpha=0.01, input_selection__feature_selection__threshold=0.03; total time=  59.7s
[CV] END channels_correlation_filter__corr_threshold=0.3, channels_pca__n_components=3, input_selection__channel_selection__alpha=0.01, input_selection__feature_selection__threshold=0.03; total time=  59.1s
[CV] END channels_correlation_filter__corr_threshold=0.3, channels_pca__n_components=3, input_selection__channel_selection__alpha=0.01, input_selection__feature_selection__threshold=0.03; total time=  59.2s
[CV] END channels_correlation_filter__corr_threshold=0.3, channels_pca__n_components=3, input_selection__channel_selection__alpha=0.01, input_selection__feature_selection__threshold=0.03; total time=  59.8s
[CV] END channels_correlation_filter__corr_threshold=0.3, channels_pca__n_components=3, input_selection__channel_selection__alpha=0.01, input_selection__feature_selection__threshold=0.03; total time=  59.3s
[CV] END channels_correlation_filter__corr_threshold=0.3, channels_pca__n_components=3, input_selection__channel_selection__alpha=0.01, input_selection__feature_selection__threshold=0.03; total time=  59.8s
[CV] END channels_correlation_filter__corr_threshold=0.3, channels_pca__n_components=3, input_selection__channel_selection__alpha=0.01, input_selection__feature_selection__threshold=0.03; total time= 1.0min
[CV] END channels_correlation_filter__corr_threshold=0.3, channels_pca__n_components=3, input_selection__channel_selection__alpha=0.01, input_selection__feature_selection__threshold=0.03; total time=  59.8s
[CV] END channels_correlation_filter__corr_threshold=0.3, channels_pca__n_components=3, input_selection__channel_selection__alpha=0.01, input_selection__feature_selection__threshold=0.03; total time=  59.4s
[CV] END channels_correlation_filter__corr_threshold=0.3, channels_pca__n_components=3, input_selection__channel_selection__alpha=0.01, input_selection__feature_selection__threshold=0.05; total time=  57.6s
[CV] END channels_correlation_filter__corr_threshold=0.3, channels_pca__n_components=3, input_selection__channel_selection__alpha=0.01, input_selection__feature_selection__threshold=0.05; total time=  58.7s
[CV] END channels_correlation_filter__corr_threshold=0.3, channels_pca__n_components=3, input_selection__channel_selection__alpha=0.01, input_selection__feature_selection__threshold=0.05; total time=  58.6s
[CV] END channels_correlation_filter__corr_threshold=0.3, channels_pca__n_components=3, input_selection__channel_selection__alpha=0.01, input_selection__feature_selection__threshold=0.05; total time=  59.0s
[CV] END channels_correlation_filter__corr_threshold=0.3, channels_pca__n_components=3, input_selection__channel_selection__alpha=0.01, input_selection__feature_selection__threshold=0.05; total time=  59.2s
[CV] END channels_correlation_filter__corr_threshold=0.3, channels_pca__n_components=3, input_selection__channel_selection__alpha=0.01, input_selection__feature_selection__threshold=0.05; total time=  59.4s
[CV] END channels_correlation_filter__corr_threshold=0.3, channels_pca__n_components=3, input_selection__channel_selection__alpha=0.01, input_selection__feature_selection__threshold=0.05; total time=  59.4s
[CV] END channels_correlation_filter__corr_threshold=0.3, channels_pca__n_components=3, input_selection__channel_selection__alpha=0.01, input_selection__feature_selection__threshold=0.05; total time=  59.5s
[CV] END channels_correlation_filter__corr_threshold=0.3, channels_pca__n_components=3, input_selection__channel_selection__alpha=0.01, input_selection__feature_selection__threshold=0.05; total time=  58.9s
[CV] END channels_correlation_filter__corr_threshold=0.3, channels_pca__n_components=3, input_selection__channel_selection__alpha=0.01, input_selection__feature_selection__threshold=0.05; total time=  59.6s
[CV] END channels_correlation_filter__corr_threshold=0.3, channels_pca__n_components=3, input_selection__channel_selection__alpha=0.05, input_selection__feature_selection__threshold=0.01; total time= 1.0min
[CV] END channels_correlation_filter__corr_threshold=0.3, channels_pca__n_components=3, input_selection__channel_selection__alpha=0.05, input_selection__feature_selection__threshold=0.01; total time= 1.0min
[CV] END channels_correlation_filter__corr_threshold=0.3, channels_pca__n_components=3, input_selection__channel_selection__alpha=0.05, input_selection__feature_selection__threshold=0.01; total time= 1.0min
[CV] END channels_correlation_filter__corr_threshold=0.3, channels_pca__n_components=3, input_selection__channel_selection__alpha=0.05, input_selection__feature_selection__threshold=0.01; total time= 1.0min
[CV] END channels_correlation_filter__corr_threshold=0.3, channels_pca__n_components=3, input_selection__channel_selection__alpha=0.05, input_selection__feature_selection__threshold=0.01; total time= 1.0min
[CV] END channels_correlation_filter__corr_threshold=0.3, channels_pca__n_components=3, input_selection__channel_selection__alpha=0.05, input_selection__feature_selection__threshold=0.01; total time= 1.0min
[CV] END channels_correlation_filter__corr_threshold=0.3, channels_pca__n_components=3, input_selection__channel_selection__alpha=0.05, input_selection__feature_selection__threshold=0.01; total time= 1.0min
[CV] END channels_correlation_filter__corr_threshold=0.3, channels_pca__n_components=3, input_selection__channel_selection__alpha=0.05, input_selection__feature_selection__threshold=0.01; total time= 1.0min
[CV] END channels_correlation_filter__corr_threshold=0.3, channels_pca__n_components=3, input_selection__channel_selection__alpha=0.05, input_selection__feature_selection__threshold=0.01; total time= 1.0min
[CV] END channels_correlation_filter__corr_threshold=0.3, channels_pca__n_components=3, input_selection__channel_selection__alpha=0.05, input_selection__feature_selection__threshold=0.01; total time= 1.0min
[CV] END channels_correlation_filter__corr_threshold=0.3, channels_pca__n_components=3, input_selection__channel_selection__alpha=0.05, input_selection__feature_selection__threshold=0.02; total time=  59.1s
[CV] END channels_correlation_filter__corr_threshold=0.3, channels_pca__n_components=3, input_selection__channel_selection__alpha=0.05, input_selection__feature_selection__threshold=0.02; total time= 1.0min
[CV] END channels_correlation_filter__corr_threshold=0.3, channels_pca__n_components=3, input_selection__channel_selection__alpha=0.05, input_selection__feature_selection__threshold=0.02; total time= 1.0min
[CV] END channels_correlation_filter__corr_threshold=0.3, channels_pca__n_components=3, input_selection__channel_selection__alpha=0.05, input_selection__feature_selection__threshold=0.02; total time= 1.0min
[CV] END channels_correlation_filter__corr_threshold=0.3, channels_pca__n_components=3, input_selection__channel_selection__alpha=0.05, input_selection__feature_selection__threshold=0.02; total time= 1.0min
[CV] END channels_correlation_filter__corr_threshold=0.3, channels_pca__n_components=3, input_selection__channel_selection__alpha=0.05, input_selection__feature_selection__threshold=0.02; total time= 1.0min
[CV] END channels_correlation_filter__corr_threshold=0.3, channels_pca__n_components=3, input_selection__channel_selection__alpha=0.05, input_selection__feature_selection__threshold=0.02; total time= 1.0min
[CV] END channels_correlation_filter__corr_threshold=0.3, channels_pca__n_components=3, input_selection__channel_selection__alpha=0.05, input_selection__feature_selection__threshold=0.02; total time= 1.0min
[CV] END channels_correlation_filter__corr_threshold=0.3, channels_pca__n_components=3, input_selection__channel_selection__alpha=0.05, input_selection__feature_selection__threshold=0.02; total time= 1.0min
[CV] END channels_correlation_filter__corr_threshold=0.3, channels_pca__n_components=3, input_selection__channel_selection__alpha=0.05, input_selection__feature_selection__threshold=0.02; total time= 1.0min
[CV] END channels_correlation_filter__corr_threshold=0.3, channels_pca__n_components=3, input_selection__channel_selection__alpha=0.05, input_selection__feature_selection__threshold=0.03; total time=  59.2s
[CV] END channels_correlation_filter__corr_threshold=0.3, channels_pca__n_components=3, input_selection__channel_selection__alpha=0.05, input_selection__feature_selection__threshold=0.03; total time= 1.0min
[CV] END channels_correlation_filter__corr_threshold=0.3, channels_pca__n_components=3, input_selection__channel_selection__alpha=0.05, input_selection__feature_selection__threshold=0.03; total time= 1.0min
[CV] END channels_correlation_filter__corr_threshold=0.3, channels_pca__n_components=3, input_selection__channel_selection__alpha=0.05, input_selection__feature_selection__threshold=0.03; total time=  59.7s
[CV] END channels_correlation_filter__corr_threshold=0.3, channels_pca__n_components=3, input_selection__channel_selection__alpha=0.05, input_selection__feature_selection__threshold=0.03; total time= 1.0min
[CV] END channels_correlation_filter__corr_threshold=0.3, channels_pca__n_components=3, input_selection__channel_selection__alpha=0.05, input_selection__feature_selection__threshold=0.03; total time=  59.9s
[CV] END channels_correlation_filter__corr_threshold=0.3, channels_pca__n_components=3, input_selection__channel_selection__alpha=0.05, input_selection__feature_selection__threshold=0.03; total time= 1.0min
[CV] END channels_correlation_filter__corr_threshold=0.3, channels_pca__n_components=3, input_selection__channel_selection__alpha=0.05, input_selection__feature_selection__threshold=0.03; total time= 1.0min
[CV] END channels_correlation_filter__corr_threshold=0.3, channels_pca__n_components=3, input_selection__channel_selection__alpha=0.05, input_selection__feature_selection__threshold=0.03; total time= 1.0min
[CV] END channels_correlation_filter__corr_threshold=0.3, channels_pca__n_components=3, input_selection__channel_selection__alpha=0.05, input_selection__feature_selection__threshold=0.03; total time= 1.0min
[CV] END channels_correlation_filter__corr_threshold=0.3, channels_pca__n_components=3, input_selection__channel_selection__alpha=0.05, input_selection__feature_selection__threshold=0.05; total time=  58.4s
[CV] END channels_correlation_filter__corr_threshold=0.3, channels_pca__n_components=3, input_selection__channel_selection__alpha=0.05, input_selection__feature_selection__threshold=0.05; total time=  59.4s
[CV] END channels_correlation_filter__corr_threshold=0.3, channels_pca__n_components=3, input_selection__channel_selection__alpha=0.05, input_selection__feature_selection__threshold=0.05; total time=  59.3s
[CV] END channels_correlation_filter__corr_threshold=0.3, channels_pca__n_components=3, input_selection__channel_selection__alpha=0.05, input_selection__feature_selection__threshold=0.05; total time=  59.6s
[CV] END channels_correlation_filter__corr_threshold=0.3, channels_pca__n_components=3, input_selection__channel_selection__alpha=0.05, input_selection__feature_selection__threshold=0.05; total time=  59.3s
[CV] END channels_correlation_filter__corr_threshold=0.3, channels_pca__n_components=3, input_selection__channel_selection__alpha=0.05, input_selection__feature_selection__threshold=0.05; total time=  59.5s
[CV] END channels_correlation_filter__corr_threshold=0.3, channels_pca__n_components=3, input_selection__channel_selection__alpha=0.05, input_selection__feature_selection__threshold=0.05; total time=  60.0s
[CV] END channels_correlation_filter__corr_threshold=0.3, channels_pca__n_components=3, input_selection__channel_selection__alpha=0.05, input_selection__feature_selection__threshold=0.05; total time= 1.0min
[CV] END channels_correlation_filter__corr_threshold=0.3, channels_pca__n_components=3, input_selection__channel_selection__alpha=0.05, input_selection__feature_selection__threshold=0.05; total time=  59.9s
[CV] END channels_correlation_filter__corr_threshold=0.3, channels_pca__n_components=3, input_selection__channel_selection__alpha=0.05, input_selection__feature_selection__threshold=0.05; total time= 1.0min
[CV] END channels_correlation_filter__corr_threshold=0.3, channels_pca__n_components=3, input_selection__channel_selection__alpha=0.1, input_selection__feature_selection__threshold=0.01; total time= 1.0min
[CV] END channels_correlation_filter__corr_threshold=0.3, channels_pca__n_components=3, input_selection__channel_selection__alpha=0.1, input_selection__feature_selection__threshold=0.01; total time= 1.0min
[CV] END channels_correlation_filter__corr_threshold=0.3, channels_pca__n_components=3, input_selection__channel_selection__alpha=0.1, input_selection__feature_selection__threshold=0.01; total time= 1.0min
[CV] END channels_correlation_filter__corr_threshold=0.3, channels_pca__n_components=3, input_selection__channel_selection__alpha=0.1, input_selection__feature_selection__threshold=0.01; total time= 1.0min
[CV] END channels_correlation_filter__corr_threshold=0.3, channels_pca__n_components=3, input_selection__channel_selection__alpha=0.1, input_selection__feature_selection__threshold=0.01; total time= 1.0min
[CV] END channels_correlation_filter__corr_threshold=0.3, channels_pca__n_components=3, input_selection__channel_selection__alpha=0.1, input_selection__feature_selection__threshold=0.01; total time= 1.0min
[CV] END channels_correlation_filter__corr_threshold=0.3, channels_pca__n_components=3, input_selection__channel_selection__alpha=0.1, input_selection__feature_selection__threshold=0.01; total time= 1.0min
[CV] END channels_correlation_filter__corr_threshold=0.3, channels_pca__n_components=3, input_selection__channel_selection__alpha=0.1, input_selection__feature_selection__threshold=0.01; total time= 1.1min
[CV] END channels_correlation_filter__corr_threshold=0.3, channels_pca__n_components=3, input_selection__channel_selection__alpha=0.1, input_selection__feature_selection__threshold=0.01; total time= 1.0min
[CV] END channels_correlation_filter__corr_threshold=0.3, channels_pca__n_components=3, input_selection__channel_selection__alpha=0.1, input_selection__feature_selection__threshold=0.01; total time= 1.0min
[CV] END channels_correlation_filter__corr_threshold=0.3, channels_pca__n_components=3, input_selection__channel_selection__alpha=0.1, input_selection__feature_selection__threshold=0.02; total time=  59.5s
[CV] END channels_correlation_filter__corr_threshold=0.3, channels_pca__n_components=3, input_selection__channel_selection__alpha=0.1, input_selection__feature_selection__threshold=0.02; total time= 1.0min
[CV] END channels_correlation_filter__corr_threshold=0.3, channels_pca__n_components=3, input_selection__channel_selection__alpha=0.1, input_selection__feature_selection__threshold=0.02; total time= 1.0min
[CV] END channels_correlation_filter__corr_threshold=0.3, channels_pca__n_components=3, input_selection__channel_selection__alpha=0.1, input_selection__feature_selection__threshold=0.02; total time= 1.0min
[CV] END channels_correlation_filter__corr_threshold=0.3, channels_pca__n_components=3, input_selection__channel_selection__alpha=0.1, input_selection__feature_selection__threshold=0.02; total time= 1.0min
[CV] END channels_correlation_filter__corr_threshold=0.3, channels_pca__n_components=3, input_selection__channel_selection__alpha=0.1, input_selection__feature_selection__threshold=0.02; total time= 1.0min
[CV] END channels_correlation_filter__corr_threshold=0.3, channels_pca__n_components=3, input_selection__channel_selection__alpha=0.1, input_selection__feature_selection__threshold=0.02; total time= 1.0min
[CV] END channels_correlation_filter__corr_threshold=0.3, channels_pca__n_components=3, input_selection__channel_selection__alpha=0.1, input_selection__feature_selection__threshold=0.02; total time= 1.0min
[CV] END channels_correlation_filter__corr_threshold=0.3, channels_pca__n_components=3, input_selection__channel_selection__alpha=0.1, input_selection__feature_selection__threshold=0.02; total time= 1.0min
[CV] END channels_correlation_filter__corr_threshold=0.3, channels_pca__n_components=3, input_selection__channel_selection__alpha=0.1, input_selection__feature_selection__threshold=0.02; total time= 1.0min
[CV] END channels_correlation_filter__corr_threshold=0.3, channels_pca__n_components=3, input_selection__channel_selection__alpha=0.1, input_selection__feature_selection__threshold=0.03; total time=  59.6s
[CV] END channels_correlation_filter__corr_threshold=0.3, channels_pca__n_components=3, input_selection__channel_selection__alpha=0.1, input_selection__feature_selection__threshold=0.03; total time= 1.0min
[CV] END channels_correlation_filter__corr_threshold=0.3, channels_pca__n_components=3, input_selection__channel_selection__alpha=0.1, input_selection__feature_selection__threshold=0.03; total time= 1.0min
[CV] END channels_correlation_filter__corr_threshold=0.3, channels_pca__n_components=3, input_selection__channel_selection__alpha=0.1, input_selection__feature_selection__threshold=0.03; total time= 1.0min
[CV] END channels_correlation_filter__corr_threshold=0.3, channels_pca__n_components=3, input_selection__channel_selection__alpha=0.1, input_selection__feature_selection__threshold=0.03; total time= 1.0min
[CV] END channels_correlation_filter__corr_threshold=0.3, channels_pca__n_components=3, input_selection__channel_selection__alpha=0.1, input_selection__feature_selection__threshold=0.03; total time= 1.0min
[CV] END channels_correlation_filter__corr_threshold=0.3, channels_pca__n_components=3, input_selection__channel_selection__alpha=0.1, input_selection__feature_selection__threshold=0.03; total time= 1.0min
[CV] END channels_correlation_filter__corr_threshold=0.3, channels_pca__n_components=3, input_selection__channel_selection__alpha=0.1, input_selection__feature_selection__threshold=0.03; total time= 1.0min
[CV] END channels_correlation_filter__corr_threshold=0.3, channels_pca__n_components=3, input_selection__channel_selection__alpha=0.1, input_selection__feature_selection__threshold=0.03; total time= 1.0min
[CV] END channels_correlation_filter__corr_threshold=0.3, channels_pca__n_components=3, input_selection__channel_selection__alpha=0.1, input_selection__feature_selection__threshold=0.03; total time= 1.0min
[CV] END channels_correlation_filter__corr_threshold=0.3, channels_pca__n_components=3, input_selection__channel_selection__alpha=0.1, input_selection__feature_selection__threshold=0.05; total time=  58.7s
[CV] END channels_correlation_filter__corr_threshold=0.3, channels_pca__n_components=3, input_selection__channel_selection__alpha=0.1, input_selection__feature_selection__threshold=0.05; total time=  59.9s
[CV] END channels_correlation_filter__corr_threshold=0.3, channels_pca__n_components=3, input_selection__channel_selection__alpha=0.1, input_selection__feature_selection__threshold=0.05; total time=  59.7s
[CV] END channels_correlation_filter__corr_threshold=0.3, channels_pca__n_components=3, input_selection__channel_selection__alpha=0.1, input_selection__feature_selection__threshold=0.05; total time= 1.0min
[CV] END channels_correlation_filter__corr_threshold=0.3, channels_pca__n_components=3, input_selection__channel_selection__alpha=0.1, input_selection__feature_selection__threshold=0.05; total time=  59.7s
[CV] END channels_correlation_filter__corr_threshold=0.3, channels_pca__n_components=3, input_selection__channel_selection__alpha=0.1, input_selection__feature_selection__threshold=0.05; total time=  59.8s
[CV] END channels_correlation_filter__corr_threshold=0.3, channels_pca__n_components=3, input_selection__channel_selection__alpha=0.1, input_selection__feature_selection__threshold=0.05; total time= 1.0min
[CV] END channels_correlation_filter__corr_threshold=0.3, channels_pca__n_components=3, input_selection__channel_selection__alpha=0.1, input_selection__feature_selection__threshold=0.05; total time= 1.0min
[CV] END channels_correlation_filter__corr_threshold=0.3, channels_pca__n_components=3, input_selection__channel_selection__alpha=0.1, input_selection__feature_selection__threshold=0.05; total time= 1.0min
[CV] END channels_correlation_filter__corr_threshold=0.3, channels_pca__n_components=3, input_selection__channel_selection__alpha=0.1, input_selection__feature_selection__threshold=0.05; total time= 1.0min
[CV] END channels_correlation_filter__corr_threshold=0.3, channels_pca__n_components=5, input_selection__channel_selection__alpha=0.01, input_selection__feature_selection__threshold=0.01; total time= 1.0min
[CV] END channels_correlation_filter__corr_threshold=0.3, channels_pca__n_components=5, input_selection__channel_selection__alpha=0.01, input_selection__feature_selection__threshold=0.01; total time= 1.0min
[CV] END channels_correlation_filter__corr_threshold=0.3, channels_pca__n_components=5, input_selection__channel_selection__alpha=0.01, input_selection__feature_selection__threshold=0.01; total time= 1.0min
[CV] END channels_correlation_filter__corr_threshold=0.3, channels_pca__n_components=5, input_selection__channel_selection__alpha=0.01, input_selection__feature_selection__threshold=0.01; total time= 1.0min
[CV] END channels_correlation_filter__corr_threshold=0.3, channels_pca__n_components=5, input_selection__channel_selection__alpha=0.01, input_selection__feature_selection__threshold=0.01; total time= 1.0min
[CV] END channels_correlation_filter__corr_threshold=0.3, channels_pca__n_components=5, input_selection__channel_selection__alpha=0.01, input_selection__feature_selection__threshold=0.01; total time= 1.0min
[CV] END channels_correlation_filter__corr_threshold=0.3, channels_pca__n_components=5, input_selection__channel_selection__alpha=0.01, input_selection__feature_selection__threshold=0.01; total time= 1.0min
[CV] END channels_correlation_filter__corr_threshold=0.3, channels_pca__n_components=5, input_selection__channel_selection__alpha=0.01, input_selection__feature_selection__threshold=0.01; total time= 1.0min
[CV] END channels_correlation_filter__corr_threshold=0.3, channels_pca__n_components=5, input_selection__channel_selection__alpha=0.01, input_selection__feature_selection__threshold=0.01; total time= 1.0min
[CV] END channels_correlation_filter__corr_threshold=0.3, channels_pca__n_components=5, input_selection__channel_selection__alpha=0.01, input_selection__feature_selection__threshold=0.01; total time= 1.0min
[CV] END channels_correlation_filter__corr_threshold=0.3, channels_pca__n_components=5, input_selection__channel_selection__alpha=0.01, input_selection__feature_selection__threshold=0.02; total time=  58.8s
[CV] END channels_correlation_filter__corr_threshold=0.3, channels_pca__n_components=5, input_selection__channel_selection__alpha=0.01, input_selection__feature_selection__threshold=0.02; total time= 1.0min
[CV] END channels_correlation_filter__corr_threshold=0.3, channels_pca__n_components=5, input_selection__channel_selection__alpha=0.01, input_selection__feature_selection__threshold=0.02; total time=  59.6s
[CV] END channels_correlation_filter__corr_threshold=0.3, channels_pca__n_components=5, input_selection__channel_selection__alpha=0.01, input_selection__feature_selection__threshold=0.02; total time=  59.4s
[CV] END channels_correlation_filter__corr_threshold=0.3, channels_pca__n_components=5, input_selection__channel_selection__alpha=0.01, input_selection__feature_selection__threshold=0.02; total time= 1.0min
[CV] END channels_correlation_filter__corr_threshold=0.3, channels_pca__n_components=5, input_selection__channel_selection__alpha=0.01, input_selection__feature_selection__threshold=0.02; total time= 1.0min
[CV] END channels_correlation_filter__corr_threshold=0.3, channels_pca__n_components=5, input_selection__channel_selection__alpha=0.01, input_selection__feature_selection__threshold=0.02; total time= 1.0min
[CV] END channels_correlation_filter__corr_threshold=0.3, channels_pca__n_components=5, input_selection__channel_selection__alpha=0.01, input_selection__feature_selection__threshold=0.02; total time= 1.0min
[CV] END channels_correlation_filter__corr_threshold=0.3, channels_pca__n_components=5, input_selection__channel_selection__alpha=0.01, input_selection__feature_selection__threshold=0.02; total time= 1.0min
[CV] END channels_correlation_filter__corr_threshold=0.3, channels_pca__n_components=5, input_selection__channel_selection__alpha=0.01, input_selection__feature_selection__threshold=0.02; total time= 1.0min
[CV] END channels_correlation_filter__corr_threshold=0.3, channels_pca__n_components=5, input_selection__channel_selection__alpha=0.01, input_selection__feature_selection__threshold=0.03; total time=  59.2s
[CV] END channels_correlation_filter__corr_threshold=0.3, channels_pca__n_components=5, input_selection__channel_selection__alpha=0.01, input_selection__feature_selection__threshold=0.03; total time= 1.0min
[CV] END channels_correlation_filter__corr_threshold=0.3, channels_pca__n_components=5, input_selection__channel_selection__alpha=0.01, input_selection__feature_selection__threshold=0.03; total time=  59.3s
[CV] END channels_correlation_filter__corr_threshold=0.3, channels_pca__n_components=5, input_selection__channel_selection__alpha=0.01, input_selection__feature_selection__threshold=0.03; total time=  59.9s
[CV] END channels_correlation_filter__corr_threshold=0.3, channels_pca__n_components=5, input_selection__channel_selection__alpha=0.01, input_selection__feature_selection__threshold=0.03; total time= 1.0min
[CV] END channels_correlation_filter__corr_threshold=0.3, channels_pca__n_components=5, input_selection__channel_selection__alpha=0.01, input_selection__feature_selection__threshold=0.03; total time=  59.8s
[CV] END channels_correlation_filter__corr_threshold=0.3, channels_pca__n_components=5, input_selection__channel_selection__alpha=0.01, input_selection__feature_selection__threshold=0.03; total time= 1.0min
[CV] END channels_correlation_filter__corr_threshold=0.3, channels_pca__n_components=5, input_selection__channel_selection__alpha=0.01, input_selection__feature_selection__threshold=0.03; total time= 1.0min
[CV] END channels_correlation_filter__corr_threshold=0.3, channels_pca__n_components=5, input_selection__channel_selection__alpha=0.01, input_selection__feature_selection__threshold=0.03; total time= 1.0min
[CV] END channels_correlation_filter__corr_threshold=0.3, channels_pca__n_components=5, input_selection__channel_selection__alpha=0.01, input_selection__feature_selection__threshold=0.03; total time= 1.0min
[CV] END channels_correlation_filter__corr_threshold=0.3, channels_pca__n_components=5, input_selection__channel_selection__alpha=0.01, input_selection__feature_selection__threshold=0.05; total time=  58.7s
[CV] END channels_correlation_filter__corr_threshold=0.3, channels_pca__n_components=5, input_selection__channel_selection__alpha=0.01, input_selection__feature_selection__threshold=0.05; total time=  59.2s
[CV] END channels_correlation_filter__corr_threshold=0.3, channels_pca__n_components=5, input_selection__channel_selection__alpha=0.01, input_selection__feature_selection__threshold=0.05; total time=  59.0s
[CV] END channels_correlation_filter__corr_threshold=0.3, channels_pca__n_components=5, input_selection__channel_selection__alpha=0.01, input_selection__feature_selection__threshold=0.05; total time=  59.5s
[CV] END channels_correlation_filter__corr_threshold=0.3, channels_pca__n_components=5, input_selection__channel_selection__alpha=0.01, input_selection__feature_selection__threshold=0.05; total time=  59.9s
[CV] END channels_correlation_filter__corr_threshold=0.3, channels_pca__n_components=5, input_selection__channel_selection__alpha=0.01, input_selection__feature_selection__threshold=0.05; total time=  59.7s
[CV] END channels_correlation_filter__corr_threshold=0.3, channels_pca__n_components=5, input_selection__channel_selection__alpha=0.01, input_selection__feature_selection__threshold=0.05; total time=  59.9s
[CV] END channels_correlation_filter__corr_threshold=0.3, channels_pca__n_components=5, input_selection__channel_selection__alpha=0.01, input_selection__feature_selection__threshold=0.05; total time=  59.6s
[CV] END channels_correlation_filter__corr_threshold=0.3, channels_pca__n_components=5, input_selection__channel_selection__alpha=0.01, input_selection__feature_selection__threshold=0.05; total time=  59.1s
[CV] END channels_correlation_filter__corr_threshold=0.3, channels_pca__n_components=5, input_selection__channel_selection__alpha=0.01, input_selection__feature_selection__threshold=0.05; total time=  59.9s
[CV] END channels_correlation_filter__corr_threshold=0.3, channels_pca__n_components=5, input_selection__channel_selection__alpha=0.05, input_selection__feature_selection__threshold=0.01; total time= 1.0min
[CV] END channels_correlation_filter__corr_threshold=0.3, channels_pca__n_components=5, input_selection__channel_selection__alpha=0.05, input_selection__feature_selection__threshold=0.01; total time= 1.0min
[CV] END channels_correlation_filter__corr_threshold=0.3, channels_pca__n_components=5, input_selection__channel_selection__alpha=0.05, input_selection__feature_selection__threshold=0.01; total time= 1.0min
[CV] END channels_correlation_filter__corr_threshold=0.3, channels_pca__n_components=5, input_selection__channel_selection__alpha=0.05, input_selection__feature_selection__threshold=0.01; total time= 1.0min
[CV] END channels_correlation_filter__corr_threshold=0.3, channels_pca__n_components=5, input_selection__channel_selection__alpha=0.05, input_selection__feature_selection__threshold=0.01; total time= 1.0min
[CV] END channels_correlation_filter__corr_threshold=0.3, channels_pca__n_components=5, input_selection__channel_selection__alpha=0.05, input_selection__feature_selection__threshold=0.01; total time= 1.0min
[CV] END channels_correlation_filter__corr_threshold=0.3, channels_pca__n_components=5, input_selection__channel_selection__alpha=0.05, input_selection__feature_selection__threshold=0.01; total time= 1.0min
[CV] END channels_correlation_filter__corr_threshold=0.3, channels_pca__n_components=5, input_selection__channel_selection__alpha=0.05, input_selection__feature_selection__threshold=0.01; total time= 1.0min
[CV] END channels_correlation_filter__corr_threshold=0.3, channels_pca__n_components=5, input_selection__channel_selection__alpha=0.05, input_selection__feature_selection__threshold=0.01; total time= 1.0min
[CV] END channels_correlation_filter__corr_threshold=0.3, channels_pca__n_components=5, input_selection__channel_selection__alpha=0.05, input_selection__feature_selection__threshold=0.01; total time= 1.0min
[CV] END channels_correlation_filter__corr_threshold=0.3, channels_pca__n_components=5, input_selection__channel_selection__alpha=0.05, input_selection__feature_selection__threshold=0.02; total time=  59.5s
[CV] END channels_correlation_filter__corr_threshold=0.3, channels_pca__n_components=5, input_selection__channel_selection__alpha=0.05, input_selection__feature_selection__threshold=0.02; total time= 1.0min
[CV] END channels_correlation_filter__corr_threshold=0.3, channels_pca__n_components=5, input_selection__channel_selection__alpha=0.05, input_selection__feature_selection__threshold=0.02; total time= 1.0min
[CV] END channels_correlation_filter__corr_threshold=0.3, channels_pca__n_components=5, input_selection__channel_selection__alpha=0.05, input_selection__feature_selection__threshold=0.02; total time= 1.0min
[CV] END channels_correlation_filter__corr_threshold=0.3, channels_pca__n_components=5, input_selection__channel_selection__alpha=0.05, input_selection__feature_selection__threshold=0.02; total time= 1.0min
[CV] END channels_correlation_filter__corr_threshold=0.3, channels_pca__n_components=5, input_selection__channel_selection__alpha=0.05, input_selection__feature_selection__threshold=0.02; total time= 1.0min
[CV] END channels_correlation_filter__corr_threshold=0.3, channels_pca__n_components=5, input_selection__channel_selection__alpha=0.05, input_selection__feature_selection__threshold=0.02; total time= 1.0min
[CV] END channels_correlation_filter__corr_threshold=0.3, channels_pca__n_components=5, input_selection__channel_selection__alpha=0.05, input_selection__feature_selection__threshold=0.02; total time= 1.0min
[CV] END channels_correlation_filter__corr_threshold=0.3, channels_pca__n_components=5, input_selection__channel_selection__alpha=0.05, input_selection__feature_selection__threshold=0.02; total time= 1.0min
[CV] END channels_correlation_filter__corr_threshold=0.3, channels_pca__n_components=5, input_selection__channel_selection__alpha=0.05, input_selection__feature_selection__threshold=0.02; total time= 1.0min
[CV] END channels_correlation_filter__corr_threshold=0.3, channels_pca__n_components=5, input_selection__channel_selection__alpha=0.05, input_selection__feature_selection__threshold=0.03; total time=  59.6s
[CV] END channels_correlation_filter__corr_threshold=0.3, channels_pca__n_components=5, input_selection__channel_selection__alpha=0.05, input_selection__feature_selection__threshold=0.03; total time= 1.0min
[CV] END channels_correlation_filter__corr_threshold=0.3, channels_pca__n_components=5, input_selection__channel_selection__alpha=0.05, input_selection__feature_selection__threshold=0.03; total time= 1.0min
[CV] END channels_correlation_filter__corr_threshold=0.3, channels_pca__n_components=5, input_selection__channel_selection__alpha=0.05, input_selection__feature_selection__threshold=0.03; total time=  60.0s
[CV] END channels_correlation_filter__corr_threshold=0.3, channels_pca__n_components=5, input_selection__channel_selection__alpha=0.05, input_selection__feature_selection__threshold=0.03; total time= 1.0min
[CV] END channels_correlation_filter__corr_threshold=0.3, channels_pca__n_components=5, input_selection__channel_selection__alpha=0.05, input_selection__feature_selection__threshold=0.03; total time= 1.0min
[CV] END channels_correlation_filter__corr_threshold=0.3, channels_pca__n_components=5, input_selection__channel_selection__alpha=0.05, input_selection__feature_selection__threshold=0.03; total time= 1.0min
[CV] END channels_correlation_filter__corr_threshold=0.3, channels_pca__n_components=5, input_selection__channel_selection__alpha=0.05, input_selection__feature_selection__threshold=0.03; total time= 1.0min
[CV] END channels_correlation_filter__corr_threshold=0.3, channels_pca__n_components=5, input_selection__channel_selection__alpha=0.05, input_selection__feature_selection__threshold=0.03; total time= 1.0min
[CV] END channels_correlation_filter__corr_threshold=0.3, channels_pca__n_components=5, input_selection__channel_selection__alpha=0.05, input_selection__feature_selection__threshold=0.03; total time= 1.0min
[CV] END channels_correlation_filter__corr_threshold=0.3, channels_pca__n_components=5, input_selection__channel_selection__alpha=0.05, input_selection__feature_selection__threshold=0.05; total time=  58.9s
[CV] END channels_correlation_filter__corr_threshold=0.3, channels_pca__n_components=5, input_selection__channel_selection__alpha=0.05, input_selection__feature_selection__threshold=0.05; total time=  59.7s
[CV] END channels_correlation_filter__corr_threshold=0.3, channels_pca__n_components=5, input_selection__channel_selection__alpha=0.05, input_selection__feature_selection__threshold=0.05; total time=  59.7s
[CV] END channels_correlation_filter__corr_threshold=0.3, channels_pca__n_components=5, input_selection__channel_selection__alpha=0.05, input_selection__feature_selection__threshold=0.05; total time=  59.6s
[CV] END channels_correlation_filter__corr_threshold=0.3, channels_pca__n_components=5, input_selection__channel_selection__alpha=0.05, input_selection__feature_selection__threshold=0.05; total time= 1.0min
[CV] END channels_correlation_filter__corr_threshold=0.3, channels_pca__n_components=5, input_selection__channel_selection__alpha=0.05, input_selection__feature_selection__threshold=0.05; total time= 1.0min
[CV] END channels_correlation_filter__corr_threshold=0.3, channels_pca__n_components=5, input_selection__channel_selection__alpha=0.05, input_selection__feature_selection__threshold=0.05; total time= 1.0min
[CV] END channels_correlation_filter__corr_threshold=0.3, channels_pca__n_components=5, input_selection__channel_selection__alpha=0.05, input_selection__feature_selection__threshold=0.05; total time= 1.0min
[CV] END channels_correlation_filter__corr_threshold=0.3, channels_pca__n_components=5, input_selection__channel_selection__alpha=0.05, input_selection__feature_selection__threshold=0.05; total time= 1.0min
[CV] END channels_correlation_filter__corr_threshold=0.3, channels_pca__n_components=5, input_selection__channel_selection__alpha=0.05, input_selection__feature_selection__threshold=0.05; total time= 1.0min
[CV] END channels_correlation_filter__corr_threshold=0.3, channels_pca__n_components=5, input_selection__channel_selection__alpha=0.1, input_selection__feature_selection__threshold=0.01; total time= 1.0min
[CV] END channels_correlation_filter__corr_threshold=0.3, channels_pca__n_components=5, input_selection__channel_selection__alpha=0.1, input_selection__feature_selection__threshold=0.01; total time= 1.0min
[CV] END channels_correlation_filter__corr_threshold=0.3, channels_pca__n_components=5, input_selection__channel_selection__alpha=0.1, input_selection__feature_selection__threshold=0.01; total time= 1.0min
[CV] END channels_correlation_filter__corr_threshold=0.3, channels_pca__n_components=5, input_selection__channel_selection__alpha=0.1, input_selection__feature_selection__threshold=0.01; total time= 1.0min
[CV] END channels_correlation_filter__corr_threshold=0.3, channels_pca__n_components=5, input_selection__channel_selection__alpha=0.1, input_selection__feature_selection__threshold=0.01; total time= 1.0min
[CV] END channels_correlation_filter__corr_threshold=0.3, channels_pca__n_components=5, input_selection__channel_selection__alpha=0.1, input_selection__feature_selection__threshold=0.01; total time= 1.0min
[CV] END channels_correlation_filter__corr_threshold=0.3, channels_pca__n_components=5, input_selection__channel_selection__alpha=0.1, input_selection__feature_selection__threshold=0.01; total time= 1.0min
[CV] END channels_correlation_filter__corr_threshold=0.3, channels_pca__n_components=5, input_selection__channel_selection__alpha=0.1, input_selection__feature_selection__threshold=0.01; total time= 1.1min
[CV] END channels_correlation_filter__corr_threshold=0.3, channels_pca__n_components=5, input_selection__channel_selection__alpha=0.1, input_selection__feature_selection__threshold=0.01; total time= 1.0min
[CV] END channels_correlation_filter__corr_threshold=0.3, channels_pca__n_components=5, input_selection__channel_selection__alpha=0.1, input_selection__feature_selection__threshold=0.01; total time= 1.0min
[CV] END channels_correlation_filter__corr_threshold=0.3, channels_pca__n_components=5, input_selection__channel_selection__alpha=0.1, input_selection__feature_selection__threshold=0.02; total time= 1.0min
[CV] END channels_correlation_filter__corr_threshold=0.3, channels_pca__n_components=5, input_selection__channel_selection__alpha=0.1, input_selection__feature_selection__threshold=0.02; total time= 1.0min
[CV] END channels_correlation_filter__corr_threshold=0.3, channels_pca__n_components=5, input_selection__channel_selection__alpha=0.1, input_selection__feature_selection__threshold=0.02; total time= 1.0min
[CV] END channels_correlation_filter__corr_threshold=0.3, channels_pca__n_components=5, input_selection__channel_selection__alpha=0.1, input_selection__feature_selection__threshold=0.02; total time= 1.0min
[CV] END channels_correlation_filter__corr_threshold=0.3, channels_pca__n_components=5, input_selection__channel_selection__alpha=0.1, input_selection__feature_selection__threshold=0.02; total time= 1.0min
[CV] END channels_correlation_filter__corr_threshold=0.3, channels_pca__n_components=5, input_selection__channel_selection__alpha=0.1, input_selection__feature_selection__threshold=0.02; total time= 1.0min
[CV] END channels_correlation_filter__corr_threshold=0.3, channels_pca__n_components=5, input_selection__channel_selection__alpha=0.1, input_selection__feature_selection__threshold=0.02; total time= 1.0min
[CV] END channels_correlation_filter__corr_threshold=0.3, channels_pca__n_components=5, input_selection__channel_selection__alpha=0.1, input_selection__feature_selection__threshold=0.02; total time= 1.1min
[CV] END channels_correlation_filter__corr_threshold=0.3, channels_pca__n_components=5, input_selection__channel_selection__alpha=0.1, input_selection__feature_selection__threshold=0.02; total time= 1.0min
[CV] END channels_correlation_filter__corr_threshold=0.3, channels_pca__n_components=5, input_selection__channel_selection__alpha=0.1, input_selection__feature_selection__threshold=0.02; total time= 1.0min
[CV] END channels_correlation_filter__corr_threshold=0.3, channels_pca__n_components=5, input_selection__channel_selection__alpha=0.1, input_selection__feature_selection__threshold=0.03; total time=  59.7s
[CV] END channels_correlation_filter__corr_threshold=0.3, channels_pca__n_components=5, input_selection__channel_selection__alpha=0.1, input_selection__feature_selection__threshold=0.03; total time= 1.0min
[CV] END channels_correlation_filter__corr_threshold=0.3, channels_pca__n_components=5, input_selection__channel_selection__alpha=0.1, input_selection__feature_selection__threshold=0.03; total time= 1.0min
[CV] END channels_correlation_filter__corr_threshold=0.3, channels_pca__n_components=5, input_selection__channel_selection__alpha=0.1, input_selection__feature_selection__threshold=0.03; total time= 1.0min
[CV] END channels_correlation_filter__corr_threshold=0.3, channels_pca__n_components=5, input_selection__channel_selection__alpha=0.1, input_selection__feature_selection__threshold=0.03; total time= 1.0min
[CV] END channels_correlation_filter__corr_threshold=0.3, channels_pca__n_components=5, input_selection__channel_selection__alpha=0.1, input_selection__feature_selection__threshold=0.03; total time= 1.0min
[CV] END channels_correlation_filter__corr_threshold=0.3, channels_pca__n_components=5, input_selection__channel_selection__alpha=0.1, input_selection__feature_selection__threshold=0.03; total time= 1.0min
[CV] END channels_correlation_filter__corr_threshold=0.3, channels_pca__n_components=5, input_selection__channel_selection__alpha=0.1, input_selection__feature_selection__threshold=0.03; total time= 1.0min
[CV] END channels_correlation_filter__corr_threshold=0.3, channels_pca__n_components=5, input_selection__channel_selection__alpha=0.1, input_selection__feature_selection__threshold=0.03; total time= 1.0min
[CV] END channels_correlation_filter__corr_threshold=0.3, channels_pca__n_components=5, input_selection__channel_selection__alpha=0.1, input_selection__feature_selection__threshold=0.03; total time= 1.0min
[CV] END channels_correlation_filter__corr_threshold=0.3, channels_pca__n_components=5, input_selection__channel_selection__alpha=0.1, input_selection__feature_selection__threshold=0.05; total time=  59.0s
[CV] END channels_correlation_filter__corr_threshold=0.3, channels_pca__n_components=5, input_selection__channel_selection__alpha=0.1, input_selection__feature_selection__threshold=0.05; total time= 1.0min
[CV] END channels_correlation_filter__corr_threshold=0.3, channels_pca__n_components=5, input_selection__channel_selection__alpha=0.1, input_selection__feature_selection__threshold=0.05; total time= 1.0min
[CV] END channels_correlation_filter__corr_threshold=0.3, channels_pca__n_components=5, input_selection__channel_selection__alpha=0.1, input_selection__feature_selection__threshold=0.05; total time= 1.0min
[CV] END channels_correlation_filter__corr_threshold=0.3, channels_pca__n_components=5, input_selection__channel_selection__alpha=0.1, input_selection__feature_selection__threshold=0.05; total time=  60.0s
[CV] END channels_correlation_filter__corr_threshold=0.3, channels_pca__n_components=5, input_selection__channel_selection__alpha=0.1, input_selection__feature_selection__threshold=0.05; total time= 1.0min
[CV] END channels_correlation_filter__corr_threshold=0.3, channels_pca__n_components=5, input_selection__channel_selection__alpha=0.1, input_selection__feature_selection__threshold=0.05; total time= 1.0min
[CV] END channels_correlation_filter__corr_threshold=0.3, channels_pca__n_components=5, input_selection__channel_selection__alpha=0.1, input_selection__feature_selection__threshold=0.05; total time= 1.0min
[CV] END channels_correlation_filter__corr_threshold=0.3, channels_pca__n_components=5, input_selection__channel_selection__alpha=0.1, input_selection__feature_selection__threshold=0.05; total time= 1.0min
[CV] END channels_correlation_filter__corr_threshold=0.3, channels_pca__n_components=5, input_selection__channel_selection__alpha=0.1, input_selection__feature_selection__threshold=0.05; total time= 1.0min
[CV] END channels_correlation_filter__corr_threshold=0.4, channels_pca__n_components=1, input_selection__channel_selection__alpha=0.01, input_selection__feature_selection__threshold=0.01; total time=  58.6s
[CV] END channels_correlation_filter__corr_threshold=0.4, channels_pca__n_components=1, input_selection__channel_selection__alpha=0.01, input_selection__feature_selection__threshold=0.01; total time=  59.1s
[CV] END channels_correlation_filter__corr_threshold=0.4, channels_pca__n_components=1, input_selection__channel_selection__alpha=0.01, input_selection__feature_selection__threshold=0.01; total time=  59.2s
[CV] END channels_correlation_filter__corr_threshold=0.4, channels_pca__n_components=1, input_selection__channel_selection__alpha=0.01, input_selection__feature_selection__threshold=0.01; total time=  59.4s
[CV] END channels_correlation_filter__corr_threshold=0.4, channels_pca__n_components=1, input_selection__channel_selection__alpha=0.01, input_selection__feature_selection__threshold=0.01; total time=  59.4s
[CV] END channels_correlation_filter__corr_threshold=0.4, channels_pca__n_components=1, input_selection__channel_selection__alpha=0.01, input_selection__feature_selection__threshold=0.01; total time= 1.0min
[CV] END channels_correlation_filter__corr_threshold=0.4, channels_pca__n_components=1, input_selection__channel_selection__alpha=0.01, input_selection__feature_selection__threshold=0.01; total time=  59.4s
[CV] END channels_correlation_filter__corr_threshold=0.4, channels_pca__n_components=1, input_selection__channel_selection__alpha=0.01, input_selection__feature_selection__threshold=0.01; total time= 1.0min
[CV] END channels_correlation_filter__corr_threshold=0.4, channels_pca__n_components=1, input_selection__channel_selection__alpha=0.01, input_selection__feature_selection__threshold=0.01; total time=  59.1s
[CV] END channels_correlation_filter__corr_threshold=0.4, channels_pca__n_components=1, input_selection__channel_selection__alpha=0.01, input_selection__feature_selection__threshold=0.01; total time=  59.5s
[CV] END channels_correlation_filter__corr_threshold=0.4, channels_pca__n_components=1, input_selection__channel_selection__alpha=0.01, input_selection__feature_selection__threshold=0.02; total time=  57.7s
[CV] END channels_correlation_filter__corr_threshold=0.4, channels_pca__n_components=1, input_selection__channel_selection__alpha=0.01, input_selection__feature_selection__threshold=0.02; total time=  59.1s
[CV] END channels_correlation_filter__corr_threshold=0.4, channels_pca__n_components=1, input_selection__channel_selection__alpha=0.01, input_selection__feature_selection__threshold=0.02; total time=  58.6s
[CV] END channels_correlation_filter__corr_threshold=0.4, channels_pca__n_components=1, input_selection__channel_selection__alpha=0.01, input_selection__feature_selection__threshold=0.02; total time=  58.4s
[CV] END channels_correlation_filter__corr_threshold=0.4, channels_pca__n_components=1, input_selection__channel_selection__alpha=0.01, input_selection__feature_selection__threshold=0.02; total time=  58.9s
[CV] END channels_correlation_filter__corr_threshold=0.4, channels_pca__n_components=1, input_selection__channel_selection__alpha=0.01, input_selection__feature_selection__threshold=0.02; total time=  59.5s
[CV] END channels_correlation_filter__corr_threshold=0.4, channels_pca__n_components=1, input_selection__channel_selection__alpha=0.01, input_selection__feature_selection__threshold=0.02; total time=  59.2s
[CV] END channels_correlation_filter__corr_threshold=0.4, channels_pca__n_components=1, input_selection__channel_selection__alpha=0.01, input_selection__feature_selection__threshold=0.02; total time= 1.0min
[CV] END channels_correlation_filter__corr_threshold=0.4, channels_pca__n_components=1, input_selection__channel_selection__alpha=0.01, input_selection__feature_selection__threshold=0.02; total time=  59.2s
[CV] END channels_correlation_filter__corr_threshold=0.4, channels_pca__n_components=1, input_selection__channel_selection__alpha=0.01, input_selection__feature_selection__threshold=0.02; total time=  58.9s
[CV] END channels_correlation_filter__corr_threshold=0.4, channels_pca__n_components=1, input_selection__channel_selection__alpha=0.01, input_selection__feature_selection__threshold=0.03; total time=  57.6s
[CV] END channels_correlation_filter__corr_threshold=0.4, channels_pca__n_components=1, input_selection__channel_selection__alpha=0.01, input_selection__feature_selection__threshold=0.03; total time=  59.2s
[CV] END channels_correlation_filter__corr_threshold=0.4, channels_pca__n_components=1, input_selection__channel_selection__alpha=0.01, input_selection__feature_selection__threshold=0.03; total time=  58.8s
[CV] END channels_correlation_filter__corr_threshold=0.4, channels_pca__n_components=1, input_selection__channel_selection__alpha=0.01, input_selection__feature_selection__threshold=0.03; total time=  58.4s
[CV] END channels_correlation_filter__corr_threshold=0.4, channels_pca__n_components=1, input_selection__channel_selection__alpha=0.01, input_selection__feature_selection__threshold=0.03; total time=  59.2s
[CV] END channels_correlation_filter__corr_threshold=0.4, channels_pca__n_components=1, input_selection__channel_selection__alpha=0.01, input_selection__feature_selection__threshold=0.03; total time=  59.1s
[CV] END channels_correlation_filter__corr_threshold=0.4, channels_pca__n_components=1, input_selection__channel_selection__alpha=0.01, input_selection__feature_selection__threshold=0.03; total time=  59.2s
[CV] END channels_correlation_filter__corr_threshold=0.4, channels_pca__n_components=1, input_selection__channel_selection__alpha=0.01, input_selection__feature_selection__threshold=0.03; total time=  59.7s
[CV] END channels_correlation_filter__corr_threshold=0.4, channels_pca__n_components=1, input_selection__channel_selection__alpha=0.01, input_selection__feature_selection__threshold=0.03; total time=  59.2s
[CV] END channels_correlation_filter__corr_threshold=0.4, channels_pca__n_components=1, input_selection__channel_selection__alpha=0.01, input_selection__feature_selection__threshold=0.03; total time=  58.7s
[CV] END channels_correlation_filter__corr_threshold=0.4, channels_pca__n_components=1, input_selection__channel_selection__alpha=0.01, input_selection__feature_selection__threshold=0.05; total time=  56.0s
[CV] END channels_correlation_filter__corr_threshold=0.4, channels_pca__n_components=1, input_selection__channel_selection__alpha=0.01, input_selection__feature_selection__threshold=0.05; total time=  58.4s
[CV] END channels_correlation_filter__corr_threshold=0.4, channels_pca__n_components=1, input_selection__channel_selection__alpha=0.01, input_selection__feature_selection__threshold=0.05; total time=  57.9s
[CV] END channels_correlation_filter__corr_threshold=0.4, channels_pca__n_components=1, input_selection__channel_selection__alpha=0.01, input_selection__feature_selection__threshold=0.05; total time=  58.5s
[CV] END channels_correlation_filter__corr_threshold=0.4, channels_pca__n_components=1, input_selection__channel_selection__alpha=0.01, input_selection__feature_selection__threshold=0.05; total time=  57.6s
[CV] END channels_correlation_filter__corr_threshold=0.4, channels_pca__n_components=1, input_selection__channel_selection__alpha=0.01, input_selection__feature_selection__threshold=0.05; total time=  57.9s
[CV] END channels_correlation_filter__corr_threshold=0.4, channels_pca__n_components=1, input_selection__channel_selection__alpha=0.01, input_selection__feature_selection__threshold=0.05; total time=  59.2s
[CV] END channels_correlation_filter__corr_threshold=0.4, channels_pca__n_components=1, input_selection__channel_selection__alpha=0.01, input_selection__feature_selection__threshold=0.05; total time=  59.1s
[CV] END channels_correlation_filter__corr_threshold=0.4, channels_pca__n_components=1, input_selection__channel_selection__alpha=0.01, input_selection__feature_selection__threshold=0.05; total time=  58.3s
[CV] END channels_correlation_filter__corr_threshold=0.4, channels_pca__n_components=1, input_selection__channel_selection__alpha=0.01, input_selection__feature_selection__threshold=0.05; total time=  58.6s
[CV] END channels_correlation_filter__corr_threshold=0.4, channels_pca__n_components=1, input_selection__channel_selection__alpha=0.05, input_selection__feature_selection__threshold=0.01; total time=  59.9s
[CV] END channels_correlation_filter__corr_threshold=0.4, channels_pca__n_components=1, input_selection__channel_selection__alpha=0.05, input_selection__feature_selection__threshold=0.01; total time=  59.9s
[CV] END channels_correlation_filter__corr_threshold=0.4, channels_pca__n_components=1, input_selection__channel_selection__alpha=0.05, input_selection__feature_selection__threshold=0.01; total time= 1.0min
[CV] END channels_correlation_filter__corr_threshold=0.4, channels_pca__n_components=1, input_selection__channel_selection__alpha=0.05, input_selection__feature_selection__threshold=0.01; total time= 1.0min
[CV] END channels_correlation_filter__corr_threshold=0.4, channels_pca__n_components=1, input_selection__channel_selection__alpha=0.05, input_selection__feature_selection__threshold=0.01; total time= 1.0min
[CV] END channels_correlation_filter__corr_threshold=0.4, channels_pca__n_components=1, input_selection__channel_selection__alpha=0.05, input_selection__feature_selection__threshold=0.01; total time= 1.0min
[CV] END channels_correlation_filter__corr_threshold=0.4, channels_pca__n_components=1, input_selection__channel_selection__alpha=0.05, input_selection__feature_selection__threshold=0.01; total time= 1.0min
[CV] END channels_correlation_filter__corr_threshold=0.4, channels_pca__n_components=1, input_selection__channel_selection__alpha=0.05, input_selection__feature_selection__threshold=0.01; total time= 1.0min
[CV] END channels_correlation_filter__corr_threshold=0.4, channels_pca__n_components=1, input_selection__channel_selection__alpha=0.05, input_selection__feature_selection__threshold=0.01; total time= 1.0min
[CV] END channels_correlation_filter__corr_threshold=0.4, channels_pca__n_components=1, input_selection__channel_selection__alpha=0.05, input_selection__feature_selection__threshold=0.01; total time= 1.0min
[CV] END channels_correlation_filter__corr_threshold=0.4, channels_pca__n_components=1, input_selection__channel_selection__alpha=0.05, input_selection__feature_selection__threshold=0.02; total time=  58.7s
[CV] END channels_correlation_filter__corr_threshold=0.4, channels_pca__n_components=1, input_selection__channel_selection__alpha=0.05, input_selection__feature_selection__threshold=0.02; total time=  60.0s
[CV] END channels_correlation_filter__corr_threshold=0.4, channels_pca__n_components=1, input_selection__channel_selection__alpha=0.05, input_selection__feature_selection__threshold=0.02; total time=  59.7s
[CV] END channels_correlation_filter__corr_threshold=0.4, channels_pca__n_components=1, input_selection__channel_selection__alpha=0.05, input_selection__feature_selection__threshold=0.02; total time=  59.4s
[CV] END channels_correlation_filter__corr_threshold=0.4, channels_pca__n_components=1, input_selection__channel_selection__alpha=0.05, input_selection__feature_selection__threshold=0.02; total time= 1.0min
[CV] END channels_correlation_filter__corr_threshold=0.4, channels_pca__n_components=1, input_selection__channel_selection__alpha=0.05, input_selection__feature_selection__threshold=0.02; total time= 1.0min
[CV] END channels_correlation_filter__corr_threshold=0.4, channels_pca__n_components=1, input_selection__channel_selection__alpha=0.05, input_selection__feature_selection__threshold=0.02; total time= 1.0min
[CV] END channels_correlation_filter__corr_threshold=0.4, channels_pca__n_components=1, input_selection__channel_selection__alpha=0.05, input_selection__feature_selection__threshold=0.02; total time= 1.0min
[CV] END channels_correlation_filter__corr_threshold=0.4, channels_pca__n_components=1, input_selection__channel_selection__alpha=0.05, input_selection__feature_selection__threshold=0.02; total time= 1.0min
[CV] END channels_correlation_filter__corr_threshold=0.4, channels_pca__n_components=1, input_selection__channel_selection__alpha=0.05, input_selection__feature_selection__threshold=0.02; total time= 1.0min
[CV] END channels_correlation_filter__corr_threshold=0.4, channels_pca__n_components=1, input_selection__channel_selection__alpha=0.05, input_selection__feature_selection__threshold=0.03; total time=  58.7s
[CV] END channels_correlation_filter__corr_threshold=0.4, channels_pca__n_components=1, input_selection__channel_selection__alpha=0.05, input_selection__feature_selection__threshold=0.03; total time=  59.8s
[CV] END channels_correlation_filter__corr_threshold=0.4, channels_pca__n_components=1, input_selection__channel_selection__alpha=0.05, input_selection__feature_selection__threshold=0.03; total time= 1.0min
[CV] END channels_correlation_filter__corr_threshold=0.4, channels_pca__n_components=1, input_selection__channel_selection__alpha=0.05, input_selection__feature_selection__threshold=0.03; total time=  59.1s
[CV] END channels_correlation_filter__corr_threshold=0.4, channels_pca__n_components=1, input_selection__channel_selection__alpha=0.05, input_selection__feature_selection__threshold=0.03; total time= 1.0min
[CV] END channels_correlation_filter__corr_threshold=0.4, channels_pca__n_components=1, input_selection__channel_selection__alpha=0.05, input_selection__feature_selection__threshold=0.03; total time=  59.7s
[CV] END channels_correlation_filter__corr_threshold=0.4, channels_pca__n_components=1, input_selection__channel_selection__alpha=0.05, input_selection__feature_selection__threshold=0.03; total time= 1.0min
[CV] END channels_correlation_filter__corr_threshold=0.4, channels_pca__n_components=1, input_selection__channel_selection__alpha=0.05, input_selection__feature_selection__threshold=0.03; total time= 1.0min
[CV] END channels_correlation_filter__corr_threshold=0.4, channels_pca__n_components=1, input_selection__channel_selection__alpha=0.05, input_selection__feature_selection__threshold=0.03; total time= 1.0min
[CV] END channels_correlation_filter__corr_threshold=0.4, channels_pca__n_components=1, input_selection__channel_selection__alpha=0.05, input_selection__feature_selection__threshold=0.03; total time= 1.0min
[CV] END channels_correlation_filter__corr_threshold=0.4, channels_pca__n_components=1, input_selection__channel_selection__alpha=0.05, input_selection__feature_selection__threshold=0.05; total time=  56.6s
[CV] END channels_correlation_filter__corr_threshold=0.4, channels_pca__n_components=1, input_selection__channel_selection__alpha=0.05, input_selection__feature_selection__threshold=0.05; total time=  59.0s
[CV] END channels_correlation_filter__corr_threshold=0.4, channels_pca__n_components=1, input_selection__channel_selection__alpha=0.05, input_selection__feature_selection__threshold=0.05; total time=  58.6s
[CV] END channels_correlation_filter__corr_threshold=0.4, channels_pca__n_components=1, input_selection__channel_selection__alpha=0.05, input_selection__feature_selection__threshold=0.05; total time=  59.2s
[CV] END channels_correlation_filter__corr_threshold=0.4, channels_pca__n_components=1, input_selection__channel_selection__alpha=0.05, input_selection__feature_selection__threshold=0.05; total time=  58.4s
[CV] END channels_correlation_filter__corr_threshold=0.4, channels_pca__n_components=1, input_selection__channel_selection__alpha=0.05, input_selection__feature_selection__threshold=0.05; total time=  58.5s
[CV] END channels_correlation_filter__corr_threshold=0.4, channels_pca__n_components=1, input_selection__channel_selection__alpha=0.05, input_selection__feature_selection__threshold=0.05; total time=  59.8s
[CV] END channels_correlation_filter__corr_threshold=0.4, channels_pca__n_components=1, input_selection__channel_selection__alpha=0.05, input_selection__feature_selection__threshold=0.05; total time=  59.7s
[CV] END channels_correlation_filter__corr_threshold=0.4, channels_pca__n_components=1, input_selection__channel_selection__alpha=0.05, input_selection__feature_selection__threshold=0.05; total time=  59.1s
[CV] END channels_correlation_filter__corr_threshold=0.4, channels_pca__n_components=1, input_selection__channel_selection__alpha=0.05, input_selection__feature_selection__threshold=0.05; total time=  59.8s
[CV] END channels_correlation_filter__corr_threshold=0.4, channels_pca__n_components=1, input_selection__channel_selection__alpha=0.1, input_selection__feature_selection__threshold=0.01; total time= 1.0min
[CV] END channels_correlation_filter__corr_threshold=0.4, channels_pca__n_components=1, input_selection__channel_selection__alpha=0.1, input_selection__feature_selection__threshold=0.01; total time= 1.0min
[CV] END channels_correlation_filter__corr_threshold=0.4, channels_pca__n_components=1, input_selection__channel_selection__alpha=0.1, input_selection__feature_selection__threshold=0.01; total time= 1.0min
[CV] END channels_correlation_filter__corr_threshold=0.4, channels_pca__n_components=1, input_selection__channel_selection__alpha=0.1, input_selection__feature_selection__threshold=0.01; total time= 1.0min
[CV] END channels_correlation_filter__corr_threshold=0.4, channels_pca__n_components=1, input_selection__channel_selection__alpha=0.1, input_selection__feature_selection__threshold=0.01; total time= 1.0min
[CV] END channels_correlation_filter__corr_threshold=0.4, channels_pca__n_components=1, input_selection__channel_selection__alpha=0.1, input_selection__feature_selection__threshold=0.01; total time= 1.0min
[CV] END channels_correlation_filter__corr_threshold=0.4, channels_pca__n_components=1, input_selection__channel_selection__alpha=0.1, input_selection__feature_selection__threshold=0.01; total time= 1.0min
[CV] END channels_correlation_filter__corr_threshold=0.4, channels_pca__n_components=1, input_selection__channel_selection__alpha=0.1, input_selection__feature_selection__threshold=0.01; total time= 1.0min
[CV] END channels_correlation_filter__corr_threshold=0.4, channels_pca__n_components=1, input_selection__channel_selection__alpha=0.1, input_selection__feature_selection__threshold=0.01; total time= 1.0min
[CV] END channels_correlation_filter__corr_threshold=0.4, channels_pca__n_components=1, input_selection__channel_selection__alpha=0.1, input_selection__feature_selection__threshold=0.01; total time= 1.0min
[CV] END channels_correlation_filter__corr_threshold=0.4, channels_pca__n_components=1, input_selection__channel_selection__alpha=0.1, input_selection__feature_selection__threshold=0.02; total time=  59.4s
[CV] END channels_correlation_filter__corr_threshold=0.4, channels_pca__n_components=1, input_selection__channel_selection__alpha=0.1, input_selection__feature_selection__threshold=0.02; total time= 1.0min
[CV] END channels_correlation_filter__corr_threshold=0.4, channels_pca__n_components=1, input_selection__channel_selection__alpha=0.1, input_selection__feature_selection__threshold=0.02; total time= 1.0min
[CV] END channels_correlation_filter__corr_threshold=0.4, channels_pca__n_components=1, input_selection__channel_selection__alpha=0.1, input_selection__feature_selection__threshold=0.02; total time= 1.0min
[CV] END channels_correlation_filter__corr_threshold=0.4, channels_pca__n_components=1, input_selection__channel_selection__alpha=0.1, input_selection__feature_selection__threshold=0.02; total time= 1.0min
[CV] END channels_correlation_filter__corr_threshold=0.4, channels_pca__n_components=1, input_selection__channel_selection__alpha=0.1, input_selection__feature_selection__threshold=0.02; total time= 1.0min
[CV] END channels_correlation_filter__corr_threshold=0.4, channels_pca__n_components=1, input_selection__channel_selection__alpha=0.1, input_selection__feature_selection__threshold=0.02; total time= 1.0min
[CV] END channels_correlation_filter__corr_threshold=0.4, channels_pca__n_components=1, input_selection__channel_selection__alpha=0.1, input_selection__feature_selection__threshold=0.02; total time= 1.0min
[CV] END channels_correlation_filter__corr_threshold=0.4, channels_pca__n_components=1, input_selection__channel_selection__alpha=0.1, input_selection__feature_selection__threshold=0.02; total time= 1.0min
[CV] END channels_correlation_filter__corr_threshold=0.4, channels_pca__n_components=1, input_selection__channel_selection__alpha=0.1, input_selection__feature_selection__threshold=0.02; total time= 1.0min
[CV] END channels_correlation_filter__corr_threshold=0.4, channels_pca__n_components=1, input_selection__channel_selection__alpha=0.1, input_selection__feature_selection__threshold=0.03; total time=  59.0s
[CV] END channels_correlation_filter__corr_threshold=0.4, channels_pca__n_components=1, input_selection__channel_selection__alpha=0.1, input_selection__feature_selection__threshold=0.03; total time= 1.0min
[CV] END channels_correlation_filter__corr_threshold=0.4, channels_pca__n_components=1, input_selection__channel_selection__alpha=0.1, input_selection__feature_selection__threshold=0.03; total time= 1.0min
[CV] END channels_correlation_filter__corr_threshold=0.4, channels_pca__n_components=1, input_selection__channel_selection__alpha=0.1, input_selection__feature_selection__threshold=0.03; total time=  59.7s
[CV] END channels_correlation_filter__corr_threshold=0.4, channels_pca__n_components=1, input_selection__channel_selection__alpha=0.1, input_selection__feature_selection__threshold=0.03; total time= 1.0min
[CV] END channels_correlation_filter__corr_threshold=0.4, channels_pca__n_components=1, input_selection__channel_selection__alpha=0.1, input_selection__feature_selection__threshold=0.03; total time= 1.0min
[CV] END channels_correlation_filter__corr_threshold=0.4, channels_pca__n_components=1, input_selection__channel_selection__alpha=0.1, input_selection__feature_selection__threshold=0.03; total time= 1.0min
[CV] END channels_correlation_filter__corr_threshold=0.4, channels_pca__n_components=1, input_selection__channel_selection__alpha=0.1, input_selection__feature_selection__threshold=0.03; total time= 1.0min
[CV] END channels_correlation_filter__corr_threshold=0.4, channels_pca__n_components=1, input_selection__channel_selection__alpha=0.1, input_selection__feature_selection__threshold=0.03; total time= 1.0min
[CV] END channels_correlation_filter__corr_threshold=0.4, channels_pca__n_components=1, input_selection__channel_selection__alpha=0.1, input_selection__feature_selection__threshold=0.03; total time= 1.0min
[CV] END channels_correlation_filter__corr_threshold=0.4, channels_pca__n_components=1, input_selection__channel_selection__alpha=0.1, input_selection__feature_selection__threshold=0.05; total time=  56.9s
[CV] END channels_correlation_filter__corr_threshold=0.4, channels_pca__n_components=1, input_selection__channel_selection__alpha=0.1, input_selection__feature_selection__threshold=0.05; total time=  59.6s
[CV] END channels_correlation_filter__corr_threshold=0.4, channels_pca__n_components=1, input_selection__channel_selection__alpha=0.1, input_selection__feature_selection__threshold=0.05; total time=  58.6s
[CV] END channels_correlation_filter__corr_threshold=0.4, channels_pca__n_components=1, input_selection__channel_selection__alpha=0.1, input_selection__feature_selection__threshold=0.05; total time=  59.3s
[CV] END channels_correlation_filter__corr_threshold=0.4, channels_pca__n_components=1, input_selection__channel_selection__alpha=0.1, input_selection__feature_selection__threshold=0.05; total time=  58.4s
[CV] END channels_correlation_filter__corr_threshold=0.4, channels_pca__n_components=1, input_selection__channel_selection__alpha=0.1, input_selection__feature_selection__threshold=0.05; total time=  58.7s
[CV] END channels_correlation_filter__corr_threshold=0.4, channels_pca__n_components=1, input_selection__channel_selection__alpha=0.1, input_selection__feature_selection__threshold=0.05; total time=  60.0s
[CV] END channels_correlation_filter__corr_threshold=0.4, channels_pca__n_components=1, input_selection__channel_selection__alpha=0.1, input_selection__feature_selection__threshold=0.05; total time=  59.9s
[CV] END channels_correlation_filter__corr_threshold=0.4, channels_pca__n_components=1, input_selection__channel_selection__alpha=0.1, input_selection__feature_selection__threshold=0.05; total time=  59.6s
[CV] END channels_correlation_filter__corr_threshold=0.4, channels_pca__n_components=1, input_selection__channel_selection__alpha=0.1, input_selection__feature_selection__threshold=0.05; total time= 1.0min
[CV] END channels_correlation_filter__corr_threshold=0.4, channels_pca__n_components=2, input_selection__channel_selection__alpha=0.01, input_selection__feature_selection__threshold=0.01; total time=  59.3s
[CV] END channels_correlation_filter__corr_threshold=0.4, channels_pca__n_components=2, input_selection__channel_selection__alpha=0.01, input_selection__feature_selection__threshold=0.01; total time=  59.5s
[CV] END channels_correlation_filter__corr_threshold=0.4, channels_pca__n_components=2, input_selection__channel_selection__alpha=0.01, input_selection__feature_selection__threshold=0.01; total time= 1.0min
[CV] END channels_correlation_filter__corr_threshold=0.4, channels_pca__n_components=2, input_selection__channel_selection__alpha=0.01, input_selection__feature_selection__threshold=0.01; total time=  59.9s
[CV] END channels_correlation_filter__corr_threshold=0.4, channels_pca__n_components=2, input_selection__channel_selection__alpha=0.01, input_selection__feature_selection__threshold=0.01; total time=  59.8s
[CV] END channels_correlation_filter__corr_threshold=0.4, channels_pca__n_components=2, input_selection__channel_selection__alpha=0.01, input_selection__feature_selection__threshold=0.01; total time= 1.0min
[CV] END channels_correlation_filter__corr_threshold=0.4, channels_pca__n_components=2, input_selection__channel_selection__alpha=0.01, input_selection__feature_selection__threshold=0.01; total time=  59.8s
[CV] END channels_correlation_filter__corr_threshold=0.4, channels_pca__n_components=2, input_selection__channel_selection__alpha=0.01, input_selection__feature_selection__threshold=0.01; total time= 1.0min
[CV] END channels_correlation_filter__corr_threshold=0.4, channels_pca__n_components=2, input_selection__channel_selection__alpha=0.01, input_selection__feature_selection__threshold=0.01; total time=  59.7s
[CV] END channels_correlation_filter__corr_threshold=0.4, channels_pca__n_components=2, input_selection__channel_selection__alpha=0.01, input_selection__feature_selection__threshold=0.01; total time= 1.0min
[CV] END channels_correlation_filter__corr_threshold=0.4, channels_pca__n_components=2, input_selection__channel_selection__alpha=0.01, input_selection__feature_selection__threshold=0.02; total time=  58.1s
[CV] END channels_correlation_filter__corr_threshold=0.4, channels_pca__n_components=2, input_selection__channel_selection__alpha=0.01, input_selection__feature_selection__threshold=0.02; total time=  59.3s
[CV] END channels_correlation_filter__corr_threshold=0.4, channels_pca__n_components=2, input_selection__channel_selection__alpha=0.01, input_selection__feature_selection__threshold=0.02; total time=  58.9s
[CV] END channels_correlation_filter__corr_threshold=0.4, channels_pca__n_components=2, input_selection__channel_selection__alpha=0.01, input_selection__feature_selection__threshold=0.02; total time=  59.1s
[CV] END channels_correlation_filter__corr_threshold=0.4, channels_pca__n_components=2, input_selection__channel_selection__alpha=0.01, input_selection__feature_selection__threshold=0.02; total time=  59.5s
[CV] END channels_correlation_filter__corr_threshold=0.4, channels_pca__n_components=2, input_selection__channel_selection__alpha=0.01, input_selection__feature_selection__threshold=0.02; total time= 1.0min
[CV] END channels_correlation_filter__corr_threshold=0.4, channels_pca__n_components=2, input_selection__channel_selection__alpha=0.01, input_selection__feature_selection__threshold=0.02; total time=  59.8s
[CV] END channels_correlation_filter__corr_threshold=0.4, channels_pca__n_components=2, input_selection__channel_selection__alpha=0.01, input_selection__feature_selection__threshold=0.02; total time= 1.0min
[CV] END channels_correlation_filter__corr_threshold=0.4, channels_pca__n_components=2, input_selection__channel_selection__alpha=0.01, input_selection__feature_selection__threshold=0.02; total time=  59.7s
[CV] END channels_correlation_filter__corr_threshold=0.4, channels_pca__n_components=2, input_selection__channel_selection__alpha=0.01, input_selection__feature_selection__threshold=0.02; total time=  59.3s
[CV] END channels_correlation_filter__corr_threshold=0.4, channels_pca__n_components=2, input_selection__channel_selection__alpha=0.01, input_selection__feature_selection__threshold=0.03; total time=  58.3s
[CV] END channels_correlation_filter__corr_threshold=0.4, channels_pca__n_components=2, input_selection__channel_selection__alpha=0.01, input_selection__feature_selection__threshold=0.03; total time=  59.4s
[CV] END channels_correlation_filter__corr_threshold=0.4, channels_pca__n_components=2, input_selection__channel_selection__alpha=0.01, input_selection__feature_selection__threshold=0.03; total time=  59.0s
[CV] END channels_correlation_filter__corr_threshold=0.4, channels_pca__n_components=2, input_selection__channel_selection__alpha=0.01, input_selection__feature_selection__threshold=0.03; total time=  58.8s
[CV] END channels_correlation_filter__corr_threshold=0.4, channels_pca__n_components=2, input_selection__channel_selection__alpha=0.01, input_selection__feature_selection__threshold=0.03; total time=  59.5s
[CV] END channels_correlation_filter__corr_threshold=0.4, channels_pca__n_components=2, input_selection__channel_selection__alpha=0.01, input_selection__feature_selection__threshold=0.03; total time=  59.4s
[CV] END channels_correlation_filter__corr_threshold=0.4, channels_pca__n_components=2, input_selection__channel_selection__alpha=0.01, input_selection__feature_selection__threshold=0.03; total time=  59.3s
[CV] END channels_correlation_filter__corr_threshold=0.4, channels_pca__n_components=2, input_selection__channel_selection__alpha=0.01, input_selection__feature_selection__threshold=0.03; total time=  59.9s
[CV] END channels_correlation_filter__corr_threshold=0.4, channels_pca__n_components=2, input_selection__channel_selection__alpha=0.01, input_selection__feature_selection__threshold=0.03; total time=  59.7s
[CV] END channels_correlation_filter__corr_threshold=0.4, channels_pca__n_components=2, input_selection__channel_selection__alpha=0.01, input_selection__feature_selection__threshold=0.03; total time=  58.6s
[CV] END channels_correlation_filter__corr_threshold=0.4, channels_pca__n_components=2, input_selection__channel_selection__alpha=0.01, input_selection__feature_selection__threshold=0.05; total time=  57.2s
[CV] END channels_correlation_filter__corr_threshold=0.4, channels_pca__n_components=2, input_selection__channel_selection__alpha=0.01, input_selection__feature_selection__threshold=0.05; total time=  58.8s
[CV] END channels_correlation_filter__corr_threshold=0.4, channels_pca__n_components=2, input_selection__channel_selection__alpha=0.01, input_selection__feature_selection__threshold=0.05; total time=  58.6s
[CV] END channels_correlation_filter__corr_threshold=0.4, channels_pca__n_components=2, input_selection__channel_selection__alpha=0.01, input_selection__feature_selection__threshold=0.05; total time=  58.9s
[CV] END channels_correlation_filter__corr_threshold=0.4, channels_pca__n_components=2, input_selection__channel_selection__alpha=0.01, input_selection__feature_selection__threshold=0.05; total time=  58.4s
[CV] END channels_correlation_filter__corr_threshold=0.4, channels_pca__n_components=2, input_selection__channel_selection__alpha=0.01, input_selection__feature_selection__threshold=0.05; total time=  58.8s
[CV] END channels_correlation_filter__corr_threshold=0.4, channels_pca__n_components=2, input_selection__channel_selection__alpha=0.01, input_selection__feature_selection__threshold=0.05; total time=  59.4s
[CV] END channels_correlation_filter__corr_threshold=0.4, channels_pca__n_components=2, input_selection__channel_selection__alpha=0.01, input_selection__feature_selection__threshold=0.05; total time=  59.4s
[CV] END channels_correlation_filter__corr_threshold=0.4, channels_pca__n_components=2, input_selection__channel_selection__alpha=0.01, input_selection__feature_selection__threshold=0.05; total time=  58.6s
[CV] END channels_correlation_filter__corr_threshold=0.4, channels_pca__n_components=2, input_selection__channel_selection__alpha=0.01, input_selection__feature_selection__threshold=0.05; total time=  59.2s
[CV] END channels_correlation_filter__corr_threshold=0.4, channels_pca__n_components=2, input_selection__channel_selection__alpha=0.05, input_selection__feature_selection__threshold=0.01; total time= 1.0min
[CV] END channels_correlation_filter__corr_threshold=0.4, channels_pca__n_components=2, input_selection__channel_selection__alpha=0.05, input_selection__feature_selection__threshold=0.01; total time=  60.0s
[CV] END channels_correlation_filter__corr_threshold=0.4, channels_pca__n_components=2, input_selection__channel_selection__alpha=0.05, input_selection__feature_selection__threshold=0.01; total time= 1.0min
[CV] END channels_correlation_filter__corr_threshold=0.4, channels_pca__n_components=2, input_selection__channel_selection__alpha=0.05, input_selection__feature_selection__threshold=0.01; total time= 1.0min
[CV] END channels_correlation_filter__corr_threshold=0.4, channels_pca__n_components=2, input_selection__channel_selection__alpha=0.05, input_selection__feature_selection__threshold=0.01; total time= 1.0min
[CV] END channels_correlation_filter__corr_threshold=0.4, channels_pca__n_components=2, input_selection__channel_selection__alpha=0.05, input_selection__feature_selection__threshold=0.01; total time= 1.0min
[CV] END channels_correlation_filter__corr_threshold=0.4, channels_pca__n_components=2, input_selection__channel_selection__alpha=0.05, input_selection__feature_selection__threshold=0.01; total time= 1.0min
[CV] END channels_correlation_filter__corr_threshold=0.4, channels_pca__n_components=2, input_selection__channel_selection__alpha=0.05, input_selection__feature_selection__threshold=0.01; total time= 1.0min
[CV] END channels_correlation_filter__corr_threshold=0.4, channels_pca__n_components=2, input_selection__channel_selection__alpha=0.05, input_selection__feature_selection__threshold=0.01; total time= 1.0min
[CV] END channels_correlation_filter__corr_threshold=0.4, channels_pca__n_components=2, input_selection__channel_selection__alpha=0.05, input_selection__feature_selection__threshold=0.01; total time= 1.0min
[CV] END channels_correlation_filter__corr_threshold=0.4, channels_pca__n_components=2, input_selection__channel_selection__alpha=0.05, input_selection__feature_selection__threshold=0.02; total time=  58.9s
[CV] END channels_correlation_filter__corr_threshold=0.4, channels_pca__n_components=2, input_selection__channel_selection__alpha=0.05, input_selection__feature_selection__threshold=0.02; total time= 1.0min
[CV] END channels_correlation_filter__corr_threshold=0.4, channels_pca__n_components=2, input_selection__channel_selection__alpha=0.05, input_selection__feature_selection__threshold=0.02; total time=  59.8s
[CV] END channels_correlation_filter__corr_threshold=0.4, channels_pca__n_components=2, input_selection__channel_selection__alpha=0.05, input_selection__feature_selection__threshold=0.02; total time=  59.6s
[CV] END channels_correlation_filter__corr_threshold=0.4, channels_pca__n_components=2, input_selection__channel_selection__alpha=0.05, input_selection__feature_selection__threshold=0.02; total time= 1.0min
[CV] END channels_correlation_filter__corr_threshold=0.4, channels_pca__n_components=2, input_selection__channel_selection__alpha=0.05, input_selection__feature_selection__threshold=0.02; total time= 1.0min
[CV] END channels_correlation_filter__corr_threshold=0.4, channels_pca__n_components=2, input_selection__channel_selection__alpha=0.05, input_selection__feature_selection__threshold=0.02; total time= 1.0min
[CV] END channels_correlation_filter__corr_threshold=0.4, channels_pca__n_components=2, input_selection__channel_selection__alpha=0.05, input_selection__feature_selection__threshold=0.02; total time= 1.0min
[CV] END channels_correlation_filter__corr_threshold=0.4, channels_pca__n_components=2, input_selection__channel_selection__alpha=0.05, input_selection__feature_selection__threshold=0.02; total time= 1.0min
[CV] END channels_correlation_filter__corr_threshold=0.4, channels_pca__n_components=2, input_selection__channel_selection__alpha=0.05, input_selection__feature_selection__threshold=0.02; total time= 1.0min
[CV] END channels_correlation_filter__corr_threshold=0.4, channels_pca__n_components=2, input_selection__channel_selection__alpha=0.05, input_selection__feature_selection__threshold=0.03; total time=  59.2s
[CV] END channels_correlation_filter__corr_threshold=0.4, channels_pca__n_components=2, input_selection__channel_selection__alpha=0.05, input_selection__feature_selection__threshold=0.03; total time= 1.0min
[CV] END channels_correlation_filter__corr_threshold=0.4, channels_pca__n_components=2, input_selection__channel_selection__alpha=0.05, input_selection__feature_selection__threshold=0.03; total time=  59.7s
[CV] END channels_correlation_filter__corr_threshold=0.4, channels_pca__n_components=2, input_selection__channel_selection__alpha=0.05, input_selection__feature_selection__threshold=0.03; total time=  59.8s
[CV] END channels_correlation_filter__corr_threshold=0.4, channels_pca__n_components=2, input_selection__channel_selection__alpha=0.05, input_selection__feature_selection__threshold=0.03; total time= 1.0min
[CV] END channels_correlation_filter__corr_threshold=0.4, channels_pca__n_components=2, input_selection__channel_selection__alpha=0.05, input_selection__feature_selection__threshold=0.03; total time= 1.0min
[CV] END channels_correlation_filter__corr_threshold=0.4, channels_pca__n_components=2, input_selection__channel_selection__alpha=0.05, input_selection__feature_selection__threshold=0.03; total time= 1.0min
[CV] END channels_correlation_filter__corr_threshold=0.4, channels_pca__n_components=2, input_selection__channel_selection__alpha=0.05, input_selection__feature_selection__threshold=0.03; total time= 1.0min
[CV] END channels_correlation_filter__corr_threshold=0.4, channels_pca__n_components=2, input_selection__channel_selection__alpha=0.05, input_selection__feature_selection__threshold=0.03; total time= 1.0min
[CV] END channels_correlation_filter__corr_threshold=0.4, channels_pca__n_components=2, input_selection__channel_selection__alpha=0.05, input_selection__feature_selection__threshold=0.03; total time=  60.0s
[CV] END channels_correlation_filter__corr_threshold=0.4, channels_pca__n_components=2, input_selection__channel_selection__alpha=0.05, input_selection__feature_selection__threshold=0.05; total time=  57.9s
[CV] END channels_correlation_filter__corr_threshold=0.4, channels_pca__n_components=2, input_selection__channel_selection__alpha=0.05, input_selection__feature_selection__threshold=0.05; total time=  59.4s
[CV] END channels_correlation_filter__corr_threshold=0.4, channels_pca__n_components=2, input_selection__channel_selection__alpha=0.05, input_selection__feature_selection__threshold=0.05; total time=  59.4s
[CV] END channels_correlation_filter__corr_threshold=0.4, channels_pca__n_components=2, input_selection__channel_selection__alpha=0.05, input_selection__feature_selection__threshold=0.05; total time=  59.7s
[CV] END channels_correlation_filter__corr_threshold=0.4, channels_pca__n_components=2, input_selection__channel_selection__alpha=0.05, input_selection__feature_selection__threshold=0.05; total time=  59.1s
[CV] END channels_correlation_filter__corr_threshold=0.4, channels_pca__n_components=2, input_selection__channel_selection__alpha=0.05, input_selection__feature_selection__threshold=0.05; total time=  59.5s
[CV] END channels_correlation_filter__corr_threshold=0.4, channels_pca__n_components=2, input_selection__channel_selection__alpha=0.05, input_selection__feature_selection__threshold=0.05; total time=  59.9s
[CV] END channels_correlation_filter__corr_threshold=0.4, channels_pca__n_components=2, input_selection__channel_selection__alpha=0.05, input_selection__feature_selection__threshold=0.05; total time=  60.0s
[CV] END channels_correlation_filter__corr_threshold=0.4, channels_pca__n_components=2, input_selection__channel_selection__alpha=0.05, input_selection__feature_selection__threshold=0.05; total time=  59.8s
[CV] END channels_correlation_filter__corr_threshold=0.4, channels_pca__n_components=2, input_selection__channel_selection__alpha=0.05, input_selection__feature_selection__threshold=0.05; total time=  59.9s
[CV] END channels_correlation_filter__corr_threshold=0.4, channels_pca__n_components=2, input_selection__channel_selection__alpha=0.1, input_selection__feature_selection__threshold=0.01; total time= 1.0min
[CV] END channels_correlation_filter__corr_threshold=0.4, channels_pca__n_components=2, input_selection__channel_selection__alpha=0.1, input_selection__feature_selection__threshold=0.01; total time= 1.0min
[CV] END channels_correlation_filter__corr_threshold=0.4, channels_pca__n_components=2, input_selection__channel_selection__alpha=0.1, input_selection__feature_selection__threshold=0.01; total time= 1.0min
[CV] END channels_correlation_filter__corr_threshold=0.4, channels_pca__n_components=2, input_selection__channel_selection__alpha=0.1, input_selection__feature_selection__threshold=0.01; total time= 1.0min
[CV] END channels_correlation_filter__corr_threshold=0.4, channels_pca__n_components=2, input_selection__channel_selection__alpha=0.1, input_selection__feature_selection__threshold=0.01; total time= 1.0min
[CV] END channels_correlation_filter__corr_threshold=0.4, channels_pca__n_components=2, input_selection__channel_selection__alpha=0.1, input_selection__feature_selection__threshold=0.01; total time= 1.0min
[CV] END channels_correlation_filter__corr_threshold=0.4, channels_pca__n_components=2, input_selection__channel_selection__alpha=0.1, input_selection__feature_selection__threshold=0.01; total time= 1.0min
[CV] END channels_correlation_filter__corr_threshold=0.4, channels_pca__n_components=2, input_selection__channel_selection__alpha=0.1, input_selection__feature_selection__threshold=0.01; total time= 1.0min
[CV] END channels_correlation_filter__corr_threshold=0.4, channels_pca__n_components=2, input_selection__channel_selection__alpha=0.1, input_selection__feature_selection__threshold=0.01; total time= 1.0min
[CV] END channels_correlation_filter__corr_threshold=0.4, channels_pca__n_components=2, input_selection__channel_selection__alpha=0.1, input_selection__feature_selection__threshold=0.01; total time= 1.0min
[CV] END channels_correlation_filter__corr_threshold=0.4, channels_pca__n_components=2, input_selection__channel_selection__alpha=0.1, input_selection__feature_selection__threshold=0.02; total time=  59.7s
[CV] END channels_correlation_filter__corr_threshold=0.4, channels_pca__n_components=2, input_selection__channel_selection__alpha=0.1, input_selection__feature_selection__threshold=0.02; total time= 1.0min
[CV] END channels_correlation_filter__corr_threshold=0.4, channels_pca__n_components=2, input_selection__channel_selection__alpha=0.1, input_selection__feature_selection__threshold=0.02; total time= 1.0min
[CV] END channels_correlation_filter__corr_threshold=0.4, channels_pca__n_components=2, input_selection__channel_selection__alpha=0.1, input_selection__feature_selection__threshold=0.02; total time= 1.0min
[CV] END channels_correlation_filter__corr_threshold=0.4, channels_pca__n_components=2, input_selection__channel_selection__alpha=0.1, input_selection__feature_selection__threshold=0.02; total time= 1.0min
[CV] END channels_correlation_filter__corr_threshold=0.4, channels_pca__n_components=2, input_selection__channel_selection__alpha=0.1, input_selection__feature_selection__threshold=0.02; total time= 1.0min
[CV] END channels_correlation_filter__corr_threshold=0.4, channels_pca__n_components=2, input_selection__channel_selection__alpha=0.1, input_selection__feature_selection__threshold=0.02; total time= 1.0min
[CV] END channels_correlation_filter__corr_threshold=0.4, channels_pca__n_components=2, input_selection__channel_selection__alpha=0.1, input_selection__feature_selection__threshold=0.02; total time= 1.0min
[CV] END channels_correlation_filter__corr_threshold=0.4, channels_pca__n_components=2, input_selection__channel_selection__alpha=0.1, input_selection__feature_selection__threshold=0.02; total time= 1.0min
[CV] END channels_correlation_filter__corr_threshold=0.4, channels_pca__n_components=2, input_selection__channel_selection__alpha=0.1, input_selection__feature_selection__threshold=0.02; total time= 1.0min
[CV] END channels_correlation_filter__corr_threshold=0.4, channels_pca__n_components=2, input_selection__channel_selection__alpha=0.1, input_selection__feature_selection__threshold=0.03; total time=  59.7s
[CV] END channels_correlation_filter__corr_threshold=0.4, channels_pca__n_components=2, input_selection__channel_selection__alpha=0.1, input_selection__feature_selection__threshold=0.03; total time= 1.0min
[CV] END channels_correlation_filter__corr_threshold=0.4, channels_pca__n_components=2, input_selection__channel_selection__alpha=0.1, input_selection__feature_selection__threshold=0.03; total time= 1.0min
[CV] END channels_correlation_filter__corr_threshold=0.4, channels_pca__n_components=2, input_selection__channel_selection__alpha=0.1, input_selection__feature_selection__threshold=0.03; total time=  59.9s
[CV] END channels_correlation_filter__corr_threshold=0.4, channels_pca__n_components=2, input_selection__channel_selection__alpha=0.1, input_selection__feature_selection__threshold=0.03; total time= 1.0min
[CV] END channels_correlation_filter__corr_threshold=0.4, channels_pca__n_components=2, input_selection__channel_selection__alpha=0.1, input_selection__feature_selection__threshold=0.03; total time= 1.0min
[CV] END channels_correlation_filter__corr_threshold=0.4, channels_pca__n_components=2, input_selection__channel_selection__alpha=0.1, input_selection__feature_selection__threshold=0.03; total time= 1.0min
[CV] END channels_correlation_filter__corr_threshold=0.4, channels_pca__n_components=2, input_selection__channel_selection__alpha=0.1, input_selection__feature_selection__threshold=0.03; total time= 1.0min
[CV] END channels_correlation_filter__corr_threshold=0.4, channels_pca__n_components=2, input_selection__channel_selection__alpha=0.1, input_selection__feature_selection__threshold=0.03; total time= 1.0min
[CV] END channels_correlation_filter__corr_threshold=0.4, channels_pca__n_components=2, input_selection__channel_selection__alpha=0.1, input_selection__feature_selection__threshold=0.03; total time= 1.0min
[CV] END channels_correlation_filter__corr_threshold=0.4, channels_pca__n_components=2, input_selection__channel_selection__alpha=0.1, input_selection__feature_selection__threshold=0.05; total time=  58.2s
[CV] END channels_correlation_filter__corr_threshold=0.4, channels_pca__n_components=2, input_selection__channel_selection__alpha=0.1, input_selection__feature_selection__threshold=0.05; total time=  59.9s
[CV] END channels_correlation_filter__corr_threshold=0.4, channels_pca__n_components=2, input_selection__channel_selection__alpha=0.1, input_selection__feature_selection__threshold=0.05; total time=  59.5s
[CV] END channels_correlation_filter__corr_threshold=0.4, channels_pca__n_components=2, input_selection__channel_selection__alpha=0.1, input_selection__feature_selection__threshold=0.05; total time=  59.9s
[CV] END channels_correlation_filter__corr_threshold=0.4, channels_pca__n_components=2, input_selection__channel_selection__alpha=0.1, input_selection__feature_selection__threshold=0.05; total time=  59.6s
[CV] END channels_correlation_filter__corr_threshold=0.4, channels_pca__n_components=2, input_selection__channel_selection__alpha=0.1, input_selection__feature_selection__threshold=0.05; total time=  59.6s
[CV] END channels_correlation_filter__corr_threshold=0.4, channels_pca__n_components=2, input_selection__channel_selection__alpha=0.1, input_selection__feature_selection__threshold=0.05; total time= 1.0min
[CV] END channels_correlation_filter__corr_threshold=0.4, channels_pca__n_components=2, input_selection__channel_selection__alpha=0.1, input_selection__feature_selection__threshold=0.05; total time= 1.0min
[CV] END channels_correlation_filter__corr_threshold=0.4, channels_pca__n_components=2, input_selection__channel_selection__alpha=0.1, input_selection__feature_selection__threshold=0.05; total time=  60.0s
[CV] END channels_correlation_filter__corr_threshold=0.4, channels_pca__n_components=2, input_selection__channel_selection__alpha=0.1, input_selection__feature_selection__threshold=0.05; total time= 1.0min
[CV] END channels_correlation_filter__corr_threshold=0.4, channels_pca__n_components=3, input_selection__channel_selection__alpha=0.01, input_selection__feature_selection__threshold=0.01; total time=  59.3s
[CV] END channels_correlation_filter__corr_threshold=0.4, channels_pca__n_components=3, input_selection__channel_selection__alpha=0.01, input_selection__feature_selection__threshold=0.01; total time=  59.8s
[CV] END channels_correlation_filter__corr_threshold=0.4, channels_pca__n_components=3, input_selection__channel_selection__alpha=0.01, input_selection__feature_selection__threshold=0.01; total time= 1.0min
[CV] END channels_correlation_filter__corr_threshold=0.4, channels_pca__n_components=3, input_selection__channel_selection__alpha=0.01, input_selection__feature_selection__threshold=0.01; total time= 1.0min
[CV] END channels_correlation_filter__corr_threshold=0.4, channels_pca__n_components=3, input_selection__channel_selection__alpha=0.01, input_selection__feature_selection__threshold=0.01; total time= 1.0min
[CV] END channels_correlation_filter__corr_threshold=0.4, channels_pca__n_components=3, input_selection__channel_selection__alpha=0.01, input_selection__feature_selection__threshold=0.01; total time= 1.0min
[CV] END channels_correlation_filter__corr_threshold=0.4, channels_pca__n_components=3, input_selection__channel_selection__alpha=0.01, input_selection__feature_selection__threshold=0.01; total time= 1.0min
[CV] END channels_correlation_filter__corr_threshold=0.4, channels_pca__n_components=3, input_selection__channel_selection__alpha=0.01, input_selection__feature_selection__threshold=0.01; total time= 1.0min
[CV] END channels_correlation_filter__corr_threshold=0.4, channels_pca__n_components=3, input_selection__channel_selection__alpha=0.01, input_selection__feature_selection__threshold=0.01; total time=  59.8s
[CV] END channels_correlation_filter__corr_threshold=0.4, channels_pca__n_components=3, input_selection__channel_selection__alpha=0.01, input_selection__feature_selection__threshold=0.01; total time= 1.0min
[CV] END channels_correlation_filter__corr_threshold=0.4, channels_pca__n_components=3, input_selection__channel_selection__alpha=0.01, input_selection__feature_selection__threshold=0.02; total time=  58.2s
[CV] END channels_correlation_filter__corr_threshold=0.4, channels_pca__n_components=3, input_selection__channel_selection__alpha=0.01, input_selection__feature_selection__threshold=0.02; total time=  59.6s
[CV] END channels_correlation_filter__corr_threshold=0.4, channels_pca__n_components=3, input_selection__channel_selection__alpha=0.01, input_selection__feature_selection__threshold=0.02; total time=  59.0s
[CV] END channels_correlation_filter__corr_threshold=0.4, channels_pca__n_components=3, input_selection__channel_selection__alpha=0.01, input_selection__feature_selection__threshold=0.02; total time=  59.5s
[CV] END channels_correlation_filter__corr_threshold=0.4, channels_pca__n_components=3, input_selection__channel_selection__alpha=0.01, input_selection__feature_selection__threshold=0.02; total time=  59.7s
[CV] END channels_correlation_filter__corr_threshold=0.4, channels_pca__n_components=3, input_selection__channel_selection__alpha=0.01, input_selection__feature_selection__threshold=0.02; total time= 1.0min
[CV] END channels_correlation_filter__corr_threshold=0.4, channels_pca__n_components=3, input_selection__channel_selection__alpha=0.01, input_selection__feature_selection__threshold=0.02; total time=  60.0s
[CV] END channels_correlation_filter__corr_threshold=0.4, channels_pca__n_components=3, input_selection__channel_selection__alpha=0.01, input_selection__feature_selection__threshold=0.02; total time= 1.0min
[CV] END channels_correlation_filter__corr_threshold=0.4, channels_pca__n_components=3, input_selection__channel_selection__alpha=0.01, input_selection__feature_selection__threshold=0.02; total time=  59.6s
[CV] END channels_correlation_filter__corr_threshold=0.4, channels_pca__n_components=3, input_selection__channel_selection__alpha=0.01, input_selection__feature_selection__threshold=0.02; total time=  59.9s
[CV] END channels_correlation_filter__corr_threshold=0.4, channels_pca__n_components=3, input_selection__channel_selection__alpha=0.01, input_selection__feature_selection__threshold=0.03; total time=  58.1s
[CV] END channels_correlation_filter__corr_threshold=0.4, channels_pca__n_components=3, input_selection__channel_selection__alpha=0.01, input_selection__feature_selection__threshold=0.03; total time=  59.8s
[CV] END channels_correlation_filter__corr_threshold=0.4, channels_pca__n_components=3, input_selection__channel_selection__alpha=0.01, input_selection__feature_selection__threshold=0.03; total time=  59.0s
[CV] END channels_correlation_filter__corr_threshold=0.4, channels_pca__n_components=3, input_selection__channel_selection__alpha=0.01, input_selection__feature_selection__threshold=0.03; total time=  59.1s
[CV] END channels_correlation_filter__corr_threshold=0.4, channels_pca__n_components=3, input_selection__channel_selection__alpha=0.01, input_selection__feature_selection__threshold=0.03; total time=  59.9s
[CV] END channels_correlation_filter__corr_threshold=0.4, channels_pca__n_components=3, input_selection__channel_selection__alpha=0.01, input_selection__feature_selection__threshold=0.03; total time=  59.4s
[CV] END channels_correlation_filter__corr_threshold=0.4, channels_pca__n_components=3, input_selection__channel_selection__alpha=0.01, input_selection__feature_selection__threshold=0.03; total time=  59.8s
[CV] END channels_correlation_filter__corr_threshold=0.4, channels_pca__n_components=3, input_selection__channel_selection__alpha=0.01, input_selection__feature_selection__threshold=0.03; total time=  59.9s
[CV] END channels_correlation_filter__corr_threshold=0.4, channels_pca__n_components=3, input_selection__channel_selection__alpha=0.01, input_selection__feature_selection__threshold=0.03; total time=  59.9s
[CV] END channels_correlation_filter__corr_threshold=0.4, channels_pca__n_components=3, input_selection__channel_selection__alpha=0.01, input_selection__feature_selection__threshold=0.03; total time=  59.3s
[CV] END channels_correlation_filter__corr_threshold=0.4, channels_pca__n_components=3, input_selection__channel_selection__alpha=0.01, input_selection__feature_selection__threshold=0.05; total time=  57.5s
[CV] END channels_correlation_filter__corr_threshold=0.4, channels_pca__n_components=3, input_selection__channel_selection__alpha=0.01, input_selection__feature_selection__threshold=0.05; total time=  58.8s
[CV] END channels_correlation_filter__corr_threshold=0.4, channels_pca__n_components=3, input_selection__channel_selection__alpha=0.01, input_selection__feature_selection__threshold=0.05; total time=  58.3s
[CV] END channels_correlation_filter__corr_threshold=0.4, channels_pca__n_components=3, input_selection__channel_selection__alpha=0.01, input_selection__feature_selection__threshold=0.05; total time=  59.1s
[CV] END channels_correlation_filter__corr_threshold=0.4, channels_pca__n_components=3, input_selection__channel_selection__alpha=0.01, input_selection__feature_selection__threshold=0.05; total time=  58.9s
[CV] END channels_correlation_filter__corr_threshold=0.4, channels_pca__n_components=3, input_selection__channel_selection__alpha=0.01, input_selection__feature_selection__threshold=0.05; total time=  59.3s
[CV] END channels_correlation_filter__corr_threshold=0.4, channels_pca__n_components=3, input_selection__channel_selection__alpha=0.01, input_selection__feature_selection__threshold=0.05; total time=  59.3s
[CV] END channels_correlation_filter__corr_threshold=0.4, channels_pca__n_components=3, input_selection__channel_selection__alpha=0.01, input_selection__feature_selection__threshold=0.05; total time=  59.5s
[CV] END channels_correlation_filter__corr_threshold=0.4, channels_pca__n_components=3, input_selection__channel_selection__alpha=0.01, input_selection__feature_selection__threshold=0.05; total time=  58.7s
[CV] END channels_correlation_filter__corr_threshold=0.4, channels_pca__n_components=3, input_selection__channel_selection__alpha=0.01, input_selection__feature_selection__threshold=0.05; total time=  59.3s
[CV] END channels_correlation_filter__corr_threshold=0.4, channels_pca__n_components=3, input_selection__channel_selection__alpha=0.05, input_selection__feature_selection__threshold=0.01; total time= 1.0min
[CV] END channels_correlation_filter__corr_threshold=0.4, channels_pca__n_components=3, input_selection__channel_selection__alpha=0.05, input_selection__feature_selection__threshold=0.01; total time= 1.0min
[CV] END channels_correlation_filter__corr_threshold=0.4, channels_pca__n_components=3, input_selection__channel_selection__alpha=0.05, input_selection__feature_selection__threshold=0.01; total time= 1.0min
[CV] END channels_correlation_filter__corr_threshold=0.4, channels_pca__n_components=3, input_selection__channel_selection__alpha=0.05, input_selection__feature_selection__threshold=0.01; total time= 1.0min
[CV] END channels_correlation_filter__corr_threshold=0.4, channels_pca__n_components=3, input_selection__channel_selection__alpha=0.05, input_selection__feature_selection__threshold=0.01; total time= 1.0min
[CV] END channels_correlation_filter__corr_threshold=0.4, channels_pca__n_components=3, input_selection__channel_selection__alpha=0.05, input_selection__feature_selection__threshold=0.01; total time= 1.0min
[CV] END channels_correlation_filter__corr_threshold=0.4, channels_pca__n_components=3, input_selection__channel_selection__alpha=0.05, input_selection__feature_selection__threshold=0.01; total time= 1.0min
[CV] END channels_correlation_filter__corr_threshold=0.4, channels_pca__n_components=3, input_selection__channel_selection__alpha=0.05, input_selection__feature_selection__threshold=0.01; total time= 1.0min
[CV] END channels_correlation_filter__corr_threshold=0.4, channels_pca__n_components=3, input_selection__channel_selection__alpha=0.05, input_selection__feature_selection__threshold=0.01; total time= 1.0min
[CV] END channels_correlation_filter__corr_threshold=0.4, channels_pca__n_components=3, input_selection__channel_selection__alpha=0.05, input_selection__feature_selection__threshold=0.01; total time= 1.0min
[CV] END channels_correlation_filter__corr_threshold=0.4, channels_pca__n_components=3, input_selection__channel_selection__alpha=0.05, input_selection__feature_selection__threshold=0.02; total time=  59.2s
[CV] END channels_correlation_filter__corr_threshold=0.4, channels_pca__n_components=3, input_selection__channel_selection__alpha=0.05, input_selection__feature_selection__threshold=0.02; total time= 1.0min
[CV] END channels_correlation_filter__corr_threshold=0.4, channels_pca__n_components=3, input_selection__channel_selection__alpha=0.05, input_selection__feature_selection__threshold=0.02; total time= 1.0min
[CV] END channels_correlation_filter__corr_threshold=0.4, channels_pca__n_components=3, input_selection__channel_selection__alpha=0.05, input_selection__feature_selection__threshold=0.02; total time= 1.0min
[CV] END channels_correlation_filter__corr_threshold=0.4, channels_pca__n_components=3, input_selection__channel_selection__alpha=0.05, input_selection__feature_selection__threshold=0.02; total time= 1.0min
[CV] END channels_correlation_filter__corr_threshold=0.4, channels_pca__n_components=3, input_selection__channel_selection__alpha=0.05, input_selection__feature_selection__threshold=0.02; total time= 1.0min
[CV] END channels_correlation_filter__corr_threshold=0.4, channels_pca__n_components=3, input_selection__channel_selection__alpha=0.05, input_selection__feature_selection__threshold=0.02; total time= 1.0min
[CV] END channels_correlation_filter__corr_threshold=0.4, channels_pca__n_components=3, input_selection__channel_selection__alpha=0.05, input_selection__feature_selection__threshold=0.02; total time= 1.0min
[CV] END channels_correlation_filter__corr_threshold=0.4, channels_pca__n_components=3, input_selection__channel_selection__alpha=0.05, input_selection__feature_selection__threshold=0.02; total time= 1.0min
[CV] END channels_correlation_filter__corr_threshold=0.4, channels_pca__n_components=3, input_selection__channel_selection__alpha=0.05, input_selection__feature_selection__threshold=0.02; total time= 1.0min
[CV] END channels_correlation_filter__corr_threshold=0.4, channels_pca__n_components=3, input_selection__channel_selection__alpha=0.05, input_selection__feature_selection__threshold=0.03; total time=  58.9s
[CV] END channels_correlation_filter__corr_threshold=0.4, channels_pca__n_components=3, input_selection__channel_selection__alpha=0.05, input_selection__feature_selection__threshold=0.03; total time= 1.0min
[CV] END channels_correlation_filter__corr_threshold=0.4, channels_pca__n_components=3, input_selection__channel_selection__alpha=0.05, input_selection__feature_selection__threshold=0.03; total time=  60.0s
[CV] END channels_correlation_filter__corr_threshold=0.4, channels_pca__n_components=3, input_selection__channel_selection__alpha=0.05, input_selection__feature_selection__threshold=0.03; total time=  59.5s
[CV] END channels_correlation_filter__corr_threshold=0.4, channels_pca__n_components=3, input_selection__channel_selection__alpha=0.05, input_selection__feature_selection__threshold=0.03; total time= 1.0min
[CV] END channels_correlation_filter__corr_threshold=0.4, channels_pca__n_components=3, input_selection__channel_selection__alpha=0.05, input_selection__feature_selection__threshold=0.03; total time= 1.0min
[CV] END channels_correlation_filter__corr_threshold=0.4, channels_pca__n_components=3, input_selection__channel_selection__alpha=0.05, input_selection__feature_selection__threshold=0.03; total time= 1.0min
[CV] END channels_correlation_filter__corr_threshold=0.4, channels_pca__n_components=3, input_selection__channel_selection__alpha=0.05, input_selection__feature_selection__threshold=0.03; total time= 1.0min
[CV] END channels_correlation_filter__corr_threshold=0.4, channels_pca__n_components=3, input_selection__channel_selection__alpha=0.05, input_selection__feature_selection__threshold=0.03; total time= 1.0min
[CV] END channels_correlation_filter__corr_threshold=0.4, channels_pca__n_components=3, input_selection__channel_selection__alpha=0.05, input_selection__feature_selection__threshold=0.03; total time= 1.0min
[CV] END channels_correlation_filter__corr_threshold=0.4, channels_pca__n_components=3, input_selection__channel_selection__alpha=0.05, input_selection__feature_selection__threshold=0.05; total time=  58.2s
[CV] END channels_correlation_filter__corr_threshold=0.4, channels_pca__n_components=3, input_selection__channel_selection__alpha=0.05, input_selection__feature_selection__threshold=0.05; total time=  59.1s
[CV] END channels_correlation_filter__corr_threshold=0.4, channels_pca__n_components=3, input_selection__channel_selection__alpha=0.05, input_selection__feature_selection__threshold=0.05; total time=  59.2s
[CV] END channels_correlation_filter__corr_threshold=0.4, channels_pca__n_components=3, input_selection__channel_selection__alpha=0.05, input_selection__feature_selection__threshold=0.05; total time=  59.8s
[CV] END channels_correlation_filter__corr_threshold=0.4, channels_pca__n_components=3, input_selection__channel_selection__alpha=0.05, input_selection__feature_selection__threshold=0.05; total time=  59.0s
[CV] END channels_correlation_filter__corr_threshold=0.4, channels_pca__n_components=3, input_selection__channel_selection__alpha=0.05, input_selection__feature_selection__threshold=0.05; total time=  59.6s
[CV] END channels_correlation_filter__corr_threshold=0.4, channels_pca__n_components=3, input_selection__channel_selection__alpha=0.05, input_selection__feature_selection__threshold=0.05; total time=  59.1s
[CV] END channels_correlation_filter__corr_threshold=0.4, channels_pca__n_components=3, input_selection__channel_selection__alpha=0.05, input_selection__feature_selection__threshold=0.05; total time= 1.0min
[CV] END channels_correlation_filter__corr_threshold=0.4, channels_pca__n_components=3, input_selection__channel_selection__alpha=0.05, input_selection__feature_selection__threshold=0.05; total time=  59.8s
[CV] END channels_correlation_filter__corr_threshold=0.4, channels_pca__n_components=3, input_selection__channel_selection__alpha=0.05, input_selection__feature_selection__threshold=0.05; total time= 1.0min
[CV] END channels_correlation_filter__corr_threshold=0.4, channels_pca__n_components=3, input_selection__channel_selection__alpha=0.1, input_selection__feature_selection__threshold=0.01; total time= 1.0min
[CV] END channels_correlation_filter__corr_threshold=0.4, channels_pca__n_components=3, input_selection__channel_selection__alpha=0.1, input_selection__feature_selection__threshold=0.01; total time= 1.0min
[CV] END channels_correlation_filter__corr_threshold=0.4, channels_pca__n_components=3, input_selection__channel_selection__alpha=0.1, input_selection__feature_selection__threshold=0.01; total time= 1.0min
[CV] END channels_correlation_filter__corr_threshold=0.4, channels_pca__n_components=3, input_selection__channel_selection__alpha=0.1, input_selection__feature_selection__threshold=0.01; total time= 1.0min
[CV] END channels_correlation_filter__corr_threshold=0.4, channels_pca__n_components=3, input_selection__channel_selection__alpha=0.1, input_selection__feature_selection__threshold=0.01; total time= 1.0min
[CV] END channels_correlation_filter__corr_threshold=0.4, channels_pca__n_components=3, input_selection__channel_selection__alpha=0.1, input_selection__feature_selection__threshold=0.01; total time= 1.0min
[CV] END channels_correlation_filter__corr_threshold=0.4, channels_pca__n_components=3, input_selection__channel_selection__alpha=0.1, input_selection__feature_selection__threshold=0.01; total time= 1.0min
[CV] END channels_correlation_filter__corr_threshold=0.4, channels_pca__n_components=3, input_selection__channel_selection__alpha=0.1, input_selection__feature_selection__threshold=0.01; total time= 1.0min
[CV] END channels_correlation_filter__corr_threshold=0.4, channels_pca__n_components=3, input_selection__channel_selection__alpha=0.1, input_selection__feature_selection__threshold=0.01; total time= 1.0min
[CV] END channels_correlation_filter__corr_threshold=0.4, channels_pca__n_components=3, input_selection__channel_selection__alpha=0.1, input_selection__feature_selection__threshold=0.01; total time= 1.0min
[CV] END channels_correlation_filter__corr_threshold=0.4, channels_pca__n_components=3, input_selection__channel_selection__alpha=0.1, input_selection__feature_selection__threshold=0.02; total time=  60.0s
[CV] END channels_correlation_filter__corr_threshold=0.4, channels_pca__n_components=3, input_selection__channel_selection__alpha=0.1, input_selection__feature_selection__threshold=0.02; total time= 1.0min
[CV] END channels_correlation_filter__corr_threshold=0.4, channels_pca__n_components=3, input_selection__channel_selection__alpha=0.1, input_selection__feature_selection__threshold=0.02; total time= 1.0min
[CV] END channels_correlation_filter__corr_threshold=0.4, channels_pca__n_components=3, input_selection__channel_selection__alpha=0.1, input_selection__feature_selection__threshold=0.02; total time= 1.0min
[CV] END channels_correlation_filter__corr_threshold=0.4, channels_pca__n_components=3, input_selection__channel_selection__alpha=0.1, input_selection__feature_selection__threshold=0.02; total time= 1.0min
[CV] END channels_correlation_filter__corr_threshold=0.4, channels_pca__n_components=3, input_selection__channel_selection__alpha=0.1, input_selection__feature_selection__threshold=0.02; total time= 1.0min
[CV] END channels_correlation_filter__corr_threshold=0.4, channels_pca__n_components=3, input_selection__channel_selection__alpha=0.1, input_selection__feature_selection__threshold=0.02; total time= 1.0min
[CV] END channels_correlation_filter__corr_threshold=0.4, channels_pca__n_components=3, input_selection__channel_selection__alpha=0.1, input_selection__feature_selection__threshold=0.02; total time= 1.0min
[CV] END channels_correlation_filter__corr_threshold=0.4, channels_pca__n_components=3, input_selection__channel_selection__alpha=0.1, input_selection__feature_selection__threshold=0.02; total time= 1.0min
[CV] END channels_correlation_filter__corr_threshold=0.4, channels_pca__n_components=3, input_selection__channel_selection__alpha=0.1, input_selection__feature_selection__threshold=0.02; total time= 1.0min
[CV] END channels_correlation_filter__corr_threshold=0.4, channels_pca__n_components=3, input_selection__channel_selection__alpha=0.1, input_selection__feature_selection__threshold=0.03; total time=  59.8s
[CV] END channels_correlation_filter__corr_threshold=0.4, channels_pca__n_components=3, input_selection__channel_selection__alpha=0.1, input_selection__feature_selection__threshold=0.03; total time= 1.0min
[CV] END channels_correlation_filter__corr_threshold=0.4, channels_pca__n_components=3, input_selection__channel_selection__alpha=0.1, input_selection__feature_selection__threshold=0.03; total time= 1.0min
[CV] END channels_correlation_filter__corr_threshold=0.4, channels_pca__n_components=3, input_selection__channel_selection__alpha=0.1, input_selection__feature_selection__threshold=0.03; total time=  59.9s
[CV] END channels_correlation_filter__corr_threshold=0.4, channels_pca__n_components=3, input_selection__channel_selection__alpha=0.1, input_selection__feature_selection__threshold=0.03; total time= 1.0min
[CV] END channels_correlation_filter__corr_threshold=0.4, channels_pca__n_components=3, input_selection__channel_selection__alpha=0.1, input_selection__feature_selection__threshold=0.03; total time= 1.0min
[CV] END channels_correlation_filter__corr_threshold=0.4, channels_pca__n_components=3, input_selection__channel_selection__alpha=0.1, input_selection__feature_selection__threshold=0.03; total time= 1.0min
[CV] END channels_correlation_filter__corr_threshold=0.4, channels_pca__n_components=3, input_selection__channel_selection__alpha=0.1, input_selection__feature_selection__threshold=0.03; total time= 1.0min
[CV] END channels_correlation_filter__corr_threshold=0.4, channels_pca__n_components=3, input_selection__channel_selection__alpha=0.1, input_selection__feature_selection__threshold=0.03; total time= 1.0min
[CV] END channels_correlation_filter__corr_threshold=0.4, channels_pca__n_components=3, input_selection__channel_selection__alpha=0.1, input_selection__feature_selection__threshold=0.03; total time= 1.0min
[CV] END channels_correlation_filter__corr_threshold=0.4, channels_pca__n_components=3, input_selection__channel_selection__alpha=0.1, input_selection__feature_selection__threshold=0.05; total time=  58.7s
[CV] END channels_correlation_filter__corr_threshold=0.4, channels_pca__n_components=3, input_selection__channel_selection__alpha=0.1, input_selection__feature_selection__threshold=0.05; total time=  59.9s
[CV] END channels_correlation_filter__corr_threshold=0.4, channels_pca__n_components=3, input_selection__channel_selection__alpha=0.1, input_selection__feature_selection__threshold=0.05; total time=  59.6s
[CV] END channels_correlation_filter__corr_threshold=0.4, channels_pca__n_components=3, input_selection__channel_selection__alpha=0.1, input_selection__feature_selection__threshold=0.05; total time= 1.0min
[CV] END channels_correlation_filter__corr_threshold=0.4, channels_pca__n_components=3, input_selection__channel_selection__alpha=0.1, input_selection__feature_selection__threshold=0.05; total time=  59.8s
[CV] END channels_correlation_filter__corr_threshold=0.4, channels_pca__n_components=3, input_selection__channel_selection__alpha=0.1, input_selection__feature_selection__threshold=0.05; total time=  60.0s
[CV] END channels_correlation_filter__corr_threshold=0.4, channels_pca__n_components=3, input_selection__channel_selection__alpha=0.1, input_selection__feature_selection__threshold=0.05; total time= 1.0min
[CV] END channels_correlation_filter__corr_threshold=0.4, channels_pca__n_components=3, input_selection__channel_selection__alpha=0.1, input_selection__feature_selection__threshold=0.05; total time= 1.0min
[CV] END channels_correlation_filter__corr_threshold=0.4, channels_pca__n_components=3, input_selection__channel_selection__alpha=0.1, input_selection__feature_selection__threshold=0.05; total time= 1.0min
[CV] END channels_correlation_filter__corr_threshold=0.4, channels_pca__n_components=3, input_selection__channel_selection__alpha=0.1, input_selection__feature_selection__threshold=0.05; total time= 1.0min
[CV] END channels_correlation_filter__corr_threshold=0.4, channels_pca__n_components=5, input_selection__channel_selection__alpha=0.01, input_selection__feature_selection__threshold=0.01; total time= 1.0min
[CV] END channels_correlation_filter__corr_threshold=0.4, channels_pca__n_components=5, input_selection__channel_selection__alpha=0.01, input_selection__feature_selection__threshold=0.01; total time= 1.0min
[CV] END channels_correlation_filter__corr_threshold=0.4, channels_pca__n_components=5, input_selection__channel_selection__alpha=0.01, input_selection__feature_selection__threshold=0.01; total time=  59.8s
[CV] END channels_correlation_filter__corr_threshold=0.4, channels_pca__n_components=5, input_selection__channel_selection__alpha=0.01, input_selection__feature_selection__threshold=0.01; total time= 1.0min
[CV] END channels_correlation_filter__corr_threshold=0.4, channels_pca__n_components=5, input_selection__channel_selection__alpha=0.01, input_selection__feature_selection__threshold=0.01; total time= 1.0min
[CV] END channels_correlation_filter__corr_threshold=0.4, channels_pca__n_components=5, input_selection__channel_selection__alpha=0.01, input_selection__feature_selection__threshold=0.01; total time= 1.0min
[CV] END channels_correlation_filter__corr_threshold=0.4, channels_pca__n_components=5, input_selection__channel_selection__alpha=0.01, input_selection__feature_selection__threshold=0.01; total time= 1.0min
[CV] END channels_correlation_filter__corr_threshold=0.4, channels_pca__n_components=5, input_selection__channel_selection__alpha=0.01, input_selection__feature_selection__threshold=0.01; total time= 1.0min
[CV] END channels_correlation_filter__corr_threshold=0.4, channels_pca__n_components=5, input_selection__channel_selection__alpha=0.01, input_selection__feature_selection__threshold=0.01; total time= 1.0min
[CV] END channels_correlation_filter__corr_threshold=0.4, channels_pca__n_components=5, input_selection__channel_selection__alpha=0.01, input_selection__feature_selection__threshold=0.01; total time= 1.0min
[CV] END channels_correlation_filter__corr_threshold=0.4, channels_pca__n_components=5, input_selection__channel_selection__alpha=0.01, input_selection__feature_selection__threshold=0.02; total time=  58.8s
[CV] END channels_correlation_filter__corr_threshold=0.4, channels_pca__n_components=5, input_selection__channel_selection__alpha=0.01, input_selection__feature_selection__threshold=0.02; total time= 1.0min
[CV] END channels_correlation_filter__corr_threshold=0.4, channels_pca__n_components=5, input_selection__channel_selection__alpha=0.01, input_selection__feature_selection__threshold=0.02; total time=  59.4s
[CV] END channels_correlation_filter__corr_threshold=0.4, channels_pca__n_components=5, input_selection__channel_selection__alpha=0.01, input_selection__feature_selection__threshold=0.02; total time=  59.9s
[CV] END channels_correlation_filter__corr_threshold=0.4, channels_pca__n_components=5, input_selection__channel_selection__alpha=0.01, input_selection__feature_selection__threshold=0.02; total time=  59.9s
[CV] END channels_correlation_filter__corr_threshold=0.4, channels_pca__n_components=5, input_selection__channel_selection__alpha=0.01, input_selection__feature_selection__threshold=0.02; total time= 1.0min
[CV] END channels_correlation_filter__corr_threshold=0.4, channels_pca__n_components=5, input_selection__channel_selection__alpha=0.01, input_selection__feature_selection__threshold=0.02; total time= 1.0min
[CV] END channels_correlation_filter__corr_threshold=0.4, channels_pca__n_components=5, input_selection__channel_selection__alpha=0.01, input_selection__feature_selection__threshold=0.02; total time= 1.0min
[CV] END channels_correlation_filter__corr_threshold=0.4, channels_pca__n_components=5, input_selection__channel_selection__alpha=0.01, input_selection__feature_selection__threshold=0.02; total time= 1.0min
[CV] END channels_correlation_filter__corr_threshold=0.4, channels_pca__n_components=5, input_selection__channel_selection__alpha=0.01, input_selection__feature_selection__threshold=0.02; total time= 1.0min
[CV] END channels_correlation_filter__corr_threshold=0.4, channels_pca__n_components=5, input_selection__channel_selection__alpha=0.01, input_selection__feature_selection__threshold=0.03; total time=  59.1s
[CV] END channels_correlation_filter__corr_threshold=0.4, channels_pca__n_components=5, input_selection__channel_selection__alpha=0.01, input_selection__feature_selection__threshold=0.03; total time= 1.0min
[CV] END channels_correlation_filter__corr_threshold=0.4, channels_pca__n_components=5, input_selection__channel_selection__alpha=0.01, input_selection__feature_selection__threshold=0.03; total time=  59.8s
[CV] END channels_correlation_filter__corr_threshold=0.4, channels_pca__n_components=5, input_selection__channel_selection__alpha=0.01, input_selection__feature_selection__threshold=0.03; total time=  59.6s
[CV] END channels_correlation_filter__corr_threshold=0.4, channels_pca__n_components=5, input_selection__channel_selection__alpha=0.01, input_selection__feature_selection__threshold=0.03; total time= 1.0min
[CV] END channels_correlation_filter__corr_threshold=0.4, channels_pca__n_components=5, input_selection__channel_selection__alpha=0.01, input_selection__feature_selection__threshold=0.03; total time= 1.0min
[CV] END channels_correlation_filter__corr_threshold=0.4, channels_pca__n_components=5, input_selection__channel_selection__alpha=0.01, input_selection__feature_selection__threshold=0.03; total time= 1.0min
[CV] END channels_correlation_filter__corr_threshold=0.4, channels_pca__n_components=5, input_selection__channel_selection__alpha=0.01, input_selection__feature_selection__threshold=0.03; total time= 1.0min
[CV] END channels_correlation_filter__corr_threshold=0.4, channels_pca__n_components=5, input_selection__channel_selection__alpha=0.01, input_selection__feature_selection__threshold=0.03; total time= 1.0min
[CV] END channels_correlation_filter__corr_threshold=0.4, channels_pca__n_components=5, input_selection__channel_selection__alpha=0.01, input_selection__feature_selection__threshold=0.03; total time= 1.0min
[CV] END channels_correlation_filter__corr_threshold=0.4, channels_pca__n_components=5, input_selection__channel_selection__alpha=0.01, input_selection__feature_selection__threshold=0.05; total time=  58.5s
[CV] END channels_correlation_filter__corr_threshold=0.4, channels_pca__n_components=5, input_selection__channel_selection__alpha=0.01, input_selection__feature_selection__threshold=0.05; total time=  59.5s
[CV] END channels_correlation_filter__corr_threshold=0.4, channels_pca__n_components=5, input_selection__channel_selection__alpha=0.01, input_selection__feature_selection__threshold=0.05; total time=  59.2s
[CV] END channels_correlation_filter__corr_threshold=0.4, channels_pca__n_components=5, input_selection__channel_selection__alpha=0.01, input_selection__feature_selection__threshold=0.05; total time=  59.2s
[CV] END channels_correlation_filter__corr_threshold=0.4, channels_pca__n_components=5, input_selection__channel_selection__alpha=0.01, input_selection__feature_selection__threshold=0.05; total time=  59.6s
[CV] END channels_correlation_filter__corr_threshold=0.4, channels_pca__n_components=5, input_selection__channel_selection__alpha=0.01, input_selection__feature_selection__threshold=0.05; total time=  59.7s
[CV] END channels_correlation_filter__corr_threshold=0.4, channels_pca__n_components=5, input_selection__channel_selection__alpha=0.01, input_selection__feature_selection__threshold=0.05; total time=  59.5s
[CV] END channels_correlation_filter__corr_threshold=0.4, channels_pca__n_components=5, input_selection__channel_selection__alpha=0.01, input_selection__feature_selection__threshold=0.05; total time=  59.6s
[CV] END channels_correlation_filter__corr_threshold=0.4, channels_pca__n_components=5, input_selection__channel_selection__alpha=0.01, input_selection__feature_selection__threshold=0.05; total time=  59.3s
[CV] END channels_correlation_filter__corr_threshold=0.4, channels_pca__n_components=5, input_selection__channel_selection__alpha=0.01, input_selection__feature_selection__threshold=0.05; total time=  59.6s
[CV] END channels_correlation_filter__corr_threshold=0.4, channels_pca__n_components=5, input_selection__channel_selection__alpha=0.05, input_selection__feature_selection__threshold=0.01; total time= 1.0min
[CV] END channels_correlation_filter__corr_threshold=0.4, channels_pca__n_components=5, input_selection__channel_selection__alpha=0.05, input_selection__feature_selection__threshold=0.01; total time= 1.0min
[CV] END channels_correlation_filter__corr_threshold=0.4, channels_pca__n_components=5, input_selection__channel_selection__alpha=0.05, input_selection__feature_selection__threshold=0.01; total time= 1.0min
[CV] END channels_correlation_filter__corr_threshold=0.4, channels_pca__n_components=5, input_selection__channel_selection__alpha=0.05, input_selection__feature_selection__threshold=0.01; total time= 1.0min
[CV] END channels_correlation_filter__corr_threshold=0.4, channels_pca__n_components=5, input_selection__channel_selection__alpha=0.05, input_selection__feature_selection__threshold=0.01; total time= 1.0min
[CV] END channels_correlation_filter__corr_threshold=0.4, channels_pca__n_components=5, input_selection__channel_selection__alpha=0.05, input_selection__feature_selection__threshold=0.01; total time= 1.0min
[CV] END channels_correlation_filter__corr_threshold=0.4, channels_pca__n_components=5, input_selection__channel_selection__alpha=0.05, input_selection__feature_selection__threshold=0.01; total time= 1.0min
[CV] END channels_correlation_filter__corr_threshold=0.4, channels_pca__n_components=5, input_selection__channel_selection__alpha=0.05, input_selection__feature_selection__threshold=0.01; total time= 1.0min
[CV] END channels_correlation_filter__corr_threshold=0.4, channels_pca__n_components=5, input_selection__channel_selection__alpha=0.05, input_selection__feature_selection__threshold=0.01; total time= 1.0min
[CV] END channels_correlation_filter__corr_threshold=0.4, channels_pca__n_components=5, input_selection__channel_selection__alpha=0.05, input_selection__feature_selection__threshold=0.01; total time= 1.0min
[CV] END channels_correlation_filter__corr_threshold=0.4, channels_pca__n_components=5, input_selection__channel_selection__alpha=0.05, input_selection__feature_selection__threshold=0.02; total time=  59.7s
[CV] END channels_correlation_filter__corr_threshold=0.4, channels_pca__n_components=5, input_selection__channel_selection__alpha=0.05, input_selection__feature_selection__threshold=0.02; total time= 1.0min
[CV] END channels_correlation_filter__corr_threshold=0.4, channels_pca__n_components=5, input_selection__channel_selection__alpha=0.05, input_selection__feature_selection__threshold=0.02; total time= 1.0min
[CV] END channels_correlation_filter__corr_threshold=0.4, channels_pca__n_components=5, input_selection__channel_selection__alpha=0.05, input_selection__feature_selection__threshold=0.02; total time= 1.0min
[CV] END channels_correlation_filter__corr_threshold=0.4, channels_pca__n_components=5, input_selection__channel_selection__alpha=0.05, input_selection__feature_selection__threshold=0.02; total time= 1.0min
[CV] END channels_correlation_filter__corr_threshold=0.4, channels_pca__n_components=5, input_selection__channel_selection__alpha=0.05, input_selection__feature_selection__threshold=0.02; total time= 1.0min
[CV] END channels_correlation_filter__corr_threshold=0.4, channels_pca__n_components=5, input_selection__channel_selection__alpha=0.05, input_selection__feature_selection__threshold=0.02; total time= 1.0min
[CV] END channels_correlation_filter__corr_threshold=0.4, channels_pca__n_components=5, input_selection__channel_selection__alpha=0.05, input_selection__feature_selection__threshold=0.02; total time= 1.0min
[CV] END channels_correlation_filter__corr_threshold=0.4, channels_pca__n_components=5, input_selection__channel_selection__alpha=0.05, input_selection__feature_selection__threshold=0.02; total time= 1.0min
[CV] END channels_correlation_filter__corr_threshold=0.4, channels_pca__n_components=5, input_selection__channel_selection__alpha=0.05, input_selection__feature_selection__threshold=0.02; total time= 1.0min
[CV] END channels_correlation_filter__corr_threshold=0.4, channels_pca__n_components=5, input_selection__channel_selection__alpha=0.05, input_selection__feature_selection__threshold=0.03; total time=  59.5s
[CV] END channels_correlation_filter__corr_threshold=0.4, channels_pca__n_components=5, input_selection__channel_selection__alpha=0.05, input_selection__feature_selection__threshold=0.03; total time= 1.0min
[CV] END channels_correlation_filter__corr_threshold=0.4, channels_pca__n_components=5, input_selection__channel_selection__alpha=0.05, input_selection__feature_selection__threshold=0.03; total time= 1.0min
[CV] END channels_correlation_filter__corr_threshold=0.4, channels_pca__n_components=5, input_selection__channel_selection__alpha=0.05, input_selection__feature_selection__threshold=0.03; total time= 1.0min
[CV] END channels_correlation_filter__corr_threshold=0.4, channels_pca__n_components=5, input_selection__channel_selection__alpha=0.05, input_selection__feature_selection__threshold=0.03; total time= 1.0min
[CV] END channels_correlation_filter__corr_threshold=0.4, channels_pca__n_components=5, input_selection__channel_selection__alpha=0.05, input_selection__feature_selection__threshold=0.03; total time= 1.0min
[CV] END channels_correlation_filter__corr_threshold=0.4, channels_pca__n_components=5, input_selection__channel_selection__alpha=0.05, input_selection__feature_selection__threshold=0.03; total time= 1.0min
[CV] END channels_correlation_filter__corr_threshold=0.4, channels_pca__n_components=5, input_selection__channel_selection__alpha=0.05, input_selection__feature_selection__threshold=0.03; total time= 1.0min
[CV] END channels_correlation_filter__corr_threshold=0.4, channels_pca__n_components=5, input_selection__channel_selection__alpha=0.05, input_selection__feature_selection__threshold=0.03; total time= 1.0min
[CV] END channels_correlation_filter__corr_threshold=0.4, channels_pca__n_components=5, input_selection__channel_selection__alpha=0.05, input_selection__feature_selection__threshold=0.03; total time= 1.0min
[CV] END channels_correlation_filter__corr_threshold=0.4, channels_pca__n_components=5, input_selection__channel_selection__alpha=0.05, input_selection__feature_selection__threshold=0.05; total time=  58.8s
[CV] END channels_correlation_filter__corr_threshold=0.4, channels_pca__n_components=5, input_selection__channel_selection__alpha=0.05, input_selection__feature_selection__threshold=0.05; total time= 1.0min
[CV] END channels_correlation_filter__corr_threshold=0.4, channels_pca__n_components=5, input_selection__channel_selection__alpha=0.05, input_selection__feature_selection__threshold=0.05; total time=  59.8s
[CV] END channels_correlation_filter__corr_threshold=0.4, channels_pca__n_components=5, input_selection__channel_selection__alpha=0.05, input_selection__feature_selection__threshold=0.05; total time=  59.4s
[CV] END channels_correlation_filter__corr_threshold=0.4, channels_pca__n_components=5, input_selection__channel_selection__alpha=0.05, input_selection__feature_selection__threshold=0.05; total time= 1.0min
[CV] END channels_correlation_filter__corr_threshold=0.4, channels_pca__n_components=5, input_selection__channel_selection__alpha=0.05, input_selection__feature_selection__threshold=0.05; total time= 1.0min
[CV] END channels_correlation_filter__corr_threshold=0.4, channels_pca__n_components=5, input_selection__channel_selection__alpha=0.05, input_selection__feature_selection__threshold=0.05; total time= 1.0min
[CV] END channels_correlation_filter__corr_threshold=0.4, channels_pca__n_components=5, input_selection__channel_selection__alpha=0.05, input_selection__feature_selection__threshold=0.05; total time= 1.0min
[CV] END channels_correlation_filter__corr_threshold=0.4, channels_pca__n_components=5, input_selection__channel_selection__alpha=0.05, input_selection__feature_selection__threshold=0.05; total time= 1.0min
[CV] END channels_correlation_filter__corr_threshold=0.4, channels_pca__n_components=5, input_selection__channel_selection__alpha=0.05, input_selection__feature_selection__threshold=0.05; total time= 1.0min
[CV] END channels_correlation_filter__corr_threshold=0.4, channels_pca__n_components=5, input_selection__channel_selection__alpha=0.1, input_selection__feature_selection__threshold=0.01; total time= 1.0min
[CV] END channels_correlation_filter__corr_threshold=0.4, channels_pca__n_components=5, input_selection__channel_selection__alpha=0.1, input_selection__feature_selection__threshold=0.01; total time= 1.0min
[CV] END channels_correlation_filter__corr_threshold=0.4, channels_pca__n_components=5, input_selection__channel_selection__alpha=0.1, input_selection__feature_selection__threshold=0.01; total time= 1.0min
[CV] END channels_correlation_filter__corr_threshold=0.4, channels_pca__n_components=5, input_selection__channel_selection__alpha=0.1, input_selection__feature_selection__threshold=0.01; total time= 1.0min
[CV] END channels_correlation_filter__corr_threshold=0.4, channels_pca__n_components=5, input_selection__channel_selection__alpha=0.1, input_selection__feature_selection__threshold=0.01; total time= 1.0min
[CV] END channels_correlation_filter__corr_threshold=0.4, channels_pca__n_components=5, input_selection__channel_selection__alpha=0.1, input_selection__feature_selection__threshold=0.01; total time= 1.0min
[CV] END channels_correlation_filter__corr_threshold=0.4, channels_pca__n_components=5, input_selection__channel_selection__alpha=0.1, input_selection__feature_selection__threshold=0.01; total time= 1.0min
[CV] END channels_correlation_filter__corr_threshold=0.4, channels_pca__n_components=5, input_selection__channel_selection__alpha=0.1, input_selection__feature_selection__threshold=0.01; total time= 1.1min
[CV] END channels_correlation_filter__corr_threshold=0.4, channels_pca__n_components=5, input_selection__channel_selection__alpha=0.1, input_selection__feature_selection__threshold=0.01; total time= 1.0min
[CV] END channels_correlation_filter__corr_threshold=0.4, channels_pca__n_components=5, input_selection__channel_selection__alpha=0.1, input_selection__feature_selection__threshold=0.01; total time= 1.0min
[CV] END channels_correlation_filter__corr_threshold=0.4, channels_pca__n_components=5, input_selection__channel_selection__alpha=0.1, input_selection__feature_selection__threshold=0.02; total time= 1.0min
[CV] END channels_correlation_filter__corr_threshold=0.4, channels_pca__n_components=5, input_selection__channel_selection__alpha=0.1, input_selection__feature_selection__threshold=0.02; total time= 1.0min
[CV] END channels_correlation_filter__corr_threshold=0.4, channels_pca__n_components=5, input_selection__channel_selection__alpha=0.1, input_selection__feature_selection__threshold=0.02; total time= 1.0min
[CV] END channels_correlation_filter__corr_threshold=0.4, channels_pca__n_components=5, input_selection__channel_selection__alpha=0.1, input_selection__feature_selection__threshold=0.02; total time= 1.0min
[CV] END channels_correlation_filter__corr_threshold=0.4, channels_pca__n_components=5, input_selection__channel_selection__alpha=0.1, input_selection__feature_selection__threshold=0.02; total time= 1.0min
[CV] END channels_correlation_filter__corr_threshold=0.4, channels_pca__n_components=5, input_selection__channel_selection__alpha=0.1, input_selection__feature_selection__threshold=0.02; total time= 1.0min
[CV] END channels_correlation_filter__corr_threshold=0.4, channels_pca__n_components=5, input_selection__channel_selection__alpha=0.1, input_selection__feature_selection__threshold=0.02; total time= 1.0min
[CV] END channels_correlation_filter__corr_threshold=0.4, channels_pca__n_components=5, input_selection__channel_selection__alpha=0.1, input_selection__feature_selection__threshold=0.02; total time= 1.1min
[CV] END channels_correlation_filter__corr_threshold=0.4, channels_pca__n_components=5, input_selection__channel_selection__alpha=0.1, input_selection__feature_selection__threshold=0.02; total time= 1.0min
[CV] END channels_correlation_filter__corr_threshold=0.4, channels_pca__n_components=5, input_selection__channel_selection__alpha=0.1, input_selection__feature_selection__threshold=0.02; total time= 1.0min
[CV] END channels_correlation_filter__corr_threshold=0.4, channels_pca__n_components=5, input_selection__channel_selection__alpha=0.1, input_selection__feature_selection__threshold=0.03; total time= 1.0min
[CV] END channels_correlation_filter__corr_threshold=0.4, channels_pca__n_components=5, input_selection__channel_selection__alpha=0.1, input_selection__feature_selection__threshold=0.03; total time= 1.0min
[CV] END channels_correlation_filter__corr_threshold=0.4, channels_pca__n_components=5, input_selection__channel_selection__alpha=0.1, input_selection__feature_selection__threshold=0.03; total time= 1.0min
[CV] END channels_correlation_filter__corr_threshold=0.4, channels_pca__n_components=5, input_selection__channel_selection__alpha=0.1, input_selection__feature_selection__threshold=0.03; total time= 1.0min
[CV] END channels_correlation_filter__corr_threshold=0.4, channels_pca__n_components=5, input_selection__channel_selection__alpha=0.1, input_selection__feature_selection__threshold=0.03; total time= 1.0min
[CV] END channels_correlation_filter__corr_threshold=0.4, channels_pca__n_components=5, input_selection__channel_selection__alpha=0.1, input_selection__feature_selection__threshold=0.03; total time= 1.0min
[CV] END channels_correlation_filter__corr_threshold=0.4, channels_pca__n_components=5, input_selection__channel_selection__alpha=0.1, input_selection__feature_selection__threshold=0.03; total time= 1.0min
[CV] END channels_correlation_filter__corr_threshold=0.4, channels_pca__n_components=5, input_selection__channel_selection__alpha=0.1, input_selection__feature_selection__threshold=0.03; total time= 1.0min
[CV] END channels_correlation_filter__corr_threshold=0.4, channels_pca__n_components=5, input_selection__channel_selection__alpha=0.1, input_selection__feature_selection__threshold=0.03; total time= 1.0min
[CV] END channels_correlation_filter__corr_threshold=0.4, channels_pca__n_components=5, input_selection__channel_selection__alpha=0.1, input_selection__feature_selection__threshold=0.03; total time= 1.0min
[CV] END channels_correlation_filter__corr_threshold=0.4, channels_pca__n_components=5, input_selection__channel_selection__alpha=0.1, input_selection__feature_selection__threshold=0.05; total time=  59.1s
[CV] END channels_correlation_filter__corr_threshold=0.4, channels_pca__n_components=5, input_selection__channel_selection__alpha=0.1, input_selection__feature_selection__threshold=0.05; total time= 1.0min
[CV] END channels_correlation_filter__corr_threshold=0.4, channels_pca__n_components=5, input_selection__channel_selection__alpha=0.1, input_selection__feature_selection__threshold=0.05; total time= 1.0min
[CV] END channels_correlation_filter__corr_threshold=0.4, channels_pca__n_components=5, input_selection__channel_selection__alpha=0.1, input_selection__feature_selection__threshold=0.05; total time= 1.0min
[CV] END channels_correlation_filter__corr_threshold=0.4, channels_pca__n_components=5, input_selection__channel_selection__alpha=0.1, input_selection__feature_selection__threshold=0.05; total time= 1.0min
[CV] END channels_correlation_filter__corr_threshold=0.4, channels_pca__n_components=5, input_selection__channel_selection__alpha=0.1, input_selection__feature_selection__threshold=0.05; total time= 1.0min
[CV] END channels_correlation_filter__corr_threshold=0.4, channels_pca__n_components=5, input_selection__channel_selection__alpha=0.1, input_selection__feature_selection__threshold=0.05; total time= 1.0min
[CV] END channels_correlation_filter__corr_threshold=0.4, channels_pca__n_components=5, input_selection__channel_selection__alpha=0.1, input_selection__feature_selection__threshold=0.05; total time= 1.0min
[CV] END channels_correlation_filter__corr_threshold=0.4, channels_pca__n_components=5, input_selection__channel_selection__alpha=0.1, input_selection__feature_selection__threshold=0.05; total time= 1.0min
[CV] END channels_correlation_filter__corr_threshold=0.4, channels_pca__n_components=5, input_selection__channel_selection__alpha=0.1, input_selection__feature_selection__threshold=0.05; total time= 1.0min
################## END ##################
OOB gridsearch params:
{'max_features': 0.75, 'estimator__gamma': 0.01, 'estimator__C': 10} 0.8442166227492314
CV gridsearch params:
{'channels_correlation_filter__corr_threshold': 0.25, 'channels_pca__n_components': 5, 'input_selection__channel_selection__alpha': 0.01, 'input_selection__feature_selection__threshold': 0.03} 0.8339360639360638
/home/saldan/Desktop/projects/nAPOGEE/tAPOGEE/downstream_analysis/ablation_studies/drop_mlc.py:33: FutureWarning: Downcasting behavior in `replace` is deprecated and will be removed in a future version. To retain the old behavior, explicitly call `result.infer_objects(copy=False)`. To opt-in to the future behavior, set `pd.set_option('future.no_silent_downcasting', True)`
  .replace(["benign", "pathogenic"], [0,1])
Fitting 10 folds for each of 192 candidates, totalling 1920 fits
/anaconda3/envs/tpogee/lib/python3.13/site-packages/joblib/externals/loky/process_executor.py:752: UserWarning: A worker stopped while some jobs were given to the executor. This can be caused by a too short worker timeout or by a memory leak.
  warnings.warn(
[CV] END channels_correlation_filter__corr_threshold=0.2, channels_pca__n_components=1, input_selection__channel_selection__alpha=0.01, input_selection__feature_selection__threshold=0.01; total time=  59.6s
[CV] END channels_correlation_filter__corr_threshold=0.2, channels_pca__n_components=1, input_selection__channel_selection__alpha=0.01, input_selection__feature_selection__threshold=0.01; total time= 1.0min
[CV] END channels_correlation_filter__corr_threshold=0.2, channels_pca__n_components=1, input_selection__channel_selection__alpha=0.01, input_selection__feature_selection__threshold=0.01; total time= 1.0min
[CV] END channels_correlation_filter__corr_threshold=0.2, channels_pca__n_components=1, input_selection__channel_selection__alpha=0.01, input_selection__feature_selection__threshold=0.01; total time= 1.0min
[CV] END channels_correlation_filter__corr_threshold=0.2, channels_pca__n_components=1, input_selection__channel_selection__alpha=0.01, input_selection__feature_selection__threshold=0.01; total time= 1.0min
[CV] END channels_correlation_filter__corr_threshold=0.2, channels_pca__n_components=1, input_selection__channel_selection__alpha=0.01, input_selection__feature_selection__threshold=0.01; total time= 1.0min
[CV] END channels_correlation_filter__corr_threshold=0.2, channels_pca__n_components=1, input_selection__channel_selection__alpha=0.01, input_selection__feature_selection__threshold=0.01; total time= 1.0min
[CV] END channels_correlation_filter__corr_threshold=0.2, channels_pca__n_components=1, input_selection__channel_selection__alpha=0.01, input_selection__feature_selection__threshold=0.01; total time= 1.0min
[CV] END channels_correlation_filter__corr_threshold=0.2, channels_pca__n_components=1, input_selection__channel_selection__alpha=0.01, input_selection__feature_selection__threshold=0.01; total time= 1.0min
[CV] END channels_correlation_filter__corr_threshold=0.2, channels_pca__n_components=1, input_selection__channel_selection__alpha=0.01, input_selection__feature_selection__threshold=0.01; total time= 1.0min
[CV] END channels_correlation_filter__corr_threshold=0.2, channels_pca__n_components=1, input_selection__channel_selection__alpha=0.01, input_selection__feature_selection__threshold=0.02; total time=  58.9s
[CV] END channels_correlation_filter__corr_threshold=0.2, channels_pca__n_components=1, input_selection__channel_selection__alpha=0.01, input_selection__feature_selection__threshold=0.02; total time= 1.0min
[CV] END channels_correlation_filter__corr_threshold=0.2, channels_pca__n_components=1, input_selection__channel_selection__alpha=0.01, input_selection__feature_selection__threshold=0.02; total time=  59.6s
[CV] END channels_correlation_filter__corr_threshold=0.2, channels_pca__n_components=1, input_selection__channel_selection__alpha=0.01, input_selection__feature_selection__threshold=0.02; total time= 1.0min
[CV] END channels_correlation_filter__corr_threshold=0.2, channels_pca__n_components=1, input_selection__channel_selection__alpha=0.01, input_selection__feature_selection__threshold=0.02; total time= 1.0min
[CV] END channels_correlation_filter__corr_threshold=0.2, channels_pca__n_components=1, input_selection__channel_selection__alpha=0.01, input_selection__feature_selection__threshold=0.02; total time= 1.0min
[CV] END channels_correlation_filter__corr_threshold=0.2, channels_pca__n_components=1, input_selection__channel_selection__alpha=0.01, input_selection__feature_selection__threshold=0.02; total time= 1.0min
[CV] END channels_correlation_filter__corr_threshold=0.2, channels_pca__n_components=1, input_selection__channel_selection__alpha=0.01, input_selection__feature_selection__threshold=0.02; total time= 1.0min
[CV] END channels_correlation_filter__corr_threshold=0.2, channels_pca__n_components=1, input_selection__channel_selection__alpha=0.01, input_selection__feature_selection__threshold=0.02; total time= 1.0min
[CV] END channels_correlation_filter__corr_threshold=0.2, channels_pca__n_components=1, input_selection__channel_selection__alpha=0.01, input_selection__feature_selection__threshold=0.02; total time= 1.0min
[CV] END channels_correlation_filter__corr_threshold=0.2, channels_pca__n_components=1, input_selection__channel_selection__alpha=0.01, input_selection__feature_selection__threshold=0.03; total time=  58.7s
[CV] END channels_correlation_filter__corr_threshold=0.2, channels_pca__n_components=1, input_selection__channel_selection__alpha=0.01, input_selection__feature_selection__threshold=0.03; total time=  59.1s
[CV] END channels_correlation_filter__corr_threshold=0.2, channels_pca__n_components=1, input_selection__channel_selection__alpha=0.01, input_selection__feature_selection__threshold=0.03; total time=  59.9s
[CV] END channels_correlation_filter__corr_threshold=0.2, channels_pca__n_components=1, input_selection__channel_selection__alpha=0.01, input_selection__feature_selection__threshold=0.03; total time= 1.0min
[CV] END channels_correlation_filter__corr_threshold=0.2, channels_pca__n_components=1, input_selection__channel_selection__alpha=0.01, input_selection__feature_selection__threshold=0.03; total time= 1.0min
[CV] END channels_correlation_filter__corr_threshold=0.2, channels_pca__n_components=1, input_selection__channel_selection__alpha=0.01, input_selection__feature_selection__threshold=0.03; total time=  59.7s
[CV] END channels_correlation_filter__corr_threshold=0.2, channels_pca__n_components=1, input_selection__channel_selection__alpha=0.01, input_selection__feature_selection__threshold=0.03; total time= 1.0min
[CV] END channels_correlation_filter__corr_threshold=0.2, channels_pca__n_components=1, input_selection__channel_selection__alpha=0.01, input_selection__feature_selection__threshold=0.03; total time= 1.0min
[CV] END channels_correlation_filter__corr_threshold=0.2, channels_pca__n_components=1, input_selection__channel_selection__alpha=0.01, input_selection__feature_selection__threshold=0.03; total time= 1.0min
[CV] END channels_correlation_filter__corr_threshold=0.2, channels_pca__n_components=1, input_selection__channel_selection__alpha=0.01, input_selection__feature_selection__threshold=0.03; total time= 1.0min
[CV] END channels_correlation_filter__corr_threshold=0.2, channels_pca__n_components=1, input_selection__channel_selection__alpha=0.01, input_selection__feature_selection__threshold=0.05; total time=  58.7s
[CV] END channels_correlation_filter__corr_threshold=0.2, channels_pca__n_components=1, input_selection__channel_selection__alpha=0.01, input_selection__feature_selection__threshold=0.05; total time=  59.2s
[CV] END channels_correlation_filter__corr_threshold=0.2, channels_pca__n_components=1, input_selection__channel_selection__alpha=0.01, input_selection__feature_selection__threshold=0.05; total time=  58.7s
[CV] END channels_correlation_filter__corr_threshold=0.2, channels_pca__n_components=1, input_selection__channel_selection__alpha=0.01, input_selection__feature_selection__threshold=0.05; total time=76.3min
[CV] END channels_correlation_filter__corr_threshold=0.2, channels_pca__n_components=1, input_selection__channel_selection__alpha=0.01, input_selection__feature_selection__threshold=0.05; total time=  57.4s
[CV] END channels_correlation_filter__corr_threshold=0.2, channels_pca__n_components=1, input_selection__channel_selection__alpha=0.01, input_selection__feature_selection__threshold=0.05; total time=  57.7s
[CV] END channels_correlation_filter__corr_threshold=0.2, channels_pca__n_components=1, input_selection__channel_selection__alpha=0.01, input_selection__feature_selection__threshold=0.05; total time=  56.2s
[CV] END channels_correlation_filter__corr_threshold=0.2, channels_pca__n_components=1, input_selection__channel_selection__alpha=0.01, input_selection__feature_selection__threshold=0.05; total time=  58.6s
[CV] END channels_correlation_filter__corr_threshold=0.2, channels_pca__n_components=1, input_selection__channel_selection__alpha=0.01, input_selection__feature_selection__threshold=0.05; total time=  58.7s
[CV] END channels_correlation_filter__corr_threshold=0.2, channels_pca__n_components=1, input_selection__channel_selection__alpha=0.01, input_selection__feature_selection__threshold=0.05; total time=  58.6s
[CV] END channels_correlation_filter__corr_threshold=0.2, channels_pca__n_components=1, input_selection__channel_selection__alpha=0.05, input_selection__feature_selection__threshold=0.01; total time=  59.3s
[CV] END channels_correlation_filter__corr_threshold=0.2, channels_pca__n_components=1, input_selection__channel_selection__alpha=0.05, input_selection__feature_selection__threshold=0.01; total time= 1.0min
[CV] END channels_correlation_filter__corr_threshold=0.2, channels_pca__n_components=1, input_selection__channel_selection__alpha=0.05, input_selection__feature_selection__threshold=0.01; total time= 1.0min
[CV] END channels_correlation_filter__corr_threshold=0.2, channels_pca__n_components=1, input_selection__channel_selection__alpha=0.05, input_selection__feature_selection__threshold=0.01; total time= 1.0min
[CV] END channels_correlation_filter__corr_threshold=0.2, channels_pca__n_components=1, input_selection__channel_selection__alpha=0.05, input_selection__feature_selection__threshold=0.01; total time= 1.0min
[CV] END channels_correlation_filter__corr_threshold=0.2, channels_pca__n_components=1, input_selection__channel_selection__alpha=0.05, input_selection__feature_selection__threshold=0.01; total time= 1.0min
[CV] END channels_correlation_filter__corr_threshold=0.2, channels_pca__n_components=1, input_selection__channel_selection__alpha=0.05, input_selection__feature_selection__threshold=0.01; total time= 1.0min
[CV] END channels_correlation_filter__corr_threshold=0.2, channels_pca__n_components=1, input_selection__channel_selection__alpha=0.05, input_selection__feature_selection__threshold=0.01; total time= 1.0min
[CV] END channels_correlation_filter__corr_threshold=0.2, channels_pca__n_components=1, input_selection__channel_selection__alpha=0.05, input_selection__feature_selection__threshold=0.01; total time= 1.0min
[CV] END channels_correlation_filter__corr_threshold=0.2, channels_pca__n_components=1, input_selection__channel_selection__alpha=0.05, input_selection__feature_selection__threshold=0.01; total time= 1.0min
[CV] END channels_correlation_filter__corr_threshold=0.2, channels_pca__n_components=1, input_selection__channel_selection__alpha=0.05, input_selection__feature_selection__threshold=0.02; total time=  59.7s
[CV] END channels_correlation_filter__corr_threshold=0.2, channels_pca__n_components=1, input_selection__channel_selection__alpha=0.05, input_selection__feature_selection__threshold=0.02; total time= 1.0min
[CV] END channels_correlation_filter__corr_threshold=0.2, channels_pca__n_components=1, input_selection__channel_selection__alpha=0.05, input_selection__feature_selection__threshold=0.02; total time= 1.0min
[CV] END channels_correlation_filter__corr_threshold=0.2, channels_pca__n_components=1, input_selection__channel_selection__alpha=0.05, input_selection__feature_selection__threshold=0.02; total time= 1.0min
[CV] END channels_correlation_filter__corr_threshold=0.2, channels_pca__n_components=1, input_selection__channel_selection__alpha=0.05, input_selection__feature_selection__threshold=0.02; total time= 1.0min
[CV] END channels_correlation_filter__corr_threshold=0.2, channels_pca__n_components=1, input_selection__channel_selection__alpha=0.05, input_selection__feature_selection__threshold=0.02; total time= 1.0min
[CV] END channels_correlation_filter__corr_threshold=0.2, channels_pca__n_components=1, input_selection__channel_selection__alpha=0.05, input_selection__feature_selection__threshold=0.02; total time= 1.0min
[CV] END channels_correlation_filter__corr_threshold=0.2, channels_pca__n_components=1, input_selection__channel_selection__alpha=0.05, input_selection__feature_selection__threshold=0.02; total time= 1.0min
[CV] END channels_correlation_filter__corr_threshold=0.2, channels_pca__n_components=1, input_selection__channel_selection__alpha=0.05, input_selection__feature_selection__threshold=0.02; total time= 1.0min
[CV] END channels_correlation_filter__corr_threshold=0.2, channels_pca__n_components=1, input_selection__channel_selection__alpha=0.05, input_selection__feature_selection__threshold=0.02; total time= 1.0min
[CV] END channels_correlation_filter__corr_threshold=0.2, channels_pca__n_components=1, input_selection__channel_selection__alpha=0.05, input_selection__feature_selection__threshold=0.03; total time=  59.6s
[CV] END channels_correlation_filter__corr_threshold=0.2, channels_pca__n_components=1, input_selection__channel_selection__alpha=0.05, input_selection__feature_selection__threshold=0.03; total time=  59.6s
[CV] END channels_correlation_filter__corr_threshold=0.2, channels_pca__n_components=1, input_selection__channel_selection__alpha=0.05, input_selection__feature_selection__threshold=0.03; total time= 1.0min
[CV] END channels_correlation_filter__corr_threshold=0.2, channels_pca__n_components=1, input_selection__channel_selection__alpha=0.05, input_selection__feature_selection__threshold=0.03; total time= 1.0min
[CV] END channels_correlation_filter__corr_threshold=0.2, channels_pca__n_components=1, input_selection__channel_selection__alpha=0.05, input_selection__feature_selection__threshold=0.03; total time= 1.0min
[CV] END channels_correlation_filter__corr_threshold=0.2, channels_pca__n_components=1, input_selection__channel_selection__alpha=0.05, input_selection__feature_selection__threshold=0.03; total time= 1.0min
[CV] END channels_correlation_filter__corr_threshold=0.2, channels_pca__n_components=1, input_selection__channel_selection__alpha=0.05, input_selection__feature_selection__threshold=0.03; total time= 1.0min
[CV] END channels_correlation_filter__corr_threshold=0.2, channels_pca__n_components=1, input_selection__channel_selection__alpha=0.05, input_selection__feature_selection__threshold=0.03; total time= 1.0min
[CV] END channels_correlation_filter__corr_threshold=0.2, channels_pca__n_components=1, input_selection__channel_selection__alpha=0.05, input_selection__feature_selection__threshold=0.03; total time= 1.0min
[CV] END channels_correlation_filter__corr_threshold=0.2, channels_pca__n_components=1, input_selection__channel_selection__alpha=0.05, input_selection__feature_selection__threshold=0.03; total time= 1.0min
[CV] END channels_correlation_filter__corr_threshold=0.2, channels_pca__n_components=1, input_selection__channel_selection__alpha=0.05, input_selection__feature_selection__threshold=0.05; total time=  59.2s
[CV] END channels_correlation_filter__corr_threshold=0.2, channels_pca__n_components=1, input_selection__channel_selection__alpha=0.05, input_selection__feature_selection__threshold=0.05; total time=  59.5s
[CV] END channels_correlation_filter__corr_threshold=0.2, channels_pca__n_components=1, input_selection__channel_selection__alpha=0.05, input_selection__feature_selection__threshold=0.05; total time=  59.3s